keyword,tfidf_park,tfidf_moon,importance,delta_moon_minus_park,pct_change_moon_vs_park,condition
평가,0.021424437881401893,0.02141955529347515,0.04284399317487704,-4.882587926743204e-06,-0.02278980645266626,original_base
공무원,0.018774762602866004,0.014916784965587052,0.03369154756845306,-0.003857977637278952,-20.548742580052778,original_base
정책,0.013544216443042406,0.018601652275639556,0.03214586871868196,0.00505743583259715,37.34018762816751,original_base
청년,0.011972526242414669,0.013954609080411212,0.02592713532282588,0.0019820828379965433,16.555259916446744,original_base
교육,0.012964845312988157,0.011464316632549055,0.024429161945537212,-0.0015005286804391019,-11.573826329696931,original_base
혁신,0.012137773305762694,0.012240362852358048,0.02437813615812074,0.0001025895465953542,0.8452089523425801,original_base
추진,0.010881365432332032,0.012874967038866354,0.023756332471198384,0.001993601606534322,18.321244874385815,original_base
인사,0.011113182839090425,0.012111672615666409,0.023224855454756832,0.000998489776575984,8.984732736186197,original_base
여성,0.010528840061117454,0.01223987819011565,0.022768718251233104,0.0017110381289981956,16.25096514968429,original_base
운영,0.010765414600656564,0.011804450608887617,0.022569865209544182,0.0010390360082310531,9.651611635725429,original_base
일자리,0.009727479637041864,0.012323891927293173,0.022051371564335037,0.0025964122902513084,26.69152120724336,original_base
산업,0.008524345055704678,0.012679844156218133,0.02120418921192281,0.004155499100513455,48.74860265930348,original_base
조직,0.011427313246437506,0.009501052329719189,0.020928365576156696,-0.0019262609167183167,-16.85663878443897,original_base
참여,0.009579683202437116,0.010421983208323417,0.02000166641076053,0.0008423000058863008,8.792566393761495,original_base
비판,0.008955238480080254,0.010764239810512194,0.019719478290592448,0.0018090013304319398,20.200481924136632,original_base
정보,0.009592532136015871,0.009842820765877586,0.01943535290189346,0.0002502886298617144,2.609202933206627,original_base
성장,0.008701498629046874,0.01073194370334409,0.019433442332390964,0.0020304450742972165,23.334429629389287,original_base
관리,0.009243709516093776,0.009904757965884543,0.01914846748197832,0.0006610484497907663,7.151333008029372,original_base
성과,0.00936903187154573,0.009471500191303658,0.018840532062849386,0.00010246831975792813,1.0936916552619498,original_base
개혁,0.010483335455789269,0.008353259052970971,0.01883659450876024,-0.0021300764028182977,-20.318689712843195,original_base
논란,0.00874647133000509,0.010044489407601135,0.018790960737606225,0.0012980180775960456,14.84047713211095,original_base
개선,0.008731818356006052,0.009576138397543028,0.018307956753549078,0.0008443200415369761,9.669464103730732,original_base
주택,0.005829607638629751,0.011161267169810968,0.01699087480844072,0.005331659531181217,91.45829122102673,original_base
전략,0.007260802643253836,0.008811446185686203,0.01607224882894004,0.0015506435424323672,21.356365385762174,original_base
직원,0.007693292102697342,0.008307645219079148,0.01600093732177649,0.0006143531163818059,7.985568572996309,original_base
판단,0.006720594657175135,0.009259739875100243,0.01598033453227538,0.002539145217925108,37.781555761799,original_base
역할,0.0073735530685704416,0.00859632054439511,0.015969873612965552,0.0012227674758246683,16.58315149363581,original_base
규제,0.006163917196915079,0.009651724298953474,0.015815641495868553,0.003487807102038394,56.58426274421684,original_base
의미,0.007652711336941653,0.008139764325182848,0.0157924756621245,0.00048705298824119544,6.364450020348506,original_base
활용,0.006425295102030237,0.008788332518075606,0.015213627620105842,0.0023630374160453693,36.77710328508814,original_base
책임,0.007950853476748614,0.0072438047248433585,0.015194658201591972,-0.0007070487519052551,-8.892740307351161,original_base
업무,0.006822568679439357,0.008215942385483519,0.015038511064922877,0.0013933737060441613,20.423007396660775,original_base
가치,0.006610517568721783,0.007603876333152342,0.014214393901874126,0.0009933587644305594,15.026943867916176,original_base
마음,0.006879584801485709,0.0066307296025179905,0.0135103144040037,-0.00024885519896771825,-3.6172996793930894,original_base
경영,0.00682110630896816,0.006429404560993816,0.013250510869961976,-0.00039170174797434343,-5.742495868439218,original_base
개인,0.006360270466465784,0.0066920176901658504,0.013052288156631633,0.0003317472237000666,5.215929502513889,original_base
경쟁,0.0061418878177775605,0.005866533014750779,0.01200842083252834,-0.0002753548030267816,-4.483227489596491,original_base
경험,0.005624244572006379,0.006378900033037345,0.012003144605043724,0.0007546554610309659,13.417899086165663,original_base
고용,0.0052808188200792455,0.006595064137498361,0.011875882957577607,0.0013142453174191156,24.88715031127301,original_base
노동자,0.0057100307897773915,0.00598231852599495,0.011692349315772342,0.00027228773621755867,4.768586129255775,original_base
제안,0.005801865291698455,0.005881017051770556,0.011682882343469012,7.915176007210114e-05,1.3642467739703419,original_base
갈등,0.0055659512379057806,0.006007015559504623,0.011572966797410404,0.00044106432159884273,7.924329602369919,original_base
복지,0.006769078209125399,0.004770490035326112,0.011539568244451511,-0.0019985881737992865,-29.525263441409034,original_base
공정,0.003713817022226668,0.007134919348509781,0.01084873637073645,0.003421102326283113,92.11822515240522,original_base
능력,0.005784341331179157,0.005013035834839759,0.010797377166018916,-0.0007713054963393983,-13.334370366109862,original_base
연금,0.007508589808926117,0.003191085084186258,0.010699674893112375,-0.004317504724739858,-57.500873461049416,original_base
경쟁력,0.005309873627785845,0.0053759677181368214,0.010685841345922667,6.609409035097675e-05,1.2447394228954034,original_base
공공,0.004503182118703848,0.00600776947648887,0.010510951595192717,0.001504587357785022,33.411647988558094,original_base
계약,0.00488079612104829,0.00561369996835989,0.010494496089408181,0.0007329038473116002,15.016071745979593,original_base
임금,0.004984625968566507,0.0054142209728713425,0.01039884694143785,0.00042959500430483563,8.618399996587502,original_base
취업,0.005847285272773155,0.004544516449570301,0.010391801722343455,-0.0013027688232028533,-22.279891649360174,original_base
절차,0.004270969690918105,0.006048988477267755,0.01031995816818586,0.0017780187863496496,41.63033022993519,original_base
현실,0.005388812681557563,0.004666631364382051,0.010055444045939613,-0.0007221813171755121,-13.40149231104421,original_base
이해,0.004930177743340972,0.004950819783899773,0.009880997527240745,2.0642040558800645e-05,0.4186875531349994,original_base
폐지,0.004573849263987438,0.005306964858166452,0.00988081412215389,0.0007331155941790136,16.028416151604663,original_base
노동,0.005359349654054166,0.004453187199058806,0.009812536853112973,-0.0009061624549953603,-16.908067461317422,original_base
의료,0.004573599902340456,0.0051508301698357,0.009724430072176157,0.0005772302674952436,12.620917435297665,original_base
디지털,0.002418247508413491,0.0072597552814603165,0.009678002789873807,0.0048415077730468254,200.20728879911601,original_base
소통,0.004489106149461528,0.0051325122165707966,0.009621618366032324,0.0006434060671092687,14.332609782159992,original_base
플랫폼,0.0014933680483118,0.00805689680726971,0.009550264855581511,0.00656352875895791,439.51179793740386,original_base
인식,0.004682074302721373,0.004803346465513265,0.009485420768234637,0.00012127216279189234,2.5901375106628497,original_base
행위,0.0044887404240959595,0.004995153892866287,0.009483894316962248,0.0005064134687703279,11.281861300151268,original_base
주도,0.004439316752818741,0.004978537589012302,0.009417854341831042,0.0005392208361935614,12.146482583185431,original_base
노조,0.005009666625487721,0.004357887202535322,0.009367553828023043,-0.0006517794229523987,-13.010435058419562,original_base
근무,0.004121864648447462,0.005117563922861763,0.009239428571309225,0.0009956992744143012,24.156525246148984,original_base
행정,0.004563795487907277,0.004662922630488082,0.009226718118395358,9.912714258080487e-05,2.1720329678107353,original_base
공격,0.004507617140999553,0.004678760062273756,0.00918637720327331,0.00017114292127420275,3.7967492784059345,original_base
신뢰,0.004484445500567545,0.004655410326411388,0.009139855826978932,0.00017096482584384298,3.812396110560512,original_base
약속,0.004180913417750512,0.004876128986494051,0.009057042404244563,0.0006952155687435391,16.62831776883797,original_base
인권,0.004203495828174195,0.004792358678258872,0.008995854506433067,0.000588862850084677,14.00888389463329,original_base
반발,0.004186312105166257,0.004792618503558302,0.00897893060872456,0.0006063063983920451,14.483067271640177,original_base
인력,0.003952232637792653,0.004785397463346643,0.008737630101139296,0.0008331648255539906,21.080864966980243,original_base
개편,0.003933567763689951,0.004734013455239481,0.008667581218929432,0.0008004456915495298,20.349101366405794,original_base
희망,0.004467370667737201,0.0041657055064625945,0.008633076174199795,-0.0003016651612746061,-6.752633343214491,original_base
공사,0.0043619241901039565,0.004017383242322688,0.008379307432426646,-0.00034454094778126835,-7.898829341485117,original_base
행동,0.00409619779231037,0.0042646786609108365,0.008360876453221207,0.00016848086860046622,4.1131038378261096,original_base
인재,0.0037266778562564363,0.004447694284718137,0.008174372140974573,0.0007210164284617011,19.34743104374427,original_base
원칙,0.00385412145782675,0.0042139864031204045,0.008068107860947155,0.00035986494529365465,9.337145941855558,original_base
세금,0.00387938187520646,0.004009747835872465,0.007889129711078925,0.000130365960666005,3.3604828000869835,original_base
부정,0.00367066627150224,0.0039935197487787535,0.007664186020280994,0.00032285347727651357,8.795500691060756,original_base
근로자,0.0038144712463025923,0.0037053369953935615,0.007519808241696154,-0.00010913425090903085,-2.8610584236233487,original_base
체계,0.003373278093445054,0.004135209013541548,0.007508487106986602,0.0007619309200964939,22.587254859807622,original_base
데이터,0.0020726482422585377,0.005406560633463175,0.007479208875721712,0.003333912391204637,160.85278356600037,original_base
승진,0.003776617298705662,0.0033011132369085905,0.0070777305356142526,-0.00047550406179707166,-12.590739918498981,original_base
장애인,0.0032486742103732405,0.0037920952733804312,0.007040769483753671,0.0005434210630071907,16.72747181825773,original_base
권한,0.0031505974567617523,0.00382289919569175,0.006973496652453502,0.0006723017389299976,21.33886502977765,original_base
공직자,0.0029999880066555926,0.0038806182256863253,0.0068806062323419175,0.0008806302190307327,29.354457987065928,original_base
육성,0.003211142577527126,0.003524648978308378,0.006735791555835504,0.0003135064007812518,9.763079440174856,original_base
인공지능,0.0013314643523257936,0.005352563953565913,0.006684028305891707,0.0040210996012401195,302.0058024246829,original_base
허용,0.0031741667903927083,0.0033703003198977833,0.006544467110290492,0.00019613352950507501,6.179055558728511,original_base
불안,0.0031354873211769125,0.003072639888318865,0.006208127209495777,-6.284743285804757e-05,-2.0043912291904165,original_base
변경,0.002983823675913292,0.0031942577055936415,0.006178081381506934,0.00021043402968034955,7.052495473477991,original_base
전기,0.0028432458016594514,0.003298332338710623,0.006141578140370075,0.0004550865370511717,16.00588091207457,original_base
태도,0.003291786900153256,0.0028404700146050766,0.0061322569147583324,-0.0004513168855481793,-13.710391931117027,original_base
네트워크,0.002918866208422732,0.003202873921172168,0.0061217401295948996,0.0002840077127494356,9.730069570503023,original_base
발굴,0.002756951602143955,0.0032966345951541036,0.006053586197298059,0.0005396829930101486,19.57535245052767,original_base
영역,0.0029496210574591246,0.003090921739322969,0.006040542796782094,0.00014130068186384449,4.79046898266872,original_base
보건,0.002645551770229071,0.0033767270925606527,0.006022278862789724,0.0007311753223315817,27.63791397165784,original_base
통제,0.002574753410597301,0.0034098429487158903,0.005984596359313191,0.0008350895381185894,32.43376762533784,original_base
청소년,0.0030115867608486273,0.0029696405899139167,0.005981227350762544,-4.194617093471057e-05,-1.3928262496044,original_base
수용,0.0028017132802768173,0.0031306096631469327,0.00593232294342375,0.00032889638287011535,11.7391163894408,original_base
체결,0.0027336163082811926,0.0031791356978035767,0.005912752006084769,0.0004455193895223841,16.297802591121936,original_base
직무,0.0027757329723790587,0.003116308295885676,0.005892041268264735,0.0003405753235066174,12.269743772028367,original_base
연계,0.0030676448672662363,0.002804404073958513,0.005872048941224749,-0.0002632407933077234,-8.581201693738207,original_base
공감,0.002749578333335285,0.003060231653981843,0.005809809987317128,0.00031065332064655806,11.298216780379205,original_base
공공기관,0.0029275289617656896,0.002841242348738397,0.005768771310504087,-8.628661302729265e-05,-2.9474213288482836,original_base
회견,0.0027729173153168444,0.00288897729960933,0.005661894614926175,0.00011605998429248558,4.185483052502202,original_base
사실상,0.002715356256695421,0.002941800966253522,0.0056571572229489435,0.0002264447095581012,8.339410675845667,original_base
법인,0.0026684909813744564,0.0029575514526977422,0.005626042434072199,0.0002890604713232858,10.832357064006255,original_base
대로,0.0026754139915418666,0.002941248843264996,0.005616662834806862,0.0002658348517231295,9.936213706123526,original_base
보상,0.0024021689602817956,0.003180478735511794,0.005582647695793589,0.0007783097752299983,32.40029273955383,original_base
고통,0.0028487834377613377,0.0027286318956096845,0.005577415333371022,-0.0001201515421516532,-4.217643944394454,original_base
공정성,0.002426213519695178,0.003147453208222804,0.0055736667279179825,0.0007212396885276262,29.726966842483037,original_base
독립,0.0025368933296960974,0.003003954470179192,0.005540847799875289,0.0004670611404830947,18.410752041318407,original_base
정규,0.003087840738920357,0.0024517537546495916,0.005539594493569949,-0.0006360869842707653,-20.599734184903877,original_base
자원,0.0031073564376291572,0.0024291114707399785,0.005536467908369136,-0.0006782449668891787,-21.827073285698255,original_base
산하,0.002596094280466435,0.002937232171271336,0.005533326451737771,0.00034113789080490124,13.140427655948214,original_base
한계,0.0027098418618826457,0.0027687118862887647,0.005478553748171411,5.887002440611898e-05,2.172452394148912,original_base
출발,0.002677102537644351,0.0027934589444525994,0.0054705614820969506,0.0001163564068082483,4.346356001389218,original_base
의도,0.002590763241762271,0.0028685654721463455,0.0054593287139086165,0.0002778022303840744,10.722794962734985,original_base
차별,0.0023709952852898133,0.003082856210275488,0.0054538514955653015,0.0007118609249856748,30.02371744061322,original_base
예고,0.0025242081388706416,0.002924979280403138,0.00544918741927378,0.0004007711415324965,15.87710360968117,original_base
진영,0.0025153458560042666,0.0029139858541787538,0.005429331710183021,0.0003986399981744872,15.848317527504696,original_base
가량,0.002538391133503177,0.0028763018360474404,0.005414692969550617,0.0003379107025442635,13.312002948809567,original_base
주문,0.0024969100161211866,0.002916310703444626,0.005413220719565813,0.0004194006873234394,16.796788214857475,original_base
흐름,0.0025883327674998333,0.002821429875590776,0.005409762643090609,0.0002330971080909427,9.005685475136948,original_base
권리,0.0025716870562450173,0.002778558909386353,0.00535024596563137,0.00020687185314133575,8.044207892207318,original_base
대학원,0.0026506856635028922,0.0026989074628945287,0.005349593126397421,4.822179939163642e-05,1.819219836421913,original_base
대상자,0.0024712975242718632,0.0028662133925655944,0.005337510916837458,0.0003949158682937312,15.980102129147248,original_base
영향력,0.002687528745881614,0.002642948920365067,0.005330477666246681,-4.4579825516546934e-05,-1.6587664628652379,original_base
민생,0.0026943276087173893,0.0026334229005919065,0.005327750509309295,-6.090470812548281e-05,-2.260478938360282,original_base
정확,0.0025242072800814755,0.0027900266830892004,0.005314233963170676,0.0002658194030077249,10.530807240170263,original_base
주말,0.0025029500507733203,0.00280962623737469,0.00531257628814801,0.00030667618660136986,12.252589160004137,original_base
강제,0.0023703784181856127,0.0029273018980359423,0.005297680316221555,0.0005569234798503296,23.495129536178542,original_base
불가능,0.0026262061596195956,0.0026514220282851946,0.00527762818790479,2.521586866559896e-05,0.9601633357394708,original_base
응답,0.0024602151187268074,0.0028164803958690763,0.005276695514595884,0.0003562652771422689,14.48106201894413,original_base
동원,0.0027993932449188875,0.0024754504359794263,0.005274843680898314,-0.00032394280893946123,-11.571893642575661,original_base
영입,0.002594387311948567,0.002677274525848178,0.005271661837796745,8.288721389961094e-05,3.194866607536591,original_base
장소,0.0023614029147193166,0.0029065148034750285,0.005267917718194345,0.0005451118887557119,23.084238837763333,original_base
식품,0.002554336759515346,0.0027049937049197746,0.00525933046443512,0.00015065694540442867,5.898084692365073,original_base
품질,0.0025709133767550783,0.002682689904377288,0.0052536032811323664,0.00011177652762220987,4.34773604715109,original_base
직장,0.00241974647617011,0.0028304150040671726,0.005250161480237282,0.00041066852789706275,16.971551852285558,original_base
비상,0.0025017337933199374,0.0027325814100738555,0.005234315203393793,0.00023084761675391807,9.227505235382004,original_base
정치적,0.002607450691121367,0.002622166778235977,0.0052296174693573436,1.4716087114609918e-05,0.5643860175273757,original_base
복귀,0.0026162074747680735,0.0026061896217675373,0.005222397096535611,-1.0017853000536276e-05,-0.3829150821237661,original_base
상대적,0.002568640374190093,0.002638202057691432,0.005206842431881525,6.956168350133896e-05,2.708112984608527,original_base
일상,0.0018578841768311408,0.0033456423594501925,0.0052035265362813336,0.0014877581826190517,80.07809104422287,original_base
무기,0.0026092886522366787,0.002578396902390184,0.005187685554626863,-3.08917498464947e-05,-1.1839146205619808,original_base
현직,0.0024196575384386604,0.0027637634886649412,0.005183421027103601,0.00034410595022628084,14.22126663628288,original_base
부사장,0.0027403550057423466,0.002424323475333492,0.005164678481075839,-0.00031603153040885446,-11.532503261315346,original_base
이틀,0.0022873030404568133,0.0028755852439882384,0.005162888284445052,0.0005882822035314251,25.719469310631226,original_base
이어,0.002481138341648901,0.0026802296158131155,0.005161367957462016,0.00019909127416421453,8.024190784617982,original_base
교류,0.002593720790303452,0.0025674268177143327,0.005161147608017785,-2.62939725891192e-05,-1.0137549379801571,original_base
한다,0.0026189164636610477,0.0025226421875636246,0.005141558651224672,-9.627427609742306e-05,-3.6761109960276808,original_base
성향,0.0024437952441027444,0.002697640805422118,0.005141436049524863,0.00025384556131937373,10.387349837591438,original_base
악화,0.0023340189065045747,0.002805003601672049,0.005139022508176624,0.0004709846951674742,20.179129391578947,original_base
공동체,0.002847976950760745,0.0022851977757340205,0.005133174726494766,-0.0005627791750267247,-19.76066466676974,original_base
인프라,0.0019344245923100345,0.0031908689383346642,0.005125293530644699,0.0012564443460246297,64.95183896128098,original_base
허가,0.0020727191724821954,0.0030503262364179047,0.0051230454089001,0.0009776070639357093,47.16543740775896,original_base
형성,0.002616507614104838,0.002501402929982005,0.005117910544086843,-0.00011510468412283302,-4.399172526857437,original_base
충돌,0.002370370357404194,0.002713749760178597,0.005084120117582791,0.0003433794027744028,14.486318633786812,original_base
유권자,0.002512348289735033,0.002559506643859013,0.0050718549335940465,4.7158354123979975e-05,1.877062759039415,original_base
제조,0.0020547172395884235,0.0030165918643719624,0.005071309103960386,0.0009618746247835389,46.81299237924388,original_base
외교부,0.002117683716971694,0.0029522595641051446,0.005069943281076838,0.0008345758471334508,39.40984389901725,original_base
고등학교,0.0028091060553541818,0.002258217587289535,0.005067323642643716,-0.0005508884680646467,-19.610810599857857,original_base
지분,0.002298195979725589,0.0027653941995843426,0.005063590179309931,0.00046719821985875343,20.328911197318263,original_base
아이디어,0.002739042350611887,0.002309174003881223,0.00504821635449311,-0.00042986834673066406,-15.69411099593381,original_base
돌파,0.0022468475575569357,0.0027942099492812063,0.0050410575068381425,0.0005473623917242707,24.36134974459211,original_base
반복,0.002369998975403509,0.0026710377381330115,0.00504103671353652,0.0003010387627295024,12.702062990480762,original_base
상담,0.0024793038861299866,0.00256155813273342,0.005040862018863407,8.225424660343334e-05,3.31763472253602,original_base
유리,0.002524570379944321,0.0025154255811626093,0.00503999596110693,-9.144798781711774e-06,-0.36223188128799405,original_base
주자,0.00227366733698613,0.002735664526002474,0.005009331862988604,0.0004619971890163438,20.319471608751098,original_base
관측,0.002190987433906644,0.002817475677283439,0.005008463111190083,0.000626488243376795,28.59387660931191,original_base
지방선거,0.0022756557408379094,0.002723351682083525,0.004999007422921434,0.00044769594124561543,19.673271893083935,original_base
해명,0.002166973764190739,0.0028309179856814276,0.004997891749872167,0.0006639442214906887,30.639236730152113,original_base
채택,0.0027316856304221405,0.0022657729832951993,0.00499745861371734,-0.0004659126471269412,-17.055866236516444,original_base
고교,0.0028161250520856943,0.0021776380528600674,0.004993763104945762,-0.0006384869992256269,-22.67253717134284,original_base
느낌,0.0027122993445680157,0.002275941829433428,0.0049882411740014435,-0.00043635751513458783,-16.088103107368703,original_base
리더십,0.0028181614115014996,0.0021680242062376404,0.00498618561773914,-0.0006501372052638591,-23.069551751383536,original_base
요인,0.002342015265633735,0.0026322410949420464,0.004974256360575781,0.00029022582930831155,12.392140801429756,original_base
각국,0.0023647217110085396,0.0026078309028396635,0.004972552613848203,0.00024310919183112394,10.280668152170824,original_base
교통,0.0023069454728356187,0.002664847470542261,0.00497179294337788,0.00035790199770664244,15.514107373622554,original_base
모두,0.0025972984246795906,0.0023712927233881928,0.004968591148067783,-0.00022600570129139783,-8.701568489161135,original_base
통일부,0.002276372109521581,0.0026913919103983323,0.004967764019919913,0.0004150198008767512,18.23163265534714,original_base
접촉,0.0023052590318183336,0.0026597321750566655,0.004964991206874999,0.0003544731432383319,15.376716383960195,original_base
불만,0.0024192680039292406,0.0025184433504551592,0.0049377113543843994,9.91753465259186e-05,4.0993947906905515,original_base
완성,0.002140382972647859,0.002794842145564006,0.004935225118211865,0.0006544591729161467,30.57673235488871,original_base
일주일,0.0020414589392367425,0.002893654567900253,0.004935113507136995,0.0008521956286635106,41.74444130539937,original_base
부작용,0.002229918086580742,0.002701804395026089,0.004931722481606831,0.0004718863084453469,21.161598324399282,original_base
호텔,0.0025236959685418668,0.0024046252080558547,0.004928321176597722,-0.00011907076048601204,-4.718110341746449,original_base
여명,0.0027550758699597016,0.0021717326534933007,0.004926808523453003,-0.0005833432164664008,-21.17339935451336,original_base
찬성,0.002389137930460391,0.0025356096550207315,0.004924747585481122,0.00014647172456034056,6.1307353875594455,original_base
보험료,0.0027307365932037384,0.0021934904622927702,0.004924227055496508,-0.0005372461309109682,-19.67403711687415,original_base
당원,0.0023550408092952568,0.0025676053863247592,0.004922646195620016,0.00021256457702950246,9.025940280547077,original_base
명예,0.002643757679279146,0.0022764926732631945,0.00492025035254234,-0.0003672650060159515,-13.891780207181883,original_base
예비,0.002209323243991985,0.002710096323094286,0.004919419567086272,0.000500773079102301,22.66635633622645,original_base
집계,0.0018806602640982842,0.00303752843660186,0.004918188700700144,0.0011568681725035758,61.51393713091804,original_base
예산안,0.0022083342290158074,0.0027098294085020442,0.004918163637517852,0.0005014951794862369,22.709206464174546,original_base
체험,0.0026300808644141296,0.0022876042640149253,0.004917685128429055,-0.0003424766003992043,-13.021523597735218,original_base
명의,0.0025791396985330394,0.002334618166090676,0.004913757864623716,-0.00024452153244236335,-9.48074013134853,original_base
경찰청,0.0024447492869513893,0.0024686837065788876,0.004913432993530277,2.393441962749831e-05,0.9790132573203288,original_base
성명,0.0024037281447299537,0.0025068853892434,0.004910613533973354,0.00010315724451344637,4.2915520517415064,original_base
훼손,0.002349630972021975,0.0025552650510700346,0.00490489602309201,0.00020563407904805944,8.751760659296256,original_base
전반,0.0023691983934670926,0.0025353519481333326,0.004904550341600426,0.00016615355466624007,7.013070544214342,original_base
센터장,0.0023085704876412154,0.00258769781391631,0.004896268301557526,0.0002791273262750947,12.09091633846075,original_base
특성,0.0023692170534166277,0.002521346880617521,0.004890563934034149,0.00015212982720089327,6.42110130777204,original_base
향상,0.0024832159550491326,0.0024054674040485135,0.004888683359097646,-7.774855100061914e-05,-3.1309621236337786,original_base
캐나다,0.002500733971581372,0.002378632883261304,0.004879366854842675,-0.00012210108832006817,-4.882610053993706,original_base
다수,0.0021807336224258273,0.00269394838980015,0.004874682012225977,0.0005132147673743226,23.534042035057332,original_base
요금,0.0025014256910003566,0.002372889359145357,0.004874315050145714,-0.00012853633185499948,-5.138522895860877,original_base
댓글,0.001955133413136395,0.002918205567725296,0.004873338980861691,0.0009630721545889013,49.25864128340765,original_base
신속,0.001647636780699042,0.003215173766895695,0.004862810547594737,0.001567536986196653,95.13850410231768,original_base
차세대,0.002064300455679994,0.0027886903476848596,0.0048529908033648535,0.0007243898920048656,35.09130126923539,original_base
의결,0.002078790489344817,0.002766561598881529,0.004845352088226345,0.000687771109536712,33.08515759822821,original_base
부부,0.002362552330376703,0.0024736662861244004,0.004836218616501103,0.00011111395574769749,4.7031320457558135,original_base
원래,0.002313987573006447,0.0025184919418756078,0.004832479514882054,0.0002045043688691608,8.837747067217764,original_base
호소,0.002027938809556518,0.002803094269315597,0.004831033078872116,0.0007751554597590789,38.22380912610448,original_base
다시,0.0023514197622445054,0.0024795034333504784,0.004830923195594984,0.00012808367110597307,5.447078108406859,original_base
재단,0.002810150188698928,0.0020153525617089703,0.004825502750407898,-0.0007947976269899576,-28.28310138676044,original_base
벤처,0.0020340102773029915,0.0027899091037185287,0.00482391938102152,0.0007558988264155372,37.16297969830447,original_base
혼자,0.002488463397198125,0.002335453286590352,0.0048239166837884765,-0.0001530101106077728,-6.148778831951232,original_base
고려대,0.0025953970510800297,0.0022206001335187027,0.004815997184598733,-0.000374796917561327,-14.440831602446405,original_base
진실,0.002570520851035737,0.0022451712450984092,0.004815692096134146,-0.0003253496059373276,-12.656952609671885,original_base
상위,0.0020869682406425712,0.0027224858929709365,0.004809454133613508,0.0006355176523283653,30.45171651163658,original_base
비전,0.002122449815762657,0.002686297559843861,0.0048087473756065185,0.0005638477440812043,26.565892860868313,original_base
분노,0.0023996972106715467,0.002401280088399806,0.004800977299071352,1.582877728259404e-06,0.06596156053439932,original_base
따라,0.002458319586334978,0.0023363706180921937,0.004794690204427172,-0.00012194896824278432,-4.960663736344945,original_base
하지만,0.0027331421578084044,0.002058030611207432,0.004791172769015837,-0.0006751115466009723,-24.700930563462414,original_base
오는,0.002181590088839136,0.002608317755607993,0.004789907844447129,0.00042672766676885715,19.56039628855881,original_base
사이트,0.002688918770804825,0.0020964847668685496,0.004785403537673375,-0.0005924340039362755,-22.032424719135456,original_base
분리,0.0018850117157975701,0.0029001338576577136,0.0047851455734552835,0.0010151221418601435,53.85229881346566,original_base
충격,0.002372868913837107,0.0024114398199484564,0.004784308733785563,3.8570906111349505e-05,1.6254967093389687,original_base
머리,0.002590720049168932,0.002184435675809259,0.004775155724978191,-0.00040628437335967285,-15.682295487310697,original_base
필요성,0.002209717050460564,0.0025652282696022816,0.004774945320062845,0.00035551121914171755,16.088540343553014,original_base
것은,0.002651022050995122,0.0021205699851085647,0.004771592036103687,-0.0005304520658865573,-20.00934189466436,original_base
명을,0.0025687073956766077,0.0021982602124074055,0.004766967608084013,-0.0003704471832692022,-14.421540728722235,original_base
기부,0.002356050227494436,0.002410912825285999,0.004766963052780435,5.486259779156292e-05,2.3285835399997845,original_base
것이다,0.0024008487732443172,0.0023627290681776728,0.00476357784142199,-3.811970506664448e-05,-1.5877595245256755,original_base
비례,0.002249408132218528,0.0024872273338606516,0.00473663546607918,0.0002378192016421238,10.572523422308846,original_base
지하,0.002171526555656062,0.002545947971818195,0.004717474527474257,0.0003744214161621332,17.24231348619234,original_base
가동,0.0020411055904927967,0.002671947265013816,0.004713052855506612,0.0006308416745210194,30.906861333357643,original_base
의식,0.0024840135418116843,0.0022247408418419588,0.004708754383653643,-0.00025927269996972547,-10.437652436493087,original_base
보완,0.002140315180262353,0.002563925120910266,0.004704240301172619,0.000423609940647913,19.791942072568407,original_base
협조,0.002157241117597805,0.0025370650281422965,0.004694306145740101,0.0003798239105444914,17.606928935576946,original_base
보도합니다,0.0024118585370672984,0.0022758313550247503,0.004687689892092049,-0.00013602718204254807,-5.639932025530421,original_base
화제,0.002738494473925578,0.0019481249231700908,0.004686619397095669,-0.0007903695507554874,-28.86146232102883,original_base
자신들,0.0026403173970277697,0.00204589062643481,0.00468620802346258,-0.0005944267705929596,-22.513458846353526,original_base
평소,0.0025383016113522464,0.0021458348440694676,0.004684136455421714,-0.0003924667672827787,-15.461786161562467,original_base
치열,0.002435596317082941,0.002233158280340041,0.0046687545974229815,-0.00020243803674290005,-8.311641601813372,original_base
부과,0.0020365341633867677,0.002621580770422054,0.004658114933808822,0.0005850466070352863,28.72756163649867,original_base
중구,0.0021715611314783202,0.002481999782846323,0.004653560914324643,0.0003104386513680026,14.295644127534517,original_base
선물,0.002415144305960713,0.0022235771463694574,0.00463872145233017,-0.0001915671595912557,-7.931913596982884,original_base
수단,0.002243673879635879,0.0023914295100345433,0.0046351033896704225,0.0001477556303986641,6.585432568419571,original_base
격차,0.0018565943137726347,0.0027779880089418754,0.00463458232271451,0.0009213936951692407,49.628165309682075,original_base
대통령의,0.0023005221269659665,0.0023318398174533798,0.004632361944419346,3.131769048741323e-05,1.361329679046227,original_base
침해,0.0021536318740542734,0.0024777615044394535,0.004631393378493727,0.0003241296303851801,15.050373013610576,original_base
협약,0.0018969152494269228,0.002732392693608726,0.004629307943035649,0.0008354774441818034,44.04400483544057,original_base
감정,0.002496617868240841,0.0021294089095752955,0.004626026777816136,-0.00036720895866554533,-14.708256451127898,original_base
긴장,0.0022253061828029982,0.0023955271172782806,0.004620833300081279,0.00017022093447528232,7.64932645182659,original_base
스페인,0.002363433985677854,0.002256387533863401,0.004619821519541255,-0.000107046451814453,-4.529276149160186,original_base
수립,0.0019787723163745123,0.002640494154474067,0.004619266470848579,0.0006617218380995547,33.4410297043146,original_base
추구,0.0024197478783168943,0.0021988095362666764,0.004618557414583571,-0.00022093834205021796,-9.130634808279952,original_base
자치,0.002422987008391895,0.002192278833982737,0.004615265842374632,-0.00023070817440915816,-9.521643063297983,original_base
관련해,0.002092495191286627,0.0025200671787992397,0.004612562370085867,0.00042757198751261277,20.43359474817759,original_base
포럼,0.0023418726119252744,0.0022660909386742513,0.004607963550599526,-7.57816732510231e-05,-3.235943443940031,original_base
차단,0.0019431251782713983,0.0026646421738694024,0.0046077673521408005,0.0007215169955980042,37.131781506730555,original_base
균형,0.0018752924352724444,0.0027147385723050705,0.004590031007577515,0.0008394461370326261,44.76347908429922,original_base
안팎,0.0020981316711055275,0.0024911580515804025,0.00458928972268593,0.000393026380474875,18.732207605816527,original_base
이런,0.002399873705263542,0.0021887543855823935,0.004588628090845936,-0.00021111931968114837,-8.797101248207738,original_base
이같이,0.0018671050326057325,0.00272092860029258,0.004588033632898313,0.0008538235676868475,45.72980913105092,original_base
부당,0.0021876196470936387,0.0023871837174346423,0.004574803364528281,0.00019956407034100359,9.122429971139379,original_base
회원,0.0024975851789386843,0.0020768177708794856,0.00457440294981817,-0.0004207674080591987,-16.84696928887119,original_base
정작,0.0023881004112977357,0.0021852396219366505,0.004573340033234386,-0.0002028607893610852,-8.494650744222563,original_base
임시,0.0020698215666818346,0.0024976707834076534,0.004567492350089488,0.0004278492167258188,20.670826104672926,original_base
대학생,0.002757724535478771,0.0018079284587149316,0.004565652994193703,-0.0009497960767638396,-34.44129624059586,original_base
제조업,0.002038211047771222,0.0025230478491311817,0.004561258896902403,0.0004848368013599595,23.787369904118965,original_base
미만,0.0018833384617940162,0.0026755571610360108,0.0045588956228300274,0.0007922186992419945,42.06459514915598,original_base
공모,0.0018524648594156025,0.002705020145954793,0.004557485005370396,0.0008525552865391907,46.022750834158686,original_base
제목,0.002231444379220084,0.002318429194896771,0.004549873574116855,8.69848156766868e-05,3.8981395407708535,original_base
초청,0.0022699020482676597,0.0022765040206021874,0.004546406068869847,6.60197233452774e-06,0.29084833592560627,original_base
특징,0.0022913649284822648,0.002254721390450882,0.004546086318933147,-3.664353803138273e-05,-1.5992013134134146,original_base
한편,0.0022557046856520346,0.0022881795949470513,0.004543884280599085,3.247490929501667e-05,1.4396791167559004,original_base
진입,0.0021424629148940693,0.0024006557063463753,0.004543118621240445,0.000258192791452306,12.051214033035992,original_base
가입자,0.002205535326269813,0.002336965368683386,0.004542500694953199,0.00013143004241357318,5.959099400863314,original_base
인원,0.0019396611354966314,0.0026002062335323704,0.004539867369029001,0.000660545098035739,34.054664804458895,original_base
물량,0.0013860421947678283,0.003140150653232562,0.0045261928480003905,0.001754108458464734,126.55519904706505,original_base
진짜,0.002332313299718144,0.002193107832850508,0.004525421132568652,-0.00013920546686763602,-5.968557778427914,original_base
선진국,0.002505193159320853,0.0020178777999809365,0.00452307095930179,-0.00048731535933991665,-19.452207009539563,original_base
타격,0.0020216838119141954,0.002498522222388043,0.004520206034302239,0.00047683841047384745,23.586201148950263,original_base
성능,0.001980215696867494,0.0025397600263839743,0.004519975723251468,0.0005595443295164804,28.256736395011135,original_base
심리,0.0021754976963007915,0.0023295670789806196,0.004505064775281412,0.0001540693826798281,7.082029226774504,original_base
동물,0.0017377879236316124,0.0027630371360489623,0.004500825059680575,0.00102524921241735,58.99737237641715,original_base
개념,0.002335315628187996,0.002159376774390822,0.004494692402578818,-0.00017593885379717407,-7.533836183577784,original_base
경력,0.0022424543771901386,0.0022519877921975853,0.004494442169387724,9.533415007446748e-06,0.4251330642183409,original_base
식당,0.0020774993277707225,0.002412776976664655,0.004490276304435378,0.00033527764889393265,16.13852021091651,original_base
제정,0.00228916136622133,0.002197022785383257,0.004486184151604587,-9.21385808380728e-05,-4.024992829149656,original_base
겨냥,0.0018875615378232953,0.0025931328814578574,0.004480694419281153,0.0007055713436345621,37.38004454404253,original_base
중간,0.0020927750284808295,0.002381376524924235,0.004474151553405064,0.00028860149644340536,13.790373667297848,original_base
김대중,0.002516141743499869,0.001955867838604149,0.004472009582104018,-0.00056027390489572,-22.267183728544556,original_base
감시,0.0022957979471931417,0.002172716568536229,0.0044685145157293705,-0.00012308137865691283,-5.361159016950641,original_base
연말,0.0021889043460924682,0.0022765588852530832,0.0044654632313455515,8.765453916061497e-05,4.004493815231892,original_base
연세대,0.0024002935726541567,0.0020645121020444208,0.004464805674698577,-0.0003357814706097359,-13.989183424694215,original_base
눈물,0.0026434731368923277,0.0018177800323710205,0.004461253169263348,-0.0008256931045213071,-31.235161537975515,original_base
없는,0.0023100786522658218,0.002147688280977942,0.004457766933243764,-0.00016239037128787989,-7.029646853305216,original_base
화학,0.0020616120578742245,0.002395591256022558,0.0044572033138967826,0.00033397919814833355,16.199905160270898,original_base
차장,0.0018505963311463056,0.0026055727819598072,0.004456169113106112,0.0007549764508135016,40.796387526924924,original_base
문제점,0.002612361231210419,0.001837699851871174,0.004450061083081593,-0.000774661379339245,-29.653685335864182,original_base
진전,0.0015276077175330493,0.0029213944127265577,0.004449002130259607,0.0013937866951935084,91.23983069713408,original_base
국무부,0.0015709353926127367,0.002870793013867631,0.004441728406480367,0.0012998576212548943,82.74418078346346,original_base
책임자,0.0021616271040317786,0.002277735113386042,0.00443936221741782,0.00011610800935426321,5.371324644186006,original_base
사기,0.002404941499948793,0.0020320710814620826,0.004437012581410876,-0.00037287041848671054,-15.504344637682449,original_base
주재,0.0019888349119888925,0.002447220834526368,0.004436055746515261,0.0004583859225374756,23.047962391160784,original_base
대표는,0.0022222894559480876,0.002212448946502064,0.004434738402450152,-9.84050944602367e-06,-0.44280952779058425,original_base
실질적,0.0020811368069142567,0.002352649839215298,0.004433786646129555,0.0002715130323010413,13.046380776073013,original_base
주력,0.0020193298959538483,0.002409112788197078,0.004428442684150926,0.0003897828922432298,19.302586121477315,original_base
으로,0.002150389981454436,0.002271784686474231,0.0044221746679286664,0.00012139470501979508,5.6452413779238615,original_base
수치,0.0019680002566447186,0.002442852874850657,0.0044108531314953755,0.00047485261820593826,24.12868680289319,original_base
의원은,0.001994558492467831,0.0024148532610712035,0.004409411753539034,0.00042029476860337266,21.07207034491877,original_base
근로,0.0016506951818476409,0.002758243344748548,0.004408938526596189,0.001107548162900907,67.09586209982248,original_base
구상,0.0020785474552932988,0.002329290894065278,0.004407838349358577,0.00025074343877197914,12.063397356333024,original_base
직전,0.002080892740431572,0.0023239756121239533,0.004404868352555526,0.0002430828716923814,11.681662729140314,original_base
부실,0.0025751016917156273,0.0018279966581041937,0.004403098349819821,-0.0007471050336114336,-29.012641947886912,original_base
대처,0.0022283568354675106,0.0021742707647635566,0.004402627600231067,-5.408607070395404e-05,-2.4271727868309183,original_base
부패,0.002523382306641354,0.0018713124131550882,0.004394694719796442,-0.0006520698934862658,-25.841105874843716,original_base
일부터,0.0020202724656382667,0.0023696502771059494,0.004389922742744216,0.00034937781146768265,17.29359863137586,original_base
혼란,0.0022542661687846204,0.0021340857200007083,0.004388351888785329,-0.00012018044878391206,-5.331244839144568,original_base
새로운,0.002208883736316388,0.00217711375512376,0.004385997491440148,-3.176998119262808e-05,-1.438282181642064,original_base
지명,0.0018858917621387013,0.002491843178803969,0.0043777349409426704,0.0006059514166652678,32.13076321931046,original_base
동맹,0.0016459824486949179,0.002731436886499498,0.004377419335194416,0.00108545443780458,65.94568724989901,original_base
자본,0.002462811656815294,0.0019079678320873727,0.004370779488902667,-0.0005548438247279213,-22.52887764245033,original_base
이라고,0.0018695126137655443,0.002493304082779317,0.004362816696544861,0.0006237914690137725,33.366529031186424,original_base
질환,0.002166364392783095,0.0021923507208254267,0.004358715113608522,2.5986328042331558e-05,1.1995363351106099,original_base
작용,0.0021371463259527825,0.0022196544004095217,0.004356800726362305,8.250807445673919e-05,3.8606656668656245,original_base
부채,0.0027137634757821113,0.0016391689843897339,0.004352932460171845,-0.0010745944913923774,-39.597942156056085,original_base
신용,0.002328297956640643,0.0020228381420101145,0.004351136098650758,-0.0003054598146305285,-13.11944692298994,original_base
피의자,0.0018182959291816196,0.0025307139390825808,0.0043490098682642,0.0007124180099009612,39.18053153325856,original_base
물질,0.002177256367340438,0.0021658780409470036,0.004343134408287441,-1.1378326393434238e-05,-0.5225992935013478,original_base
대중,0.0023144226665330805,0.00202521147031444,0.0043396341368475205,-0.00028921119621864045,-12.49604060661349,original_base
맞춤,0.002023906275107739,0.002315347048321996,0.004339253323429735,0.00029144077321425696,14.399914501907588,original_base
안정적,0.00190814145641551,0.002422219652231512,0.0043303611086470215,0.0005140781958160021,26.941304277394117,original_base
시상식,0.0020179858379510843,0.0023074751591252215,0.004325460997076306,0.0002894893211741372,14.345458512635725,original_base
분류,0.002017629328660024,0.0023063220083549465,0.004323951337014971,0.0002886926796949224,14.308509278394213,original_base
상징,0.0022071977343042894,0.0021116952121113903,0.00431889294641568,-9.550252219289908e-05,-4.326867534729577,original_base
도심,0.0019454207412919744,0.0023731471395188517,0.004318567880810826,0.00042772639822687727,21.986318391096194,original_base
급증,0.001795568767829253,0.0025191692216373946,0.004314737989466647,0.0007236004538081415,40.29923368977596,original_base
유력,0.0019801319145375143,0.002334566439779394,0.004314698354316908,0.00035443452524187976,17.899541067932464,original_base
년간,0.002179475563213795,0.002134225235775114,0.004313700798988909,-4.5250327438681355e-05,-2.07620256003038,original_base
학습,0.0021148429110713586,0.00219855595140431,0.0043133988624756685,8.37130403329514e-05,3.958357374663975,original_base
반박,0.0017820949226009049,0.0025311954656234083,0.004313290388224313,0.0007491005430225034,42.03482842144107,original_base
의문,0.0021858806215591226,0.0021250393084630385,0.004310919930022162,-6.084131309608406e-05,-2.7833776692108554,original_base
배출,0.0020132784914354464,0.0022948384767545707,0.004308116968190017,0.00028155998531912427,13.985148429136347,original_base
조금,0.002088733972959965,0.002216729730987025,0.00430546370394699,0.00012799575802706006,6.127910958697917,original_base
투쟁,0.002500651087704306,0.001804189447092195,0.004304840534796501,-0.0006964616406121111,-27.851212191761217,original_base
감안,0.002176547430500999,0.0021280270823776843,0.004304574512878683,-4.852034812331471e-05,-2.229234587005819,original_base
당사자,0.0020436649906617247,0.002260203251129159,0.004303868241790883,0.00021653826046743414,10.595584964114913,original_base
국방,0.0022319102497661185,0.0020713935902924945,0.004303303840058613,-0.00016051665947362402,-7.191895798249259,original_base
동안,0.002343452523316514,0.0019578446698254805,0.0043012971931419945,-0.00038560785349103354,-16.454690233933626,original_base
요소,0.001984083891654878,0.002314784967859188,0.004298868859514067,0.0003307010762043099,16.6676962398238,original_base
직업,0.00231889206463644,0.001977071652774239,0.004295963717410679,-0.0003418204118622011,-14.740677976134792,original_base
어린이집,0.002471421517513562,0.001815223778702612,0.004286645296216174,-0.00065619773881095,-26.55142937620511,original_base
중소,0.0017947735186162044,0.0024911201214559728,0.004285893640072177,0.0006963466028397684,38.798577960781444,original_base
전담,0.0017728735516652143,0.0025111342374520423,0.004284007789117257,0.0007382606857868281,41.64203843491257,original_base
진술,0.00209273359274818,0.0021873478769472723,0.0042800814696954525,9.461428419909245e-05,4.521085938838727,original_base
전주,0.0017639905373587083,0.002515786166196387,0.004279776703555095,0.0007517956288376785,42.61902844237313,original_base
정비,0.0020171472915763555,0.002259621000585207,0.0042767682921615625,0.00024247370900885162,12.020624870649076,original_base
성격,0.002315818288326324,0.0019592937793352617,0.004275112067661586,-0.0003565245089910624,-15.395184967155947,original_base
존중,0.0018821344877235492,0.0023918518324946548,0.004273986320218204,0.0005097173447711056,27.081876884770928,original_base
누적,0.001255441673624904,0.003017861166645847,0.004273302840270751,0.001762419493020943,140.38242716065133,original_base
사업장,0.0017347489012443885,0.0025377999406778744,0.004272548841922263,0.0008030510394334859,46.29206214556083,original_base
손해,0.00201279460107577,0.0022552796432473016,0.0042680742443230715,0.00024248504217153164,12.047182660462804,original_base
종료,0.0016641871099803045,0.0026024877832280194,0.004266674893208324,0.0009383006732477149,56.38192169742378,original_base
지도,0.002320361891309583,0.001946208172048079,0.004266570063357662,-0.000374153719261504,-16.124800215984255,original_base
폐쇄,0.0015333995788872987,0.002731630802841864,0.0042650303817291626,0.001198231223954565,78.1421385823031,original_base
수색,0.0022060981884211356,0.002054084349171726,0.004260182537592862,-0.00015201383924940944,-6.890619830398527,original_base
여권,0.0017659784738621024,0.0024939919828409064,0.004259970456703009,0.000728013508978804,41.22437049794138,original_base
만남,0.0018307742814506899,0.0024274010879389747,0.004258175369389664,0.0005966268064882848,32.58876927283045,original_base
최소화,0.0018761289229967141,0.002380048733088665,0.004256177656085379,0.0005039198100919508,26.85955127684119,original_base
생태,0.001891001158729126,0.0023630971633607878,0.004254098322089913,0.0004720960046316618,24.96540007140665,original_base
선생,0.0023281175400632803,0.0019241626229141097,0.00425228016297739,-0.0004039549171491706,-17.35113928733129,original_base
무료,0.0021792982316148363,0.0020726516541635298,0.004251949885778366,-0.00010664657745130656,-4.89362015277196,original_base
첨단,0.001774960639449982,0.002475759364637327,0.004250720004087309,0.0007007987251873449,39.482493843046896,original_base
대형,0.002268210184549353,0.0019808901868738115,0.004249100371423164,-0.00028731999767554143,-12.667256307758182,original_base
자신감,0.002333345144377707,0.0019154846921225596,0.004248829836500267,-0.00041786045225514733,-17.90821444748539,original_base
지표,0.0017736349858585364,0.002474495897142801,0.004248130883001338,0.0007008609112842648,39.515510061108195,original_base
일각,0.0017113707556205737,0.0025334063226628463,0.00424477707828342,0.0008220355670422726,48.033750976665935,original_base
일대,0.001915977304541213,0.0023266350454332835,0.004242612349974496,0.0004106577408920706,21.43333012968042,original_base
안녕,0.002092673651096533,0.002149507217943042,0.004242180869039575,5.683356684650859e-05,2.715835162196865,original_base
다른,0.002214695880718965,0.0020269528650858136,0.004241648745804778,-0.00018774301563315122,-8.47714655847933,original_base
압수수색,0.002018014244462924,0.0022224067376435184,0.004240420982106443,0.0002043924931805943,10.128396949695045,original_base
전직,0.0018578726780357003,0.0023802717317539346,0.004238144409789635,0.0005223990537182343,28.118129939375535,original_base
자세,0.0022380831617567977,0.001994463100303179,0.004232546262059976,-0.00024362006145361862,-10.885210416506037,original_base
증상,0.0017312317767730395,0.002499797826043688,0.004231029602816728,0.0007685660492706486,44.39417411244791,original_base
통계,0.0017947140646712586,0.002425763298142289,0.004220477362813548,0.0006310492334710305,35.16154722878495,original_base
지휘,0.0016718988142239198,0.002544447031210392,0.004216345845434312,0.0008725482169864721,52.18905651246012,original_base
주최,0.002162697620589717,0.0020534265120078503,0.004216124132597567,-0.00010927110858186678,-5.052537513407496,original_base
자랑,0.002253407392763592,0.001956959493793309,0.004210366886556901,-0.0002964478989702828,-13.155539469794558,original_base
기념,0.0021398994114251325,0.002068011509015018,0.00420791092044015,-7.18879024101146e-05,-3.359405681701581,original_base
긍정,0.0016146897716246668,0.0025928637205795153,0.004207553492204182,0.0009781739489548484,60.579683239748924,original_base
지식,0.00224799927622416,0.00195765042834424,0.0042056497045684,-0.0002903488478799201,-12.915878174462895,original_base
도착,0.0018724017146142169,0.0023269614884936043,0.004199363203107822,0.00045455977387938743,24.27682961041527,original_base
초반,0.002160410134455429,0.0020387154663011183,0.0041991256007565475,-0.00012169466815431084,-5.632942847909117,original_base
문건,0.0017857956404665482,0.0024131255643852364,0.004198921204851784,0.0006273299239186881,35.12887531491537,original_base
바이오,0.0011913946995233252,0.00300587825588584,0.004197272955409165,0.0018144835563625146,152.29911271961222,original_base
거주,0.0015914847575984766,0.00260307547442582,0.004194560232024296,0.0010115907168273435,63.56270218722149,original_base
토대,0.0020299648365799294,0.0021631495940699764,0.004193114430649906,0.00013318475749004698,6.560939139932874,original_base
할인,0.002143892674671459,0.0020492093514040874,0.004193102026075547,-9.468332326737156e-05,-4.416420858468641,original_base
대결,0.00234017351570996,0.001851453858086802,0.0041916273737967625,-0.0004887196576231581,-20.883906870251483,original_base
단일,0.0017686168197826426,0.002418504891373022,0.004187121711155664,0.0006498880715903794,36.74555530181199,original_base
겨울,0.002168530802219583,0.0020177654797831745,0.004186296282002757,-0.0001507653224364085,-6.95241784355075,original_base
덕분,0.0020406715317705785,0.0021452980675549225,0.004185969599325501,0.000104626535784344,5.127064015714734,original_base
편성,0.0020677197634328868,0.002117009745363258,0.004184729508796145,4.928998193037132e-05,2.383784437429698,original_base
탄생,0.00226927121333863,0.0019151001062869542,0.004184371319625584,-0.0003541711070516758,-15.607262145215648,original_base
현금,0.0018659341957453085,0.0023183406678769117,0.004184274863622221,0.00045240647213160316,24.245574852702607,original_base
노선,0.001957037868256313,0.002226700647217241,0.004183738515473554,0.0002696627789609278,13.779129332903134,original_base
실무,0.0016923567812016551,0.00248951192517384,0.0041818687063754955,0.000797155143972185,47.10325581619771,original_base
해제,0.0015249641837812508,0.0026544485493655125,0.004179412733146763,0.0011294843655842617,74.06628808708344,original_base
직장인,0.002130151245999317,0.002048681019500548,0.0041788322654998655,-8.147022649876911e-05,-3.8246216859849786,original_base
법정,0.0019092111228486985,0.002265967701458906,0.004175178824307605,0.00035675657861020745,18.68607271038195,original_base
아프리카,0.0024360056722307084,0.0017326370466554707,0.004168642718886179,-0.0007033686255752377,-28.873850073228535,original_base
착수,0.0018823507673897258,0.0022855271867956136,0.00416787795418534,0.0004031764194058877,21.418772015854216,original_base
개방,0.0020845534003756084,0.002081910148222934,0.004166463548598542,-2.6432521526742643e-06,-0.12680184408794642,original_base
현역,0.0023677708298925015,0.0017956657772908433,0.004163436607183345,-0.0005721050526016581,-24.16218011384286,original_base
수수료,0.001962656553111621,0.0021995080519097822,0.004162164605021403,0.00023685149879816136,12.067903496546757,original_base
열고,0.0019186242463164937,0.0022364064751891908,0.004155030721505685,0.000317782228872697,16.563025797406507,original_base
연봉,0.002549030762365072,0.0016052733834474096,0.004154304145812481,-0.0009437573789176624,-37.024165924228164,original_base
체포,0.0024336398885486453,0.0017170000133025043,0.0041506399018511496,-0.000716639875246141,-29.447243966465596,original_base
그는,0.0022646769124936923,0.0018853742431206345,0.004150051155614327,-0.00037930266937305783,-16.748643803472973,original_base
지난주,0.0016579029683366777,0.0024875571319529495,0.004145460100289627,0.0008296541636162718,50.042383629280664,original_base
서류,0.002136549279197577,0.0020014442702277644,0.0041379935494253416,-0.0001351050089698127,-6.323514757429513,original_base
장치,0.0020143557873616275,0.0021187190962392863,0.004133074883600913,0.0001043633088776588,5.180976942228874,original_base
손실,0.001786742273742038,0.0023434311530369477,0.004130173426778985,0.0005566888792949097,31.156641194200684,original_base
어린이,0.0022832390399340355,0.0018293935887775457,0.004112632628711581,-0.0004538454511564898,-19.877263975374287,original_base
부산시,0.0016097493897635458,0.0024988761742877385,0.004108625564051284,0.0008891267845241926,55.233863741659526,original_base
대체,0.0020113412778318953,0.00209553499496625,0.004106876272798146,8.41937171343547e-05,4.185948852255966,original_base
환영,0.0018181511790351184,0.0022840299285848574,0.004102181107619975,0.000465878749549739,25.62376302486452,original_base
표명,0.0019347092100331818,0.002166761811507,0.004101471021540182,0.0002320526014738184,11.994184979862608,original_base
공단,0.002606025948040691,0.0014943016445732062,0.004100327592613897,-0.001111724303467485,-42.65975572128594,original_base
영상취재,0.0020081401905611973,0.0020885837023466736,0.004096723892907871,8.044351178547633e-05,4.005871311354786,original_base
카메라,0.0019058702634847816,0.0021846783327153585,0.00409054859620014,0.00027880806923057696,14.6289112418802,original_base
없다,0.0020627474992833475,0.0020269419939539838,0.004089689493237332,-3.580550532936372e-05,-1.735816203476358,original_base
기대감,0.001671276715365131,0.002417120608847996,0.004088397324213127,0.0007458438934828649,44.62719348781911,original_base
견제,0.0017732723345525417,0.0023079148359902322,0.004081187170542774,0.0005346425014376905,30.150050334631732,original_base
수상자,0.002197114820179546,0.001877819491035152,0.004074934311214698,-0.00031929532914439385,-14.532482609092837,original_base
보안,0.0019134575122516683,0.0021561739820366893,0.004069631494288357,0.00024271646978502102,12.68470651848462,original_base
추세,0.0017710660775763275,0.0022956281122431116,0.004066694189819439,0.0005245620346667841,29.618433852261344,original_base
여건,0.0018441873442017226,0.002222114989485388,0.004066302333687111,0.0003779276452836654,20.49290959901125,original_base
건축,0.0019963228737941486,0.00206977609348755,0.004066098967281698,7.345321969340129e-05,3.6794258412617595,original_base
특수,0.0019599656675078334,0.0021045244643483766,0.0040644901318562104,0.00014455879684054313,7.375578013279938,original_base
업종,0.0016795068203891343,0.0023761848565367746,0.004055691676925909,0.0006966780361476403,41.48110788774427,original_base
철회,0.0017997782807900513,0.0022492751322795513,0.004049053413069602,0.00044949685148949997,24.975123674244124,original_base
단순,0.0020401392151956094,0.0020071676647523294,0.004047306879947939,-3.297155044328006e-05,-1.6161421827342666,original_base
총회,0.002060944571700787,0.001985799637556399,0.004046744209257186,-7.514493414438779e-05,-3.6461404724909565,original_base
지상,0.0016929431003976914,0.00235303006565764,0.004045973166055331,0.0006600869652599484,38.990499155280915,original_base
소비자들,0.0021102521813318766,0.0019343563285363313,0.004044608509868208,-0.00017589585279554525,-8.33530012913098,original_base
중대,0.0016088660229287117,0.002431668402567284,0.004040534425495995,0.0008228023796385722,51.14175872399726,original_base
장점,0.002054038924704666,0.0019842291443399863,0.004038268069044652,-6.980978036467966e-05,-3.3986590772478698,original_base
물론,0.0023110755793838795,0.0017270729644424843,0.004038148543826364,-0.0005840026149413952,-25.269732420308266,original_base
매각,0.0020153415623459596,0.0020216399184408997,0.004036981480786859,6.298356094940061e-06,0.31252052816339754,original_base
프리미엄,0.001770145352027516,0.002264673679994897,0.004034819032022413,0.0004945283279673808,27.937159363831366,original_base
코리아,0.00204191446371915,0.00199231351240968,0.00403422797612883,-4.9600951309469905e-05,-2.4291395252241155,original_base
인하,0.0018695764281214512,0.002164066530000382,0.004033642958121833,0.00029449010187893097,15.751701692924872,original_base
명단,0.0019814108276583506,0.002045384375331159,0.004026795202989509,6.39735476728083e-05,3.228686690302022,original_base
전원,0.0017333747349967518,0.0022927455533024587,0.00402612028829921,0.0005593708183057068,32.27062256141371,original_base
체육,0.0021961527853100737,0.0018276100407231552,0.004023762826033229,-0.0003685427445869185,-16.781288945472166,original_base
허위,0.0016858956845557747,0.002337019696387802,0.004022915380943577,0.0006511240118320274,38.621844625196694,original_base
통보,0.0019696267219998045,0.002046213849995293,0.004015840571995098,7.65871279954887e-05,3.8884082521853753,original_base
최저임금,0.0011214332438781256,0.002893169571669992,0.004014602815548118,0.0017717363277918662,157.98856842025398,original_base
시사,0.001978279212000437,0.002036166654194529,0.004014445866194967,5.788744219409206e-05,2.926151265349255,original_base
공기업,0.0026339355142298124,0.0013728490510391657,0.0040067845652689785,-0.0012610864631906467,-47.87841070434863,original_base
주의,0.0019359182223582026,0.0020683753793299896,0.004004293601688192,0.00013245715697178702,6.842084311311291,original_base
입시,0.0018974481887004155,0.0021065281799887182,0.004003976368689134,0.00020907999128830278,11.019009242697905,original_base
표시,0.0020634482500043903,0.0019398209222547065,0.004003269172259097,-0.0001236273277496838,-5.991297710006576,original_base
논리,0.0022312461096523945,0.0017647068523694933,0.003995952962021888,-0.0004665392572829011,-20.909358912252994,original_base
만족,0.002010300582948256,0.0019854495975540213,0.003995750180502277,-2.485098539423483e-05,-1.236182569165304,original_base
반성,0.0020006039065772613,0.001995039117168469,0.00399564302374573,-5.564789408792244e-06,-0.27815548047753136,original_base
폐기,0.001375987472635888,0.002616805952948013,0.003992793425583901,0.0012408184803121248,90.1765826352453,original_base
거대,0.0019055712437491678,0.002080602107825747,0.003986173351574915,0.00017503086407657923,9.185217537823986,original_base
작전,0.002148932623087226,0.0018359811327061798,0.003984913755793406,-0.0003129514903810462,-14.56311319484042,original_base
학년,0.0022109693021275223,0.001773266124263431,0.003984235426390953,-0.0004377031778640913,-19.796890777402833,original_base
새해,0.0020765787393919348,0.0019062178037897,0.0039827965431816345,-0.00017036093560223483,-8.203923712140096,original_base
세종시,0.0018858367743112595,0.0020952157345992843,0.003981052508910544,0.00020937896028802474,11.102708523885562,original_base
다음달,0.002203264234971632,0.0017767757934163799,0.003980040028388011,-0.00042648844155525204,-19.357117262003907,original_base
서울중앙지검,0.0017835120009146702,0.0021932951896103253,0.003976807190524996,0.0004097831886956552,22.976194636509245,original_base
우선,0.0019354732521379276,0.0020379089051784567,0.003973382157316384,0.0001024356530405291,5.292537777382274,original_base
배상,0.0017942713360297475,0.0021771471129850986,0.003971418449014846,0.00038287577695535115,21.33878913779869,original_base
발의,0.001636546383923744,0.0023336950938594387,0.003970241477783182,0.0006971487099356947,42.598774882519855,original_base
급여,0.001954858308315524,0.0020153742055978095,0.0039702325139133335,6.05158972822855e-05,3.095666679516597,original_base
특혜,0.0017676989319813355,0.0022001564180101373,0.003967855349991473,0.00043245748602880186,24.46443102978398,original_base
실력,0.0022896344534941277,0.0016779661367641648,0.003967600590258293,-0.0006116683167299629,-26.71467123481297,original_base
지배,0.002303471035045792,0.0016628227698298871,0.003966293804875679,-0.0006406482652159047,-27.81229958913588,original_base
컴퓨터,0.0022047899301402803,0.0017609038914498123,0.003965693821590092,-0.00044388603869046804,-20.132804156186694,original_base
특히,0.0020662978959911653,0.0018984926040991426,0.003964790500090308,-0.00016780529189202274,-8.12105999902447,original_base
스타일,0.0020502253203879815,0.0019145044244901705,0.003964729744878152,-0.000135720895897811,-6.619803908778543,original_base
철저,0.002007205001416385,0.0019562263635887053,0.00396343136500509,-5.0978637827679696e-05,-2.5397823237639705,original_base
핵무기,0.002035878178118719,0.0019248849111732894,0.003960763089292009,-0.00011099326694542972,-5.4518619109123,original_base
부진,0.002001771426838077,0.0019529418297759779,0.003954713256614055,-4.8829597062099e-05,-2.4393193152541093,original_base
차별화,0.0017696025291398438,0.002180424500269181,0.003950027029409025,0.0004108219711293371,23.215494121667348,original_base
유행,0.001220241814111199,0.0027275083391981067,0.003947750153309306,0.0015072665250869077,123.52195340763438,original_base
자율,0.0015599229522882169,0.002387534207849796,0.003947457160138013,0.0008276112555615793,53.0546239061086,original_base
보조금,0.002213141274647686,0.0017312951278411818,0.003944436402488868,-0.0004818461468065044,-21.77204647196372,original_base
출석,0.001936372485312433,0.0020035099059808404,0.003939882391293273,6.713742066840733e-05,3.467174894172013,original_base
진화,0.001767930795396339,0.0021702773531838116,0.00393820814858015,0.0004023465577874725,22.758049061375925,original_base
움직임,0.0019466390081792808,0.001990329772693174,0.003936968780872455,4.3690764513893256e-05,2.2444204770538247,original_base
수정,0.0021804057784570057,0.0017559191471050862,0.003936324925562092,-0.0004244866313519195,-19.468240065494292,original_base
전공,0.002046260428084704,0.001884783772578492,0.003931044200663196,-0.00016147665550621183,-7.8913051970297685,original_base
부위원장,0.0015693746935736802,0.002360207725652544,0.003929582419226224,0.000790833032078864,50.391600891564615,original_base
지침,0.0015941271882104664,0.0023292573982447817,0.003923384586455248,0.0007351302100343153,46.11490321920655,original_base
계층,0.0017573925741497978,0.0021639775443684033,0.003921370118518201,0.0004065849702186055,23.135694107237576,original_base
정원,0.002123121494800526,0.001797697454050481,0.003920818948851007,-0.000325424040750045,-15.32762216137893,original_base
부지,0.0016866737702701667,0.002231490414864076,0.003918164185134243,0.0005448166445939091,32.30124604988917,original_base
연방,0.0019620354417286623,0.0019516435698710905,0.003913679011599753,-1.0391871857571818e-05,-0.5296475097522194,original_base
상무,0.001992447116259892,0.001916497817056536,0.003908944933316428,-7.594929920335595e-05,-3.811860228738399,original_base
국토교통부,0.001689039662998392,0.0022174726642786614,0.0039065123272770536,0.0005284330012802695,31.286003097298053,original_base
기재부,0.0014962733668865192,0.0024066130568916855,0.0039028864237782047,0.0009103396900051663,60.84046606399354,original_base
정부의,0.0017854884613384694,0.0021169636522760014,0.003902452113614471,0.000331475190937532,18.564958447787767,original_base
풀이,0.0016656875836331374,0.0022308554163249935,0.003896542999958131,0.0005651678326918561,33.930002135162255,original_base
개봉,0.0022446469088729265,0.0016505381878279546,0.003895185096700881,-0.0005941087210449719,-26.46780296252846,original_base
보통,0.0020474130135560153,0.001847234214328761,0.0038946472278847764,-0.00020017879922725433,-9.777157705937265,original_base
개막,0.002063456829392044,0.0018284436256329616,0.0038919004550250057,-0.00023501320375908259,-11.389295885018562,original_base
출산,0.0019102093149093698,0.0019801579882523365,0.0038903673031617063,6.994867334296669e-05,3.661832909985857,original_base
조언,0.001978934358702521,0.0019092657868943412,0.0038882001455968623,-6.966857180817996e-05,-3.5205094854110186,original_base
국면,0.001681069809347642,0.002203984510603341,0.003885054319950983,0.0005229147012556989,31.10606700257271,original_base
명령,0.001805606302448831,0.002079442551711885,0.0038850488541607156,0.00027383624926305395,15.165889091750898,original_base
가슴,0.0022624762350761437,0.001621986728598846,0.0038844629636749896,-0.0006404895064772978,-28.30922581848653,original_base
입증,0.0018634531900929175,0.0020189562320636176,0.0038824094221565353,0.00015550304197070011,8.344885870889316,original_base
최고위원,0.001833511663419621,0.0020457662523392177,0.003879277915758839,0.00021225458891959673,11.576396984774442,original_base
동료,0.001867599513894439,0.002011130713741156,0.0038787302276355948,0.00014353119984671678,7.685330756347021,original_base
교육청,0.0020865684516068513,0.001787713489904113,0.003874281941510964,-0.00029885496170273837,-14.322796909566629,original_base
오픈,0.0016901663671557055,0.0021793617635176513,0.003869528130673357,0.0004891953963619459,28.943623886279774,original_base
은퇴,0.0022316445981222623,0.0016351151094965031,0.0038667597076187657,-0.0005965294886257592,-26.730487871038587,original_base
유도,0.002009714313790956,0.0018550959388647058,0.003864810252655662,-0.00015461837492625023,-7.693549967039402,original_base
캠페인,0.0017475285001057712,0.002116131565768998,0.003863660065874769,0.0003686030656632267,21.092821412693215,original_base
데뷔,0.0021366604511010977,0.0017234375328862048,0.0038600979839873025,-0.000413222918214893,-19.339662415801463,original_base
비밀,0.0022415511457341557,0.001614508175006943,0.003856059320741099,-0.0006270429707272128,-27.97361871133406,original_base
기조,0.0015287788580508877,0.0023263032272404323,0.00385508208529132,0.0007975243691895446,52.167412244721,original_base
협업,0.0011626807237307554,0.002683553809438,0.0038462345331687553,0.0015208730857072447,130.8074568250464,original_base
정규직,0.0019826425176742313,0.0018634768848651553,0.0038461194025393866,-0.00011916563280907604,-6.010444734579035,original_base
무시,0.0020592308769098885,0.001785867358271723,0.0038450982351816115,-0.0002733635186381654,-13.275030095138174,original_base
구성원,0.0017771313694817633,0.002066334718245777,0.0038434660877275403,0.0002892033487640138,16.273605526886264,original_base
나무,0.0017103328450156564,0.002130547711845364,0.0038408805568610205,0.00042021486682970754,24.569186521461024,original_base
위주,0.0019693441489590934,0.0018679606017911556,0.003837304750750249,-0.00010138354716793772,-5.148086850209726,original_base
눈길,0.002185393692005836,0.0016506287128487103,0.0038360224048545463,-0.0005347649791571259,-24.46996077243632,original_base
천만,0.0020106243640505453,0.0018226289226003253,0.0038332532866508706,-0.00018799544145021996,-9.350102625409841,original_base
조항,0.0017433837043817318,0.0020885738626761747,0.0038319575670579063,0.00034519015829444287,19.800010601616815,original_base
쟁점,0.002161225112759121,0.001670432871356409,0.00383165798411553,-0.0004907922414027122,-22.708982905355185,original_base
숫자,0.0016573471951154537,0.0021742929579251975,0.003831640153040651,0.0005169457628097437,31.19115682780833,original_base
노출,0.0018593259117894946,0.0019699787246032796,0.003829304636392774,0.00011065281281378496,5.951232761946934,original_base
기기,0.0018365184242941284,0.001991763748038184,0.003828282172332312,0.0001552453237440557,8.453240745663889,original_base
혐의로,0.0019481823948132957,0.001878954232899374,0.0038271366277126697,-6.922816191392168e-05,-3.553474361447362,original_base
퇴직,0.002185120466158213,0.0016397947099934718,0.003824915176151685,-0.0005453257561647414,-24.956324587610045,original_base
대변,0.002003337472867827,0.0018191271243271087,0.0038224645971949357,-0.00018421034854071818,-9.19517310665669,original_base
시선,0.0019839305058359674,0.0018321893653708641,0.0038161198712068313,-0.00015174114046510325,-7.648510873679227,original_base
본격화,0.0017247964397536575,0.002090765268882896,0.0038155617086365534,0.0003659688291292385,21.218088157783285,original_base
중학교,0.0023537241096874325,0.0014601016496645569,0.003813825759351989,-0.0008936224600228756,-37.96632138596507,original_base
융합,0.002027236906588761,0.001783723897746883,0.003810960804335644,-0.00024351300884187807,-12.012064700007771,original_base
공정위,0.001509046142665939,0.0023006529717752235,0.0038096991144411624,0.0007916068291092845,52.45743034144744,original_base
농업,0.0019366083997996296,0.001870722122072957,0.0038073305218725866,-6.588627772667263e-05,-3.4021476790810947,original_base
항목,0.0020266472940917092,0.0017789870362429987,0.003805634330334708,-0.0002476602578487105,-12.220195323118887,original_base
특별법,0.0023754335029451254,0.0014285612779519376,0.003803994780897063,-0.0009468722249931878,-39.86102847413874,original_base
응답자,0.0017223515094835905,0.0020793843209788976,0.0038017358304624884,0.0003570328114953071,20.729381286538633,original_base
설득,0.0017665391582645548,0.002034438931019279,0.003800978089283834,0.0002678997727547242,15.165232624557753,original_base
운전자,0.0016889438293120078,0.002110181715882675,0.0037991255451946824,0.000421237886570667,24.940905627528092,original_base
경제적,0.0019420053163940224,0.0018555244833821487,0.003797529799776171,-8.648083301187378e-05,-4.453171795247922,original_base
단장,0.0017895879941563087,0.002006612793528047,0.0037962007876843557,0.0002170247993717384,12.127081768563917,original_base
설정,0.0017880354448935416,0.002008085745789114,0.0037961211906826554,0.0002200503008955722,12.306819840960918,original_base
기획재정부,0.0019026979649693061,0.001891976410242456,0.0037946743752117623,-1.072155472685017e-05,-0.5634922055021553,original_base
매입,0.0013622143857093473,0.002431467042564615,0.0037936814282739624,0.0010692526568552678,78.49371347656667,original_base
활약,0.0021424451312787632,0.001650879378174191,0.0037933245094529545,-0.0004915657531045722,-22.94414666345135,original_base
관여,0.001535067636392973,0.0022556979368408225,0.0037907655732337953,0.0007206303004478494,46.94453087038896,original_base
서로,0.0019132403727083933,0.0018771574540462407,0.003790397826754634,-3.608291866215264e-05,-1.8859584596301124,original_base
자사고,0.0016225260986664433,0.0021649551893042408,0.0037874812879706843,0.0005424290906377975,33.43114733769896,original_base
하고,0.0021120000363675892,0.0016745782716769944,0.0037865783080445834,-0.0004374217646905948,-20.711257441212584,original_base
연락,0.0014625319765348241,0.0023232642995879714,0.0037857962761227958,0.0008607323230531473,58.85220541245736,original_base
합류,0.0017473156788694734,0.00203398815134644,0.0037813038302159136,0.0002866724724769668,16.406449958856093,original_base
정부는,0.0017691061217442047,0.00201064074685879,0.0037797468686029947,0.00024153462511458516,13.652918959799331,original_base
대가,0.002085309896846679,0.0016922609124950187,0.003777570809341698,-0.0003930489843516603,-18.8484687549804,original_base
재정부,0.001861362821229587,0.0019149942771536732,0.00377635709838326,5.363145592408619e-05,2.8813004811527336,original_base
가스,0.0019274633222399844,0.0018475649915675803,0.0037750283138075647,-7.989833067240408e-05,-4.145258161361584,original_base
조합원,0.0022108867793365038,0.0015637530737145243,0.003774639853051028,-0.0006471337056219795,-29.27032318752148,original_base
부정적,0.0018657066432591633,0.0019072289156843692,0.0037729355589435328,4.1522272425205875e-05,2.2255520488832854,original_base
선도,0.0015221010112857695,0.002250040512940779,0.003772141524226548,0.0007279395016550093,47.82465133769897,original_base
동영상,0.0018693341128324598,0.0018983655029471162,0.003767699615779576,2.90313901146564e-05,1.553033773650412,original_base
해체,0.001851346290659498,0.0019162293804122312,0.003767575671071729,6.48830897527332e-05,3.504643625024908,original_base
벌금,0.0016830083625024857,0.0020813193686495513,0.003764327731152037,0.00039831100614706565,23.66660885480166,original_base
주관,0.0017520324563122334,0.002010289195495032,0.003762321651807265,0.0002582567391827984,14.740408389830304,original_base
싸움,0.002067980419447217,0.0016932681437137613,0.0037612485631609784,-0.00037471227573345573,-18.119720680605788,original_base
스위스,0.0021196103163155637,0.00163539464618179,0.0037550049624973537,-0.00048421567013377364,-22.844560927381547,original_base
사설,0.002241643159800071,0.0015096837036110958,0.0037513268634111665,-0.0007319594561889752,-32.65280885536919,original_base
내각,0.0019997949736400584,0.0017500828412605604,0.0037498778149006188,-0.000249712132379498,-12.48688668943737,original_base
협정,0.001855620642781921,0.0018937605687541846,0.003749381211536106,3.813992597226346e-05,2.0553730160645665,original_base
기후,0.0011811606391924992,0.0025677271444167656,0.0037488877836092645,0.0013865665052242664,117.39017193903388,original_base
앞두고,0.0017388938954189085,0.002008748790198563,0.0037476426856174715,0.0002698548947796546,15.51876715943299,original_base
시청,0.0018332722375438682,0.0019124402672401944,0.0037457125047840626,7.916802969632625e-05,4.318400075833355,original_base
세종,0.0015242926301936748,0.002219453303528778,0.0037437459337224532,0.0006951606733351034,45.605460497882035,original_base
국세청,0.002213422331130949,0.001527662167683763,0.003741084498814712,-0.000685760163447186,-30.98189413751855,original_base
신경,0.0019185613463398908,0.0018216414845628791,0.00374020283090277,-9.691986177701173e-05,-5.051694696232115,original_base
해양,0.0020651178340021373,0.0016677267382334702,0.0037328445722356078,-0.00039739109576866706,-19.24302280604177,original_base
뒷받침,0.0017901313309922728,0.0019382149417812083,0.0037283462727734813,0.0001480836107889355,8.272220491602285,original_base
상생,0.0015154930786632566,0.0022115638224838394,0.003727056901147096,0.0006960707438205828,45.93031493318025,original_base
부탁,0.0018083583428389106,0.0019184528984652375,0.003726811241304148,0.00011009455562632688,6.088093992117256,original_base
비즈니스,0.0015201276036398716,0.002205391044526592,0.003725518648166464,0.0006852634408867206,45.07933671133203,original_base
중립,0.001208248985799733,0.0025165429021435843,0.0037247918879433173,0.0013082939163438514,108.28015845408711,original_base
변수,0.0016717192306604206,0.0020521416062845507,0.0037238608369449715,0.00038042237562413016,22.75635577116873,original_base
부대,0.0019003214134582765,0.0018234245487024417,0.003723745962160718,-7.689686475583477e-05,-4.046518878924537,original_base
카페,0.0015027668399850837,0.002220814954215693,0.003723581794200777,0.0007180481142306096,47.78173799987075,original_base
구역,0.0016063802565320024,0.002115886767520269,0.0037222670240522715,0.0005095065109882667,31.717677611914567,original_base
구입,0.0020768055097610282,0.0016436243820692259,0.003720429891830254,-0.0004331811276918024,-20.85804981043445,original_base
특파원,0.0019498713755992643,0.0017682599839868476,0.003718131359586112,-0.00018161139161241668,-9.314019062236918,original_base
규명,0.0020116179627479294,0.0017025827388700825,0.003714200701618012,-0.00030903522387784686,-15.362520597882096,original_base
남북관계,0.001983212267964442,0.0017306317334860341,0.003713844001450476,-0.000252580534478408,-12.735930417456284,original_base
총재,0.0020226944398854204,0.0016896160990280832,0.0037123105389135036,-0.00033307834085733725,-16.467061672261536,original_base
적자,0.0017950470054041948,0.0019162137202123949,0.0037112607256165895,0.00012116671480820007,6.750058045466986,original_base
코스닥,0.0009558352982347692,0.002751690131095253,0.003707525429330022,0.0017958548328604836,187.88329288289074,original_base
마감,0.0017410436068775882,0.0019625687149044634,0.0037036123217820517,0.00022152510802687518,12.723696704194639,original_base
경계,0.0017501067915681298,0.001949613914664865,0.003699720706232995,0.0001995071230967351,11.399711380925092,original_base
많은,0.0019389471711321938,0.0017600294574342953,0.0036989766285664893,-0.00017891771369789853,-9.227570320723311,original_base
런던,0.0022498014648905415,0.0014480814786412527,0.003697882943531794,-0.0008017199862492888,-35.635143756486734,original_base
포스코,0.0021012698538029092,0.0015963722352225988,0.003697642089025508,-0.0005048976185803105,-24.02821406620094,original_base
스스로,0.00200510600019707,0.0016913605469337683,0.0036964665471308387,-0.00031374545326330193,-15.647325040794138,original_base
상처,0.0020565152989044555,0.0016389068759713723,0.0036954221748758277,-0.00041760842293308317,-20.306604242407097,original_base
정지,0.0017463529852463397,0.0019443477339342885,0.003690700719180628,0.00019799474868794882,11.337613321056041,original_base
합동,0.0017930146833304405,0.0018969058600290408,0.0036899205433594813,0.00010389117669860025,5.794217842412047,original_base
자회사,0.001513442407481126,0.0021756111888822467,0.0036890535963633726,0.0006621687814011208,43.75249286843964,original_base
형식,0.001910794122100925,0.0017764497766598422,0.003687243898760767,-0.00013434434544108286,-7.030812157479883,original_base
정국,0.0023371321426844003,0.001347061094231506,0.0036841932369159063,-0.0009900710484528944,-42.362647381834016,original_base
귀국,0.0019588158382470382,0.0017253290955043525,0.0036841449337513908,-0.0002334867427426857,-11.919790425609131,original_base
주주,0.0014937785564789802,0.002189781985717086,0.0036835605421960665,0.0006960034292381059,46.5934810899061,original_base
전세,0.001646674798993638,0.0020367122081546285,0.0036833870071482666,0.00039003740916099044,23.686365358804363,original_base
해법,0.001813418430255126,0.001868132023995463,0.003681550454250589,5.4713593740336915e-05,3.017152182171181,original_base
금감원,0.0016650728665329917,0.0020147256447544198,0.0036797985112874115,0.00034965277822142805,20.999247855709385,original_base
파업,0.002182064176655684,0.001497107504247906,0.0036791716809035898,-0.0006849566724077781,-31.39030830236942,original_base
단어,0.001820960235885632,0.0018556407644625492,0.0036766010003481814,3.46805285769173e-05,1.9045187200395004,original_base
자동,0.0016621063645395541,0.0020113634949905745,0.003673469859530129,0.0003492571304510204,21.01292299351573,original_base
관행,0.001940818040126565,0.0017319220162009164,0.0036727400563274816,-0.00020889602392564865,-10.763297723264468,original_base
과도,0.0017520161902034618,0.0019204304310153116,0.0036724466212187737,0.00016841424081184982,9.612596148000884,original_base
소환,0.0018890600239385056,0.0017833585716650452,0.003672418595603551,-0.00010570145227346037,-5.595452284945566,original_base
예전,0.0019197196304915796,0.0017523410420921463,0.003672060672583726,-0.00016737858839943327,-8.718907997860756,original_base
전문성,0.001797105105097744,0.0018747247670775457,0.00367182987217529,7.761966197980161e-05,4.319149823770597,original_base
여름,0.0018914681416243272,0.001779995255895681,0.003671463397520008,-0.00011147288572864607,-5.893458275903978,original_base
비정규직,0.0021222868252533515,0.0015449870090243176,0.003667273834277669,-0.0005772998162290339,-27.201781086310884,original_base
결합,0.0017685324022140932,0.0018970655044846726,0.003665597906698766,0.0001285331022705795,7.2677832823229025,original_base
성공적,0.001740311332792003,0.00192136952741482,0.003661680860206823,0.000181058194622817,10.40378185277591,original_base
인용,0.0016874413080706135,0.0019733158967113907,0.0036607572047820044,0.00028587458864077716,16.941305589326863,original_base
무리,0.0018331907772134758,0.0018246979617412434,0.0036578887389547192,-8.49281547223241e-06,-0.46328050401507226,original_base
면적,0.001506233520317658,0.0021500515481673184,0.0036562850684849764,0.0006438180278496605,42.74357323517021,original_base
왜곡,0.0019718334425367777,0.0016840081874477451,0.003655841629984523,-0.0002878252550890326,-14.596834036790824,original_base
방해,0.0015083243640014133,0.00214734371716345,0.0036556680811648634,0.0006390193531620367,42.36617589778838,original_base
발휘,0.0019984751004820185,0.0016549007234598835,0.003653375823941902,-0.000343574377022135,-17.191826755272917,original_base
공직,0.0019925607120269175,0.00166012556277468,0.0036526862748015978,-0.00033243514925223737,-16.68381531592431,original_base
한마디,0.0020185390181050545,0.001634037596300105,0.00365257661440516,-0.00038450142180494946,-19.04850083928069,original_base
동력,0.001787838703498632,0.0018646230095233217,0.003652461713021954,7.678430602468963e-05,4.294811711729361,original_base
연출,0.0019023649235033163,0.0017493309592780568,0.003651695882781373,-0.00015303396422525943,-8.044406324704434,original_base
이래,0.0019038934915632838,0.0017474556371366251,0.003651349128699909,-0.0001564378544266587,-8.216733505308001,original_base
질병,0.001557287834425152,0.002092823437215166,0.003650111271640318,0.000535535602790014,34.38899289852209,original_base
경찰관,0.0018900179468804073,0.0017593741740301518,0.003649392120910559,-0.00013064377285025553,-6.912303296690449,original_base
그중,0.0017437596603540957,0.0018979197374416584,0.003641679397795754,0.00015416007708756265,8.84067228945176,original_base
사유,0.0015958267609666374,0.0020393265095351837,0.003635153270501821,0.0004434997485685463,27.79122141678499,original_base
여성들,0.0018362020306962774,0.0017977992799833738,0.0036340013106796513,-3.8402750712903614e-05,-2.091422951881907,original_base
토지,0.001342388756110049,0.0022894480428805185,0.0036318367989905675,0.0009470592867704694,70.55029941660429,original_base
상임,0.0017699898940290297,0.0018614967855839924,0.003631486679613022,9.150689155496276e-05,5.169910396870433,original_base
진료,0.0017840357470371203,0.0018474451902301678,0.0036314809372672884,6.340944319304753e-05,3.554269767203727,original_base
기금,0.0018686824677230352,0.0017611981967607102,0.003629880664483745,-0.00010748427096232498,-5.751874532931919,original_base
지출,0.0018279157879399115,0.001801393636371921,0.0036293094243118325,-2.652215156799054e-05,-1.450950407178298,original_base
선거법,0.0013761967674618652,0.0022517811499745423,0.0036279779174364073,0.0008755843825126771,63.62348780454753,original_base
결제,0.0014388755894736358,0.002186583918673857,0.0036254595081474925,0.000747708329200221,51.96476572889426,original_base
협의회,0.0018588087877169212,0.0017647056378355095,0.0036235144255524305,-9.410314988141165e-05,-5.062551377164172,original_base
받은,0.001954673542794044,0.0016679354786717066,0.0036226090214657508,-0.00028673806412233757,-14.669358225029702,original_base
남녀,0.0018046736898383684,0.00181721135410656,0.0036218850439449285,1.2537664268191633e-05,0.6947330333892405,original_base
정착,0.0016698666274796786,0.0019484400531361715,0.00361830668061585,0.00027857342565649297,16.682375770150127,original_base
합격,0.0018897163073937238,0.0017248551107554347,0.0036145714181491585,-0.00016486119663828907,-8.72412414462697,original_base
평생,0.0019380179209933627,0.0016761699997355766,0.0036141879207289393,-0.00026184792125778615,-13.51111970747782,original_base
명분,0.0016884159371442912,0.00192558891385483,0.003614004850999121,0.00023717297671053874,14.047070481440857,original_base
투명,0.0017196360844623302,0.0018928277399445238,0.003612463824406854,0.00017319165548219354,10.071413193003826,original_base
진상,0.0019126290940047529,0.0016937242318581858,0.0036063533258629387,-0.00021890486214656705,-11.44523330909987,original_base
초등학교,0.0019525613717303635,0.0016524282700020048,0.003604989641732368,-0.00030013310172835876,-15.371250608239794,original_base
고위급,0.001763529345845354,0.001841346678416792,0.003604876024262146,7.781733257143783e-05,4.412590737702514,original_base
강도,0.0018447992079826331,0.001756389861744032,0.003601189069726665,-8.840934623860117e-05,-4.792356038318153,original_base
강의,0.0018896787603047203,0.0017105416875935993,0.0036002204478983195,-0.00017913707271112098,-9.47976325257708,original_base
통상,0.0014735872045619923,0.0021247516081582163,0.0035983388127202084,0.000651164403596224,44.18906472452545,original_base
있다고,0.0017512464487886353,0.0018419583372325697,0.0035932047860212047,9.071188844393435e-05,5.17984710299805,original_base
제거,0.0018559703352222562,0.001736944346761854,0.0035929146819841102,-0.0001190259884604021,-6.413140673724642,original_base
패배,0.0020203967834569662,0.00157223493278172,0.003592631716238686,-0.00044816185067524626,-22.18187310259059,original_base
특허,0.001932424003297955,0.0016552404184041521,0.0035876644217021072,-0.00027718358489380295,-14.343828498339386,original_base
했습니다,0.0018441877082618157,0.0017423701330994156,0.0035865578413612313,-0.00010181757516240005,-5.5209984702894035,original_base
후반,0.002030269657458789,0.0015558814539895407,0.00358615111144833,-0.00047438820346924846,-23.365773197981103,original_base
운전,0.001726121151779514,0.0018574849006058214,0.0035836060523853352,0.0001313637488263074,7.61034349708769,original_base
것을,0.0018484548993032708,0.0017350027967634562,0.003583457696066727,-0.00011345210253981453,-6.137672203015474,original_base
강행,0.0016629028004061382,0.0019143753098488368,0.003577278110254975,0.0002514725094426985,15.122502011619696,original_base
근본적,0.001928405073578706,0.0016482994200564575,0.0035767044936351636,-0.0002801056535222486,-14.52524977039355,original_base
추석,0.0016109386445359967,0.001965543374154487,0.003576482018690484,0.0003546047296184903,22.012305113000014,original_base
대상으로,0.001741477566060595,0.001834408614936493,0.0035758861809970883,9.2931048875898e-05,5.336333392230701,original_base
대국민,0.0020411151346446106,0.0015309969095234968,0.0035721120441681072,-0.0005101182251211138,-24.992133783277893,original_base
발행,0.0016557961919284774,0.0019143687752982764,0.003570164967226754,0.00025857258336979896,15.616208361286537,original_base
관점,0.0017506483967806232,0.0018168903905588325,0.0035675387873394557,6.624199377820933e-05,3.783854822020566,original_base
협회,0.001838913856029178,0.001727611114952173,0.003566524970981351,-0.00011130274107700507,-6.052634859000107,original_base
복원,0.0017010664099344455,0.0018640919598074393,0.003565158369741885,0.00016302554987299373,9.583726356649198,original_base
만족도,0.0018442898596544442,0.0017198474304880931,0.0035641372901425374,-0.0001244424291663511,-6.747444199995075,original_base
경향신문,0.002110834171618086,0.0014522278581830211,0.003563062029801107,-0.0006586063134350647,-31.20123419880975,original_base
물가,0.001358080329357121,0.0022011848322152226,0.003559265161572344,0.0008431045028581016,62.08060632593102,original_base
실행,0.0016297351228402152,0.0019254659466971522,0.003555201069537367,0.000295730823856937,18.145944068601352,original_base
쇄신,0.001639298267148368,0.001909101451730269,0.003548399718878637,0.00026980318458190086,16.45845603504696,original_base
붕괴,0.0018994816155777034,0.0016475585360772149,0.0035470401516549182,-0.0002519230795004885,-13.262727969276462,original_base
취약,0.0014826373641751943,0.002063179561540151,0.003545816925715345,0.0005805421973649565,39.156047958356815,original_base
참가자,0.0019519274464865803,0.0015914401466202246,0.003543367593106805,-0.00036048729986635575,-18.46827352703215,original_base
가족들,0.00202732183729094,0.0015151819900500194,0.0035425038273409594,-0.0005121398472409206,-25.261891714503527,original_base
분쟁,0.0017920963922216245,0.0017478903077620457,0.00353998669998367,-4.420608445957885e-05,-2.4667247058500847,original_base
의약품,0.001322000377106082,0.002213019298461693,0.003535019675567775,0.0008910189213556109,67.39929403848515,original_base
유전자,0.0016378530265967583,0.0018966134056358883,0.0035344664322326464,0.00025876037903912997,15.79875451809005,original_base
모색,0.0017509797470611648,0.0017806152680930674,0.0035315950151542323,2.9635521031902597e-05,1.6925107832710629,original_base
장애,0.0016757633354205653,0.0018503163669738164,0.003526079702394382,0.00017455303155325115,10.416329553447575,original_base
감축,0.001615280243274532,0.0019090269597968105,0.0035243072030713427,0.00029374671652227847,18.18549553523843,original_base
공원,0.0016998744508322004,0.0018226685979609168,0.0035225430487931175,0.0001227941471287164,7.223718614548302,original_base
고급,0.001908513183501654,0.0016093588792216286,0.0035178720627232823,-0.00029915430428002526,-15.67473082534072,original_base
유예,0.0012872806711525836,0.0022296792686904284,0.003516959939843012,0.0009423985975378448,73.20847882335217,original_base
고문,0.0018929599019882374,0.0016208464584395379,0.0035138063604277753,-0.00027211344354869955,-14.375024175783647,original_base
한화,0.0020969081062233094,0.0014162753432446816,0.003513183449467991,-0.0006806327629786278,-32.45887413752713,original_base
지위,0.0016455770669200104,0.0018646930480218963,0.003510270114941907,0.0002191159811018859,13.315449364641449,original_base
주행,0.0012580823456002136,0.002249791697142455,0.0035078740427426686,0.0009917093515422414,78.82706207669663,original_base
가해자,0.001116196128314562,0.002387312432908661,0.003503508561223223,0.0012711163045940992,113.87929704732665,original_base
공무원들,0.002123768209119546,0.0013728896939879998,0.003496657903107546,-0.0007508785151315463,-35.3559541906336,original_base
오랫동안,0.001824397560936395,0.0016696832783849793,0.0034940808393213742,-0.00015471428255141566,-8.480294309975212,original_base
광화문,0.001500184916500662,0.001988171735135295,0.0034883566516359567,0.0004879868186346331,32.52844454488406,original_base
시인,0.0020859197535021174,0.0014016143039470052,0.0034875340574491223,-0.0006843054495551122,-32.80593361303617,original_base
민족,0.0018725907220745264,0.001612799336663787,0.0034853900587383134,-0.00025979138541073945,-13.873367113713602,original_base
일본군,0.0024000663580955946,0.0010840387396341777,0.0034841050977297726,-0.0013160276184614168,-54.832968014503514,original_base
경향,0.0018062278621857337,0.0016719952746005848,0.0034782231367863183,-0.0001342325875851489,-7.431653026474343,original_base
다음,0.0015087228244118679,0.0019634430762140625,0.0034721659006259303,0.0004547202518021946,30.139416229714307,original_base
애초,0.001900093744153182,0.0015697460922681524,0.0034698398364213347,-0.0003303476518850296,-17.385860718796074,original_base
정상화,0.001993635039813147,0.0014759884057499928,0.0034696234455631396,-0.0005176466340631541,-25.96496468639869,original_base
내년도,0.00141493900154448,0.0020536392831075577,0.003468578284652038,0.0006387002815630776,45.139774991423856,original_base
수집,0.00167580585956638,0.001792199345382345,0.0034680052049487252,0.00011639348581596516,6.945523262824868,original_base
트위터,0.0016596347207429888,0.001806212939136521,0.0034658476598795097,0.00014657821839353206,8.831956608374139,original_base
있다는,0.00168157979815338,0.0017832592955079783,0.003464839093661358,0.00010167949735459818,6.046665015020822,original_base
라인,0.0014910308374863873,0.0019736323311992077,0.0034646631686855948,0.00048260149371282045,32.36696931945423,original_base
철학,0.001905524621958559,0.0015586934137639624,0.003464218035722521,-0.00034683120819459646,-18.201350126775708,original_base
구분,0.0016942943128797992,0.0017690440073192593,0.0034633383201990585,7.474969443946019e-05,4.411848276372233,original_base
성인,0.0016214925560095734,0.00184120888465264,0.0034627014406622136,0.00021971632864306655,13.550252070461513,original_base
영화제,0.0018775729263742996,0.0015826540272837533,0.003460226953658053,-0.0002949188990905463,-15.707453753077463,original_base
동기,0.0014776365307475235,0.001981044190283037,0.0034586807210305603,0.0005034076595355136,34.06843625345701,original_base
논쟁,0.0018009228842689484,0.0016545612002641932,0.0034554840845331418,-0.0001463616840047552,-8.127037825063123,original_base
모양,0.0019301157735125234,0.001524181542619795,0.0034542973161323185,-0.0004059342308927285,-21.031600096920023,original_base
소유,0.0016008315798243492,0.0018523330248307586,0.003453164604655108,0.00025150144500640944,15.71067488773587,original_base
국토,0.0014569365000241749,0.001996049448987411,0.003452985949011586,0.0005391129489632359,37.00318778164254,original_base
분열,0.0020745449476508296,0.001376552355242146,0.0034510973028929757,-0.0006979925924086835,-33.64557577791098,original_base
부서,0.0015623808459278086,0.0018838390209924697,0.003446219866920278,0.00032145817506466106,20.57489221674152,original_base
별세,0.0017037145229999444,0.0017422256897881346,0.003445940212788079,3.851116678819022e-05,2.260423695888837,original_base
민주화,0.002038376784611155,0.0014047565360108122,0.003443133320621967,-0.0006336202486003427,-31.084549892046255,original_base
최악,0.0016378321256452226,0.001802949543997331,0.0034407816696425536,0.00016511741835210838,10.081461693582334,original_base
고향,0.0018538868725899084,0.001586864874549504,0.0034407517471394125,-0.00026702199804040454,-14.403359880712177,original_base
휴가,0.0014275621298332224,0.00201301592979827,0.003440578059631492,0.0005854537999650476,41.01074045957246,original_base
공방,0.001621581290419382,0.0018185347400215652,0.0034401160304409475,0.0001969534496021831,12.145764801667509,original_base
의료진,0.0011670600867885602,0.0022718754018689435,0.003438935488657504,0.0011048153150803833,94.66653239085076,original_base
수원,0.0019345702215613797,0.0015000360892593035,0.003434606310820683,-0.0004345341323020763,-22.461533184945154,original_base
해고,0.0022540209556305996,0.0011788337382263126,0.003432854693856912,-0.001075187217404287,-47.70085276795866,original_base
시범,0.001527924430674407,0.0019023044191260874,0.0034302288498004943,0.0003743799884516805,24.502519950311537,original_base
보건복지부,0.0018069332555612002,0.001622418915915967,0.003429352171477167,-0.00018451433964523315,-10.21146404148317,original_base
자문,0.001521474706368772,0.001906610609320563,0.003428085315689335,0.000385135902951791,25.313329320536372,original_base
창업자,0.0015012000713231616,0.0019226020307707473,0.003423802102093909,0.0004214019594475857,28.07100582377144,original_base
언어,0.0017950855042424768,0.0016264832795933545,0.003421568783835831,-0.00016860222464912234,-9.392434190496804,original_base
강남구,0.0017104170707854798,0.0017089102043689193,0.003419327275154399,-1.5068664165605351e-06,-0.08809935554890905,original_base
평론가,0.0018698757332980761,0.0015465815564523063,0.0034164572897503825,-0.0003232941768457698,-17.289607597374687,original_base
의뢰,0.0013044138887116647,0.0021093492504912124,0.003413763139202877,0.0008049353617795476,61.70858565256163,original_base
첫날,0.0015406239688609514,0.0018704144781779384,0.0034110384470388898,0.00032979050931698697,21.406294850833397,original_base
당선자,0.0018962063721277987,0.0015125663601203287,0.0034087727322481276,-0.0003836400120074701,-20.231975677677656,original_base
전시회,0.0016650141138043065,0.0017368729411161036,0.0034018870549204104,7.185882731179714e-05,4.315808900118602,original_base
동네,0.0017859866938414672,0.0016154656019324856,0.0034014522957739528,-0.0001705210919089816,-9.547724655339335,original_base
실수,0.0017980109693081332,0.0016026637889343827,0.003400674758242516,-0.00019534718037375045,-10.864626729664458,original_base
임대료,0.0011427994361746265,0.002257378061916249,0.0034001774980908757,0.0011145786257416225,97.53055439653791,original_base
라는,0.0017720825993417203,0.0016246277660169266,0.003396710365358647,-0.0001474548333247937,-8.320990984255989,original_base
후속,0.0014581208067819694,0.0019373425663881325,0.003395463373170102,0.00047922175960616307,32.865710260577906,original_base
면담,0.0013999609187223998,0.001994051497957616,0.0033940124166800156,0.000594090579235216,42.43622598960701,original_base
사이버,0.0019561754384714867,0.001436618355089791,0.0033927937935612777,-0.0005195570833816956,-26.559840859042083,original_base
노후,0.0018555505109735342,0.001536103241201255,0.003391653752174789,-0.0003194472697722792,-17.21576792887615,original_base
스웨덴,0.0014754371568885297,0.0019131872097935638,0.0033886243666820933,0.0004377500529050341,29.669176410615933,original_base
개인적,0.001637957839382147,0.0017465742757665273,0.0033845321151486744,0.00010861643638438042,6.631210753590065,original_base
한국은행,0.0016934057682338067,0.0016884523207216697,0.0033818580889554764,-4.9534475121369714e-06,-0.2925139151559247,original_base
가계,0.0018702567130547904,0.0015109659550228034,0.003381222668077594,-0.00035929075803198696,-19.210772271210732,original_base
대목,0.001787447717978348,0.0015928061761968698,0.003380253894175218,-0.00019464154178147814,-10.889355801781047,original_base
엔진,0.00169056332346033,0.001685070453092876,0.003375633776553206,-5.492870367454061e-06,-0.32491361259458634,original_base
구도,0.0017871915341350342,0.001587145479877421,0.003374337014012455,-0.0002000460542576131,-11.193319263031954,original_base
우주,0.001433079829352821,0.0019374918706432482,0.003370571699996069,0.0005044120412904271,35.19776295492343,original_base
안전성,0.0013801784645894664,0.0019902771299368897,0.003370455594526356,0.0006100986653474233,44.20433161365816,original_base
파괴,0.0017701752632495746,0.0015984977657480211,0.003368673028997596,-0.00017167749750155348,-9.69833332697232,original_base
정식,0.0016424968154949118,0.0017246183366250707,0.003367115152119983,8.212152113015888e-05,4.999797890348681,original_base
동아일보,0.0019466407293529458,0.0014144242175172458,0.0033610649468701916,-0.0005322165118357,-27.340253587142723,original_base
먼저,0.0017114996667198172,0.0016483254145678787,0.0033598250812876956,-6.317425215193848e-05,-3.691163567271701,original_base
검사장,0.0011302712618190965,0.002228778699159341,0.0033590499609784377,0.0010985074373402444,97.18971670325136,original_base
나중,0.0016590305333199558,0.0016992911648517216,0.0033583216981716776,4.026063153176576e-05,2.4267565137091553,original_base
항의,0.00164152527221822,0.001714496137734984,0.003356021409953204,7.297086551676405e-05,4.44530868648506,original_base
전두환,0.0017100798490006803,0.0016428934955657695,0.0033529733445664496,-6.718635343491079e-05,-3.9288430580696274,original_base
매출액,0.0015242248228915427,0.001824089691036549,0.0033483145139280917,0.00029986486814500635,19.67327021850657,original_base
노사,0.0016996267406962225,0.001648638723368468,0.0033482654640646908,-5.098801732775454e-05,-2.9999538196762066,original_base
초점,0.0017704099190074454,0.0015759883293237189,0.0033463982483311642,-0.0001944215896837265,-10.981727316164504,original_base
분양가,0.0011955246994421339,0.002148554001122629,0.0033440787005647628,0.000953029301680495,79.7164041968523,original_base
휴대전화,0.0017995098021842354,0.0015439211160343475,0.003343430918218583,-0.00025558868614988794,-14.203239451080274,original_base
계산,0.0015928065490053247,0.0017468816887037922,0.0033396882377091167,0.00015407513969846747,9.673185974447698,original_base
학생부,0.001962779609889807,0.0013766168067188811,0.003339396416608688,-0.0005861628031709259,-29.86391341225691,original_base
신분,0.001743544013434368,0.0015957192158966291,0.003339263229330997,-0.00014782479753773893,-8.478409285840693,original_base
생존,0.001686667693189965,0.0016518206500709385,0.0033384883432609038,-3.484704311902654e-05,-2.0660289670409786,original_base
중국인,0.0020322577299207363,0.00130593866060942,0.0033381963905301563,-0.0007263190693113162,-35.73951564399486,original_base
앨범,0.0018551764524191705,0.0014822563386385672,0.003337432791057738,-0.0003729201137806033,-20.101598060621747,original_base
동일,0.0014023006493176695,0.001934052510179375,0.0033363531594970443,0.0005317518608617055,37.919961109655404,original_base
노동부,0.001632071301955433,0.0017040041012611037,0.0033360754032165365,7.193279930567073e-05,4.407454454930119,original_base
복지부,0.0019386671164294401,0.0013944359182934444,0.0033331030347228847,-0.0005442311981359957,-28.07244180931583,original_base
현지시각,0.0013269579411216337,0.0020059045519970477,0.003332862493118681,0.000678946610875414,51.165646614354856,original_base
크기,0.0016928763839465018,0.001638560259540098,0.0033314366434866,-5.43161244064038e-05,-3.2085109652117567,original_base
지점,0.0016943991601343403,0.0016368519461649566,0.003331251106299297,-5.7547213969383684e-05,-3.3963197883561898,original_base
중도,0.001350113105162956,0.0019809012194479023,0.0033310143246108584,0.0006307881142849463,46.72113113136631,original_base
공조,0.0014850852024886365,0.0018435320978021734,0.00332861730029081,0.00035844689531353696,24.136453229273876,original_base
주인,0.0017682581212582732,0.001558318927387259,0.003326577048645532,-0.0002099391938710142,-11.872655431189184,original_base
서울시장,0.0011427548567254859,0.0021834036861745434,0.0033261585429000293,0.0010406488294490575,91.06492292065083,original_base
신형,0.0014427648904910373,0.0018826875628017077,0.003325452453292745,0.0004399226723106704,30.491639712756324,original_base
이벤트,0.0015566764275908,0.0017658619517260167,0.0033225383793168166,0.00020918552413521675,13.43795797428269,original_base
선호,0.0015940650468771545,0.0017282961363776711,0.0033223611832548256,0.00013423108950051665,8.42067830064284,original_base
동참,0.0015716347785462124,0.001747918680146805,0.0033195534586930174,0.00017628390160059253,11.216594593538964,original_base
목숨,0.0018866069307024967,0.0014319786455495496,0.0033185855762520463,-0.00045462828515294715,-24.097668558000144,original_base
시민단체,0.0015802156846624657,0.0017355354731100748,0.0033157511577725403,0.00015531978844760918,9.829024604371366,original_base
대한항공,0.0016512124497494458,0.0016633487425975581,0.003314561192347004,1.2136292848112344e-05,0.7349928139140363,original_base
해임,0.001864881769875694,0.0014490950689220975,0.0033139768387977914,-0.0004157867009535966,-22.295606492057207,original_base
연휴,0.001357505164935671,0.001955055021142304,0.003312560186077975,0.0005975498562066329,44.01823813576057,original_base
일종,0.0016025810944519632,0.0017093424760472355,0.0033119235704991987,0.00010676138159527223,6.661839576472825,original_base
성남,0.0016574600258481237,0.0016536048599836122,0.003311064885831736,-3.855165864511453e-06,-0.23259480194937196,original_base
자신의,0.0015899787532488259,0.001720646201592021,0.003310624954840847,0.00013066744834319514,8.218188329636513,original_base
초대,0.0016154814702716352,0.001693675166714622,0.0033091566369862573,7.819369644298689e-05,4.840271948760823,original_base
공산당,0.0016789072653250552,0.0016254386240257077,0.003304345889350763,-5.3468641299347485e-05,-3.1847286865481133,original_base
유럽연합,0.0016653051551121728,0.0016385553450589268,0.0033038605001710995,-2.674981005324601e-05,-1.6063008014554652,original_base
씨는,0.001661258640847783,0.0016339450621355913,0.0032952037029833742,-2.7313578712191613e-05,-1.6441496850997743,original_base
측근,0.0017501604129827354,0.001540653668246598,0.0032908140812293336,-0.0002095067447361375,-11.970716694424752,original_base
서민,0.0019154911399822982,0.0013740161344787292,0.0032895072744610274,-0.000541475005503569,-28.26820726033601,original_base
인천시,0.0016011569659830228,0.0016882656715219457,0.0032894226375049683,8.710870553892288e-05,5.440360151413568,original_base
대행,0.0015267226943763905,0.001760864673342042,0.0032875873677184328,0.0002341419789656516,15.336248018589249,original_base
금융위,0.0013261940053414512,0.001959556304351948,0.003285750309693399,0.0006333622990104969,47.75789186646391,original_base
개성,0.0020218484688716365,0.0012629804492972788,0.003284828918168915,-0.0007588680195743578,-37.53337756305103,original_base
실태,0.0015937565037862198,0.001690810159699856,0.003284566663486076,9.705365591363628e-05,6.089616304816327,original_base
소프트웨어,0.0015514636482601269,0.0017330144842523992,0.003284478132512526,0.0001815508359922723,11.701907176224893,original_base
조율,0.0013362399269510794,0.0019476644651603323,0.0032839043921114117,0.0006114245382092529,45.7570924111174,original_base
받고,0.0018631252322359165,0.0014194601704608145,0.003282585402696731,-0.00044366506177510195,-23.812949022361977,original_base
합병,0.001864452842579382,0.001415779913440315,0.003280232756019697,-0.0004486729291390671,-24.064589829922937,original_base
신중,0.0013956398762693125,0.0018830089487274725,0.0032786488249967848,0.00048736907245816,34.92083314221052,original_base
실업,0.0018149070057223273,0.0014637399121360329,0.00327864691785836,-0.0003511670935862944,-19.34904061084557,original_base
일부,0.00151221136568191,0.0017658086809709413,0.0032780200466528513,0.00025359731528903137,16.769964903330514,original_base
탑재,0.0011965569165175052,0.0020783788245229595,0.0032749357410404648,0.0008818219080054543,73.69661199000336,original_base
후보들,0.0013154286340832616,0.001959228047658183,0.0032746566817414445,0.0006437994135749213,48.94217724123004,original_base
북한이,0.0015014498909735375,0.0017725455448132522,0.0032739954357867895,0.00027109565383971464,18.055591163547703,original_base
백화점,0.0016309983263044755,0.0016428716698895006,0.003273869996193976,1.187334358502515e-05,0.7279801207354905,original_base
무죄,0.001516083884333568,0.0017575344275244597,0.003273618311858028,0.0002414505431908916,15.925935608571365,original_base
초과,0.0013212661996948763,0.0019523389389405827,0.0032736051386354588,0.0006310727392457064,47.76272483103267,original_base
면제,0.001176943109088641,0.002096101871573109,0.0032730449806617503,0.0009191587624844681,78.09712766798161,original_base
판매량,0.0014252447127520228,0.001844812502320363,0.003270057215072386,0.0004195677895683402,29.438298266561645,original_base
대구시,0.0013426117154127395,0.00192333123805647,0.00326594295346921,0.0005807195226437305,43.25297597043598,original_base
요건,0.0014473084117536247,0.0018181705450338623,0.003265478956787487,0.00037086213328023756,25.624264342586393,original_base
과목,0.0017554951049418325,0.0015098703006197083,0.003265365405561541,-0.00024562480432212415,-13.991768113204897,original_base
청산,0.001388610654379726,0.00187558304029403,0.003264193694673756,0.000486972385914304,35.06903712558854,original_base
주한,0.0015188945394089015,0.0017447387082748609,0.0032636332476837625,0.0002258441688659594,14.868982869202343,original_base
것이,0.0017437530085012791,0.001517684968793575,0.0032614379772948543,-0.0002260680397077042,-12.96445302778317,original_base
이념,0.0017617581692419581,0.0014994756547983387,0.0032612338240402966,-0.0002622825144436194,-14.887543535925435,original_base
신호,0.001336549850121765,0.001919046534059895,0.00325559638418166,0.0005824966839381301,43.582114343513815,original_base
공포,0.0016107880264026896,0.001643121520643222,0.0032539095470459117,3.2333494240532456e-05,2.0073090754679614,original_base
추적,0.001696299581270311,0.001553741389033545,0.003250040970303856,-0.0001425581922367661,-8.404069293586,original_base
입지,0.0015090707276742528,0.0017389425207894869,0.0032480132484637397,0.00022987179311523406,15.232671928472662,original_base
방어,0.0017170557103348924,0.0015237591805001723,0.0032408148908350644,-0.00019329652983472007,-11.257440784901485,original_base
화성,0.0010166349579091346,0.002220895023255969,0.0032375299811651034,0.0012042600653468342,118.45550420807676,original_base
없이,0.0016289904909312547,0.001607443418892305,0.0032364339098235597,-2.154707203894969e-05,-1.3227254645686575,original_base
북한의,0.0016855513776766464,0.001548598133917517,0.0032341495115941633,-0.0001369532437591294,-8.125130184278625,original_base
방한,0.0016510180100279465,0.001580477214919017,0.003231495224946964,-7.054079510892945e-05,-4.2725636353134275,original_base
인선,0.0015497554868302778,0.0016770550350854124,0.0032268105219156904,0.00012729954825513464,8.21416986982256,original_base
경영자,0.0016970223119235953,0.0015272964722908124,0.0032243187842144077,-0.00016972583963278292,-10.001391168534292,original_base
장학금,0.0016608275651431859,0.0015619811352256957,0.0032228087003688816,-9.884642991749015e-05,-5.951637123084976,original_base
재생,0.0011734955406582967,0.00204689101996892,0.003220386560627217,0.0008733954793106234,74.42682558645892,original_base
대검찰청,0.0010201111017535745,0.0021979215595222096,0.003218032661275784,0.0011778104577686351,115.45903732877476,original_base
종로구,0.0013975560890043092,0.001820001980142166,0.003217558069146475,0.0004224458911378567,30.22747311979649,original_base
무산,0.0016586269137390502,0.0015587365530070742,0.0032173634667461244,-9.989036073197602e-05,-6.022473161658322,original_base
가짜,0.0013498253493628139,0.0018657884531008866,0.0032156138024637005,0.0005159631037380727,38.22443429304639,original_base
의원이,0.0015225134436391754,0.0016920523830036905,0.003214565826642866,0.0001695389393645151,11.135464193949975,original_base
당국자,0.0015555473745866755,0.0016558223796093127,0.003211369754195988,0.00010027500502263718,6.446284225144944,original_base
남북정상회담,0.0008937901503603187,0.002317450071812361,0.0032112402221726797,0.0014236599214520426,159.28346501447956,original_base
디자,0.0015661993355184324,0.0016447739557910544,0.0032109732913094867,7.857462027262199e-05,5.016897816944403,original_base
창당,0.0021341660742719326,0.0010753086027350746,0.0032094746770070072,-0.001058857471536858,-49.61457706135103,original_base
회계,0.001315529759279742,0.0018934874584387907,0.0032090172177185326,0.0005779576991590488,43.93345685129032,original_base
억원,0.0012849468957760683,0.0019240521158247047,0.003208999011600773,0.0006391052200486365,49.7378702691551,original_base
학과,0.0017211581153047137,0.0014862388712710796,0.0032073969865757932,-0.0002349192440336341,-13.648905463403288,original_base
연관,0.0010640829175949198,0.0021399465161332314,0.003204029433728151,0.0010758635985383116,101.10712057759737,original_base
회원국,0.0016943022448074037,0.0015094590993866635,0.003203761344194067,-0.0001848431454207402,-10.909691348591222,original_base
박영선,0.001499973724698673,0.0017029785881790235,0.003202952312877696,0.0002030048634803505,13.533894636796507,original_base
인도네시아,0.0016428139509630415,0.0015599081705880832,0.003202722121551125,-8.290578037495832e-05,-5.046571483420733,original_base
성범죄,0.0008954293738020532,0.0023068490027851915,0.0032022783765872447,0.0014114196289831383,157.62489709156577,original_base
양측,0.0013758890489122683,0.001824582774584724,0.0032004718234969923,0.00044869372567245573,32.61118518438518,original_base
단축,0.0012107235716898254,0.0019892576767860026,0.0031999812484758278,0.0007785341050961772,64.30320870102209,original_base
작동,0.0015312818042682017,0.0016665072359924986,0.0031977890402607005,0.00013522543172429682,8.830865184146882,original_base
강연,0.0018445177770452417,0.0013464136809510769,0.0031909314579963185,-0.0004981040960941648,-27.00457009918791,original_base
지지자,0.0012730069991379643,0.00191749388645774,0.003190500885595704,0.0006444868873197757,50.62712834699256,original_base
인사들,0.0016279445340782273,0.0015597014366819798,0.003187645970760207,-6.824309739624748e-05,-4.191979270036248,original_base
제약,0.0012109173412043943,0.0019752934571031946,0.003186210798307589,0.0007643761158988003,63.123723634062564,original_base
운행,0.001513420867548068,0.0016709065819352136,0.0031843274494832816,0.00015748571438714554,10.40594310307695,original_base
정기,0.0015236687808159476,0.0016601168090034603,0.003183785589819408,0.0001364480281875126,8.955228977943792,original_base
일제,0.001719460907771195,0.001464324304340539,0.003183785212111734,-0.0002551366034306559,-14.838174120595152,original_base
클럽,0.0013109851493445744,0.001872673364859883,0.0031836585142044575,0.0005616882155153086,42.84474281010155,original_base
시청자,0.0016459860909042113,0.0015364359927128883,0.0031824220836170996,-0.00010955009819132305,-6.655590760863747,original_base
채권,0.0016840634086387827,0.0014978916971011376,0.0031819551057399205,-0.00018617171153764516,-11.054911031415767,original_base
주체,0.001676198528994602,0.0015056520684248024,0.0031818505974194047,-0.00017054646056979968,-10.174597914251535,original_base
위로,0.0015434667131689595,0.0016366956752151868,0.0031801623883841463,9.322896204622729e-05,6.040231464066679,original_base
인류,0.0015787390131021238,0.0015995094592204258,0.00317824847232255,2.0770446118302055e-05,1.3156351965667474,original_base
어떤,0.001675286542874041,0.0014982390430424873,0.0031735255859165284,-0.0001770474998315538,-10.568192085386158,original_base
계좌,0.001608741425417648,0.0015646330119437866,0.003173374437361435,-4.410841347386144e-05,-2.7417963369974374,original_base
상승세,0.0012080298902747823,0.0019651148529849552,0.0031731447432597377,0.000757084962710173,62.67104554324927,original_base
상상,0.0016200653305330401,0.0015516998844942718,0.003171765215027312,-6.836544603876834e-05,-4.219919082909729,original_base
녹취,0.0023386487433634516,0.0008329902837582297,0.003171639027121681,-0.001505658459605222,-64.38155639567229,original_base
공세,0.0013909740843713176,0.001780128136249173,0.0031711022206204905,0.00038915405187785537,27.977088592110068,original_base
중요성,0.00154050674704271,0.0016303803084421241,0.0031708870554848344,8.987356139941402e-05,5.8340258211749525,original_base
식사,0.0014998799314201716,0.0016672239389341713,0.003167103870354343,0.00016734400751399967,11.15716025052411,original_base
효율,0.0014930386782724295,0.0016737749280276114,0.0031668136063000406,0.00018073624975518195,12.105262401126064,original_base
전당대회,0.0018420419318223222,0.0013247601598781848,0.0031668020917005072,-0.0005172817719441374,-28.08197593158986,original_base
전제,0.0015497367760573596,0.001611087127674992,0.0031608239037323516,6.135035161763253e-05,3.9587594851889736,original_base
민원,0.001653163775514298,0.0015067240825921136,0.0031598878581064116,-0.00014643969292218442,-8.858147939796657,original_base
수당,0.0014362744562064177,0.001720908286072091,0.0031571827422785088,0.0002846338298656734,19.817509713113395,original_base
라고,0.0014157398325604384,0.0017389530536208952,0.0031546928861813338,0.00032321322106045676,22.829987094161858,original_base
복합,0.0013971259447214677,0.0017559355467775682,0.003153061491499036,0.0003588096020561006,25.68197973931643,original_base
도약,0.0014837251212582272,0.0016689948411246019,0.003152719962382829,0.00018526971986637468,12.486795378193936,original_base
취업자,0.0012558219974558068,0.0018956623688379025,0.0031514843662937093,0.0006398403713820957,50.94992544153234,original_base
확충,0.0013823977242879149,0.001767017578983373,0.003149415303271288,0.0003846198546954582,27.82266260555219,original_base
뉴욕타임스,0.001334190348239635,0.0018150758609331416,0.0031492662091727767,0.0004808855126935067,36.043246252530565,original_base
적합,0.001582177123965209,0.0015666709403904082,0.0031488480643556173,-1.5506183574800743e-05,-0.9800535818606435,original_base
하늘,0.001729327126276727,0.001419477260590011,0.003148804386866738,-0.00030984986568671595,-17.917365718643897,original_base
문자,0.0014055796202121394,0.0017371290621962926,0.003142708682408432,0.00033154944198415326,23.588093994569558,original_base
갑질,0.000818070929144285,0.002323150470538346,0.003141221399682631,0.001505079541394061,183.9791010503695,original_base
군대,0.0017826537858016205,0.0013579790794908332,0.003140632865292454,-0.0004246747063107873,-23.822612651610324,original_base
진정성,0.0017183585225159345,0.0014220955638800188,0.0031404540863959533,-0.0002962629586359157,-17.241044563979717,original_base
기계,0.0016048908219817434,0.0015354263600073702,0.0031403171819891136,-6.946446197437324e-05,-4.328298288141337,original_base
입원,0.0011950869445265396,0.001945042274604557,0.0031401292191310967,0.0007499553300780175,62.75320247725817,original_base
희생자,0.002082234843551019,0.0010564662271085584,0.0031387010706595774,-0.0010257686164424607,-49.26286867302282,original_base
유감,0.0014510530241372513,0.0016851760329666325,0.003136229057103884,0.00023412300882938116,16.134697005203037,original_base
안내,0.001315816656331279,0.001818697121885902,0.003134513778217181,0.0005028804655546229,38.21812584108331,original_base
리더,0.001571122205677582,0.0015605882526260686,0.0031317104583036505,-1.053395305151343e-05,-0.6704731823817883,original_base
측정,0.0013195070642643214,0.0018084206508825833,0.0031279277151469048,0.0004889135866182619,37.052744912044176,original_base
학원,0.0015573882347497292,0.001567265535172757,0.0031246537699224862,9.87730042302775e-06,0.6342221035601326,original_base
유족,0.001473282427050239,0.0016505490912993586,0.0031238315183495973,0.0001772666642491196,12.032089774126845,original_base
보복,0.0008532706147491708,0.002268683243763718,0.0031219538585128886,0.0014154126290145473,165.88085943058346,original_base
용기,0.0015065997316982772,0.001608474020948724,0.0031150737526470015,0.00010187428925044679,6.761868272444965,original_base
청주,0.0011914469705522337,0.0019226072913624845,0.003114054261914718,0.0007311603208102508,61.367424558674166,original_base
중인,0.001388796916585412,0.001724569818647473,0.003113366735232885,0.0003357729020620609,24.177249967375676,original_base
흑인,0.0019057778677185496,0.0012071034706745707,0.0031128813383931205,-0.0006986743970439789,-36.66085165950521,original_base
조합,0.001412811635729361,0.0016992683859939077,0.0031120800217232687,0.0002864567502645467,20.27565055526061,original_base
교회,0.0013848095643078685,0.0017269464292087697,0.0031117559935166382,0.00034213686490090116,24.706419837004958,original_base
대표이사,0.001285434072218252,0.0018257931113801922,0.003111227183598444,0.0005403590391619402,42.037086991902406,original_base
연령,0.0013834019825249531,0.0017259835826279784,0.0031093855651529315,0.0003425816001030252,24.76370602547159,original_base
협의체,0.0012683308725515896,0.001840104982420634,0.0031084358549722238,0.0005717741098690444,45.08083200078277,original_base
이씨,0.0017298772847889237,0.0013779817060241314,0.003107858990813055,-0.00035189557876479224,-20.342227848129117,original_base
등에,0.0013322070911362253,0.0017756398010192122,0.0031078468921554372,0.0004434327098829869,33.28556895045408,original_base
전후,0.001724907971519729,0.001382766660928182,0.0031076746324479113,-0.00034214131059154686,-19.83533708700433,original_base
이를,0.0016310996739982858,0.0014741582720009933,0.003105257945999279,-0.0001569414019972925,-9.621815545618057,original_base
의제,0.001406738461911635,0.001695728100960605,0.00310246656287224,0.0002889896390489699,20.5432386242044,original_base
구조조정,0.0022343881620670307,0.0008679854791963605,0.003102373641263391,-0.0013664026828706702,-61.15332626926434,original_base
전개,0.0016019202587925381,0.0014987667825796306,0.0031006870413721687,-0.00010315347621290757,-6.439363984987645,original_base
등이,0.0015059587202342092,0.001588758387761697,0.003094717107995906,8.279966752748765e-05,5.498136596639947,original_base
장악,0.0016600837184571012,0.0014315603690676826,0.0030916440875247836,-0.00022852334938941866,-13.765772584156815,original_base
사법부,0.0010201887703168689,0.00207042016350839,0.0030906089338252588,0.001050231393191521,102.94481019089447,original_base
일까지,0.001475221360336901,0.0016145795278869484,0.0030898008882238497,0.00013935816755004742,9.446593663626302,original_base
지능,0.0010320770362024498,0.0020554605892164957,0.0030875376254189454,0.001023383553014046,99.15767109591046,original_base
광장,0.00170825928292577,0.0013767325578255608,0.003084991840751331,-0.0003315267251002092,-19.407283684265817,original_base
거짓말,0.0015325603924393302,0.0015522146746109584,0.0030847750670502886,1.9654282171628103e-05,1.2824474825651062,original_base
설비,0.0012943647564516486,0.001790220572386538,0.0030845853288381866,0.0004958558159348894,38.30881623308571,original_base
양산,0.00130580877135868,0.0017774701533209037,0.003083278924679584,0.00047166138196222374,36.12024917488226,original_base
필리핀,0.0018463370084505232,0.0012321524559119226,0.003078489464362446,-0.0006141845525386006,-33.26502960876219,original_base
상원,0.0013421482924930665,0.00173618082618259,0.0030783291186756564,0.00039403253368952345,29.358345563857206,original_base
서명,0.00156702855393941,0.0015092264636736793,0.0030762550176130893,-5.780209026573068e-05,-3.6886430767595084,original_base
미술,0.0016152823625147983,0.0014596015554052236,0.0030748839179200217,-0.00015568080710957476,-9.637993376414924,original_base
세포,0.0014636151569780507,0.0016101227907188158,0.0030737379476968663,0.0001465076337407651,10.009983364975648,original_base
삭제,0.0011676905314182084,0.0019012612481016493,0.003068951779519858,0.0007335707166834409,62.822357203880806,original_base
수습,0.001820328740341041,0.0012485401685933782,0.0030688689089344193,-0.0005717885717476628,-31.411280780005562,original_base
필수,0.0013956840449544981,0.0016712485542220716,0.00306693259917657,0.0002755645092675735,19.744046674729837,original_base
환율,0.001867781615766257,0.0011959650417490985,0.0030637466575153555,-0.0006718165740171585,-35.96868971973181,original_base
선박,0.001505282878925831,0.0015574849390335044,0.0030627678179593353,5.2202060107673504e-05,3.467923593532457,original_base
언론사,0.0016610899347822396,0.001400136732648796,0.0030612266674310356,-0.00026095320213344363,-15.709757591641374,original_base
종사자,0.0011257537642705327,0.001934540648995893,0.0030602944132664257,0.0008087868847253604,71.8440311189578,original_base
수험생,0.0015640312254861664,0.001495000870776233,0.0030590320962623997,-6.903035470993339e-05,-4.413617425603243,original_base
월세,0.0014617501275718183,0.0015957893347209693,0.0030575394622927876,0.000134039207149151,9.169775642285034,original_base
등의,0.0015857350958243303,0.0014714166129858746,0.003057151708810205,-0.0001143184828384556,-7.209179082905279,original_base
영업이익,0.0011496301357483542,0.0019067911239341703,0.0030564212596825248,0.0007571609881858162,65.86126830199528,original_base
거래소,0.0009166321700901931,0.00213947698207585,0.003056109152166043,0.0012228448119856567,133.40627264536585,original_base
말했습니다,0.0017025787339564394,0.0013525035330709122,0.0030550822670273514,-0.0003500752008855272,-20.561469135234947,original_base
앞으로,0.0015774634505463805,0.0014772768385797402,0.003054740289126121,-0.00010018661196664028,-6.351120967775133,original_base
경제학,0.0016543555438204068,0.0013983862808983156,0.0030527418247187224,-0.0002559692629220912,-15.472445683047118,original_base
공감대,0.0014700516229618587,0.001581952155834944,0.003052003778796803,0.00011190053287308535,7.612013831706689,original_base
대표가,0.001498169106753249,0.0015508699714494546,0.0030490390782027038,5.270086469620562e-05,3.517684649793379,original_base
태양광,0.0011924776013078307,0.0018564672171084654,0.003048944818416296,0.0006639896158006347,55.68151679095814,original_base
전파,0.0011862440742616228,0.0018616788384306993,0.003047922912692322,0.0006754347641690765,56.93893683637582,original_base
교통부,0.001229296302832868,0.001818306430805197,0.003047602733638065,0.000589010127972329,47.91441466267952,original_base
피고인,0.0011435707741333952,0.0019000467839018775,0.0030436175580352727,0.0007564760097684823,66.15034476915032,original_base
부각,0.0015300143002275643,0.0015119614302584459,0.00304197573048601,-1.80528699691184e-05,-1.1799151136321624,original_base
나름,0.0015454503661884637,0.0014963816267514096,0.0030418319929398736,-4.9068739437054107e-05,-3.1750446672753445,original_base
후원,0.0015702236376264988,0.0014704580034051577,0.0030406816410316565,-9.976563422134117e-05,-6.353593961440026,original_base
다양한,0.001497060644702344,0.00154031175809172,0.0030373724027940637,4.3251113389376023e-05,2.8890688925948966,original_base
폭발,0.0016757452478421628,0.001360399766876449,0.003036145014718612,-0.00031534548096571373,-18.818223197814845,original_base
탈락,0.0015942801141689816,0.0014395456619462005,0.003033825776115182,-0.00015473445222278105,-9.705600091702603,original_base
주류,0.0018848710664675832,0.0011446503629149532,0.0030295214293825363,-0.00074022070355263,-39.27168901477541,original_base
기지,0.001470109728569914,0.0015591228153141333,0.0030292325438840474,8.901308674421921e-05,6.054860056657738,original_base
발전소,0.0014524532930931479,0.0015749437742122866,0.0030273970673054345,0.00012249048111913872,8.433350779788775,original_base
먼지,0.0009300092747781433,0.002094050450963855,0.003024059725741998,0.0011640411761857116,125.16446961923013,original_base
문서,0.0016917724068345693,0.0013322461831650626,0.003024018589999632,-0.00035952622366950673,-21.251453340713056,original_base
변호인,0.0014090033817234346,0.0016146895248595257,0.0030236929065829603,0.00020568614313609115,14.597987897268519,original_base
유죄,0.0012256300127240257,0.0017964576296538594,0.003022087642377885,0.0005708276169298337,46.574219870900514,original_base
당일,0.0013652425817785706,0.0016527165399877015,0.003017959121766272,0.00028747395820913086,21.056621148940724,original_base
종교,0.0016496669916637467,0.0013675428776295084,0.0030172098692932553,-0.00028212411403423835,-17.10188271086799,original_base
내정,0.001546588028382212,0.0014704102224631194,0.0030169982508453314,-7.61778059190925e-05,-4.9255396085522065,original_base
처음으로,0.001572937668043068,0.0014430869538982769,0.0030160246219413447,-0.0001298507141447912,-8.25529941732159,original_base
스트레스,0.0017693320434072441,0.0012457767154048418,0.003015108758812086,-0.0005235553280024023,-29.59056384883979,original_base
해군,0.001737307751676833,0.001276242701944748,0.0030135504536215807,-0.00046106504973208507,-26.539054424126608,original_base
장관은,0.0010727868825491872,0.001940162142501799,0.0030129490250509865,0.0008673752599526118,80.85252290664943,original_base
취득,0.0012683401102994484,0.001744351634082672,0.0030126917443821207,0.00047601152378322375,37.53027440493386,original_base
차질,0.0011178075050581563,0.0018948089152453216,0.003012616420303478,0.0007770014101871653,69.51119997595116,original_base
선전,0.0016397032317747385,0.0013726939130197955,0.003012397144794534,-0.0002670093187549429,-16.284002713463245,original_base
자제,0.0012492217098115156,0.0017623594926932861,0.0030115812025048017,0.0005131377828817706,41.07659824125163,original_base
배우자,0.0011971359264901036,0.0018140876438185274,0.003011223570308631,0.0006169517173284238,51.535644672971394,original_base
공제,0.0014449942525331277,0.001566179847097703,0.0030111740996308306,0.00012118559456457531,8.386579694149823,original_base
담보,0.0015232777060094824,0.0014875596964049392,0.003010837402414422,-3.5718009604543193e-05,-2.3448127326771795,original_base
않고,0.001538539388595591,0.001471805282437428,0.003010344671033019,-6.673410615816314e-05,-4.337497411689885,original_base
관료,0.001750837372273871,0.0012591702758067978,0.0030100076480806684,-0.0004916670964670731,-28.08182554548334,original_base
개설,0.001565384445383383,0.0014439354994737045,0.0030093199448570874,-0.0001214489459096784,-7.758410163577037,original_base
결단,0.001442783017979121,0.0015657675443403705,0.0030085505623194918,0.00012298452636124954,8.524117960129004,original_base
기아차,0.0015539847444375817,0.0014540525298092771,0.0030080372742468586,-9.993221462830455e-05,-6.430707572002069,original_base
구간,0.0014548413165482686,0.0015528083936089364,0.003007649710157205,9.796707706066776e-05,6.7338668448805645,original_base
도서관,0.0016690647424681985,0.0013373379215719798,0.0030064026640401783,-0.0003317268208962187,-19.87501218231139,original_base
육군,0.0015966024628393232,0.001409572425239235,0.003006174888078558,-0.0001870300376000881,-11.71425210427664,original_base
대다수,0.001587818709535018,0.001418220423163671,0.003006039132698689,-0.00016959828637134696,-10.681212241227003,original_base
합리적,0.001362260778406238,0.001642310054277278,0.0030045708326835157,0.00028004927587103987,20.557684718683632,original_base
저항,0.0016523554242454397,0.0013521228388624382,0.003004478263107878,-0.0003002325853830015,-18.169976082482677,original_base
법무,0.0010341972073989614,0.0019697789994579766,0.003003976206856938,0.0009355817920590152,90.46454441818044,original_base
재계,0.0014373664299929495,0.001566081550895016,0.0030034479808879657,0.00012871512090206652,8.954927443428458,original_base
지목,0.0015454688783204124,0.0014559239649451115,0.0030013928432655237,-8.954491337530095e-05,-5.794028895141308,original_base
이젠,0.0015854633865641308,0.001415657436292143,0.003001120822856274,-0.0001698059502719877,-10.71017796506644,original_base
항공,0.0013456575975424154,0.0016536465186141873,0.002999304116156603,0.00030798892107177195,22.887614325832548,original_base
컨설팅,0.0014303209250970616,0.001568803918891602,0.0029991248439886634,0.00013848299379454047,9.681952585930533,original_base
편리,0.001309904205883267,0.001687167226654762,0.0029970714325380293,0.00037726302077149506,28.80080994297648,original_base
정황,0.001399814418119686,0.001591328615553287,0.002991143033672973,0.00019151419743360099,13.681399116523906,original_base
이외,0.0013685360489366838,0.0016207379110621573,0.002989273959998841,0.0002522018621254735,18.42858741802437,original_base
질서,0.0016350104431887104,0.0013538626325380993,0.0029888730757268098,-0.00028114781065061113,-17.195474917108005,original_base
지원자,0.0015329043952432208,0.0014549290291321374,0.0029878334243753583,-7.797536611108338e-05,-5.086772948988204,original_base
이례적,0.0013213804720335674,0.001666395032268667,0.0029877755043022343,0.00034501456023509967,26.110160361620295,original_base
미세,0.000858594916859088,0.002129103297251148,0.002987698214110236,0.00127050838039206,147.97529724958468,original_base
심화,0.0014877816741317607,0.0014985470913119964,0.002986328765443757,1.0765417180235706e-05,0.7235885054517953,original_base
수위,0.0012720279860294018,0.0017142161483615507,0.0029862441343909522,0.00044218816233214885,34.76245547964918,original_base
젊은이들,0.001925464052373486,0.0010595987217974052,0.002985062774170891,-0.0008658653305760808,-44.96917662569413,original_base
아니라,0.0015732800185006407,0.001411173209380539,0.00298445322788118,-0.00016210680912010162,-10.303748043186351,original_base
재무,0.0014459308281805005,0.001535210106775226,0.0029811409349557267,8.927927859472547e-05,6.174519337627707,original_base
탈당,0.0020225402909843154,0.0009582634232224758,0.002980803714206791,-0.0010642768677618397,-52.62079932379914,original_base
그해,0.001556020208940277,0.001422728538883382,0.0029787487478236587,-0.00013329167005689496,-8.56619144732528,original_base
청사,0.001486538163294036,0.0014877180637996707,0.0029742562270937065,1.1799005056347105e-06,0.07937236559202465,original_base
항공기,0.0016066381583283557,0.0013664360357447034,0.002973074194073059,-0.00024020212258365234,-14.950604860124402,original_base
아시안,0.0018489701266388144,0.0011193391962165758,0.00296830932285539,-0.0007296309304222386,-39.46147749550784,original_base
유입,0.0010746117236277797,0.001892792032261638,0.0029674037558894174,0.0008181803086338582,76.13729597810128,original_base
솔루션,0.0008281988754865664,0.0021384150085552492,0.0029666138840418158,0.0013102161330686827,158.20066554653692,original_base
투어,0.0014301816932630394,0.0015353619650658552,0.0029655436583288946,0.00010518027180281579,7.354329334396745,original_base
고령,0.0012495945736333653,0.0017115917248423462,0.0029611862984757114,0.0004619971512089809,36.97176355893269,original_base
완벽,0.0016036939717118711,0.001352390822705905,0.002956084794417776,-0.00025130314900596623,-15.670268357853304,original_base
인공,0.0009681217416770355,0.001986342989514908,0.0029544647311919433,0.0010182212478378723,105.17491798852194,original_base
건립,0.0014905256122861893,0.0014630039508297882,0.0029535295631159773,-2.7521661456401123e-05,-1.8464400228713957,original_base
지연,0.0014053888696573362,0.0015470865291894766,0.0029524753988468128,0.00014169765953214036,10.082452095033972,original_base
캠퍼스,0.0014773715177825175,0.0014750884228874747,0.002952459940669992,-2.283094895042838e-06,-0.15453762764221168,original_base
이른바,0.0014640321178863934,0.0014879346774310071,0.002951966795317401,2.3902559544613676e-05,1.6326526756203634,original_base
법적,0.0013793332502382114,0.0015716723960382123,0.0029510056462764235,0.0001923391458000009,13.944356504621624,original_base
제보,0.0009809610799141537,0.0019692054389459823,0.002950166518860136,0.0009882443590318287,100.74246361724283,original_base
해킹,0.0019721024451789955,0.0009769862572457752,0.002949088702424771,-0.0009951161879332203,-50.45965996167606,original_base
축하,0.0013045473044845525,0.0016440209565026635,0.0029485682609872157,0.000339473652018111,26.022333636436624,original_base
위축,0.0014010820289144747,0.0015465819836574847,0.002947664012571959,0.00014549995474301002,10.384827707464064,original_base
원자력,0.0015730764209060492,0.0013744258277284666,0.002947502248634516,-0.00019865059317758266,-12.628159098790976,original_base
연일,0.001231856036947497,0.001715569920336891,0.002947425957284388,0.00048371388338939395,39.2670790158258,original_base
멤버,0.0016059679639828764,0.0013414526606409722,0.0029474206246238484,-0.0002645153033419042,-16.470770854350903,original_base
기각,0.0011982683837589536,0.0017482136537324796,0.002946482037491433,0.000549945269973526,45.89499960337385,original_base
불안감,0.0014470697593125747,0.0014979948713479505,0.0029450646306605254,5.092511203537583e-05,3.5191884639734035,original_base
멕시코,0.0015949763653647217,0.0013455094620737505,0.0029404858274384724,-0.00024946690329097116,-15.64078996455385,original_base
무게,0.0014641151241217153,0.0014762386706745725,0.0029403537947962875,1.2123546552857177e-05,0.8280459885372592,original_base
이하,0.0012689924044786511,0.0016691115434280045,0.0029381039479066556,0.0004001191389493533,31.53045972042181,original_base
연구개발,0.0013882292086236057,0.0015490768679752472,0.002937306076598853,0.00016084765935164141,11.586534727296065,original_base
공략,0.0011986794674637604,0.0017374246121538185,0.002936104079617579,0.0005387451446900581,44.944888046674244,original_base
편의점,0.0011342125359961408,0.0018015960797490842,0.002935808615745225,0.0006673835437529434,58.84113625730674,original_base
구속영장,0.0012483213140794278,0.001684628751686794,0.0029329500657662216,0.0004363074376073663,34.951533125837905,original_base
현실적,0.001444388142134772,0.001488189172294116,0.002932577314428888,4.3801030159343985e-05,3.0324972132910952,original_base
이웃,0.0015295126040544053,0.0014022804828279357,0.002931793086882341,-0.00012723212122646953,-8.31847484546416,original_base
동반,0.0015273683673438095,0.0014027720762329002,0.0029301404435767096,-0.0001245962911109093,-8.157579649733753,original_base
절감,0.001639943490224902,0.0012899507702799659,0.002929894260504868,-0.00034999271994493606,-21.341754885525845,original_base
리스크,0.0011311271106457061,0.0017960769058747558,0.002927204016520462,0.0006649497952290497,58.78647845770948,original_base
전당,0.0017569928360839499,0.0011692214494729656,0.0029262142855569157,-0.0005877713866109843,-33.453260283122766,original_base
높은,0.001432914437870922,0.0014930140453475287,0.002925928483218451,6.009960747660665e-05,4.1942216428431625,original_base
실종,0.001419357203098623,0.0015054937497967166,0.0029248509528953396,8.613654669809359e-05,6.068701135277816,original_base
발급,0.0014319820040305771,0.001491514486138904,0.002923496490169481,5.9532482108326946e-05,4.157348482087191,original_base
오피스텔,0.001148409414285886,0.0017743986207857227,0.0029228080350716086,0.0006259892064998367,54.50923675064915,original_base
돌입,0.001308139677134569,0.0016146409225169243,0.002922780599651493,0.0003065012453823553,23.4303148769048,original_base
무장,0.0017532000242185288,0.0011687875080395227,0.0029219875322580515,-0.0005844125161790061,-33.334046777663154,original_base
보급,0.0012955289484585615,0.001621108741204822,0.0029166376896633834,0.00032557979274626045,25.131031856419717,original_base
대기,0.0012156386379568991,0.001700353677700624,0.002915992315657523,0.00048471503974372495,39.873283442057776,original_base
예능,0.0014647959683489508,0.0014507783545586299,0.0029155743229075807,-1.4017613790320935e-05,-0.9569669833349509,original_base
않은,0.0014968422739841934,0.0014183253006090856,0.002915167574593279,-7.851697337510778e-05,-5.245507475287734,original_base
결의,0.0016047212448351714,0.0013081270867392268,0.002912848331574398,-0.0002965941580959446,-18.48259684045058,original_base
재원,0.0014204200534058417,0.0014904922406686022,0.002910912294074444,7.007218726276044e-05,4.933201773288358,original_base
봉사,0.0016315908534470095,0.0012786869052827778,0.0029102777587297875,-0.0003529039481642317,-21.62943898702686,original_base
조절,0.0012764408885034607,0.0016335913039065458,0.0029100321924100062,0.00035715041540308507,27.980176647413685,original_base
내정자,0.0018633271455558683,0.0010465986976823476,0.002909925843238216,-0.0008167284478735207,-43.83172594364121,original_base
국립,0.0014358793545263021,0.0014724219063548174,0.0029083012608811195,3.654255182851526e-05,2.5449597637379973,original_base
효과적,0.0014317626539654715,0.00147573537159014,0.0029074980255556116,4.397271762466865e-05,3.071229543729187,original_base
인사청문회,0.0012087727694512118,0.0016966144041565784,0.00290538717360779,0.00048784163470536653,40.358423604036744,original_base
광역,0.0012963507469590213,0.0016084048949803196,0.002904755641939341,0.0003120541480212983,24.071737433199676,original_base
재직,0.001333490613356284,0.001570250225992569,0.002903740839348853,0.00023675961263628503,17.754876582174127,original_base
경주,0.0018606514623169253,0.0010421064871879886,0.0029027579495049137,-0.0008185449751289366,-43.99238609200167,original_base
두고,0.0012168413713874128,0.0016859024904901372,0.00290274386187755,0.00046906111910272443,38.54743355478721,original_base
상가,0.0013485771170087405,0.0015512950814951523,0.0028998721985038925,0.0002027179644864118,15.03198904457593,original_base
드론,0.0009184540989118018,0.001980930619503256,0.002899384718415058,0.0010624765205914542,115.68096019717177,original_base
성남시,0.0013539170692201225,0.001542435437497419,0.0028963525067175417,0.0001885183682772964,13.923922857836924,original_base
실망,0.001488558441541478,0.001407697585132217,0.002896256026673695,-8.086085640926087e-05,-5.432158667920713,original_base
박람회,0.0016403307493652933,0.0012554729688860013,0.0028958037182512946,-0.00038485778047929204,-23.46220605985764,original_base
남용,0.0009403970208004872,0.0019538440416845748,0.002894241062485062,0.0010134470208840876,107.76799569413976,original_base
폭로,0.0012363516676930923,0.001656341104847874,0.0028926927725409666,0.00041998943715478173,33.97006273615012,original_base
보면,0.001681692247369934,0.00120938256110282,0.002891074808472754,-0.00047230968626711407,-28.08538167466599,original_base
행태,0.001565150662292778,0.00132532412187445,0.002890474784167228,-0.00023982654041832798,-15.322904445953323,original_base
이에,0.001484696700230679,0.0014056806562876844,0.0028903773565183634,-7.901604394299454e-05,-5.322032704101634,original_base
침체,0.0015282700089527077,0.0013612409346067432,0.0028895109435594507,-0.00016702907434596446,-10.929290856163963,original_base
다리,0.0016938064581458493,0.0011951864366423692,0.0028889928947882183,-0.0004986200215034802,-29.43783919972191,original_base
표정,0.0016677257446127982,0.0012212535058153012,0.002888979250428099,-0.000446472238797497,-26.77132257745149,original_base
뿌리,0.0017021934092435228,0.001186671829366338,0.002888865238609861,-0.0005155215798771848,-30.285722942981515,original_base
이견,0.00130221302625658,0.0015835435659612577,0.002885756592217838,0.00028133053970467764,21.60403359759097,original_base
품목,0.0011604301536983492,0.0017235798913408376,0.002884010045039187,0.0005631497376424883,48.52939540115377,original_base
마약,0.0014053606237589993,0.0014776188022878332,0.0028829794260468323,7.225817852883382e-05,5.14161114999513,original_base
항소심,0.0012907250015542202,0.0015909407215032696,0.00288166572305749,0.0003002157199490493,23.25946422263038,original_base
물건,0.0014666488456029126,0.0014140677820380628,0.0028807166276409754,-5.258106356484989e-05,-3.5851160775457998,original_base
평등,0.0012520127421258315,0.0016263784394432528,0.0028783911815690845,0.00037436569731742124,29.90110920770455,original_base
일반적,0.001359219338179973,0.0015178715622158247,0.0028770909003957975,0.00015865222403585173,11.672304798745053,original_base
많이,0.0014502568086732866,0.0014267027381952312,0.0028769595468685176,-2.3554070478055316e-05,-1.624131004742731,original_base
배려,0.0016880340143300486,0.0011885271553621936,0.002876561169692242,-0.000499506858967855,-29.59104228513432,original_base
됐다,0.0014710185982455106,0.0014049076014289012,0.0028759261996744116,-6.611099681660937e-05,-4.494232560720865,original_base
여지,0.0013311931757726632,0.0015415559303155598,0.0028727491060882232,0.00021036275454289666,15.80257158550982,original_base
아빠,0.001539489956460799,0.0013304074799459047,0.002869897436406704,-0.00020908247651489436,-13.581282270627035,original_base
수렴,0.0013853284446703378,0.001483466181865233,0.002868794626535571,9.813773719489528e-05,7.084077250593726,original_base
두산,0.0017723807051437464,0.001096007022415472,0.0028683877275592186,-0.0006763736827282744,-38.16187350524209,original_base
원대,0.0015074562123932424,0.0013604624700600998,0.0028679186824533422,-0.00014699374233314265,-9.751111914539456,original_base
획득,0.0013517412252528483,0.0015158551929544673,0.0028675964182073156,0.00016411396770161894,12.140930870176044,original_base
사흘,0.0012876537512395913,0.0015790812134661996,0.002866734964705791,0.00029142746222660825,22.632439966571642,original_base
추락,0.0016432948868800813,0.0012215419301344647,0.0028648368170145462,-0.0004217529567456166,-25.66508057153067,original_base
폭탄,0.0016439249068897054,0.0012203869958416424,0.0028643119027313476,-0.00042353791104806303,-25.763823473506086,original_base
하원,0.0013272566204338863,0.0015364472706250146,0.0028637038910589007,0.0002091906501911283,15.761130663845769,original_base
협치,0.0007614005956696591,0.0021021008644126027,0.002863501460082262,0.0013407002687429435,176.08342787856435,original_base
위상,0.0014790905473360328,0.001383974282214916,0.002863064829550949,-9.511626512111681e-05,-6.430726319793554,original_base
네덜란드,0.0017047990356117255,0.00115724584828975,0.0028620448839014757,-0.0005475531873219755,-32.118342155531515,original_base
남한,0.0018208739368110322,0.0010365715413043087,0.002857445478115341,-0.0007843023955067235,-43.07285527301813,original_base
여파,0.0009674201083678229,0.0018874703199657937,0.0028548904283336165,0.0009200502115979708,95.1034823072086,original_base
재확인,0.0016015903844537698,0.0012513035866837821,0.002852893971137552,-0.00035028679776998766,-21.871185115128842,original_base
사무소,0.0012844183107515396,0.001566493674794041,0.0028509119855455803,0.00028207536404250134,21.961331575649464,original_base
기념식,0.00133072391984689,0.0015177145408988295,0.0028484384607457194,0.00018699062105193942,14.051796789934768,original_base
출근,0.001220165639184932,0.0016278524786381703,0.0028480181178231023,0.00040768683945323824,33.41241765548914,original_base
매매,0.0012490686215225698,0.001598094290461009,0.002847162911983579,0.00034902566893843913,27.942873828099962,original_base
의무화,0.0012606633952408238,0.0015863632384666617,0.0028470266337074857,0.00032569984322583794,25.835591360501088,original_base
편지,0.0013713710183989925,0.0014750145136467054,0.002846385532045698,0.0001036434952477129,7.557655357826618,original_base
나왔다,0.0011694901259797729,0.0016748449781375096,0.0028443351041172824,0.0005053548521577367,43.211553559236904,original_base
미국의,0.0014496781640223368,0.0013946102276096131,0.00284428839163195,-5.506793641272363e-05,-3.7986318466665634,original_base
재선,0.0012095046398807382,0.0016333370684707615,0.0028428417083514994,0.00042383242859002335,35.041819155965776,original_base
며칠,0.0014476444754333525,0.0013929462504107372,0.0028405907258440897,-5.4698225022615284e-05,-3.778429438363405,original_base
음성,0.0008251491355751865,0.0020152860215091575,0.002840435157084344,0.0011901368859339712,144.23294343080937,original_base
육아,0.0014885135248665221,0.0013466287794758486,0.0028351423043423704,-0.00014188474539067355,-9.531975559536594,original_base
민주주,0.0014645831591779462,0.0013703279121280074,0.0028349110713059536,-9.425524704993879e-05,-6.435636410215394,original_base
앞서,0.0012113356856165345,0.0016233267585837984,0.0028346624442003327,0.00041199107296726396,34.011304864478795,original_base
커피,0.0013803526638177163,0.0014539176090432502,0.0028342702728609663,7.356494522553383e-05,5.329431177542069,original_base
매력,0.001541289039457761,0.0012923714246779417,0.002833660464135703,-0.00024891761477981926,-16.14996333636361,original_base
부활,0.0015491752062237825,0.0012838299371392518,0.0028330051433630345,-0.00026534526908453065,-17.12816394288464,original_base
외면,0.0015977851899188246,0.0012341182545207092,0.002831903444439534,-0.0003636669353981154,-22.760690091049817,original_base
승부,0.0017431967787604132,0.0010876735869601315,0.0028308703657205446,-0.0006555231918002817,-37.60465827996906,original_base
즉시,0.0011651436317080632,0.0016635507590276812,0.0028286943907357446,0.0004984071273196179,42.776453799860626,original_base
상호,0.0012577173299785323,0.001569590469000521,0.0028273077989790533,0.00031187313902198864,24.796759302609907,original_base
전역,0.0012889884544749648,0.0015375385518077301,0.002826527006282695,0.00024855009733276527,19.28256971347393,original_base
연내,0.0011870627986931505,0.001638976232024646,0.002826039030717796,0.00045191343333149544,38.06988424108746,original_base
비대위,0.0015457259728015051,0.001279108220026124,0.002824834192827629,-0.0002666177527753811,-17.248707563097856,original_base
오해,0.0013563055307075883,0.0014674949728163684,0.0028238005035239565,0.00011118944210878018,8.197964219077713,original_base
사업비,0.0013374548600628203,0.0014863421484622272,0.0028237970085250473,0.0001488872883994069,11.132135584180663,original_base
정체,0.001491622809335814,0.0013307547789595876,0.0028223775882954016,-0.00016086803037622648,-10.784766052743414,original_base
증세,0.0017135542276730652,0.001100648736797404,0.0028142029644704692,-0.0006129054908756613,-35.768082560652964,original_base
구체,0.0012489112178866806,0.0015643256913137338,0.0028132369092004144,0.0003154144734270532,25.255155763655907,original_base
이듬해,0.0014569837573132419,0.001355933311541596,0.002812917068854838,-0.00010105044577164582,-6.935591784357871,original_base
미흡,0.0014809086779516553,0.00133106504747061,0.0028119737254222654,-0.00014984363048104517,-10.118357243223398,original_base
막말,0.0014251001593024867,0.0013867214729518876,0.0028118216322543742,-3.837868635059912e-05,-2.6930518602554585,original_base
기득권,0.0016865119503010567,0.0011245050271856299,0.0028110169774866866,-0.0005620069231154269,-33.32362530933172,original_base
기자의,0.001337225775750177,0.0014722761030472333,0.0028095018787974105,0.00013505032729705627,10.099291364713165,original_base
공개적,0.0012139956764181175,0.0015941825653694101,0.0028081782417875276,0.0003801868889512926,31.316988712268756,original_base
조심,0.0012099708612829066,0.0015936113624219438,0.0028035822237048504,0.00038364050113903715,31.706590085340668,original_base
난민,0.0013588274428950405,0.0014447393682069085,0.002803566811101949,8.591192531186807e-05,6.322504432853447,original_base
태평양,0.0013261413699155267,0.001475632319158798,0.002801773689074325,0.0001494909492432714,11.272625425507519,original_base
경영진,0.001337190172625068,0.001463995570140485,0.002801185742765553,0.00012680539751541708,9.482974083370847,original_base
임용,0.001489285289366504,0.001309377349191496,0.0027986626385580003,-0.00017990794017500793,-12.080152906870866,original_base
문제,0.001400133118536949,0.0013972978351764899,0.002797430953713439,-2.835283360459089e-06,-0.2025009852935828,original_base
출간,0.001534234790297143,0.0012631839482921887,0.0027974187385893315,-0.00027105084200495437,-17.6668423711379,original_base
군인,0.0015418629690623997,0.0012550074772951657,0.0027968704463575654,-0.00028685549176723406,-18.604473777696967,original_base
전반적,0.001251992566739462,0.001544631615641951,0.002796624182381413,0.00029263904890248897,23.373864723861956,original_base
농촌,0.001494330012339587,0.001299796814498444,0.002794126826838031,-0.00019453319784114298,-13.018088122085796,original_base
월급,0.0014600667607708394,0.0013329954627732687,0.0027930622235441084,-0.00012707129799757071,-8.703115597980169,original_base
증언,0.0014582762846437243,0.0013337208817300811,0.0027919971663738054,-0.00012455540291364314,-8.54127604112232,original_base
양보,0.0014553917677471533,0.0013365602700588404,0.002791952037805994,-0.00011883149768831289,-8.16491478938732,original_base
신입,0.0014482618343594348,0.0013433401414784632,0.002791601975837898,-0.00010492169288097157,-7.244663250231845,original_base
통계청,0.0012646044949265586,0.001526668143894802,0.0027912726388213604,0.0002620636489682434,20.722973073368887,original_base
피해자들,0.0012563547296149944,0.0015348707446509275,0.002791225474265922,0.00027851601503593314,22.16858093265454,original_base
국방장관,0.0012875036406623677,0.0015034041641160028,0.0027909078047783703,0.00021590052345363503,16.768925277955958,original_base
신조,0.001801828495652511,0.0009873880828886645,0.0027892165785411756,-0.0008144404127638464,-45.200773254998744,original_base
쇼핑몰,0.0013916096473406572,0.001396975088130259,0.002788584735470916,5.365440789601664e-06,0.38555645254794924,original_base
불평등,0.0012822226638076095,0.001504463343173202,0.002786686006980812,0.0002222406793655925,17.332456026447097,original_base
주차장,0.001332813360587834,0.0014538659473734767,0.0027866793079613108,0.00012105258678564261,9.082485992806424,original_base
창원,0.0010183875458534084,0.0017654356430671708,0.002783823188920579,0.0007470480972137624,73.35597339691898,original_base
자국,0.0012570057716736226,0.0015257054409810382,0.0027827112126546606,0.00026869966930741554,21.376168301093728,original_base
예약,0.0010236538435481357,0.0017585933969192244,0.0027822472404673603,0.0007349395533710887,71.79571082580803,original_base
때문에,0.0015351002019423298,0.0012443561440456663,0.002779456345987996,-0.0002907440578966635,-18.939744619197572,original_base
한강,0.0015434016977211003,0.0012302699576262044,0.0027736716553473048,-0.00031313174009489587,-20.288414905675463,original_base
동향,0.0010864461376359227,0.0016867207804642267,0.0027731669181001494,0.0006002746428283041,55.251210532579684,original_base
지방자치단체,0.0014551770353164106,0.001317816293205267,0.0027729933285216774,-0.0001373607421111436,-9.439452298755949,original_base
열정,0.0017174576377629101,0.0010552141545664847,0.002772671792329395,-0.0006622434831964254,-38.5595236025173,original_base
대외,0.0013888181834521233,0.0013836513028141649,0.002772469486266288,-5.166880637958414e-06,-0.3720343454256431,original_base
극대화,0.0013490158833220792,0.0014224411476897716,0.002771457031011851,7.342526436769246e-05,5.442876194079776,original_base
북측,0.0009702951429005343,0.0018001746412251171,0.0027704697841256514,0.0008298794983245828,85.52856359187757,original_base
논평,0.0011037362754938258,0.001663611773481126,0.002767348048974952,0.0005598754979873003,50.725477672354735,original_base
포항,0.001199083407873296,0.001566927782271738,0.002766011190145034,0.0003678443743984419,30.677129879634784,original_base
인건비,0.001280908763441293,0.0014846522680089613,0.0027655610314502544,0.0002037435045676684,15.906168369110892,original_base
노동자들,0.001518276714275923,0.0012465059263901276,0.0027647826406660505,-0.0002717707878857954,-17.899950999077586,original_base
지향,0.0014119740751644657,0.0013491933508254885,0.0027611674259899544,-6.278072433897716e-05,-4.446308572036956,original_base
사찰,0.0009281313267765273,0.0018328938695207839,0.002761025196297311,0.0009047625427442566,97.48216837875387,original_base
만나,0.0012273378739570226,0.001533248148511903,0.002760586022468926,0.0003059102745548803,24.924699306198733,original_base
이렇게,0.0014319882259108208,0.0013280409796356694,0.00276002920554649,-0.00010394724627515138,-7.258945597058621,original_base
여유,0.0014101323785885654,0.0013470384413359609,0.0027571708199245265,-6.309393725260448e-05,-4.474327248322366,original_base
입사,0.0013783412739592487,0.001378123603148911,0.0027564648771081597,-2.1767081033767163e-07,-0.015792228996554535,original_base
비행기,0.0015051782639109068,0.0012500911749612686,0.0027552694388721754,-0.0002550870889496382,-16.94730086566923,original_base
태국,0.001363106415732758,0.0013897086155959266,0.0027528150313286845,2.6602199863168686e-05,1.9515864320004892,original_base
주일,0.001154757623780532,0.0015976069798233148,0.002752364603603847,0.00044284935604278286,38.349983314502786,original_base
동생,0.0014106378155645828,0.0013409351923691086,0.0027515730079336912,-6.970262319547422e-05,-4.941213288513535,original_base
농산물,0.0015056587125181864,0.001245882098847763,0.0027515408113659495,-0.0002597766136704235,-17.25335306803704,original_base
취재진,0.0009174734876329081,0.001832452644063862,0.00274992613169677,0.0009149791564309538,99.72813043258724,original_base
민정,0.0010113431766118207,0.0017383079312559657,0.0027496511078677864,0.000726964754644145,71.88111527875296,original_base
발표했다,0.0013195728998578384,0.0014284251165179848,0.002747998016375823,0.00010885221666014641,8.24904911823162,original_base
살인,0.0013807708196485649,0.0013670753895032497,0.0027478462091518148,-1.3695430145315183e-05,-0.9918684513336513,original_base
이자,0.0013939619726509999,0.0013532402189957461,0.002747202191646746,-4.072175365525373e-05,-2.9212958785245897,original_base
증인,0.0016262972303286536,0.0011194144647818168,0.0027457116951104706,-0.0005068827655468368,-31.167904371601395,original_base
점유,0.0011869350082383946,0.0015587681863995098,0.0027457031946379043,0.0003718331781611152,31.327172556227524,original_base
수주,0.0012900762075243406,0.0014547783364068291,0.0027448545439311698,0.00016470212888248853,12.766852680629798,original_base
자극,0.0014604642023930134,0.0012835959311300784,0.002744060133523092,-0.00017686827126293502,-12.110414686859915,original_base
유학,0.001534646610066144,0.0012083100569587955,0.0027429566670249396,-0.00032633655310734854,-21.264605868662052,original_base
증권사,0.0012973679585744202,0.001445214729893765,0.002742582688468185,0.00014784677131934485,11.395901243144815,original_base
대사관,0.0012998498296911843,0.0014423512434144855,0.0027422010731056696,0.00014250141372330123,10.96291359726965,original_base
선생님,0.0014744241910123806,0.001267591554778369,0.00274201574579075,-0.00020683263623401155,-14.028027856216502,original_base
주기,0.001242581919601877,0.0014984008761588512,0.0027409827957607285,0.00025581895655697414,20.58769345677736,original_base
본선,0.0014395163976410766,0.0012999807321181231,0.0027394971297591995,-0.00013953566552295346,-9.693232098752706,original_base
타결,0.0018064628801060308,0.0009317762301188851,0.002738239110224916,-0.0008746866499871457,-48.41985183419909,original_base
고인,0.0011060340841548984,0.001631795920596343,0.002737830004751241,0.0005257618364414446,47.53577163430457,original_base
선관위,0.0013497462316561571,0.0013872859332926236,0.0027370321649487807,3.753970163646644e-05,2.781241447913117,original_base
실질,0.001247783298849898,0.0014891665819193592,0.0027369498807692572,0.00024138328306946106,19.34496825626276,original_base
산업부,0.0009013425853526243,0.0018317715859858799,0.002733114171338504,0.0009304290006332556,103.22700999079635,original_base
보도입니다,0.0012699588129331208,0.0014621312316765393,0.00273209004460966,0.00019217241874341841,15.132177263258907,original_base
방치,0.0013659657918556392,0.0013659518045148176,0.002731917596370457,-1.3987340821610544e-08,-0.0010239891002401314,original_base
선배,0.0014511504383329815,0.001280256431413551,0.002731406869746532,-0.00017089400691943052,-11.776450077481018,original_base
쇼핑,0.001148031359556138,0.0015826363512448335,0.0027306677108009715,0.00043460499168869546,37.85654355789778,original_base
압력,0.0013842600083532701,0.0013450150937272167,0.002729275102080487,-3.924491462605341e-05,-2.8350825993116393,original_base
시정,0.0013812954548579881,0.001345725621637125,0.002727021076495113,-3.5569833220863234e-05,-2.5751068025138903,original_base
전격,0.00148034641227457,0.0012454970874809066,0.0027258434997554765,-0.0002348493247936634,-15.86448434274344,original_base
강요,0.0013664517042242129,0.0013578172188034923,0.0027242689230277052,-8.634485420720532e-06,-0.6318910060288344,original_base
윤리,0.0014052929479491036,0.0013176205465564364,0.0027229134945055402,-8.767240139266716e-05,-6.238727769937009,original_base
일방적,0.0014168904832575944,0.0012998851790235824,0.0027167756622811768,-0.000117005304234012,-8.257893296382607,original_base
살해,0.0015102813570488794,0.001204954761598049,0.0027152361186469284,-0.00030532659545083043,-20.216537403828173,original_base
한은,0.0011519460455819005,0.0015625753201091558,0.0027145213656910566,0.00041062927452725534,35.646571825317366,original_base
나타났다,0.001312959731071502,0.0013967019208697834,0.002709661651941285,8.37421897982814e-05,6.37812324449126,original_base
상임위,0.0012959296542782762,0.001412876818430551,0.002708806472708827,0.00011694716415227473,9.024190762684912,original_base
만원,0.0013159072726377135,0.001392212044731257,0.0027081193173689707,7.630477209354353e-05,5.798643542762092,original_base
전투기,0.0016995999658647072,0.0010037850746177147,0.002703385040482422,-0.0006958148912469926,-40.939921465165604,original_base
한도,0.0013265362906187943,0.0013767128934661942,0.0027032491840849886,5.0176602847399904e-05,3.7825277153928325,original_base
청탁,0.00140654467120222,0.0012954091432659444,0.0027019538144681643,-0.00011113552793627548,-7.901315202544139,original_base
흥행,0.0013233387126228538,0.0013782696363944813,0.0027016083490173353,5.493092377162746e-05,4.150934545151673,original_base
대규모,0.0012189026008691168,0.0014802615390597494,0.0026991641399288662,0.00026135893819063255,21.442151161567395,original_base
장기적,0.0012928088807875483,0.001405998889820353,0.0026988077706079014,0.00011319000903280466,8.755355158440125,original_base
입찰,0.001507415369990848,0.001190667681348942,0.00269808305133979,-0.0003167476886419061,-21.01263493444605,original_base
원씩,0.0012798312655128853,0.0014167281302638168,0.002696559395776702,0.00013689686475093152,10.696477609184743,original_base
표준,0.001223462668653264,0.0014728872499317409,0.0026963499185850047,0.0002494245812784768,20.38677498456351,original_base
방북,0.000788317437063905,0.0019078850777436082,0.0026962025148075134,0.0011195676406797032,142.01990061891087,original_base
압수,0.0012178126894455482,0.0014760932498748703,0.0026939059393204182,0.00025828056042932214,21.2085620939714,original_base
과태료,0.0012931617611998563,0.0013984853322641824,0.0026916470934640387,0.00010532357106432608,8.144655543062294,original_base
종류,0.0013663182104888861,0.0013241870902931869,0.002690505300782073,-4.213112019569925e-05,-3.0835510990243042,original_base
성분,0.0014379365120010831,0.0012520520872887323,0.0026899885992898156,-0.00018588442471235088,-12.927164945110656,original_base
일들,0.0012755822404449985,0.0014142626403582394,0.002689844880803238,0.00013868039991324094,10.871929344583931,original_base
시내,0.0015249454580514449,0.0011630997818154868,0.002688045239866932,-0.00036184567623595803,-23.72843397942374,original_base
포착,0.001353322825777896,0.0013321559045214922,0.0026854787302993885,-2.1166921256403825e-05,-1.5640703646771776,original_base
문의,0.0014986486544130862,0.001185291814834627,0.0026839404692477133,-0.00031335683957845915,-20.909293092527992,original_base
발표한,0.001306870221730333,0.0013766860014655109,0.002683556223195844,6.981577973517788e-05,5.342212147334708,original_base
쓰레기,0.0011352040292011642,0.0015480412037217387,0.002683245232922903,0.0004128371745205745,36.366781996984756,original_base
유사,0.001300702135564254,0.001381152607846672,0.0026818547434109257,8.045047228241796e-05,6.185157237980389,original_base
창립,0.0014115247116239797,0.0012703175417941076,0.002681842253418087,-0.00014120716982987213,-10.003875147705436,original_base
입건,0.0015754246389424258,0.0011036912163822966,0.0026791158553247226,-0.00047173342256012925,-29.943255354746857,original_base
연구진,0.0011320448666683471,0.0015452061197285907,0.002677250986396938,0.00041316125306024355,36.49689736027808,original_base
막판,0.0013611028667116505,0.0013147769044834887,0.002675879771195139,-4.632596222816179e-05,-3.403560697809913,original_base
검색,0.0012791042555494508,0.0013965120967465256,0.0026756163522959767,0.00011740784119707482,9.178910998669238,original_base
관세,0.0008027862622316326,0.0018712381050747583,0.0026740243673063907,0.0010684518428431258,133.09294056340482,original_base
교섭,0.0011916154338717318,0.0014814526317196732,0.002673068065591405,0.0002898371978479414,24.323048326608042,original_base
바닥,0.0013449678521628464,0.0013280976782414512,0.0026730655304042974,-1.687017392139529e-05,-1.2543180042754418,original_base
블랙리스트,0.0007971534625390571,0.0018739673430476424,0.0026711208055866997,0.0010768138805085853,135.08238138723837,original_base
가을,0.0014199076856405255,0.001251092497306716,0.0026710001829472413,-0.00016881518833380938,-11.889166460681297,original_base
편의,0.0012877476469670365,0.0013825926612995398,0.0026703403082665765,9.484501433250337e-05,7.365186382276588,original_base
동계,0.0012538750217946685,0.001415394502685369,0.0026692695244800377,0.00016151948089070047,12.881625208509059,original_base
수급,0.0009148289997875526,0.0017525195987654427,0.0026673485985529953,0.0008376905989778902,91.56799786325357,original_base
철거,0.001188842247649215,0.0014784806498886398,0.0026673228975378546,0.00028963840223942476,24.363064385720477,original_base
고용노동부,0.001276008469906292,0.001388681084570884,0.002664689554477176,0.00011267261466459209,8.830083602255915,original_base
각오,0.0014811012715646018,0.0011799921774466354,0.0026610934490112373,-0.0003011090941179664,-20.330081399490094,original_base
개발,0.0010139650939567889,0.0016467280706784417,0.0026606931646352304,0.0006327629767216528,62.40480865592979,original_base
가난,0.0016497989024796787,0.001010439081802963,0.0026602379842826417,-0.0006393598206767158,-38.753803249338205,original_base
실효성,0.0012663193582917644,0.0013935226031307046,0.002659841961422469,0.00012720324483894013,10.04511571319058,original_base
대표단,0.0010691035621444088,0.00158966859233746,0.0026587721544818685,0.0005205650301930511,48.69173096279854,original_base
대립,0.0014200353840078239,0.0012384659906354337,0.0026585013746432576,-0.00018156939337239013,-12.786258386036792,original_base
합격자,0.0014649532941596135,0.0011916151078045355,0.0026565684019641492,-0.000273338186355078,-18.65849153312983,original_base
건수,0.0011519260588086636,0.0015041173784864229,0.0026560434372950867,0.00035219131967775927,30.574125568615052,original_base
국가주석,0.0013018161733742415,0.0013540243072453332,0.002655840480619575,5.2208133871091715e-05,4.010407532099626,original_base
명시,0.0012701864541878264,0.0013855329476429618,0.0026557194018307882,0.00011534649345513537,9.081067828651141,original_base
대입,0.0010885714938601524,0.001566281829248386,0.0026548533231085386,0.0004777103353882336,43.88414891283241,original_base
공군,0.0011705573176200607,0.00148010527138497,0.0026506625890050308,0.00030954795376490936,26.44449349941037,original_base
유플러스,0.0008121473505262786,0.0018366853422076648,0.0026488326927339434,0.0010245379916813862,126.15173724539967,original_base
아이폰,0.0014492420762557204,0.0011964462877637563,0.0026456883640194767,-0.0002527957884919641,-17.44331003313749,original_base
증명,0.0011986186947482921,0.0014467436487926393,0.0026453623435409314,0.00024812495404434717,20.700908064549502,original_base
휴대,0.0014899225807726354,0.0011551957033085014,0.0026451182840811368,-0.00033472687746413394,-22.466058423690257,original_base
현대자동차,0.0014342542390219433,0.0012050047271578265,0.00263925896617977,-0.0002292495118641168,-15.983882468456095,original_base
소셜,0.0009426411172408855,0.0016932501797106863,0.002635891296951572,0.0007506090624698008,79.62829636233528,original_base
수시,0.0013475358758872264,0.00128729276326825,0.0026348286391554765,-6.02431126189764e-05,-4.47061289402124,original_base
콘서트,0.001507165920684723,0.001126465400751319,0.002633631321436042,-0.00038070051993340415,-25.259363598166253,original_base
좋은,0.001434596292307722,0.0011976540672522249,0.002632250359559947,-0.0002369422250554972,-16.516299834732383,original_base
설명회,0.0013959014295782275,0.00123608021746303,0.0026319816470412576,-0.00015982121211519746,-11.449319323606362,original_base
농가,0.0013098776235749097,0.0013201538083692942,0.002630031431944204,1.0276184794384474e-05,0.7845148744765008,original_base
철수,0.0010359690496777071,0.0015929954867679988,0.0026289645364457057,0.0005570264370902917,53.76863693597643,original_base
최다,0.0011282863939322556,0.001499855201298058,0.0026281415952303135,0.0003715688073658023,32.93213579141255,original_base
수익률,0.0012882690755334797,0.0013391574274376728,0.0026274265029711526,5.088835190419309e-05,3.9501337780013017,original_base
상하이,0.0015888025793115348,0.0010385818687634629,0.0026273844480749976,-0.0005502207105480719,-34.63115667816295,original_base
규칙,0.0014313633309069886,0.0011944903502638451,0.0026258536811708338,-0.00023687298064314346,-16.548766866414553,original_base
총수,0.0014648694202180814,0.0011587604300827411,0.0026236298503008225,-0.0003061089901353403,-20.896674195695102,original_base
의존,0.0013675492214652479,0.0012550678876447811,0.002622617109110029,-0.00011248133382046671,-8.225030006594544,original_base
사령관,0.0012209925130607915,0.0014011612209785026,0.002622153734039294,0.00018016870791771108,14.755922414795409,original_base
의학,0.0011714599571036695,0.0014484623809108282,0.0026199223380144977,0.0002770024238071588,23.645914837074127,original_base
교환,0.001252165793408264,0.0013655824030089979,0.002617748196417262,0.0001134166096007339,9.057635194779262,original_base
성사,0.0011913283330319403,0.0014260168375423597,0.0026173451705743,0.00023468850451041938,19.69973331475591,original_base
정체성,0.0014152982460642514,0.0012008132588964722,0.0026161115049607234,-0.0002144849871677792,-15.154755385603865,original_base
요리,0.001533158599041585,0.001081837445940592,0.002614996044982177,-0.000451321153100993,-29.437342841316283,original_base
일선,0.0011084652208907355,0.0015065221523616482,0.002614987373252384,0.0003980569314709127,35.910637877392666,original_base
안심,0.0012630203004949463,0.0013519566205877657,0.002614976921082712,8.89363200928194e-05,7.0415590357468885,original_base
군수,0.0014834093861913096,0.001130963617427022,0.002614373003618332,-0.00035244576876428753,-23.759170735005313,original_base
유로,0.0014863082081463936,0.0011273438965269378,0.0026136521046733314,-0.00035896431161945574,-24.15140477943856,original_base
건설사,0.0011950126726408916,0.0014175631426389225,0.002612575815279814,0.0002225504699980309,18.623272798121082,original_base
단체장,0.0014671329573778646,0.0011430259208496747,0.0026101588782275393,-0.0003241070365281899,-22.09118368572748,original_base
논란이,0.0013056422067516727,0.0013039233196582495,0.002609565526409922,-1.7188870934231864e-06,-0.13165069913752497,original_base
양상,0.001187415380532959,0.0014196655740512636,0.0026070809545842228,0.00023225019351830471,19.559304799813326,original_base
특화,0.0010375250116697204,0.0015675332630202075,0.002605058274689928,0.0005300082513504871,51.083901148323044,original_base
일본인,0.0015706404348769425,0.001034385008064938,0.0026050254429418806,-0.0005362554268120046,-34.14246920581918,original_base
재발,0.0013400277769345628,0.001264762504862814,0.002604790281797377,-7.526527207174873e-05,-5.616694919856437,original_base
충족,0.001147734789927848,0.001457055353690536,0.0026047901436183837,0.00030932056376268787,26.950526069017496,original_base
전무,0.0012177532040640916,0.001386958275317801,0.0026047114793818927,0.0001692050712537095,13.894857405343691,original_base
내수,0.001597157866570788,0.0010075412347865088,0.002604699101357297,-0.0005896166317842792,-36.91661570375809,original_base
건의,0.0011982979653549055,0.00140591633237082,0.0026042142977257257,0.00020761836701591453,17.326105277531973,original_base
용인,0.001391048702709912,0.001212879872941248,0.0026039285756511597,-0.00017816882976866397,-12.808238088398486,original_base
교통사고,0.0014483350181432914,0.0011536599268776062,0.0026019949450208973,-0.0002946750912656852,-20.34578240353859,original_base
시위대,0.0013372511372027425,0.001260395662763206,0.0025976467999659484,-7.685547443953651e-05,-5.747273066471459,original_base
촉진,0.0012099739175628647,0.0013876411601523586,0.0025976150777152233,0.0001776672425894939,14.683559704109337,original_base
김부겸,0.0008422840774328802,0.0017527371235698261,0.002595021201002706,0.0009104530461369459,108.09334647662243,original_base
학기,0.0013867625019629432,0.0012048004270123335,0.0025915629289752764,-0.00018196207495060966,-13.121358177268627,original_base
탄도,0.0009463508321098273,0.0016422787718673674,0.002588629603977195,0.0006959279397575401,73.53804911926946,original_base
산업통상자원부,0.001182560760339665,0.001405707600635326,0.0025882683609749907,0.00022314684029566098,18.869799149395664,original_base
과세,0.0011357619849135278,0.0014518533788969172,0.002587615363810445,0.00031609139398338943,27.830777767003294,original_base
다짐,0.0013895853768477078,0.0011979339896397638,0.0025875193664874714,-0.00019165138720794402,-13.79198359461062,original_base
조례,0.0012747259086974248,0.001311787399803231,0.002586513308500656,3.7061491105806104e-05,2.9074086321566406,original_base
정세,0.0011570659625312696,0.001429220770537308,0.0025862867330685773,0.0002721548080060383,23.521114337393133,original_base
미국인,0.0012120897271639963,0.0013732005792403764,0.002585290306404373,0.00016111085207638006,13.291990556948404,original_base
정무,0.0012709015930378537,0.0013117570572704163,0.0025826586503082697,4.085546423256256e-05,3.21468353304249,original_base
박물관,0.0014214843556172563,0.0011606352040580037,0.00258211955967526,-0.0002608491515592526,-18.35047642476397,original_base
한겨레,0.0014439355952194153,0.001134574900042803,0.0025785104952622184,-0.0003093606951766123,-21.424826439686388,original_base
사각지대,0.001094065924482236,0.0014818437787685595,0.0025759097032507956,0.0003877778542863235,35.44373749414035,original_base
복무,0.0011099741184855075,0.0014636827477154386,0.002573656866200946,0.00035370862922993107,31.866385291266525,original_base
해경,0.0016908907310046381,0.0008809318450087918,0.00257182257601343,-0.0008099588859958463,-47.90131444594362,original_base
트위,0.0011846832748375236,0.001386895437728527,0.0025715787125660506,0.00020221216289100343,17.068879690121086,original_base
처음,0.0013171805423555568,0.0012534052565582943,0.002570585798913851,-6.377528579726245e-05,-4.841802907535442,original_base
삼성물산,0.001310358474909659,0.0012601249936023678,0.002570483468512027,-5.0233481307291336e-05,-3.8335678571281506,original_base
물류,0.0009243502956717745,0.0016452243440392069,0.0025695746397109815,0.0007208740483674324,77.98710637546071,original_base
대답,0.0014687818543912842,0.0010992184160014678,0.002568000270392752,-0.00036956343838981647,-25.161220319063432,original_base
서울중앙지법,0.0010893163319907954,0.0014784521360089301,0.0025677684679997256,0.0003891358040181347,35.722938561562195,original_base
여년,0.0014419538287607063,0.0011250795073098091,0.0025670333360705154,-0.0003168743214508971,-21.97534450345308,original_base
재미,0.0014060592523506387,0.0011607086215152636,0.0025667678738659026,-0.0002453506308353751,-17.449522872183366,original_base
확신,0.0012173768216935182,0.0013481464295353172,0.0025655232512288356,0.000130769607841799,10.741917006427204,original_base
부모님,0.0013570715396055704,0.001207483431147112,0.0025645549707526824,-0.00014958810845845834,-11.022860924630088,original_base
검거,0.001637242830953307,0.0009252174211352971,0.0025624602520886042,-0.0007120254098180099,-43.48929776063966,original_base
대권,0.001355874039995389,0.001206269127312129,0.002562143167307518,-0.00014960491268325993,-11.03383561232345,original_base
다음날,0.0013561685942001611,0.0012056542634874083,0.0025618228576875695,-0.00015051433071275279,-11.098496997825176,original_base
결심,0.0012798221842634644,0.0012819487922720923,0.002561770976535557,2.126608008627901e-06,0.16616433398142416,original_base
최신,0.0011696865270248479,0.001392000739117604,0.002561687266142452,0.00022231421209275605,19.006306985361505,original_base
본질,0.0013240463924444551,0.0012356490721396037,0.0025596954645840586,-8.839732030485148e-05,-6.676300831245974,original_base
소방,0.0011453565681608256,0.0014142546474571482,0.002559611215617974,0.0002688980792963226,23.477237287608165,original_base
오른쪽,0.0016569601180683642,0.0009021627661402467,0.002559122884208611,-0.0007547973519281175,-45.55313937236089,original_base
처장,0.0011613524697546285,0.0013967668012421892,0.0025581192709968176,0.0002354143314875607,20.270704856493673,original_base
문체부,0.001405298419374481,0.0011526331636003456,0.0025579315829748267,-0.0002526652557741354,-17.97947341936102,original_base
감면,0.0012734816909503322,0.0012842856529552483,0.0025577673439055805,1.0803962004916033e-05,0.8483798457167927,original_base
뮤지컬,0.0016186803265818626,0.0009388031204406495,0.002557483447022512,-0.0006798772061412131,-42.001944113134265,original_base
지지도,0.0011168763050355762,0.0014399572249637485,0.0025568335299993245,0.0003230809199281724,28.92718902456089,original_base
방안을,0.001245656478963051,0.0013111644990991404,0.0025568209780621916,6.550802013608934e-05,5.2589153785497595,original_base
운명,0.0013620165084292733,0.0011946447748110438,0.002556661283240317,-0.00016737173361822946,-12.288524594408083,original_base
열어,0.0015214235476724565,0.0010345085268863136,0.00255593207455877,-0.00048691502078614286,-32.0039098600155,original_base
결의안,0.0014342681863415774,0.0011207165305730576,0.002554984716914635,-0.0003135516557685198,-21.861438380523772,original_base
아이돌,0.0012843345154075535,0.001266888390106596,0.0025512229055141495,-1.74461253009575e-05,-1.358378607104659,original_base
공직선거법,0.0010921457342372876,0.0014586258610548605,0.0025507715952921483,0.0003664801268175729,33.555972919081945,original_base
공학,0.0013221108491271625,0.0012283580077488544,0.002550468856876017,-9.375284137830807e-05,-7.091148328462948,original_base
공식적,0.0012025989431843887,0.0013429155628413567,0.002545514506025745,0.00014031661965696802,11.667781719932375,original_base
트랙,0.0008684050983471941,0.0016765011375753484,0.0025449062359225423,0.0008080960392281543,93.05519287786034,original_base
기자간담회,0.0012158408904657484,0.0013286844689631742,0.0025445253594289226,0.0001128435784974258,9.281113950214255,original_base
월부터,0.0013339103077638827,0.001209617383909644,0.002543527691673527,-0.0001242929238542388,-9.3179371304656,original_base
소형,0.0012296256396699793,0.001312472949737576,0.0025420985894075553,8.284731006759664e-05,6.737604307749481,original_base
중반,0.0014607778660500439,0.0010809162664442808,0.0025416941324943247,-0.00037986159960576305,-26.004063207290518,original_base
소집,0.0010133196277272616,0.0015278567223459087,0.00254117635007317,0.0005145370946186471,50.77737374659208,original_base
진심,0.0011640598376256295,0.0013750324148584308,0.0025390922524840603,0.0002109725772328013,18.123860167113822,original_base
서구,0.0013717008410245569,0.0011661845496498623,0.002537885390674419,-0.00020551629137469454,-14.98258842075138,original_base
때문이다,0.0014438434450890806,0.0010932697045472092,0.00253711314963629,-0.0003505737405418714,-24.280592313125894,original_base
민주노총,0.001193001606445004,0.0013438141756799858,0.0025368157821249898,0.0001508125692349818,12.641438906724062,original_base
인턴,0.0013671034101869215,0.0011692028094122495,0.0025363062195991708,-0.00019790060077467197,-14.475905721544018,original_base
중시,0.0013556362278913942,0.0011800663067229136,0.0025357025346143076,-0.00017556992116848067,-12.951108679174833,original_base
부자,0.0014503977810054183,0.0010846827619209703,0.0025350805429263886,-0.00036571501908444796,-25.214808232189494,original_base
그래픽,0.000983197423707565,0.0015469706345699497,0.002530168058277515,0.0005637732108623847,57.34079415469148,original_base
독재,0.0014730478134466999,0.0010566482040139523,0.0025296960174606524,-0.00041639960943274756,-28.267895015467154,original_base
학력,0.0013381236101913014,0.001188090435054745,0.002526214045246046,-0.00015003317513655645,-11.212205957199076,original_base
놓고,0.001357496791110521,0.001168417412657543,0.002525914203768064,-0.00018907937845297792,-13.928532258135112,original_base
투자자들,0.0010492647967040298,0.0014762076422341927,0.0025254724389382225,0.00042694284553016285,40.68971406181582,original_base
개통,0.0011938267721832122,0.0013305066695903332,0.0025243334417735454,0.00013667989740712106,11.448888615319586,original_base
고소,0.0010262292706615722,0.0014977260327728127,0.002523955303434385,0.0004714967621112405,45.944583300307144,original_base
모양새,0.0011205792806703555,0.0014026067831632559,0.0025231860638336113,0.0002820275024929004,25.168009739050795,original_base
발탁,0.0011955598764078936,0.0013271775036929343,0.002522737380100828,0.00013161762728504064,11.008869558293553,original_base
시신,0.0013705519738791794,0.001151826989104685,0.002522378962983864,-0.00021872498477449437,-15.958897505756028,original_base
수장,0.0012844571643002341,0.001236734265715098,0.0025211914300153323,-4.7722898585136246e-05,-3.715413788137921,original_base
충청,0.001208497841105968,0.0013124342919775577,0.002520932133083526,0.00010393645087158963,8.600466408485365,original_base
유발,0.0012688396697962318,0.0012515068204584433,0.002520346490254675,-1.733284933778858e-05,-1.3660393626069502,original_base
복구,0.0009684379496124406,0.0015483868214940643,0.002516824771106505,0.0005799488718816237,59.884979942567675,original_base
승용차,0.0013896616995608226,0.001127145931737379,0.0025168076312982015,-0.00026251576782344356,-18.890624092641172,original_base
방위,0.001398047672591523,0.0011183961613427202,0.002516443833934243,-0.00027965151124880274,-20.00300252497258,original_base
정면,0.0013467109668590272,0.0011688897731641555,0.0025156007400231827,-0.00017782119369487166,-13.204109721450413,original_base
변신,0.0014156213492929855,0.0010993567674561966,0.002514978116749182,-0.00031626458183678895,-22.34104352797048,original_base
조명,0.0012373197016170032,0.0012769923896233514,0.0025143120912403546,3.967268800634822e-05,3.206340928258201,original_base
억제,0.0010471983307737951,0.0014659248976640195,0.0025131232284378146,0.00041872656689022434,39.98541198789146,original_base
영광,0.0012706467332271726,0.0012419723794742103,0.0025126191127013827,-2.867435375296227e-05,-2.2566739443098798,original_base
성폭행,0.001074740045669511,0.001437753583328742,0.002512493628998253,0.0003630135376592311,33.77686903190541,original_base
국산,0.0012084571276933308,0.0013033102788823066,0.0025117674065756376,9.485315118897583e-05,7.849111814999087,original_base
고객들,0.001253917809984488,0.0012576758981715317,0.0025115937081560194,3.758088187043795e-06,0.29970769671819925,original_base
불신,0.001342956430340888,0.0011646471325474595,0.0025076035628883477,-0.00017830929779342835,-13.277370267936941,original_base
유형,0.0012896840479991226,0.0012155776603239707,0.0025052617083230933,-7.410638767515196e-05,-5.746088570307134,original_base
농단,0.0009675361981144275,0.001533800765501799,0.0025013369636162266,0.0005662645673873715,58.526447743343354,original_base
기후변화,0.0009309339588452939,0.001570316866968191,0.002501250825813485,0.0006393829081228972,68.68187609311954,original_base
과거사,0.0015962624369248734,0.0009040719348658042,0.0025003343717906776,-0.0006921905020590692,-43.36320181739931,original_base
포털,0.0013625999179206912,0.001136750952586592,0.0024993508705072835,-0.00022584896533409918,-16.574855345561858,original_base
사내,0.0012176862416063605,0.0012800997878339854,0.002497786029440346,6.241354622762486e-05,5.125585236578635,original_base
조직원,0.0016640389280309258,0.0008332606289025732,0.002497299556933499,-0.0008307782991283526,-49.92541250891414,original_base
실내,0.0008407445648984988,0.0016549888039879997,0.0024957333688864986,0.0008142442390895009,96.84799320561802,original_base
크게,0.0013185773660497199,0.0011763582819555817,0.0024949356480053015,-0.0001422190840941382,-10.785797462928354,original_base
기업인,0.001258533088580205,0.0012361728894850102,0.0024947059780652155,-2.236019909519489e-05,-1.7766874226898721,original_base
전투,0.0013054367741541504,0.0011888705205621043,0.0024943072947162547,-0.00011656625359204604,-8.929291398855714,original_base
광주시,0.0011392936109991844,0.0013543094290545904,0.002493603040053775,0.000215015818055406,18.87273096061977,original_base
보증금,0.0010451109335747448,0.0014474834003549834,0.0024925943339297284,0.0004023724667802386,38.500455200860415,original_base
공헌,0.0013255457239259509,0.0011658912732620372,0.002491436997187988,-0.0001596544506639137,-12.044431797573548,original_base
고개,0.0013020385634229389,0.001188163965171826,0.0024902025285947647,-0.00011387459825111285,-8.745869857475425,original_base
그러나,0.0015344500153019114,0.0009556213660894038,0.002490071381391315,-0.0005788286492125075,-37.72222251883648,original_base
왼쪽,0.0016038982166384278,0.0008852423483481309,0.0024891405649865588,-0.0007186558682902969,-44.80682507375753,original_base
비대,0.0012485219949382414,0.0012395583641757436,0.0024880803591139852,-8.963630762497858e-06,-0.7179393554008832,original_base
조처,0.0011495259903763014,0.0013375143789208649,0.002487040369297166,0.00018798838854456354,16.353557041631124,original_base
격려,0.0011735275282245244,0.0013119002966039575,0.0024854278248284817,0.0001383727683794331,11.791182145405884,original_base
보관,0.001215721721210978,0.0012681257145693218,0.0024838474357803,5.2403993358343844e-05,4.310525381264417,original_base
성장률,0.0011914464620313271,0.001289911431665121,0.0024813578936964484,9.846496963379398e-05,8.264321794696386,original_base
인연,0.0013279660963455943,0.001153143111194688,0.0024811092075402823,-0.00017482298515090642,-13.164717505363924,original_base
동아시아,0.0016064787184412752,0.0008743646280006422,0.0024808433464419176,-0.0007321140904406329,-45.57259813257809,original_base
순방,0.0014407591063995417,0.0010366560226511819,0.0024774151290507234,-0.00040410308374835987,-28.047928481133383,original_base
지금,0.0013035904811720166,0.0011737042979384081,0.0024772947791104247,-0.00012988618323360847,-9.96372596375757,original_base
용어,0.0012647080831689685,0.0012113191148983445,0.002476027198067313,-5.338896827062397e-05,-4.221445959042792,original_base
선포,0.0013383724449738377,0.0011368848723685243,0.0024752573173423623,-0.0002014875726053134,-15.05467131828555,original_base
연루,0.0011364932878702354,0.0013386866434051039,0.002475179931275339,0.0002021933555348685,17.790985454368553,original_base
파트너,0.0010610032726565196,0.001412662765151746,0.0024736660378082654,0.0003516594924952265,33.14405351594706,original_base
된다,0.0013194996649015466,0.0011535715438767257,0.0024730712087782723,-0.0001659281210248209,-12.57507867856878,original_base
수차례,0.0011037341072252793,0.001368678097848053,0.0024724122050733322,0.0002649439906227736,24.004331196109067,original_base
효율적,0.0011694226512977564,0.0013017418161190334,0.00247116446741679,0.00013231916482127695,11.31491378882023,original_base
지역사회,0.0009889641259462007,0.001481874985382671,0.0024708391113288718,0.0004929108594364704,49.84112633659723,original_base
여사,0.0009529068983614279,0.001517486755796191,0.002470393654157619,0.0005645798574347631,59.24816562935865,original_base
흥미,0.001364959046844265,0.0011035055567645662,0.0024684646036088314,-0.00026145349007969886,-19.15467652191981,original_base
용역,0.0012736900397312195,0.0011929936781665917,0.0024666837178978114,-8.069636156462774e-05,-6.335635754964112,original_base
간호사,0.0010783194875757264,0.001386399068744926,0.002464718556320652,0.0003080795811691995,28.57034345746851,original_base
세제,0.0010877887445461026,0.0013758193279311095,0.002463608072477212,0.00028803058338500685,26.47854050973769,original_base
감동,0.0014369550628324111,0.0010260288934303445,0.002462983956262756,-0.00041092616940206664,-28.59700905274531,original_base
북한군,0.001074081525246126,0.0013838479958205264,0.0024579295210666527,0.00030976647057440036,28.840126498164775,original_base
문구,0.0010916739017382715,0.0013642217149117195,0.002455895616649991,0.000272547813173448,24.96604643011712,original_base
울산시,0.0009851492226318926,0.0014706448184926475,0.0024557940411245403,0.0004854955958607549,49.281427088144135,original_base
국무회의,0.0013693386626272995,0.0010861869600850493,0.0024555256227123488,-0.0002831517025422502,-20.67798932946051,original_base
아닌,0.0011427417529096494,0.001311692576103697,0.002454434329013346,0.0001689508231940476,14.784689783484762,original_base
눈치,0.001289682595339075,0.001164120393387014,0.002453802988726089,-0.00012556220195206105,-9.735899546589527,original_base
대리,0.0012235019004664333,0.0012295112344716736,0.002453013134938107,6.0093340052403115e-06,0.4911585346086822,original_base
한전,0.0013220847710144882,0.0011305735170012436,0.002452658288015732,-0.00019151125401324458,-14.485550262128077,original_base
계열,0.001312406880581818,0.0011380765318426214,0.0024504834124244395,-0.0001743303487391967,-13.283254706948222,original_base
조달,0.0010863618289562835,0.0013640893915499526,0.002450451220506236,0.0002777275625936691,25.564922771678606,original_base
수비,0.001461435634259316,0.000987984305591503,0.002449419939850819,-0.00047345132866781297,-32.39631753660963,original_base
정권교체,0.0009760066244160004,0.0014730200040094213,0.002449026628425422,0.0004970133795934209,50.923156376198975,original_base
이라는,0.0012623114398771379,0.0011863028582072108,0.002448614298084349,-7.600858166992709e-05,-6.021381037101675,original_base
성과를,0.0012524006599588927,0.0011941425891627414,0.002446543249121634,-5.825807079615133e-05,-4.651711920853149,original_base
공기,0.0010858016883311442,0.0013607414269766688,0.002446543115307813,0.0002749397386455246,25.321358550114393,original_base
국회에서,0.001263048478086662,0.0011831698428750996,0.0024462183209617615,-7.987863521156241e-05,-6.324273105697981,original_base
중점,0.0012023547249457246,0.0012404470561628266,0.002442801781108551,3.809233121710191e-05,3.16814417798553,original_base
태풍,0.0010905638565301523,0.0013512845538968736,0.0024418484104270256,0.0002607206973667213,23.906962972003907,original_base
테스트,0.001157470979244182,0.0012833066681876288,0.0024407776474318107,0.00012583568894344692,10.871606390133124,original_base
국어,0.0014938507124472513,0.0009456184946857145,0.002439469207132966,-0.0005482322177615367,-36.699264069259875,original_base
대담,0.0008464990979325724,0.001592360703560545,0.0024388598014931174,0.0007458616056279726,88.11132905511778,original_base
참고,0.0010634319827317613,0.0013735869285122768,0.002437018911244038,0.0003101549457805155,29.16547092967662,original_base
편집,0.0013260832236887546,0.0011098278571351837,0.0024359110808239385,-0.00021625536655357097,-16.30782764538829,original_base
좌우,0.0013072139149601127,0.0011262082684763437,0.0024334221834364563,-0.000181005646483769,-13.846673785544278,original_base
게시판,0.0008575988417789881,0.0015746130840242297,0.002432211925803218,0.0007170142422452416,83.60718407197002,original_base
중순,0.0011004006242141826,0.0013309639753198274,0.00243136459953401,0.0002305633511056448,20.952673601970606,original_base
화장실,0.0012357437822817807,0.0011933926462635545,0.002429136428545335,-4.235113601822613e-05,-3.4271777552483775,original_base
초래,0.0012635973813099155,0.0011646774439173736,0.002428274825227289,-9.891993739254189e-05,-7.8284379863145945,original_base
종합적,0.001044609830746362,0.0013836421134973435,0.0024282519442437056,0.00033903228275098144,32.45539844371814,original_base
여러,0.0011708275570896547,0.0012573219444760896,0.0024281495015657443,8.649438738643489e-05,7.387457432368214,original_base
독점,0.001191933661368804,0.0012358503739837781,0.002427784035352582,4.3916712614974155e-05,3.684493024934011,original_base
국감,0.001173498384940743,0.0012520600072955116,0.0024255583922362543,7.856162235476863e-05,6.694651084563332,original_base
상향,0.0008471509797935618,0.0015782865380208422,0.002425437517814404,0.0007311355582272804,86.30522488511403,original_base
동결,0.0011226466469730855,0.0013026003404253083,0.0024252469873983938,0.00017995369345222278,16.029415305111318,original_base
경위,0.0011902229648915242,0.0012341337625481324,0.0024243567274396566,4.391079765660817e-05,3.6892917505259324,original_base
대통령과,0.0010169205886555858,0.0014064728188861574,0.0024233934075417432,0.0003895522302305716,38.30704526747531,original_base
출국,0.0010515179152670656,0.001369234604906112,0.0024207525201731775,0.0003177166896390464,30.21505245189783,original_base
발목,0.0013047458004582617,0.0011158190798055462,0.002420564880263808,-0.00018892672065271552,-14.479963881574434,original_base
국정감사,0.001212559847160318,0.001202784608736633,0.002415344455896951,-9.775238423684936e-06,-0.8061654397164373,original_base
준수,0.0008784498391956003,0.0015352812940441758,0.002413731133239776,0.0006568314548485756,74.77165178264914,original_base
정상적,0.0012412329106902577,0.0011723802303248573,0.0024136131410151147,-6.885268036540041e-05,-5.547120107144999,original_base
협박,0.0012755413839324302,0.0011375850472524704,0.0024131264311849005,-0.0001379563366799598,-10.815512410475254,original_base
직접적,0.0011775430041579922,0.0012349703105892036,0.002412513314747196,5.742730643121144e-05,4.876875513542294,original_base
횡령,0.0012773461652850347,0.0011350731788956744,0.002412419344180709,-0.0001422729863893603,-11.13816992260768,original_base
년부터,0.0013037993747179496,0.0011055390927381557,0.0024093384674561055,-0.00019826028197979391,-15.206348907989273,original_base
임무,0.001206469540846387,0.0012009501884029591,0.002407419729249346,-5.519352443427794e-06,-0.4574796343018943,original_base
과시,0.001291839201282271,0.0011151933974573893,0.00240703259873966,-0.00017664580382488167,-13.67397766297417,original_base
채무,0.00126110579660349,0.001145645830702269,0.002406751627305759,-0.00011545996590122103,-9.155454380765434,original_base
최고경영자,0.001250437679717432,0.001154629015753243,0.002405066695470675,-9.580866396418893e-05,-7.662010311928485,original_base
상식,0.0011273984869076049,0.0012765566581491262,0.002403955145056731,0.00014915817124152133,13.230297270546673,original_base
국경,0.0009731321851254379,0.0014306239967691297,0.0024037561818945675,0.0004574918116436918,47.01229890826399,original_base
안건,0.0009272088358477407,0.0014753294920612143,0.0024025383279089553,0.0005481206562134736,59.115124341144856,original_base
종전,0.000926093462472243,0.0014754402820340554,0.0024015337445062986,0.0005493468195618123,59.31872341429874,original_base
병역,0.0009339449285671827,0.0014675782781327356,0.0024015232066999185,0.0005336333495655529,57.13756060373172,original_base
책임감,0.0011472366824218214,0.0012542682291816535,0.0024015049116034746,0.00010703154675983212,9.329508757851787,original_base
좌파,0.001231163862693757,0.0011692926175988535,0.002400456480292611,-6.187124509490359e-05,-5.025427318791731,original_base
강사,0.0012063838203459402,0.001193347663146857,0.0023997314834927974,-1.3036157199083085e-05,-1.0805978146610804,original_base
구호,0.001322660059479949,0.0010769708622511284,0.0023996309217310776,-0.0002456891972288206,-18.575384919797315,original_base
근처,0.0012140327360442575,0.0011853717704434909,0.0023994045064877484,-2.8660965600766676e-05,-2.36080665288764,original_base
단기,0.001007148315427446,0.001391628125225313,0.002398776440652759,0.00038447980979786707,38.17509337089932,original_base
하위,0.0012491109653622369,0.0011493833581458078,0.0023984943235080447,-9.972760721642902e-05,-7.983886938940484,original_base
신체,0.001130932130342443,0.0012659739720811912,0.0023969061024236345,0.00013504184173874817,11.940755604658424,original_base
후배,0.0012054174584395425,0.0011892562470560725,0.002394673705495615,-1.616121138346997e-05,-1.3407148926141534,original_base
약자,0.0011346783211140272,0.001258498820738669,0.002393177141852696,0.00012382049962464175,10.912387883032329,original_base
소수,0.0011863577882823258,0.0012065689155526943,0.00239292670383502,2.021112727036852e-05,1.703628321067568,original_base
자민당,0.0011988158503545784,0.0011931501176954983,0.002391965968050077,-5.665732659080073e-06,-0.47261075647308953,original_base
변동,0.0010460437431916803,0.0013437752299583186,0.002389818973149999,0.00029773148676663836,28.46262297389232,original_base
기준금리,0.0011278761688658806,0.0012618169482754061,0.0023896931171412867,0.00013394077940952556,11.8754862552161,original_base
칼럼,0.0013259864768529457,0.0010633491395314989,0.0023893356163844446,-0.00026263733732144684,-19.806939354674412,original_base
유해,0.0009232906959889233,0.0014639887102168411,0.0023872794062057643,0.0005406980142279178,58.56205597834862,original_base
청장,0.0010679989305419071,0.0013192054886680398,0.0023872044192099467,0.0002512065581261327,23.521236861039686,original_base
활력,0.001037678647360669,0.001349485597668844,0.002387164245029513,0.000311806950308175,30.048507898013955,original_base
배당,0.001091088884085178,0.0012960042763500606,0.0023870931604352387,0.00020491539226488264,18.780815683654744,original_base
설문,0.001207749466226763,0.0011786419389335121,0.002386391405160275,-2.910752729325095e-05,-2.41006335396598,original_base
남부,0.0011886701478689425,0.0011955304845280386,0.002384200632396981,6.860336659096026e-06,0.5771438503267953,original_base
이론,0.0014146848848272057,0.0009691305781831595,0.0023838154630103654,-0.0004455543066440462,-31.494950672245835,original_base
대법관,0.0010716747426258164,0.0013115674226099607,0.002383242165235777,0.0002398926799841443,22.384840329105778,original_base
소감,0.001210406786447432,0.0011723103875097088,0.0023827171739571407,-3.8096398937723184e-05,-3.147404605152362,original_base
환자들,0.0012344924346865693,0.0011481197827022062,0.0023826122173887755,-8.637265198436312e-05,-6.996612498989729,original_base
주간,0.0010800802477659286,0.0013021380058348294,0.0023822182536007578,0.00022205775806890073,20.559375891579528,original_base
예외,0.0010733734031917559,0.0013078081808466037,0.00238118158403836,0.0002344347776548478,21.840934101566006,original_base
납부,0.0011544851865161994,0.0012249007021991462,0.0023793858887153456,7.041551568294675e-05,6.099300060785899,original_base
위헌,0.0013644602768190027,0.0010135629367616068,0.0023780232135806097,-0.00035089734005739584,-25.716933355909106,original_base
헌법재판소,0.0016521169560423654,0.0007254841332792435,0.002377601089321609,-0.0009266328227631219,-56.087604414088474,original_base
역사적,0.0010985342546201138,0.0012766549284206482,0.002375189183040762,0.0001781206738005344,16.21439413940994,original_base
사표,0.0012952811072983945,0.0010797405610283085,0.0023750216683267027,-0.00021554054627008598,-16.64044546435524,original_base
도지사,0.0012134360849959836,0.001161037221273647,0.0023744733062696305,-5.239886372233665e-05,-4.318221978911241,original_base
자격증,0.0013139097518612682,0.0010603030426346355,0.0023742127944959036,-0.0002536067092266327,-19.301684066761556,original_base
있었다,0.0013187589986806238,0.0010548537708139007,0.0023736127694945243,-0.00026390522786672315,-20.011634281225902,original_base
부장판사,0.000939785768707165,0.0014338031975920532,0.002373588966299218,0.0004940174288848881,52.56702594725318,original_base
신년사,0.0008518827354455402,0.0015194841753908255,0.0023713669108363657,0.0006676014399452854,78.36776262358757,original_base
수년,0.0011550807227541761,0.0012160304579762033,0.0023711111807303794,6.094973522202717e-05,5.276664567364482,original_base
호흡,0.0012258291644613453,0.0011444986159495965,0.002370327780410942,-8.133054851174873e-05,-6.634737602077452,original_base
손학규,0.0010460880538928792,0.0013231006390653666,0.002369188692958246,0.0002770125851724874,26.48080954004029,original_base
맞아,0.0012674393388400463,0.0011016154296326231,0.0023690547684726694,-0.00016582390920742316,-13.08338033433492,original_base
한쪽,0.0012413480254132784,0.0011268599459037679,0.0023682079713170465,-0.00011448807950951057,-9.22288328217982,original_base
해상,0.0010533650101991882,0.0013142730035623517,0.0023676380137615397,0.00026090799336316354,24.76900132783285,original_base
장거리,0.0014733118640013183,0.0008941758099758118,0.00236748767397713,-0.0005791360540255066,-39.30844977061749,original_base
정서,0.001234513923700086,0.0011317645387196272,0.002366278462419713,-0.00010274938498045882,-8.323064082784768,original_base
침묵,0.0011567967243577427,0.0012083392050819403,0.002365135929439683,5.154248072419755e-05,4.45562125470351,original_base
기존,0.0010371294842086065,0.0013277720379024146,0.002364901522111021,0.00029064255369380806,28.023748058381177,original_base
사무,0.0011646689741754348,0.0012000351912514662,0.002364704165426901,3.536621707603141e-05,3.03658961131596,original_base
고령화,0.0011857354748504396,0.0011774940961842449,0.0023632295710346845,-8.241378666194732e-06,-0.6950436114120851,original_base
공익,0.0010043296567049192,0.0013578993177101736,0.002362228974415093,0.0003535696610052544,35.20454251697321,original_base
퇴임,0.0011555163456744007,0.0012062576759786876,0.0023617740216530883,5.074133030428694e-05,4.391225662383208,original_base
협력사,0.0010895014035834142,0.001272139543285041,0.002361640946868455,0.00018263813970162673,16.763460707891014,original_base
중앙은행,0.001075315547023209,0.0012857223325889048,0.002361037879612114,0.00021040678556569583,19.56698070144749,original_base
아이템,0.0010090832921161748,0.001347872679658554,0.002356955971774729,0.0003387893875423792,33.57397651802312,original_base
손님,0.0011834448590220014,0.0011734888737888265,0.002356933732810828,-9.955985233174851e-06,-0.841271577401796,original_base
염두,0.0010777051711050529,0.0012787610851797459,0.0023564662562847987,0.000201055914074693,18.655929234201885,original_base
노하우,0.0011507686806421715,0.0012049938291467516,0.002355762509788923,5.422514850458014e-05,4.712080665448811,original_base
음식점,0.0011167138356910791,0.001238593806669987,0.0023553076423610663,0.00012187997097890782,10.914163242500019,original_base
발간,0.0012328455515292426,0.001121685223436772,0.0023545307749660146,-0.00011116032809247063,-9.016565615586272,original_base
한나라당,0.0016427747226738039,0.0007110258162329268,0.0023538005389067305,-0.000931748906440877,-56.71799630106001,original_base
이화여대,0.0015221198379285245,0.0008304460046841182,0.002352565842612643,-0.0006916738332444063,-45.441483384495896,original_base
코치,0.0013028428406454302,0.001049709689147333,0.0023525525297927634,-0.0002531331514980973,-19.42929289711526,original_base
인민,0.0012909552226420533,0.001059876701556221,0.0023508319241982746,-0.00023107852108583227,-17.899809151622605,original_base
평가를,0.001229212176127898,0.0011196475890969894,0.0023488597652248874,-0.00010956458703090862,-8.913399098928918,original_base
결과적,0.0011564180070080632,0.001191567469666192,0.002347985476674255,3.5149462658128766e-05,3.0395118759062774,original_base
원을,0.0013168342097049834,0.001029293656327194,0.0023461278660321773,-0.00028754055337778953,-21.835744489217713,original_base
대우,0.0013181671801180395,0.0010264031450082443,0.0023445703251262838,-0.0002917640351097952,-22.134069146196484,original_base
금융당국,0.0012145357750897603,0.0011294698719085143,0.0023440056469982745,-8.506590318124599e-05,-7.003984973185265,original_base
추모,0.001219770214100042,0.0011214917800038936,0.0023412619941039353,-9.827843409614839e-05,-8.057126904730918,original_base
단행,0.0010731958799264315,0.0012669927250577137,0.0023401886049841452,0.00019379684513128222,18.057919225758408,original_base
출입,0.0010597224337713976,0.0012802424519161464,0.002339964885687544,0.00022052001814474882,20.809224294700474,original_base
입장을,0.0009625770401580793,0.0013763095511991738,0.002338886591357253,0.0004137325110410945,42.981755618558,original_base
한정,0.0010581666013461076,0.001280380266869178,0.0023385468682152856,0.00022221366552307043,20.99987518415243,original_base
있어,0.0011818926753064585,0.0011558573361950283,0.002337750011501487,-2.6035339111430116e-05,-2.2028513802811487,original_base
담당관,0.0013094886657901174,0.001025436196167229,0.002334924861957346,-0.00028405246962288845,-21.69186164368191,original_base
포장,0.0010307221538235877,0.001303775957670834,0.0023344981114944217,0.00027305380384724624,26.49150431416656,original_base
근절,0.0011088635882348487,0.001223075183289267,0.002331938771524116,0.0001142115950544182,10.299877844868783,original_base
일관,0.0011627118795958186,0.0011671853896008074,0.002329897269196626,4.473510004988825e-06,0.38474794000934304,original_base
담배,0.0013996786360314982,0.0009277984089453719,0.00232747704497687,-0.0004718802270861263,-33.71346928778208,original_base
일치,0.0012938463358373353,0.0010333754053214457,0.002327221741158781,-0.00026047093051588966,-20.131519740891125,original_base
라운드,0.0013435092116818059,0.0009828792343773572,0.002326388446059163,-0.00036062997730444864,-26.84238962924651,original_base
배정,0.0009775665846788251,0.0013475127657591747,0.0023250793504379997,0.0003699461810803496,37.843578829148875,original_base
등록금,0.0013953682494411478,0.0009277479705332427,0.0023231162199743903,-0.0004676202789079051,-33.51232042833062,original_base
도중,0.001178859242485327,0.00114392772648396,0.002322786968969287,-3.493151600136683e-05,-2.9631625848496173,original_base
장르,0.0011644153966983003,0.0011572841141195185,0.0023216995108178186,-7.131282578781836e-06,-0.6124345829677782,original_base
통신사,0.0010068325277493484,0.0013143391097335962,0.0023211716374829444,0.00030750658198424783,30.5419792774913,original_base
국정원장,0.0014557680711538145,0.0008645387351737645,0.0023203068063275788,-0.00059122933598005,-40.61287973649901,original_base
한국의,0.0012830050181770888,0.0010367564343407353,0.002319761452517824,-0.0002462485838363535,-19.193111511459783,original_base
아세안,0.0008116068652011388,0.0015079961536304156,0.0023196030188315543,0.0006963892884292768,85.8037700625773,original_base
병행,0.0011310829188692488,0.001187649393598662,0.0023187323124679105,5.65664747294132e-05,5.0010899984205475,original_base
방송사,0.0012537435992426172,0.0010646335616209886,0.002318377160863606,-0.00018911003762162861,-15.083629358974948,original_base
양당,0.0010091791031749818,0.0013090864633822086,0.0023182655665571904,0.00029990736020722676,29.717951874319155,original_base
오염,0.0010795390033688454,0.0012360051424880805,0.0023155441458569256,0.00015646613911923508,14.493792130804135,original_base
견해,0.0013205587846389479,0.000994749516962947,0.002315308301601895,-0.000325809267676001,-24.672076053401895,original_base
높이,0.0012314087203997696,0.0010825776911803277,0.0023139864115800973,-0.00014883102921944185,-12.086241290472973,original_base
표결,0.0011646409297259462,0.0011487368849627839,0.00231337781468873,-1.5904044763162322e-05,-1.3655749473706658,original_base
유네스코,0.0013900614941673162,0.000922677936903723,0.0023127394310710394,-0.00046738355726359316,-33.62322884453168,original_base
않는,0.0012659021875673358,0.001046528685472917,0.002312430873040253,-0.0002193735020944187,-17.329419622536975,original_base
현대차그룹,0.0008545332507825042,0.0014560139727210228,0.002310547223503527,0.0006014807219385186,70.38704712633907,original_base
최우선,0.00100821985157867,0.001300152806940965,0.002308372658519635,0.00029193295536229487,28.955287371617054,original_base
연주,0.0014537915491188117,0.0008517329946842022,0.0023055245438030137,-0.0006020585544346095,-41.412990383630714,original_base
정책위,0.001270807011545549,0.0010341380103385152,0.002304945021884064,-0.00023666900120703372,-18.623520255778107,original_base
고도,0.0009671730915623437,0.0013376788304519233,0.002304851922014267,0.00037050573888957954,38.30811073238971,original_base
간사,0.0012381136305158686,0.00106584927759801,0.0023039629081138785,-0.00017226435291785866,-13.91345258399938,original_base
중산층,0.0015166190382169885,0.0007870354893259356,0.002303654527542924,-0.0007295835488910528,-48.10592050517755,original_base
내용을,0.0011371030695729487,0.0011654845720797467,0.0023025876416526954,2.8381502506797957e-05,2.495948104111348,original_base
치매,0.0009781662337102976,0.001324374171528896,0.0023025404052391934,0.00034620793781859845,35.39356868876896,original_base
경로,0.0009414458881719911,0.0013602288135533725,0.0023016747017253637,0.00041878292538138136,44.48295230164887,original_base
의대,0.0008698672765447516,0.0014316102150188803,0.002301477491563632,0.0005617429384741288,64.57800559016995,original_base
비행,0.0010276534549790869,0.00127290698937949,0.002300560444358577,0.00024525353440040323,23.865392872677514,original_base
있도록,0.0011374009980922124,0.0011621785939401523,0.0022995795920323645,2.4777595847939914e-05,2.178439784165824,original_base
천억,0.001220318576477907,0.0010787700434222406,0.0022990886199001476,-0.00014154853305566647,-11.599309867445019,original_base
석유,0.0012382876232942144,0.001057117995320532,0.0022954056186147466,-0.0001811696279736825,-14.630658060824128,original_base
거점,0.0009349045649877559,0.0013588994260817578,0.0022938039910695134,0.0004239948610940019,45.35167299130204,original_base
해결책,0.0011855770126099154,0.0011081554255277283,0.002293732438137644,-7.742158708218716e-05,-6.530287468357048,original_base
전체적,0.0010657480998971986,0.0012278453788022129,0.0022935934786994117,0.00016209727890501425,15.209717842391655,original_base
한류,0.001463420500521859,0.0008286712033649276,0.0022920917038867865,-0.0006347492971569314,-43.37436143135746,original_base
플러스,0.0009329794734001998,0.0013577777151200468,0.0022907571885202468,0.00042479824171984704,45.53135988851821,original_base
연평균,0.001113279295588527,0.0011767798961365074,0.0022900591917250344,6.350060054798046e-05,5.7039236065565495,original_base
조금씩,0.0011670465707904827,0.0011220163034890364,0.002289062874279519,-4.5030267301446325e-05,-3.8584807520530826,original_base
유산,0.001249432443655602,0.00103848596623242,0.002287918409888022,-0.00021094647742318198,-16.88338401122294,original_base
진로,0.0012326040604991532,0.0010524306722910104,0.0022850347327901636,-0.00018017338820814277,-14.61729633887301,original_base
연극,0.0013936561365013632,0.0008912421630565593,0.0022848982995579224,-0.0005024139734448039,-36.050067178412085,original_base
이탈,0.0010601821483652155,0.001224375724085978,0.0022845578724511933,0.0001641935757207625,15.487298665983618,original_base
독도,0.0014469706503052408,0.0008372504620609158,0.0022842211123661567,-0.000609720188244325,-42.13770252462989,original_base
일가,0.0012408185135564988,0.0010425490115971905,0.0022833675251536893,-0.00019826950195930837,-15.978928408395355,original_base
불참,0.0010667903480757826,0.001215150869340992,0.0022819412174167747,0.00014836052126520932,13.907186311988465,original_base
기자회견을,0.0011988561271819268,0.0010826467388210124,0.002281502866002939,-0.00011620938836091432,-9.693355668463752,original_base
대대적,0.001207462657495054,0.0010709660524341421,0.002278428709929196,-0.0001364966050609118,-11.304416266096489,original_base
적응,0.0012686091504175978,0.0010090440877044192,0.002277653238122017,-0.00025956506271317863,-20.460601488467557,original_base
풍경,0.0012677695480362693,0.0010095891676698313,0.0022773587157061004,-0.000258180380366438,-20.364929948534446,original_base
유권자들,0.0012528317795144634,0.0010222263354312151,0.002275058114945679,-0.0002306054440832483,-18.406736471245942,original_base
받았다,0.0011287225016471546,0.001145815366391996,0.0022745378680391506,1.7092864744841507e-05,1.5143549207088316,original_base
공백,0.001119422496516687,0.0011544315277997794,0.0022738540243164664,3.5009031283092344e-05,3.127418949684336,original_base
선수단,0.0011130451436976517,0.0011595059278320108,0.0022725510715296627,4.646078413435913e-05,4.174204828746799,original_base
바로,0.0012933854725814104,0.000977629446483989,0.0022710149190653993,-0.00031575602609742147,-24.413141541416735,original_base
신년,0.0011935376279882893,0.0010761436369270427,0.002269681264915332,-0.00011739399106124667,-9.83580142832317,original_base
아나운서,0.001105474196075412,0.0011628879053305421,0.0022683621014059543,5.7413709255130186e-05,5.193582035560566,original_base
분산,0.0009841094635708691,0.0012839677346712754,0.0022680771982421443,0.0002998582711004063,30.470011944846263,original_base
오찬,0.0010695321809726216,0.0011964721763342062,0.0022660043573068276,0.00012693999536158456,11.868740148253101,original_base
둔화,0.0009399659867768615,0.0013256549308161194,0.002265620917592981,0.0003856889440392579,41.03222344904025,original_base
디자이너,0.0012155883065852037,0.0010477152910980097,0.002263303597683213,-0.00016787301548719402,-13.810022240077164,original_base
중진,0.0010901298285669338,0.001173057891244019,0.002263187719810953,8.292806267708522e-05,7.607173063606656,original_base
타협,0.0013843273363956844,0.0008770601715249237,0.002261387507920608,-0.0005072671648707606,-36.64358504914821,original_base
시나리오,0.0010553704132463765,0.001205476664099098,0.0022608470773454745,0.00015010625085272152,14.223086886715592,original_base
보증,0.00112917751045258,0.0011314022633163118,0.002260579773768892,2.2247528637317493e-06,0.1970241917800911,original_base
손상,0.001222006758758996,0.0010376046576716525,0.0022596114164306486,-0.00018440210108734353,-15.09010484316898,original_base
불필요,0.0011141312534577485,0.0011453344513337722,0.0022594657047915207,3.120319787602377e-05,2.8006752148082614,original_base
이혼,0.0013081937762617949,0.0009510936419634778,0.0022592874182252726,-0.0003571001342983171,-27.29718951260738,original_base
실종자,0.001508626780115156,0.0007492253697627833,0.0022578521498779393,-0.0007594014103523727,-50.33726169797982,original_base
추산,0.0011189919392232905,0.001138494372544485,0.002257486311767775,1.9502433321194482e-05,1.7428573555884077,original_base
맥락,0.001120660743337649,0.0011365294340429837,0.002257190177380633,1.586869070533477e-05,1.4160120089576136,original_base
정년,0.0014742287565447018,0.0007801048433898175,0.0022543335999345195,-0.0006941239131548843,-47.083867417006054,original_base
수리,0.001331785008826848,0.0009224808240081025,0.0022542658328349504,-0.00040930418481874547,-30.733502938232967,original_base
체계적,0.0011726693964289052,0.0010811785192900763,0.0022538479157189813,-9.149087713882886e-05,-7.80193270306561,original_base
한양대,0.0012462438625817217,0.001006444703388065,0.0022526885659697867,-0.0002397991591936567,-19.241752468645117,original_base
열풍,0.001134944749578281,0.0011165751846986902,0.0022515199342769713,-1.836956487959087e-05,-1.6185426547342125,original_base
골프장,0.0012575846515748862,0.000993929640940892,0.0022515142925157786,-0.00026365501063399413,-20.965189922111108,original_base
연동,0.0006688369612641193,0.001580724674174271,0.0022495616354383905,0.0009118877129101517,136.33931222740145,original_base
위법,0.0008593158393121581,0.001390056382928619,0.002249372222240777,0.0005307405436164608,61.76315149052688,original_base
납품,0.001328036520056573,0.000920425972089503,0.002248462492146076,-0.00040761054796707003,-30.692721307822634,original_base
기술,0.0009075623483348499,0.0013400331029636886,0.0022475954512985383,0.0004324707546288387,47.651905725520066,original_base
소련,0.0012491645296370194,0.0009964012417666222,0.0022455657714036416,-0.00025276328787039726,-20.234587348060938,original_base
개척,0.001151336117101125,0.0010916286775067984,0.0022429647946079234,-5.970743959432664e-05,-5.185926047786997,original_base
움직,0.001160754244950376,0.0010820612462820243,0.0022428154912324002,-7.869299866835157e-05,-6.779471107746484,original_base
아니다,0.0011828699385429114,0.001059478705234421,0.0022423486437773326,-0.0001233912333084904,-10.431513160313026,original_base
환수,0.000982825936139294,0.0012594728569563236,0.0022422987930956176,0.0002766469208170296,28.148109512020547,original_base
득점,0.0011907452305501833,0.0010508926057403503,0.0022416378362905337,-0.00013985262480983298,-11.744966196103439,original_base
민간인,0.0010689602831842834,0.0011716847388602248,0.002240645022044508,0.00010272445567594143,9.609754196848138,original_base
호응,0.0010780291796828054,0.001162188764358089,0.002240217944040894,8.415958467528355e-05,7.806800248212789,original_base
자원부,0.0009598366748937817,0.001279408639609733,0.0022392453145035148,0.00031957196471595116,33.29441071329306,original_base
직면,0.0010646206397141075,0.0011742133577394601,0.0022388339974535676,0.00010959271802535265,10.294062874338282,original_base
동부,0.0011777919034480372,0.0010608524031931637,0.002238644306641201,-0.00011693950025487348,-9.928706413461324,original_base
정시,0.0007423829187771883,0.0014950184861271365,0.002237401404904325,0.0007526355673499481,101.38104586102916,original_base
국민은행,0.001250868471267435,0.0009858643079426511,0.002236732779210086,-0.0002650041633247839,-21.185613788496084,original_base
유세,0.000770871913718238,0.001465816026234234,0.002236687939952472,0.0006949441125159959,90.1503998458044,original_base
체감,0.0009019585325782809,0.0013319911491050328,0.002233949681683314,0.00043003261652675197,47.67764825035673,original_base
연수,0.0012325784014145355,0.001001302055484219,0.0022338804568987547,-0.0002312763459303166,-18.7636214998493,original_base
이마트,0.0009437526654322813,0.0012898523472760313,0.0022336050127083123,0.00034609968184374997,36.672710395495486,original_base
현실화,0.0010042436255036054,0.0012285283079429955,0.002232771933446601,0.0002242846824393901,22.33369241720767,original_base
따른,0.0009840495948258803,0.0012464219324168828,0.002230471527242763,0.00026237233759100254,26.662511622437812,original_base
사면,0.000962391519902587,0.0012665611557157554,0.0022289526756183423,0.00030416963581316847,31.6056022442879,original_base
이라며,0.0009123011063432642,0.0013157521890687998,0.002228053295412064,0.0004034510827255356,44.22345647948083,original_base
실체,0.0012272565227646744,0.001000768150021471,0.0022280246727861453,-0.00022648837274320344,-18.45485182127913,original_base
결과를,0.0010413421611652238,0.0011849124752083692,0.002226254636373593,0.00014357031404314542,13.787045161265294,original_base
근본,0.0012229202841320418,0.001002807022127066,0.0022257273062591077,-0.00022011326200497595,-17.998986921800846,original_base
진학,0.0012536477846158787,0.0009715892827600504,0.002225237067375929,-0.00028205850185582823,-22.499022876848283,original_base
문제를,0.0011927661268851721,0.0010324057861638466,0.002225171913049019,-0.00016036034072132552,-13.444407676138129,original_base
통장,0.0011572996430741285,0.0010673493284594753,0.0022246489715336036,-8.995031461465322e-05,-7.772430861182909,original_base
프레임,0.0008432012625149452,0.0013806400996074688,0.002223841362122414,0.0005374388370925236,63.73790706735306,original_base
업체들,0.0011170313373714542,0.001106186314075929,0.0022232176514473834,-1.0845023295525226e-05,-0.970879055286419,original_base
연구팀,0.0010549114952019226,0.001167717133747125,0.0022226286289490473,0.00011280563854520228,10.693374663019474,original_base
파문,0.001559621503051585,0.0006621645113986867,0.0022217860144502716,-0.0008974569916528983,-57.54325584104328,original_base
생계,0.0010189062987883222,0.0012014380424753667,0.002220344341263689,0.00018253174368704455,17.914477896947965,original_base
의석,0.0010860529568411537,0.0011325755833035322,0.002218628540144686,4.652262646237851e-05,4.283642539650386,original_base
마이클,0.0012914880958350258,0.000926401551986405,0.002217889647821431,-0.0003650865438486208,-28.26867278343515,original_base
면세점,0.0013444520193469484,0.0008720299711315877,0.002216481990478536,-0.00047242204821536075,-35.13863205358821,original_base
교원,0.0011720145390868965,0.001044234379700883,0.0022162489187877795,-0.00012778015938601358,-10.902608724083379,original_base
연료,0.00094706877024604,0.001268196877289511,0.0022152656475355513,0.00032112810704347104,33.907580645917065,original_base
자사,0.0008641045790605736,0.0013504760285830484,0.002214580607643622,0.0004863714495224749,56.286178931170824,original_base
천안,0.0011835110397130344,0.0010309136012262112,0.0022144246409392457,-0.00015259743848682322,-12.893621889984521,original_base
월요일,0.000934603277949414,0.0012781024699139612,0.002212705747863375,0.00034349919196454716,36.75347605437558,original_base
누리집,0.0011552648026929631,0.0010561623011875233,0.0022114271038804864,-9.910250150543982e-05,-8.578336436324243,original_base
빈곤,0.0013248495921147731,0.0008845372363655417,0.002209386828480315,-0.0004403123557492314,-33.234893860395786,original_base
법인세,0.0013594440379692502,0.0008498995275407869,0.002209343565510037,-0.0005095445104284633,-37.48183052754606,original_base
건축물,0.0011506077922983054,0.0010584028546421315,0.002209010646940437,-9.220493765617387e-05,-8.013585365348275,original_base
자식,0.0013286252382338692,0.0008776852320860907,0.00220631047031996,-0.0004509400061477785,-33.94034624445411,original_base
존경,0.0010948977332656715,0.001109770868031128,0.0022046686012967996,1.487313476545649e-05,1.3584040146923564,original_base
영남,0.0012269146499063607,0.0009777162716818652,0.002204630921588226,-0.0002491983782244955,-20.310979108735445,original_base
지상파,0.0013000713375612622,0.0009031211153763638,0.0022031924529376263,-0.0003969502221848984,-30.532956978308366,original_base
서해,0.0010506217909025588,0.0011525448195588849,0.002203166610461444,0.00010192302865632608,9.701210229874155,original_base
인천공항,0.0010978918720185304,0.0011048233250275828,0.002202715197046113,6.931453009052313e-06,0.6313420461259525,original_base
코드,0.000815959863607147,0.001384799429789081,0.002200759293396228,0.000568839566181934,69.71416016312884,original_base
조지,0.001168378537016497,0.0010308231613694902,0.0021992016983859875,-0.00013755537564700692,-11.773185768908444,original_base
그런데,0.0012095373873110729,0.0009893048287179728,0.0021988422160290457,-0.00022023255859310005,-18.20799926513226,original_base
노동계,0.001152232106418829,0.0010465219204904513,0.00219875402690928,-0.00010571018592837769,-9.174382951098979,original_base
수사관,0.0007673982561636945,0.0014285842871440335,0.0021959825433077278,0.000661186030980339,86.15943881416649,original_base
교실,0.001112752556659285,0.0010831155875348128,0.0021958681441940978,-2.9636969124472064e-05,-2.6633925886855225,original_base
여수,0.0014486728084501146,0.000747027818384185,0.0021957006268343,-0.0007016449900659296,-48.43364119028337,original_base
총액,0.001029889172012992,0.0011648590832951495,0.0021947482553081417,0.00013496991128215756,13.10528501026467,original_base
정치인들,0.0012169426294229395,0.0009759826943405518,0.0021929253237634914,-0.00024095993508238772,-19.800435062139965,original_base
상대방,0.0011184964461228566,0.0010734485505387592,0.0021919449966616156,-4.504789558409743e-05,-4.027540341344038,original_base
관심사,0.0010724867529264244,0.0011178998214809686,0.002190386574407393,4.541306855454421e-05,4.234371047533085,original_base
나온다,0.0009330006649035938,0.0012551001109148809,0.0021881007758184747,0.0003220994460112871,34.522959964296426,original_base
씨가,0.0011522517044569157,0.0010350823553363043,0.00218733405979322,-0.00011716934912061141,-10.168728643871798,original_base
연구자,0.0010440512841309573,0.0011426848793807394,0.0021867361635116967,9.863359524978207e-05,9.447198308068003,original_base
독특,0.0012655452973787261,0.0009209512719645838,0.00218649656934331,-0.0003445940254141423,-27.22889699229939,original_base
혐오,0.0007433800280351488,0.0014430167513894685,0.0021863967794246175,0.0006996367233543197,94.11562013625138,original_base
추억,0.0012307756732991043,0.000953689201162262,0.0021844648744613663,-0.0002770864721368424,-22.513158014742835,original_base
아카데미,0.000876005364734945,0.0013075086640185534,0.0021835140287534984,0.0004315032992836085,49.25806583549514,original_base
경희대,0.001187309929203947,0.0009936908593237664,0.0021810007885277134,-0.00019361906988018054,-16.30737393142125,original_base
소지,0.0010900767703889832,0.001090399417659836,0.0021804761880488193,3.2264727085266724e-07,0.02959858237668286,original_base
보이스피싱,0.0012887594136574442,0.0008907654703970223,0.0021795248840544663,-0.00039799394326042194,-30.88194266848706,original_base
과학자,0.0011269755830408059,0.0010504663965682595,0.0021774419796090653,-7.650918647254638e-05,-6.788894774996745,original_base
장기화,0.0007637313291531583,0.0014133811077800364,0.0021771124369331946,0.0006496497786268781,85.0626069441493,original_base
결정적,0.0011482087511173265,0.0010252576799419755,0.0021734664310593017,-0.00012295107117535104,-10.708076476137887,original_base
있지만,0.0011111087930811326,0.0010618829241109868,0.0021729917171921195,-4.92258689701458e-05,-4.430337450002644,original_base
보전,0.0010271164150579067,0.001145821343438639,0.0021729377584965457,0.00011870492838073239,11.557105566659652,original_base
보존,0.0011075295875118572,0.0010643764320120356,0.002171906019523893,-4.3153155499821554e-05,-3.89634335609653,original_base
핀테크,0.0007995754525309408,0.001371972024878178,0.002171547477409119,0.0005723965723472372,71.58756194120247,original_base
로비,0.0013653839816350766,0.0008059019698831355,0.002171285951518212,-0.000559482011751941,-40.97616635885455,original_base
지대,0.0010602207010715385,0.0011106686318928594,0.002170889332964398,5.044793082132097e-05,4.758248048763292,original_base
저장,0.0009785541279745866,0.0011918824625556427,0.0021704365905302293,0.00021332833458105604,21.800361214826562,original_base
플레이,0.000989646176692944,0.0011803246556076716,0.002169970832300616,0.00019067847891472765,19.267338510002567,original_base
용산,0.0009336735451939301,0.0012331180027957045,0.0021667915479896345,0.00029944445760177435,32.07164422116916,original_base
북부,0.0011132793438806778,0.0010523883120245403,0.002165667655905218,-6.08910318561375e-05,-5.469519594595465,original_base
등으로,0.0010693312147999818,0.001095106350557031,0.002164437565357013,2.5775135757049282e-05,2.4103977701493093,original_base
메달,0.0010519366731440067,0.001112298504117142,0.002164235177261149,6.036183097313523e-05,5.738162050451861,original_base
소설가,0.0013501076932503123,0.0008130482493689461,0.0021631559426192586,-0.0005370594438813662,-39.77900774629498,original_base
일요일,0.001256625665106277,0.0009052059912398749,0.002161831656346152,-0.0003514196738664022,-27.96534271299333,original_base
집중적,0.001040830477555472,0.0011209006467465205,0.0021617311243019924,8.007016919104855e-05,7.6929116621473215,original_base
이건희,0.0011550806822614866,0.0010062691355146377,0.0021613498177761245,-0.00014881154674684896,-12.883216647299195,original_base
후퇴,0.0013108414506227172,0.0008492853744244848,0.002160126825047202,-0.0004615560761982324,-35.21067143390755,original_base
고수,0.0011568928184596137,0.0010022033892540967,0.0021590962077137105,-0.000154689429205517,-13.371111544411155,original_base
부부장,0.0008133067379416234,0.0013454022209687037,0.002158708958910327,0.0005320954830270804,65.42371508857123,original_base
노동조합,0.0012361833883082322,0.0009202419305750615,0.002156425318883294,-0.00031594145773317073,-25.557814537982882,original_base
투명성,0.0010447755577816754,0.0011113371807547746,0.00215611273853645,6.656162297309924e-05,6.370901623543579,original_base
참석자,0.001034308162397123,0.0011216704342091254,0.002155978596606248,8.736227181200249e-05,8.446445168674954,original_base
날씨,0.001100333620177402,0.001055309624937461,0.002155643245114863,-4.502399523994096e-05,-4.0918494549573,original_base
출제,0.001353154259490626,0.0008021101393063668,0.0021552643987969924,-0.0005510441201842591,-40.7229343084425,original_base
불이익,0.001108678065522751,0.0010452481953881667,0.0021539262609109175,-6.342987013458422e-05,-5.721216294170707,original_base
화해,0.0012131932661418625,0.0009398680949024157,0.002153061361044278,-0.0002733251712394467,-22.529400621276277,original_base
선두,0.0010954779895213816,0.00105747002776175,0.0021529480172831315,-3.800796175963163e-05,-3.4695322154521286,original_base
해설,0.0011544240929565299,0.0009973540765576007,0.0021517781695141306,-0.00015707001639892913,-13.605919813806558,original_base
휴대폰,0.0010282131473532837,0.0011230904770694907,0.002151303624422774,9.487732971620697e-05,9.227399003837876,original_base
재료,0.00112043060267265,0.0010298363499394488,0.002150266952612099,-9.059425273320117e-05,-8.085663897174861,original_base
통증,0.0012973776268789404,0.0008518950795925312,0.0021492727064714714,-0.0004454825472864092,-34.33715350542095,original_base
농구,0.0012681528235256865,0.0008808785506528543,0.0021490313741785406,-0.00038727427287283214,-30.538454489746904,original_base
개인정보,0.0012041150034328998,0.0009431789315081583,0.002147293934941058,-0.00026093607192474147,-21.670361317716306,original_base
수여,0.0009682870831672882,0.0011771478120715514,0.0021454348952388395,0.00020886072890426318,21.570124453284574,original_base
무상,0.001172623785442027,0.0009727305140841495,0.0021453542995261764,-0.0001998932713578775,-17.046666956574366,original_base
사원,0.0012781760529590187,0.0008669290593937549,0.0021451051123527734,-0.0004112469935652638,-32.17451873028084,original_base
장기간,0.000978957254480287,0.0011652612718497754,0.0021442185263300627,0.00018630401736948843,19.030863351474352,original_base
응시,0.0010228123900315165,0.0011203683088987432,0.0021431806989302598,9.75559188672267e-05,9.538007147549381,original_base
진정,0.0009696506695926548,0.001173028815437365,0.00214267948503002,0.00020337814584471016,20.9743727532461,original_base
연구소장,0.0011134032896016562,0.0010289164996892378,0.002142319789290894,-8.44867899124184e-05,-7.58815702283809,original_base
번역,0.0012809809077050994,0.0008603035756104835,0.002141284483315583,-0.00042067733209461586,-32.840249965026175,original_base
한국어,0.0010198647927548907,0.0011212515298587547,0.002141116322613645,0.00010138673710386402,9.941193952778288,original_base
설문조사,0.0011884452328292407,0.0009521132052709316,0.0021405584381001723,-0.00023633202755830906,-19.885815604282538,original_base
탄력,0.0008613766358387525,0.0012783052393355422,0.0021396818751742946,0.00041692860349678976,48.402590243327396,original_base
대량,0.0010634267299575026,0.0010760494661533394,0.002139476196110842,1.2622736195836825e-05,1.1869869207012753,original_base
보육,0.0014050277560017006,0.000733388518713032,0.0021384162747147325,-0.0006716392372886686,-47.80256008606962,original_base
마트,0.0010282535760796612,0.0011099317468615895,0.002138185322941251,8.167817078192827e-05,7.943387962076047,original_base
마크,0.0011089791559703239,0.001029034104529583,0.0021380132604999066,-7.994505144074088e-05,-7.208886750517085,original_base
불투명,0.0011512024538539462,0.0009859723243671407,0.002137174778221087,-0.00016523012948680554,-14.35282985487524,original_base
롯데그룹,0.0014677264002394277,0.0006685613425531556,0.0021362877427925833,-0.0007991650576862721,-54.449184640673195,original_base
참모,0.0008679335598549135,0.0012681038702615915,0.0021360374301165053,0.00040017031040667805,46.10609946613561,original_base
나흘,0.0009467685824158318,0.001188548053477297,0.002135316635893129,0.00024177947106146524,25.537335686037043,original_base
인권위,0.0007139289878542037,0.0014204837247828162,0.0021344127126370197,0.0007065547369286125,98.96708901710865,original_base
헬기,0.0009549122802068482,0.0011790258565730917,0.00213393813677994,0.00022411357636624354,23.46954594800029,original_base
상정,0.0010434570053576436,0.0010890620630824449,0.0021325190684400885,4.560505772480128e-05,4.370573726626159,original_base
공격수,0.001232973429941776,0.0008982365689051155,0.0021312099988468917,-0.00033473686103666057,-27.14874894363844,original_base
소속사,0.001413778401124878,0.0007167423546265499,0.002130520755751428,-0.000697036046498328,-49.30306234299016,original_base
이해관계,0.0011398926618845094,0.0009894442266305157,0.0021293368885150253,-0.00015044843525399373,-13.198473881327322,original_base
적정,0.0009652569388754618,0.001163913663404128,0.0021291706022795896,0.0001986567245286662,20.58070929384917,original_base
소녀,0.001317080565371978,0.0008118933960757566,0.0021289739614477345,-0.0005051871692962214,-38.35658824360098,original_base
그리고,0.0012610656773533633,0.000867047825989774,0.002128113503343137,-0.0003940178513635893,-31.24483192584596,original_base
정보기술,0.0011298224877486225,0.0009979001281210517,0.002127722615869674,-0.0001319223596275708,-11.676379347914219,original_base
영웅,0.0011732614269551434,0.0009540351210203888,0.002127296547975532,-0.00021922630593475463,-18.685205266118082,original_base
모니터링,0.0007801339174671623,0.0013460673492505797,0.002126201266717742,0.0005659334317834174,72.5431133183924,original_base
남쪽,0.0011491745011456972,0.0009755590816458349,0.0021247335827915322,-0.00017361541949986227,-15.107837785016304,original_base
고시,0.0011465349192227021,0.0009751409466678823,0.0021216758658905844,-0.00017139397255481982,-14.948866334661401,original_base
칭찬,0.001163983715304536,0.0009569633915601604,0.0021209471068646965,-0.00020702032374437563,-17.785500005059124,original_base
공적,0.0011858304385094886,0.0009324679480242897,0.0021182983865337783,-0.00025336249048519893,-21.36582788376212,original_base
항공사,0.0009334906281423334,0.0011848046378610494,0.0021182952660033826,0.00025131400971871594,26.92196387861293,original_base
신인,0.0011456333796098091,0.0009714567773063977,0.002117090156916207,-0.00017417660230341142,-15.203520201439503,original_base
점포,0.0009794214732272474,0.0011369047803579402,0.0021163262535851875,0.00015748330713069277,16.079217317114423,original_base
카카오톡,0.0008567102709486621,0.001259586145724117,0.002116296416672779,0.000402875874775455,47.02591861415855,original_base
아쉬움,0.0010249558170995288,0.0010911653772710205,0.0021161211943705495,6.620956017149167e-05,6.459747734185732,original_base
제임스,0.0011063829253741453,0.0010081514495725065,0.002114534374946652,-9.823147580163881e-05,-8.878614587116832,original_base
거절,0.0010247984167695622,0.001089445277465425,0.0021142436942349872,6.46468606958629e-05,6.308251421742732,original_base
등재,0.001189650479481912,0.0009235588273889665,0.0021132093068708785,-0.0002660916520929456,-22.367212612634546,original_base
상환,0.0011001949327190607,0.0010128321245919541,0.002113027057311015,-8.736280812710658e-05,-7.940666288218129,original_base
명칭,0.0009507308734665947,0.0011610303390622917,0.002111761212528886,0.00021029946559569693,22.119768218832974,original_base
리스트,0.0012683801868419685,0.0008429432666121512,0.0021113234534541198,-0.0004254369202298173,-33.54175070245116,original_base
존재감,0.0010121344224924343,0.0010990929671703088,0.0021112273896627433,8.695854467787446e-05,8.591600359143449,original_base
관람,0.0010487384253460772,0.0010604217268913583,0.0021091601522374354,1.1683301545281112e-05,1.1140338966244796,original_base
이제,0.0010808400774811639,0.0010279558241495176,0.0021087959016306817,-5.2884253331646246e-05,-4.89288419567953,original_base
지속가능,0.0008763789762152647,0.001232370601556131,0.002108749577771396,0.0003559916253408664,40.62073999974918,original_base
구제,0.0010934780306940323,0.0010150321463521673,0.0021085101770462,-7.844588434186505e-05,-7.173979004596491,original_base
어깨,0.0012190585751644103,0.0008875177084041739,0.002106576283568584,-0.00033154086676023646,-27.19646729981967,original_base
집안,0.0011681840323501458,0.0009376127615442162,0.002105796793894362,-0.0002305712708059296,-19.737581102017604,original_base
평택,0.0011019349340077324,0.0010035579680501099,0.002105492902057842,-9.837696595762255e-05,-8.927656517778773,original_base
불리,0.0010396448606804708,0.0010651306426000691,0.00210477550328054,2.54857819195983e-05,2.4513930557899632,original_base
소화,0.0011417835935281183,0.0009629241159462901,0.0021047077094744084,-0.0001788594775818282,-15.664919218987139,original_base
회피,0.0009898273824778818,0.0011138982989259648,0.0021037256814038464,0.000124070916448083,12.534601350135455,original_base
냉장고,0.0011954228860816755,0.0009082872926943534,0.0021037101787760287,-0.00028713559338732213,-24.019583089001024,original_base
열차,0.0010527213962666438,0.0010506420536579508,0.0021033634499245946,-2.079342608693035e-06,-0.19752069408555634,original_base
오늘날,0.001269736817703996,0.0008334255345096583,0.002103162352213654,-0.00043631128319433765,-34.362340062194804,original_base
미얀마,0.0009200680576899508,0.0011830851282628753,0.002103153185952826,0.0002630170705729245,28.586697296425147,original_base
지혜,0.0011410840405723151,0.0009607430669879012,0.0021018271075602165,-0.0001803409735844139,-15.804355084482927,original_base
완공,0.0011179229052822159,0.000983198496541939,0.0021011214018241547,-0.00013472440874027678,-12.05131481819545,original_base
산정,0.0008320712589200388,0.0012680575720063207,0.0021001288309263596,0.0004359863130862819,52.397713346349306,original_base
고양,0.0010191512771599096,0.0010804384312814847,0.0020995897084413943,6.128715412157502e-05,6.013548282288889,original_base
탈출,0.0011154364256897207,0.0009840364917256545,0.0020994729174153752,-0.00013139993396406617,-11.780136540082607,original_base
로스쿨,0.0013922607513693656,0.0007070875485592864,0.0020993482999286522,-0.0006851732028100791,-49.21299419926715,original_base
전수,0.0007526100107142312,0.0013451188784658415,0.0020977288891800725,0.0005925088677516103,78.7272105495004,original_base
위탁,0.0008379040093967694,0.0012598063006043479,0.0020977103100011173,0.0004219022912075785,50.35210316171154,original_base
금융위원회,0.0010252287693228045,0.0010711465707512861,0.0020963753400740906,4.591780142848166e-05,4.478785886862284,original_base
그날,0.0010978361051722561,0.0009982308260122123,0.0020960669311844687,-9.960527916004383e-05,-9.072873326972175,original_base
출판,0.0013077648357815988,0.0007863517402446093,0.002094116576026208,-0.0005214130955369894,-39.870554802413054,original_base
재임,0.0009586914417379353,0.0011352436186358324,0.0020939350603737675,0.00017655217689789711,18.415954207105443,original_base
주차,0.0009312828025508496,0.0011617892995705286,0.0020930721021213783,0.000230506497019679,24.751503666588214,original_base
청년층,0.0009142869596528679,0.001176135454140036,0.002090422413792904,0.0002618484944871681,28.639640073898185,original_base
재판관,0.001243757048892658,0.0008463669282750798,0.002090123977167738,-0.00039739012061757817,-31.950783392253545,original_base
승객,0.0011816664590272234,0.0009082725842266094,0.0020899390432538327,-0.00027339387480061403,-23.136298124741437,original_base
생태계,0.0008877959824535349,0.0012021404291941357,0.0020899364116476705,0.0003143444467406008,35.40728421318947,original_base
건국대,0.0010462428077218757,0.001041638026210437,0.0020878808339323124,-4.604781511438746e-06,-0.44012551173138786,original_base
정상회의,0.0009617058096640901,0.0011260588682214467,0.0020877646778855365,0.00016435305855735656,17.089743755916658,original_base
양쪽,0.0010320649927232602,0.001054502806204691,0.0020865677989279512,2.2437813481430806e-05,2.1740698153345197,original_base
일자,0.00120996939439502,0.0008753192969210951,0.0020852886913161153,-0.000334650097473925,-27.657732420682322,original_base
잠재력,0.00109394383155371,0.0009907096108180632,0.0020846534423717734,-0.00010323422073564678,-9.436884943994333,original_base
자택,0.0009351387607183004,0.0011488937200919895,0.00208403248081029,0.00021375495937368913,22.85810067475968,original_base
소외,0.0010777300619324746,0.0010062008644289426,0.002083930926361417,-7.152919750353206e-05,-6.637023502459721,original_base
국회의장,0.0011740036540120293,0.0009088897225623218,0.0020828933765743513,-0.0002651139314497075,-22.582036311702232,original_base
개시,0.0007920094416295034,0.0012893616079717707,0.002081371049601274,0.0004973521663422674,62.79624209011959,original_base
감당,0.0009273629955628963,0.0011529075727733987,0.002080270568336295,0.00022554457721050242,24.32106718616695,original_base
저소득층,0.0011048986980961412,0.0009748396956522523,0.0020797383937483935,-0.00013005900244388892,-11.771124598842817,original_base
역임,0.0009510049146024233,0.0011286186030931653,0.0020796235176955887,0.00017761368849074203,18.676421726484467,original_base
출장,0.0009542253651547461,0.0011235530413653536,0.0020777784065201,0.00016932767621060751,17.745040364038925,original_base
대학교,0.0010590088594163445,0.0010186324837224083,0.0020776413431387525,-4.03763756939362e-05,-3.812657026891067,original_base
취재기자,0.0008390452570160466,0.0012363126241211834,0.00207535788113723,0.00039726736710513674,47.347549346499555,original_base
가속화,0.0008974385196861786,0.0011774792940360233,0.002074917813722202,0.0002800407743498447,31.204452250140875,original_base
비공개,0.0009024776033750379,0.0011724392040914644,0.002074916807466502,0.00026996160071642646,29.913385075356814,original_base
압도적,0.000990223146929623,0.0010846850652071484,0.002074908212136771,9.446191827752553e-05,9.539457704096582,original_base
학자,0.0012104310632918853,0.0008643244772846507,0.002074755540576536,-0.0003461065860072346,-28.593663571881905,original_base
고조,0.0010051130220415593,0.0010650216998307957,0.002070134721872355,5.990867778923642e-05,5.960392162420847,original_base
고속도로,0.0010800490805808623,0.0009894668403637639,0.002069515920944626,-9.058224021709846e-05,-8.386863323691024,original_base
프로세스,0.000857845445686074,0.00121107833058206,0.002068923776268134,0.000353232884895986,41.176751205280695,original_base
학위,0.0010788993542801743,0.0009896695048981024,0.002068568859178277,-8.922984938207197e-05,-8.27045164389822,original_base
오류,0.0011477621973879748,0.0009206314991562991,0.0020683936965442736,-0.00022713069823167569,-19.789003222842627,original_base
직속,0.0008142869471802187,0.001252118349942595,0.0020664052971228137,0.00043783140276237636,53.76868735014552,original_base
과정에서,0.0010141127170038419,0.0010518512333530373,0.0020659639503568792,3.773851634919544e-05,3.7213335082408268,original_base
사의,0.0008494728880212415,0.0012152870392690607,0.002064759927290302,0.0003658141512478192,43.063664115278016,original_base
조화,0.0010664860101414423,0.0009980306154011972,0.0020645166255426396,-6.845539474024508e-05,-6.418780376797087,original_base
득표,0.0008278624502938972,0.0012358497360295444,0.0020637121863234416,0.00040798728573564723,49.282013647413144,original_base
관찰,0.0009754234467850906,0.0010875234680761121,0.002062946914861203,0.00011210002129102153,11.492446860949805,original_base
이주,0.0010040204848458642,0.0010582371444080084,0.0020622576292538726,5.421665956214421e-05,5.399955516890422,original_base
발령,0.0008893218779041441,0.0011724027677145522,0.0020617246456186965,0.0002830808898104081,31.831094774992152,original_base
시중,0.001027404392663834,0.0010336169045699994,0.0020610212972338336,6.212511906165475e-06,0.6046802943929211,original_base
해방,0.0012627763524472452,0.000798052159032094,0.002060828511479339,-0.0004647241934151512,-36.801781448830695,original_base
남측,0.0007945895747101919,0.001266065674155389,0.002060655248865581,0.00047147609944519716,59.335802337597634,original_base
일환,0.000881568275226284,0.0011786665495764897,0.0020602348248027736,0.0002970982743502056,33.701107752992286,original_base
대중교통,0.0008701335729313097,0.0011885936200991762,0.002058727193030486,0.0003184600471678664,36.59898400369001,original_base
법령,0.0009166470087530024,0.0011416351656080446,0.002058282174361047,0.00022498815685504227,24.544688926778253,original_base
장착,0.0010416656584810804,0.0010160556465888843,0.0020577213050699647,-2.5610011892196125e-05,-2.458563521191601,original_base
관련자,0.0010603598447400094,0.0009970375747904742,0.0020573974195304836,-6.332226994953515e-05,-5.971771777632828,original_base
성균관대,0.0011324474788761136,0.0009233773157148236,0.0020558247945909373,-0.00020907016316129004,-18.461797748782104,original_base
메이저리그,0.0014041899082260295,0.0006498573146078457,0.0020540472228338753,-0.0007543325936181837,-53.72012640164626,original_base
세미나,0.0011008023617102775,0.0009525299370854036,0.002053332298795681,-0.00014827242462487396,-13.469486420296953,original_base
외교관,0.001006709078684504,0.001045341547577779,0.002052050626262283,3.863246889327515e-05,3.8375007945450657,original_base
보험사,0.0010737553437276657,0.0009781509888300132,0.002051906332557679,-9.56043548976525e-05,-8.903737285790909,original_base
규탄,0.0009272575385243004,0.0011244828079862105,0.002051740346510511,0.00019722526946191012,21.269740203545563,original_base
이는,0.0010984113771564416,0.0009518160567617985,0.00205022743391824,-0.00014659532039464312,-13.34612181222557,original_base
대신,0.001037661811707422,0.001012317973541506,0.002049979785248928,-2.534383816591595e-05,-2.4423986582115704,original_base
열리는,0.0011259010350075551,0.0009232047419660159,0.0020491057769735713,-0.0002026962930415392,-18.003029284023977,original_base
연예인,0.0011331968456313153,0.0009149857271248572,0.0020481825727561723,-0.00021821111850645817,-19.256241256556848,original_base
조회,0.0008132889475656305,0.001233099385619736,0.0020463883331853666,0.00041981043805410564,51.61885444413075,original_base
이미,0.0010418285814067026,0.0010040237425025967,0.0020458523239092995,-3.780483890410591e-05,-3.628700496300542,original_base
한다는,0.0010094861295881666,0.001035912003243815,0.002045398132831982,2.6425873655648536e-05,2.617755002382185,original_base
성매매,0.0012038675335537803,0.0008385366625047282,0.0020424041960585087,-0.0003653308710490521,-30.346434376430643,original_base
임신,0.0010122856672134019,0.0010293205637194312,0.0020416062309328332,1.7034896506029325e-05,1.6828151437649632,original_base
랭킹,0.0011491122287865755,0.000892095455135186,0.0020412076839217614,-0.0002570167736513895,-22.366551082899072,original_base
기타,0.0010504005973602758,0.000990431871077612,0.0020408324684378877,-5.996872628266387e-05,-5.709129110681118,original_base
강세,0.0010547213838254083,0.0009856807917335145,0.0020404021755589226,-6.904059209189377e-05,-6.545860655776966,original_base
눈높이,0.000900680583251435,0.0011396971668133583,0.0020403777500647936,0.00023901658356192327,26.53733054831483,original_base
소득세,0.0010142517823577414,0.001025433165936728,0.0020396849482944694,1.118138357898658e-05,1.1024268109240298,original_base
소년,0.001190285047896835,0.0008493630691396976,0.0020396481170365326,-0.0003409219787571375,-28.642044975657466,original_base
헌신,0.0009369105503537228,0.0010998865358601403,0.0020367970862138632,0.00016297598550641757,17.395042188914122,original_base
취급,0.0009974575593852107,0.001038617225032039,0.0020360747844172496,4.115966564682827e-05,4.126457838687121,original_base
말레이시아,0.0012771038060144433,0.0007568342494498572,0.0020339380554643006,-0.000520269556564586,-40.738235538443156,original_base
관객들,0.0012493000183757578,0.0007828907092332776,0.002032190727609035,-0.00046640930914248016,-37.33365102714632,original_base
만든,0.0010459656186787207,0.0009860783578731804,0.002032043976551901,-5.988726080554036e-05,-5.725547736568133,original_base
반전,0.0009664068055316873,0.0010651873817426431,0.0020315941872743304,9.878057621095582e-05,10.22142804102148,original_base
음주,0.0008945025036674797,0.0011369995072128558,0.0020315020108803354,0.00024249700354537606,27.10970651855451,original_base
행진,0.0011751253912939798,0.0008561766845131848,0.002031302075807165,-0.000318948706780795,-27.141674339075188,original_base
특유,0.0011114962860148644,0.000919312257227428,0.0020308085432422926,-0.00019218402878743638,-17.29056868705239,original_base
전액,0.0010845370817947873,0.000945983134878064,0.002030520216672851,-0.00013855394691672334,-12.775399683654163,original_base
삭감,0.001144511807069258,0.0008857221244375504,0.0020302339315068085,-0.0002587896826317076,-22.61135979840944,original_base
광범위,0.0010153156000204792,0.0010122670776093476,0.002027582677629827,-3.0485224111315677e-06,-0.3002536759082672,original_base
지인,0.0008525831928294429,0.0011747195066040116,0.0020273026994334547,0.0003221363137745687,37.78356370191915,original_base
공동대표,0.0013422905615574528,0.0006845812928149474,0.0020268718543724,-0.0006577092687425054,-48.99902357797769,original_base
되는,0.001090544698027658,0.0009353474571724427,0.0020258921552001007,-0.00015519724085521526,-14.23116733646063,original_base
박수,0.001124755610373042,0.0009008988860509916,0.0020256544964240334,-0.0002238567243220503,-19.902699062581682,original_base
출판사,0.0012823061511041745,0.0007416852549411992,0.0020239914060453737,-0.0005406208961629753,-42.16004857322526,original_base
나섰다,0.0009686736073100275,0.0010546206309571691,0.002023294238267197,8.59470236471416e-05,8.87265049842882,original_base
최씨,0.0012895669261873905,0.0007331281668474494,0.00202269509303484,-0.0005564387593399411,-43.149273452992034,original_base
잠정,0.0009106751464909199,0.0011117107158032408,0.002022385862294161,0.00020103556931232093,22.075442608373127,original_base
건전,0.0010638263450446707,0.0009573249378768462,0.002021151282921517,-0.00010650140716782447,-10.011164666480637,original_base
교육과정,0.0011142579837190082,0.0009065224337785127,0.0020207804174975207,-0.0002077355499404955,-18.64339793618943,original_base
만점,0.0012046187322376951,0.0008159286665514497,0.002020547398789145,-0.0003886900656862454,-32.2666463076011,original_base
스토리,0.0009908111732385226,0.0010292037051514613,0.0020200148783899837,3.8392531912938765e-05,3.874858595654568,original_base
용의자,0.0013917978615823484,0.0006273370465177106,0.0020191349081000592,-0.0007644608150646378,-54.92613806688242,original_base
부합,0.0008243634591365642,0.0011942007299566432,0.0020185641890932073,0.00036983727082007896,44.863375095185006,original_base
보인다,0.0010333198535833227,0.000984624227509748,0.0020179440810930704,-4.8695626073574786e-05,-4.712541417326805,original_base
발병,0.0010132683852600926,0.0010039828478427795,0.0020172512331028724,-9.28553741731306e-06,-0.9163946642754068,original_base
저출산,0.0009466343277151355,0.0010703606176601385,0.002016994945375274,0.000123726289945003,13.070125002083714,original_base
농협,0.0011951233445276293,0.0008215105846544417,0.002016633929182071,-0.00037361275987318754,-31.261439380623717,original_base
파장,0.0010998590333931705,0.0009164324874842268,0.0020162915208773976,-0.0001834265459089437,-16.67727775468236,original_base
객관적,0.0010500486269799554,0.0009640831069036042,0.0020141317338835596,-8.596552007635126e-05,-8.186813245363375,original_base
서울시교육청,0.00101295922191491,0.0009993511370577101,0.00201231035897262,-1.3608084857199849e-05,-1.3433990789357706,original_base
근대,0.001269481580252508,0.000741554325337034,0.002011035905589542,-0.000527927254915474,-41.58605080433431,original_base
맥주,0.000946333246117157,0.0010632887305103967,0.0020096219766275536,0.00011695548439323968,12.358805407409355,original_base
위성,0.0008479672500568882,0.0011588445856213817,0.00200681183567827,0.0003108773355644935,36.661479030426875,original_base
심장,0.001072579721496796,0.0009334541814297972,0.0020060339029265933,-0.00013912554006699886,-12.971114153906225,original_base
분당,0.0012253604129663866,0.0007793882776685114,0.002004748690634898,-0.0004459721352978751,-36.395180599824776,original_base
증진,0.0009761357449386842,0.0010275021832043731,0.002003637928143057,5.1366438265688886e-05,5.262222854969362,original_base
혁신적,0.0008584668203604392,0.0011449712767781812,0.0020034380971386202,0.00028650445641774196,33.373969689061376,original_base
처방,0.000981507048652505,0.0010207820060248063,0.0020022890546773113,3.9274957372301394e-05,4.001495193154379,original_base
일원,0.000871523199500427,0.0011304613032175087,0.002001984502717936,0.0002589381037170817,29.71098231986363,original_base
상실,0.0010831601203006374,0.0009185933885525598,0.002001753508853197,-0.0001645667317480776,-15.193204463842441,original_base
정밀,0.0009520067142018588,0.0010486810886363481,0.002000687802838207,9.667437443448932e-05,10.154799645036007,original_base
동행,0.0009346166437196302,0.0010650227699308746,0.0019996394136505046,0.00013040612621124438,13.95290005667437,original_base
시한,0.000980128192788514,0.0010178596060747564,0.0019979877988632704,3.773141328624252e-05,3.849640645362394,original_base
공모전,0.0008892029214204326,0.001108425367580556,0.0019976282890009885,0.00021922244616012331,24.65381533046838,original_base
미터,0.0010251759587765338,0.0009703545822579857,0.0019955305410345194,-5.482137651854804e-05,-5.347508986064501,original_base
금융감독원,0.0011599244254835003,0.0008353082173899912,0.0019952326428734914,-0.0003246162080935091,-27.985979169133955,original_base
무능,0.0011569821172020625,0.0008382360277055194,0.001995218144907582,-0.00031874608949654306,-27.54978532143339,original_base
복수,0.0010104350313520757,0.0009847817251544067,0.0019952167565064826,-2.5653306197669047e-05,-2.538837768059371,original_base
접목,0.0009001298908840839,0.0010948409456776188,0.0019949708365617027,0.00019471105479353492,21.631439725026222,original_base
중재,0.0008286957962935352,0.0011661798607779355,0.0019948756570714707,0.00033748406448440033,40.72472262968485,original_base
구청장,0.0009140924965885923,0.0010806838167881693,0.0019947763133767614,0.00016659132019957693,18.224777122807414,original_base
단계적,0.0006714598218061772,0.0013227904870384626,0.00199425030884464,0.0006513306652322855,97.00218003815243,original_base
경찰청장,0.0009006311493060506,0.0010935251718652138,0.0019941563211712645,0.00019289402255916318,21.4176494681303,original_base
기관장,0.0012575132871494629,0.0007355387220238854,0.001993052009173348,-0.0005219745651255774,-41.50847314773046,original_base
년도,0.0009758585257010942,0.0010167704558609694,0.0019926289815620636,4.091193015987515e-05,4.192403825183825,original_base
각각,0.001014524444566672,0.0009764741231850676,0.0019909985677517396,-3.8050321381604465e-05,-3.7505573754663626,original_base
학술,0.0010217978623830836,0.0009683553251990267,0.00199015318758211,-5.34425371840569e-05,-5.230245545769276,original_base
후임,0.0009916493065838278,0.0009973729679264888,0.0019890222745103164,5.723661342660986e-06,0.5771860379128035,original_base
받는,0.0009547759660442635,0.001033418144424311,0.0019881941104685744,7.864217838004746e-05,8.236715331856354,original_base
시청자들,0.0011861685023505403,0.0008016890705964356,0.001987857572946976,-0.00038447943175410476,-32.413559371388715,original_base
당대표,0.0007232849660197837,0.0012645636573292566,0.0019878486233490403,0.0005412786913094728,74.83615956904424,original_base
사죄,0.001223672985574152,0.0007629480411668303,0.0019866210267409823,-0.0004607249444073218,-37.65098599370876,original_base
순수,0.0011453544566304105,0.0008396385222581046,0.001984992978888515,-0.0003057159343723059,-26.69181864203948,original_base
금강산,0.0009398318552786488,0.0010431249273147821,0.001982956782593431,0.00010329307203613331,10.990590652570312,original_base
극단,0.0008607843180637257,0.0011219724435429105,0.0019827567616066363,0.00026118812547918475,30.343039481331306,original_base
구청,0.0009844124362904747,0.0009982309627976041,0.0019826433990880786,1.3818526507129421e-05,1.4037334350631803,original_base
관계자는,0.0009569100227175392,0.0010252856353501272,0.0019821956580676663,6.837561263258807e-05,7.145458926055287,original_base
일반인,0.0011341992171170553,0.000847393057183569,0.0019815922743006242,-0.0002868061599334863,-25.2871061454706,original_base
위를,0.0010837203144130907,0.0008974190312046733,0.001981139345617764,-0.00018630128320841737,-17.19090070848329,original_base
재해,0.000782728843702741,0.0011978432652107651,0.001980572108913506,0.0004151144215080241,53.034256351701934,original_base
병사,0.0010979550510065138,0.0008825231791860169,0.0019804782301925308,-0.00021543187182049685,-19.62119229043182,original_base
급락,0.000902558430079926,0.0010768576245461716,0.0019794160546260974,0.00017429919446624556,19.311679848894713,original_base
계속,0.000885405888623945,0.0010921638746573114,0.001977569763281256,0.0002067579860333664,23.35177444490455,original_base
감각,0.001062741665190997,0.0009143193921364598,0.0019770610573274566,-0.00014842227305453715,-13.965978554897681,original_base
자전거,0.0010955505874212378,0.0008815072975592897,0.0019770578849805276,-0.00021404328986194805,-19.537508565969002,original_base
국적,0.00101850651887286,0.0009580532221464301,0.0019765597410192903,-6.045329672642991e-05,-5.93548451642029,original_base
길이,0.0010453408481061457,0.0009304674520154671,0.001975808300121613,-0.00011487339609067863,-10.989085167655688,original_base
권위,0.0010994049881431721,0.0008763266758263379,0.00197573166396951,-0.0002230783123168342,-20.290822283206104,original_base
외환,0.0011743551267813597,0.0008012225647215425,0.0019755776915029023,-0.0003731325620598172,-31.773400869163716,original_base
전술,0.0009203637483532912,0.0010549745340546755,0.001975338282407967,0.00013461078570138423,14.62582440282214,original_base
원료,0.0009042458154080353,0.0010708169622122758,0.001975062777620311,0.00016657114680424055,18.421002781094028,original_base
창의,0.0011853446918012507,0.0007895397565676084,0.001974884448368859,-0.0003958049352336423,-33.39154745208981,original_base
농민,0.0011981652540230573,0.0007761329788884532,0.0019742982329115106,-0.00042203227513460415,-35.223210965061305,original_base
수수,0.0012086400237945087,0.0007654977477462122,0.001974137771540721,-0.0004431422760482964,-36.66453760624751,original_base
눈앞,0.0010750564013703124,0.0008986128439404666,0.001973669245310779,-0.00017644355742984586,-16.412493075241766,original_base
다저스,0.0013827191505970998,0.0005909327673970047,0.0019736519179941047,-0.0007917863832000951,-57.26299392455639,original_base
감성,0.0010081442557155714,0.0009654029589473933,0.0019735472146629645,-4.274129676817818e-05,-4.239601279862553,original_base
할리우드,0.0010619915949226016,0.0009111507037460983,0.0019731422986687,-0.00015084089117650332,-14.20358615808976,original_base
위안,0.0011115384525728234,0.0008595934200743258,0.001971131872647149,-0.00025194503249849765,-22.666335286497095,original_base
양극화,0.0008924356793177,0.0010784157696811071,0.001970851448998807,0.00018598009036340716,20.839607231480908,original_base
저지,0.001031992064462426,0.0009386233473078473,0.0019706154117702735,-9.336871715457881e-05,-9.047425883377835,original_base
흔적,0.001097923341262853,0.0008705831379162178,0.0019685064791790706,-0.00022734020334663524,-20.706382203801592,original_base
국정조사,0.0013714958946733345,0.0005961570367080283,0.001967652931381363,-0.0007753388579653062,-56.532349894490785,original_base
호평,0.001003031581245047,0.0009644464444936033,0.0019674780257386503,-3.858513675144377e-05,-3.846851631884677,original_base
갖고,0.0010886963048901592,0.0008769889687897361,0.0019656852736798956,-0.0002117073361004231,-19.445949724407548,original_base
메뉴,0.0009613898334483444,0.0010033448907765504,0.0019647347242248946,4.195505732820597e-05,4.364000519718438,original_base
거짓,0.0009334128468918055,0.001031128791835421,0.0019645416387272267,9.77159449436156e-05,10.468673670927323,original_base
도출,0.0009126171136310312,0.0010498311020553128,0.001962448215686344,0.0001372139884242815,15.03521974054902,original_base
서부,0.0010141418653497876,0.0009480362120569487,0.001962178077406736,-6.610565329283888e-05,-6.518383231328133,original_base
자진,0.0009156008309489615,0.001045484871978704,0.0019610857029276653,0.00012988404102974257,14.18566220556245,original_base
발달,0.001015917529251669,0.0009449187131563288,0.001960836242407998,-7.099881609534025e-05,-6.988639732167866,original_base
인지도,0.001032397136225453,0.0009284306951013127,0.0019608278313267657,-0.0001039664411241403,-10.070392243071497,original_base
요원,0.0011226430358863189,0.0008367906763511014,0.00195943371223742,-0.0002858523595352174,-25.462444463438814,original_base
확률,0.0009425016980297768,0.001015999143736838,0.001958500841766615,7.349744570706127e-05,7.798123426270924,original_base
명목,0.001112328039729744,0.0008452520912424741,0.001957580130972218,-0.0002670759484872698,-24.010538163917882,original_base
믿음,0.001053869670141118,0.0009029425217672623,0.0019568121919083803,-0.00015092714837385566,-14.321234650736825,original_base
경비,0.0010864865509605315,0.0008701433081590977,0.0019566298591196293,-0.00021634324280143382,-19.912187832437592,original_base
한다고,0.001001059606341319,0.0009555029268024564,0.0019565625331437755,-4.555667953886266e-05,-4.5508458487665475,original_base
도구,0.0009499656402975904,0.0010061212083018075,0.001956086848599398,5.615556800421702e-05,5.911326222980599,original_base
무릎,0.0010463594335776492,0.0009094606240932463,0.0019558200576708954,-0.0001368988094844029,-13.083344507759321,original_base
기원,0.0009469624706850518,0.0010067524445503664,0.0019537149152354183,5.978997386531465e-05,6.313869421040665,original_base
일당,0.0011614351905396981,0.0007922292669327943,0.0019536644574724925,-0.0003692059236069038,-31.78876674430197,original_base
악용,0.0010742734041337204,0.0008793024660600202,0.0019535758701937408,-0.00019497093807370014,-18.14909848121225,original_base
소음,0.0009681560299600019,0.0009849152391022947,0.0019530712690622965,1.6759209142292765e-05,1.7310442349860848,original_base
행정관,0.0008621333518178311,0.0010897404023996196,0.0019518737542174507,0.00022760705058178844,26.40044606810222,original_base
순서,0.0009566560500470587,0.0009951000298478898,0.0019517560798949485,3.8443979800831165e-05,4.018579070183069,original_base
월드,0.0009852325086412836,0.0009660739243684968,0.0019513064330097802,-1.915858427278675e-05,-1.9445749206152372,original_base
편안,0.0010141363312564308,0.000937114996991889,0.0019512513282483198,-7.702133426454186e-05,-7.594771224606342,original_base
경쟁률,0.0009374671852974681,0.0010130943174892638,0.001950561502786732,7.562713219179569e-05,8.067176470587437,original_base
상금,0.000983814646218743,0.0009665880762946367,0.0019504027225133798,-1.722656992410624e-05,-1.750997506523811,original_base
목사,0.0010333040243206066,0.0009169265317943723,0.001950230556114979,-0.00011637749252623429,-11.262657435477621,original_base
뉴질랜드,0.0008934925101267512,0.0010560606248885575,0.0019495531350153087,0.00016256811476180627,18.194681311737497,original_base
세트,0.0009160263546589909,0.0010319986469835023,0.0019480250016424931,0.00011597229232451138,12.66036634586615,original_base
중앙정부,0.0011722851539338938,0.000773571618064866,0.0019458567719987598,-0.00039871353586902773,-34.01165105017713,original_base
합리,0.0009670790760346599,0.0009781735077778071,0.001945252583812467,1.1094431743147214e-05,1.147210400688019,original_base
베를린,0.0009352104892498985,0.0010075540210869765,0.001942764510336875,7.234353183707795e-05,7.7355346917785655,original_base
게재,0.0009232634692496598,0.0010189581948871615,0.0019422216641368211,9.56947256375017e-05,10.36483396394674,original_base
축적,0.0009163249153963606,0.0010249935433158408,0.0019413184587122015,0.00010866862791948011,11.859180744034989,original_base
탈퇴,0.0011065166997860432,0.000834173860480567,0.0019406905602666101,-0.0002723428393054762,-24.612628020719125,original_base
경제부총리,0.0008713949279513333,0.0010684429639627494,0.0019398378919140828,0.00019704803601141609,22.612942730190078,original_base
예선,0.0010487617820403622,0.0008908895578532773,0.0019396513398936394,-0.0001578722241870849,-15.053201488706524,original_base
코스,0.0011132930406958454,0.0008250618480097838,0.0019383548887056293,-0.00028823119268606156,-25.8899662667349,original_base
인센티브,0.0008605698877563739,0.0010770603205126712,0.001937630208269045,0.00021649043275629733,25.156635833577468,original_base
단말기,0.0012371214660071275,0.0006987418567613972,0.0019358633227685247,-0.0005383796092457303,-43.51873474343452,original_base
약화,0.000987437420689573,0.0009478414948780216,0.0019352789155675947,-3.959592581155146e-05,-4.009968123741938,original_base
국회법,0.0013321995436070136,0.0006027947671930249,0.0019349943108000385,-0.0007294047764139888,-54.75191610102791,original_base
대주주,0.0008912887681584316,0.0010417641128334652,0.0019330528809918968,0.0001504753446750336,16.88289475317227,original_base
정보원,0.0013126998831879818,0.0006203166351380804,0.0019330165183260623,-0.0006923832480499014,-52.744976739725246,original_base
민정수석,0.0007469027677062581,0.0011852191714046458,0.0019321219391109038,0.00043831640369838777,58.68453333550491,original_base
퇴출,0.00110123073337044,0.0008307333743486921,0.0019319641077191322,-0.00027049735902174795,-24.563186517130745,original_base
치유,0.001115189273143635,0.0008138775099704876,0.0019290667831141227,-0.00030131176317314747,-27.018890015304052,original_base
시너지,0.0008510706781680804,0.0010771637196848023,0.0019282343978528826,0.00022609304151672194,26.565718607928606,original_base
일간,0.0009739125205601162,0.0009540187244196886,0.0019279312449798048,-1.9893796140427666e-05,-2.0426676647494326,original_base
관계자들,0.0009530805084408555,0.0009733611837942022,0.0019264416922350578,2.028067535334672e-05,2.127907891697825,original_base
국민의,0.0009392444034578268,0.0009869736115855675,0.0019262180150433944,4.772920812774067e-05,5.081660103805321,original_base
무력,0.0009440836030599831,0.0009802193752262516,0.0019243029782862347,3.61357721662685e-05,3.8276029844332107,original_base
동작,0.0010977527888926806,0.000825891143078638,0.0019236439319713185,-0.00027186164581404263,-24.76528855720544,original_base
참배,0.0011811832051373359,0.0007423505635400835,0.0019235337686774193,-0.0004388326415972523,-37.15195404816388,original_base
재학,0.0009798071887894384,0.0009437115473827801,0.0019235187361722186,-3.609564140665824e-05,-3.683953518574891,original_base
가중,0.0008221793877979975,0.0011011667838967654,0.0019233461716947628,0.0002789873960987679,33.93266727909174,original_base
과장급,0.0011052943400603123,0.0008179322174015807,0.0019232265574618932,-0.0002873621226587316,-25.9986966587607,original_base
한동안,0.0010166845892871832,0.0009044480365401449,0.0019211326258273282,-0.00011223655274703829,-11.03946631331645,original_base
부양,0.0009875110680426524,0.0009330389706239132,0.0019205500386665656,-5.447209741873916e-05,-5.516099938677995,original_base
연령대,0.0008344053909486108,0.001085950552763572,0.0019203559437121827,0.0002515451618149611,30.146636700056174,original_base
일명,0.0010506153319656693,0.0008695005910065616,0.0019201159229722308,-0.00018111474095910778,-17.238920416309515,original_base
관심이,0.0010051055559572783,0.0009145570013370167,0.001919662557294295,-9.054855462026158e-05,-9.008860222051178,original_base
마이너스,0.0007961718894259315,0.0011233361904495138,0.0019195080798754451,0.00032716430102358227,41.09216933789002,original_base
회수,0.0009205117006636594,0.0009988727380014343,0.0019193844386650937,7.83610373377749e-05,8.512769287047531,original_base
온도,0.000852960120960559,0.0010663857181521833,0.0019193458391127422,0.00021342559719162433,25.021755642136657,original_base
언론인,0.0011948077949808663,0.0007241453658547262,0.0019189531608355924,-0.00047066242912614006,-39.39231323257958,original_base
아직,0.0008943842378122192,0.0010240935953291798,0.001918477833141399,0.00012970935751696069,14.502643498531095,original_base
파기,0.0008780184317244426,0.0010393268616850427,0.0019173452934094853,0.0001613084299606001,18.371872859637776,original_base
문제들,0.0009361746111684304,0.000980614299554753,0.0019167889107231835,4.443968838632262e-05,4.746944411455239,original_base
가까이,0.0009325491361222847,0.0009830518986525846,0.0019156010347748695,5.0502762530299874e-05,5.415560486206646,original_base
메일,0.0010343296652737014,0.00088119505219182,0.0019155247174655215,-0.00015313461308188146,-14.805203623484916,original_base
공채,0.0010608115820739446,0.0008541916168316966,0.0019150031989056413,-0.000206619965242248,-19.477536702445754,original_base
육박,0.0008989297049991639,0.0010153680878206225,0.0019142977928197865,0.00011643838282145863,12.953002017167398,original_base
사후,0.0009693917423925735,0.0009434419921259411,0.0019128337345185147,-2.5949750266632396e-05,-2.6769105957706367,original_base
보조,0.0008414724783639736,0.0010699679074144166,0.00191144038577839,0.00022849542905044307,27.154236760623895,original_base
은폐,0.000954766003104353,0.000956453821992293,0.001911219825096646,1.687818887939987e-06,0.17677827681883992,original_base
물품,0.0008359877516512153,0.001075055730620691,0.0019110434822719063,0.00023906797896947572,28.597067181579703,original_base
가사,0.00101555266948338,0.0008954213490504308,0.001910974018533811,-0.00012013132043294926,-11.829157073070474,original_base
재편,0.000978534947018194,0.0009322985593903332,0.0019108335064085273,-4.6236387627860754e-05,-4.725062479245421,original_base
로버트,0.0008564422761288838,0.001053868946973374,0.0019103112231022576,0.0001974266708444902,23.05195298588693,original_base
테이블,0.0007377448653144996,0.0011718373982549605,0.00190958226356946,0.00043409253294046093,58.84046820921049,original_base
년까지,0.0008941194011284151,0.001014610248838084,0.001908729649966499,0.00012049084770966896,13.47592363588181,original_base
화두,0.0009874214714580554,0.000921195217303717,0.0019086166887617724,-6.622625415433838e-05,-6.706989473962597,original_base
부위,0.0010893206778996,0.0008189807053219806,0.0019083013832215806,-0.0002703399725776193,-24.817299263875345,original_base
종로,0.0007877747994139473,0.00111969080151182,0.0019074656009257674,0.0003319160020978727,42.13336125308862,original_base
도달,0.0008185418029887539,0.001088900742056383,0.001907442545045137,0.00027035893906762905,33.02933803508427,original_base
우리은행,0.0009318717846368441,0.0009739138089223906,0.0019057855935592349,4.20420242855465e-05,4.511567468686748,original_base
담은,0.0009561556732232202,0.000949167099798062,0.001905322773021282,-6.988573425158249e-06,-0.7309033059020218,original_base
사우디,0.0009141486432341004,0.0009897137415001867,0.001903862384734287,7.556509826608633e-05,8.266171899435308,original_base
스크린,0.0009507239387273974,0.0009516165084904797,0.001902340447217877,8.925697630823674e-07,0.09388316910134051,original_base
흡수,0.0009728795563199872,0.0009293731251562694,0.0019022526814762566,-4.3506431163717807e-05,-4.471923670416631,original_base
형제,0.0010729222540094528,0.0008291343293311254,0.0019020565833405782,-0.00024378792467832737,-22.721863002403484,original_base
엔터테인먼트,0.0008840165127174004,0.001017622824281206,0.0019016393369986062,0.00013360631156380555,15.11355383544927,original_base
교사들,0.0011902438613758325,0.0007108287683733111,0.0019010726297491436,-0.00047941509300252145,-40.27872846564011,original_base
정직,0.0008742357879524428,0.0010262115605176776,0.0019004473484701204,0.00015197577256523482,17.383842512462106,original_base
비결,0.0010601871326217113,0.0008400399610892415,0.0019002270937109528,-0.00022014717153246983,-20.76493524195801,original_base
문화재청,0.001037998053325621,0.0008620935608634241,0.0019000916141890451,-0.00017590449246219695,-16.946514677808892,original_base
활동가,0.000901379891457747,0.0009980077235948505,0.0018993876150525976,9.662783213710343e-05,10.719989768224481,original_base
선거운동,0.0009334169093529936,0.0009659055789492413,0.0018993224883022347,3.24886695962477e-05,3.4806172108846325,original_base
게이트,0.0011952045236086662,0.0007039173974422749,0.0018991219210509412,-0.0004912871261663913,-41.10485832860255,original_base
처지,0.00110220398281226,0.000796495781121544,0.001898699763933804,-0.0003057082016907159,-27.73608210983825,original_base
상대로,0.0010352538300310234,0.0008627972973859637,0.0018980511274169871,-0.00017245653264505965,-16.658381514018807,original_base
자부심,0.0009779367831632736,0.0009196876006266802,0.001897624383789954,-5.824918253659339e-05,-5.956334145462679,original_base
비례대표,0.0011263396039930494,0.000768606892725914,0.0018949464967189635,-0.0003577327112671354,-31.76064394778601,original_base
절대,0.0009381715808270271,0.0009566969952663294,0.0018948685760933565,1.8525414439302243e-05,1.9746296751998733,original_base
안산,0.0010616635061094556,0.0008331101720655261,0.0018947736781749817,-0.0002285533340439295,-21.527850654062707,original_base
패러다임,0.0009489789498689491,0.0009456734710518506,0.0018946524209207997,-3.3054788170984884e-06,-0.34831950883156726,original_base
경제협력개발기구,0.001092260512156374,0.0008016775465163256,0.0018939380586726995,-0.00029058296564004845,-26.603814969596467,original_base
산학,0.0010035220693109669,0.0008902265580046185,0.0018937486273155853,-0.00011329551130634841,-11.289787715793713,original_base
페스티벌,0.0011213672282892565,0.000772216614620704,0.0018935838429099605,-0.0003491506136685525,-31.136152801719756,original_base
신흥국,0.0013331763226862678,0.0005592977833419727,0.0018924741060282406,-0.0007738785393442951,-58.047726034091106,original_base
과반,0.0008390828836040474,0.0010528514455387357,0.001891934329142783,0.00021376856193468837,25.476453650979618,original_base
만화,0.0011615157446630581,0.000729350509060027,0.0018908662537230852,-0.0004321652356030311,-37.20700624065988,original_base
인문학,0.0013398913845562325,0.0005509221862860975,0.0018908135708423299,-0.000788969198270135,-58.88307122233187,original_base
내역,0.0008509233953584583,0.0010396916528819346,0.001890615048240393,0.00018876825752347636,22.18393083950362,original_base
극장,0.0010110095089734452,0.0008794694431586305,0.0018904789521320756,-0.00013154006581481473,-13.01076445347951,original_base
경남도,0.0010238222339769999,0.0008625616039824695,0.0018863838379594693,-0.00016126062999453038,-15.750842738403852,original_base
과징금,0.001041724966334885,0.0008446331946560673,0.0018863581609909524,-0.00019709177167881778,-18.919751186558234,original_base
자발적,0.0009155695682879734,0.0009695966534163624,0.0018851662217043358,5.402708512838904e-05,5.900926264883887,original_base
명절,0.0009405692237792074,0.0009443995444769688,0.0018849687682561762,3.830320697761338e-06,0.40723432161336387,original_base
다행,0.0009000205186466677,0.0009845470645986577,0.0018845675832453255,8.452654595199002e-05,9.39162432419762,original_base
중국의,0.00107608307472513,0.0008083694380880108,0.001884452512813141,-0.00026771363663711915,-24.878528705184102,original_base
사단,0.001113494375946929,0.000770436555937773,0.001883930931884702,-0.000343057820009156,-30.809120137442587,original_base
고심,0.0008388858456084241,0.0010441805008148553,0.0018830663464232795,0.00020529465520643117,24.47229933383079,original_base
소신,0.000947686833956904,0.0009352109947908531,0.0018828978287477572,-1.2475839166050848e-05,-1.3164516714830912,original_base
데이비드,0.0011224250151664025,0.0007603282153244065,0.001882753230490809,-0.0003620967998419959,-32.26022183658426,original_base
사회주의,0.0009955547309529152,0.0008865801988510311,0.0018821349298039462,-0.00010897453210188411,-10.946111621364798,original_base
학부,0.0009611240378193256,0.0009201254114589038,0.0018812494492782294,-4.099862636042185e-05,-4.265695659162035,original_base
성찰,0.0009361228394461775,0.0009450351783026588,0.0018811580177488362,8.912338856481312e-06,0.9520480091858423,original_base
독립성,0.0008244217255319039,0.0010550943426884242,0.0018795160682203282,0.00023067261715652035,27.97992944784346,original_base
동해,0.0008675096722419198,0.0010116222431550313,0.001879131915396951,0.00014411257091311144,16.612214886397624,original_base
기적,0.0011072562715205277,0.0007715375529031321,0.0018787938244236597,-0.00033571871861739556,-30.319875105008297,original_base
재능,0.0011182272454677163,0.0007598865906708455,0.0018781138361385619,-0.00035834065479687077,-32.045423347468976,original_base
효율성,0.001031741998753516,0.0008457531811871598,0.0018774951799406757,-0.0001859888175663562,-18.02667893630926,original_base
금요일,0.0008167306378135012,0.0010606159096861279,0.0018773465474996292,0.00024388527187262663,29.861163593120565,original_base
교수님,0.0007759767800597383,0.0011000484238804626,0.001876025203940201,0.00032407164382072427,41.76305943017724,original_base
조세,0.0010576757264603648,0.0008183423911526372,0.001876018117613002,-0.00023933333530772765,-22.628233712868173,original_base
나온,0.000884290538032277,0.0009917064658966574,0.0018759970039289343,0.00010741592786438041,12.147130749968477,original_base
도박,0.0011707160896814268,0.0007041493394665571,0.001874865429147984,-0.0004665667502148697,-39.85310822385904,original_base
여전히,0.0009034431890136426,0.0009703331743053493,0.0018737763633189918,6.688998529170672e-05,7.403895021305722,original_base
관한,0.0009726606721543099,0.0008986325099826047,0.0018712931821369145,-7.402816217170528e-05,-7.610892913737641,original_base
검찰이,0.0009264500934188394,0.0009436092703312149,0.0018700593637500543,1.7159176912375472e-05,1.8521426069540012,original_base
이집트,0.0012633902249988985,0.0006064460262550174,0.0018698362512539158,-0.0006569441987438811,-51.998518410608554,original_base
확립,0.0010857915643365209,0.0007840410668454121,0.001869832631181933,-0.0003017504974911088,-27.790830892621194,original_base
방통위,0.0011406908845277494,0.0007281092545767362,0.0018688001391044856,-0.0004125816299510132,-36.16945094830171,original_base
계단,0.0010011860272512972,0.0008659662908511464,0.0018671523181024437,-0.00013521973640015083,-13.505955209082313,original_base
사연,0.0009897183290414487,0.0008767493390698154,0.0018664676681112641,-0.00011296898997163328,-11.414256628049396,original_base
문장,0.0009600508494521103,0.0009058253088212448,0.0018658761582733552,-5.4225540630865464e-05,-5.648194641128784,original_base
해수부,0.0010558124179622704,0.0008096688483404471,0.0018654812663027175,-0.00024614356962182333,-23.313191380802582,original_base
사교육,0.0011833824656712012,0.000681674220799354,0.0018650566864705552,-0.0005017082448718472,-42.3961195493364,original_base
낭비,0.0010711421526152006,0.0007939028487723318,0.0018650450013875325,-0.0002772393038428688,-25.88258740130684,original_base
재검토,0.0008640095971727092,0.0010002553828717593,0.0018642649800444683,0.0001362457856990501,15.769012999958099,original_base
스펙,0.00122557862992172,0.000638662073925152,0.001864240703846872,-0.000586916555996568,-47.888935207205385,original_base
실정,0.000978181446345469,0.0008858704321760258,0.001864051878521495,-9.231101416944327e-05,-9.437003177101904,original_base
전통적,0.0009507438257632556,0.0009130599049490279,0.0018638037307122835,-3.768392081422776e-05,-3.9636250894372282,original_base
소방관,0.0007705755446569208,0.001092302909231135,0.0018628784538880557,0.0003217273645742141,41.751566969005616,original_base
학계,0.0010127022787970391,0.0008497822598678505,0.0018624845386648898,-0.0001629200189291886,-16.087652051372565,original_base
분량,0.0009324155016056826,0.000930054625801779,0.0018624701274074615,-2.3608758039035454e-06,-0.2531999735995334,original_base
원고,0.0009947603025154887,0.0008668212101615437,0.0018615815126770325,-0.000127939092353945,-12.861298549049504,original_base
네티즌들,0.0014634128970172674,0.0003977984890324865,0.001861211386049754,-0.0010656144079847808,-72.8170709822716,original_base
납득,0.0008721344271984053,0.0009880073748717957,0.001860141802070201,0.00011587294767339033,13.286133887136407,original_base
문제가,0.0009819462688003373,0.0008781515388075393,0.0018600978076078766,-0.00010379472999279802,-10.57030647100539,original_base
비극,0.0010644612946011354,0.0007951022248669061,0.0018595635194680416,-0.0002693590697342293,-25.30473123827024,original_base
노벨,0.001081301954273862,0.0007779081853856842,0.0018592101396595461,-0.00030339376888817774,-28.05819111756983,original_base
미술관,0.0009629741394698364,0.0008951001650597066,0.001858074304529543,-6.787397441012982e-05,-7.048369382743519,original_base
신화,0.0010474775935046638,0.0008102449748508558,0.0018577225683555196,-0.00023723261865380807,-22.6479898114166,original_base
출연자,0.0008296181278742463,0.0010273942446154126,0.0018570123724896588,0.0001977761167411663,23.839416003111406,original_base
장벽,0.000836469193871212,0.0010189616269394891,0.001855430820810701,0.00018249243306827712,21.816993907892176,original_base
찬반,0.000914471711810592,0.0009394736573890787,0.0018539453691996707,2.5001945578486794e-05,2.7340316004947423,original_base
권역,0.0010257418608997583,0.0008275137437684713,0.0018532556046682296,-0.00019822811713128704,-19.32534146138929,original_base
과잉,0.0010293660521350494,0.0008238158881523529,0.0018531819402874024,-0.00020555016398269654,-19.968616951798314,original_base
사무국장,0.001067842723700902,0.0007852597898284208,0.001853102513529323,-0.00028258293387248116,-26.462973207619235,original_base
총력,0.0008452883310382086,0.0010064753831075255,0.001851763714145734,0.00016118705206931688,19.06888408968595,original_base
문희상,0.0009719129755851987,0.0008782522044706678,0.0018501651800558665,-9.366077111453092e-05,-9.636744592090338,original_base
싱크탱크,0.0009179090767913903,0.0009309620185388874,0.0018488710953302777,1.3052941747497093e-05,1.4220299240448175,original_base
나선,0.0008644642575787307,0.000983958054981052,0.001848422312559783,0.0001194937974023214,13.822873109526862,original_base
제대로,0.000976166808919528,0.0008707998925180207,0.0018469667014375487,-0.00010536691640150738,-10.793945813229703,original_base
먹거리,0.0008556582052181036,0.0009874332422422655,0.0018430914474603691,0.00013177503702416194,15.40042930933772,original_base
예술가,0.0010176489997387632,0.000824434563269409,0.0018420835630081722,-0.0001932144364693543,-18.986353498991658,original_base
밴드,0.0011241666886692245,0.0007164043038587027,0.0018405709925279272,-0.00040776238481052187,-36.27241306120058,original_base
고등학생,0.0009738096413656938,0.0008661452446705495,0.0018399548860362433,-0.00010766439669514434,-11.056000281959955,original_base
이력,0.0007377295827091784,0.001102128370938234,0.0018398579536474126,0.00036439878822905564,49.3946287053946,original_base
공인,0.0008589780870152031,0.0009803473307466882,0.0018393254177618912,0.00012136924373148505,14.129492424332,original_base
편입,0.0009007369700955962,0.0009384662743713683,0.0018392032444669644,3.772930427577213e-05,4.18871496656431,original_base
독려,0.0008270349570576618,0.001011582600460614,0.0018386175575182758,0.0001845476434029522,22.314370369484312,original_base
충실,0.0009771750920923355,0.0008598737342547276,0.0018370488263470632,-0.00011730135783760795,-12.004128920891883,original_base
출동,0.0008904730021898759,0.0009465535361222972,0.0018370265383121731,5.60805339324213e-05,6.297836519973822,original_base
경매,0.0009092498675827176,0.0009268288596701484,0.001836078727252866,1.7578992087430843e-05,1.9333510747893092,original_base
특권,0.0010378581111686693,0.000798122683847647,0.0018359807950163163,-0.00023973542732102235,-23.099056098436304,original_base
백인,0.001090573246879824,0.0007452454114085931,0.0018358186582884172,-0.0003453278354712308,-31.66479981598928,original_base
돌파구,0.0008805188271533274,0.0009552314977021051,0.0018357503248554326,7.471267054877764e-05,8.48507360033628,original_base
전국적,0.0008593213314889062,0.0009752443892131254,0.0018345657207020317,0.00011592305772421916,13.490070998629191,original_base
미안,0.0008765943270280195,0.000957672493690534,0.0018342668207185536,8.107816666251446e-05,9.249223290937733,original_base
체력,0.0010270775892272297,0.0008067530880964972,0.0018338306773237269,-0.00022032450113073244,-21.45159269773416,original_base
청소,0.0009246001263872666,0.0009089691588031109,0.0018335692851903776,-1.5630967584155686e-05,-1.690565157635366,original_base
긴장감,0.0009789601079218122,0.0008545829492844947,0.001833543057206307,-0.00012437715863731753,-12.705028287756473,original_base
진흥,0.0011269439843749228,0.0007052156609987684,0.0018321596453736912,-0.0004217283233761543,-37.422296868648054,original_base
전임,0.0008867198597389188,0.0009453185406112972,0.001832038400350216,5.859868087237832e-05,6.608477325593204,original_base
색깔,0.0010759202431716748,0.0007554485578258231,0.0018313688009974978,-0.0003204716853458517,-29.78582170748478,original_base
각자,0.0008905244838464788,0.0009408175489233913,0.00183134203276987,5.0293065076912474e-05,5.6475780272407095,original_base
생산성,0.000914117401873729,0.0009160302740482059,0.001830147675921935,1.91287217447681e-06,0.20925891691328324,original_base
전례,0.000724620386515891,0.001104054182315725,0.001828674568831616,0.000379433795799834,52.36311355028555,original_base
공격적,0.0008350112129132757,0.000992932061488559,0.0018279432744018349,0.00015792084857528326,18.912422507993902,original_base
강경,0.0008573375281621364,0.0009704238673367167,0.001827761395498853,0.00011308633917458022,13.190410481272409,original_base
수산,0.0009910063432813857,0.0008367032890540085,0.0018277096323353944,-0.0001543030542273772,-15.570339713109634,original_base
관람객,0.0009598378264364803,0.0008669924164839042,0.0018268302429203845,-9.284540995257605e-05,-9.673030942870465,original_base
사람이,0.0009529924274820183,0.0008728754764924421,0.0018258679039744605,-8.011695098957613e-05,-8.40688222478954,original_base
고생,0.0009607422356719341,0.0008643602595614067,0.0018251024952333408,-9.638197611052746e-05,-10.032032790056201,original_base
할아버지,0.0010475280724508908,0.0007766281332900253,0.001824156205740916,-0.0002708999391608655,-25.860876313037,original_base
승계,0.0007553023664021038,0.001068843426360732,0.0018241457927628357,0.0003135410599586282,41.51199227035215,original_base
국가들,0.0008265846066537547,0.0009962205261301387,0.0018228051327838935,0.00016963591947638404,20.52251132078513,original_base
금융사,0.0009321861944085586,0.0008905880942070454,0.001822774288615604,-4.1598100201513215e-05,-4.4624239718445775,original_base
실세,0.001286287206833291,0.0005333036288898796,0.0018195908357231706,-0.0007529835779434115,-58.539303970625724,original_base
전적,0.0009270322683010438,0.0008925364740988247,0.0018195687423998685,-3.449579420221902e-05,-3.721099618834075,original_base
소요,0.000823485136510345,0.0009959939844409692,0.0018194791209513142,0.0001725088479306242,20.94862922015315,original_base
금융위기,0.0011339951819111943,0.0006846232523941503,0.0018186184343053444,-0.000449371929517044,-39.627322645206384,original_base
생애,0.0008708279000905219,0.0009465747191945689,0.0018174026192850907,7.574681910404698e-05,8.698253592492058,original_base
옛날,0.0010137491604201962,0.0008035393711049089,0.001817288531525105,-0.00021020978931528733,-20.73587801820284,original_base
제작진,0.0009211451205459598,0.000895598252394301,0.0018167433729402607,-2.5546868151658732e-05,-2.773381477233162,original_base
받아,0.000987925259487051,0.0008287875043155833,0.0018167127638026343,-0.00015913775517146763,-16.108278803813043,original_base
웹툰,0.0007896850003834273,0.0010268309846076264,0.0018165159849910537,0.00023714598422419912,30.030453169181907,original_base
연구위원,0.0010262037169940696,0.0007882104463781072,0.0018144141633721768,-0.0002379932706159624,-23.19162040389859,original_base
일이,0.0009618970673861302,0.000851965287205954,0.0018138623545920843,-0.00010993178018017617,-11.42864282546427,original_base
상업,0.0007663389866043266,0.0010474749317339975,0.0018138139183383243,0.0002811359451296709,36.685585627764226,original_base
박씨,0.0010569649954489328,0.0007561892752443528,0.0018131542706932855,-0.00030077572020458,-28.456545060589182,original_base
시술,0.001085698001323937,0.0007270559284036563,0.0018127539297275934,-0.00035864207292028076,-33.03331796530347,original_base
단백질,0.0007793682465129414,0.0010326971037027041,0.0018120653502156454,0.0002533288571897628,32.504385227805955,original_base
자리매김,0.0008597716026954492,0.0009521592429701644,0.0018119308456656137,9.238764027471528e-05,10.74560266762394,original_base
성과급,0.0010302797469313395,0.0007815967262819587,0.0018118764732132982,-0.00024868302064938084,-24.13742688721937,original_base
거취,0.0009582587326942642,0.0008517811161214595,0.0018100398488157237,-0.00010647761657280475,-11.111572787177177,original_base
외모,0.0010770887424960255,0.0007327757223836789,0.0018098644648797044,-0.00034431302011234664,-31.96700573756272,original_base
주소,0.0009835293941645843,0.0008262097903494356,0.0018097391845140198,-0.00015731960381514876,-15.995414549737678,original_base
당황,0.0009927122384123049,0.0008156069039583652,0.00180831914237067,-0.0001771053344539397,-17.840551128612383,original_base
경찰서,0.0010173082623046925,0.0007907418577884429,0.0018080501200931354,-0.00022656640451624958,-22.271165281108374,original_base
논설위원,0.0009902322125178934,0.0008146862969056994,0.0018049185094235927,-0.00017554591561219407,-17.72775247997923,original_base
사령부,0.0009267713795471871,0.0008777173508944119,0.001804488730441599,-4.905402865277523e-05,-5.293002107676504,original_base
동구,0.0008985059960461563,0.0009055922993917086,0.0018040982954378648,7.086303345552243e-06,0.7886762444252201,original_base
청춘,0.001138566235315216,0.0006648867129954526,0.0018034529483106686,-0.00047367952231976347,-41.60315909848,original_base
획기적,0.0008827673422825249,0.0009203058281232841,0.001803073170405809,3.753848584075916e-05,4.252364586086508,original_base
걸음,0.0008504543428305253,0.0009516875176229565,0.0018021418604534818,0.00010123317479243123,11.903422640597242,original_base
넘는,0.0009026128192153217,0.0008988789232288278,0.0018014917424441495,-3.7338959864938875e-06,-0.4136763745212389,original_base
핀란드,0.0008199493107895824,0.0009814784343061779,0.0018014277450957602,0.0001615291235165955,19.699891370241975,original_base
기증,0.000960998898968576,0.0008390719134717954,0.0018000708124403715,-0.0001219269854967806,-12.68752603438389,original_base
악재,0.000801989763235294,0.000993975273369971,0.0017959650366052649,0.000191985510134677,23.938648463565336,original_base
생산량,0.000758062481360539,0.0010375933454194813,0.0017956558267800203,0.0002795308640589423,36.874383171853054,original_base
고리,0.0010196858314502639,0.0007748972800304554,0.0017945831114807194,-0.0002447885514198085,-24.006271723090848,original_base
않았다,0.0009352343598618604,0.0008592373347056059,0.0017944716945674662,-7.599702515625453e-05,-8.12598728381619,original_base
전선,0.0009324703918711359,0.0008607299927823012,0.0017932003846534371,-7.174039908883472e-05,-7.693584666519791,original_base
도덕,0.000989246266715011,0.0008022793491682215,0.0017915256158832324,-0.00018696691754678952,-18.89993663232618,original_base
감지,0.0008190954401234903,0.0009718266804816328,0.001790922120605123,0.00015273124035814249,18.64633019262274,original_base
아픔,0.0009940006425974766,0.0007956606077881972,0.0017896612503856737,-0.00019834003480927946,-19.953712936340406,original_base
선사,0.0009688711440038883,0.0008206455888855683,0.0017895167328894567,-0.00014822555511832,-15.298789321536976,original_base
중징계,0.0010075308950690154,0.0007789975584278427,0.001786528453496858,-0.00022853333664117268,-22.682514031047976,original_base
조짐,0.0009235672105645298,0.0008624983208516022,0.001786065531416132,-6.106888971292763e-05,-6.612284305286165,original_base
그의,0.0010391233154118519,0.0007452913727358124,0.0017844146881476643,-0.0002938319426760395,-28.27690788167721,original_base
순환,0.0008464765533212115,0.0009372731334586598,0.0017837496867798713,9.079658013744826e-05,10.726414072687703,original_base
합의문,0.0007533203149447162,0.0010298914103782936,0.0017832117253230098,0.00027657109543357747,36.71361171958759,original_base
김상곤,0.0013311627732724351,0.000451064742064127,0.001782227515336562,-0.0008800980312083081,-66.11498224553998,original_base
책정,0.0008247383360490824,0.0009563122893408725,0.0017810506253899548,0.00013157395329179008,15.953417895195276,original_base
입수,0.0009817719058954886,0.0007985083335651232,0.001780280239460612,-0.00018326357233036542,-18.666614030191464,original_base
무책임,0.0010266562347004133,0.0007533580408141438,0.0017800142755145573,-0.0002732981938862695,-26.62022443822397,original_base
무렵,0.000992144681225869,0.0007874621431735093,0.0017796068243993784,-0.0002046825380523597,-20.63031147830769,original_base
가능성이,0.0009152531977641319,0.0008642184937372714,0.0017794716915014034,-5.1034704026860504e-05,-5.576020291601599,original_base
도입,0.000915219721478651,0.0008641820649837432,0.0017794017864623942,-5.1037656494907786e-05,-5.5765468441228645,original_base
화합,0.0011007824566787296,0.0006770919090066719,0.0017778743656854015,-0.00042369054767205767,-38.489943685186695,original_base
간판,0.0009178083409597074,0.0008595194423527922,0.0017773277833124995,-5.8288898606915205e-05,-6.350879154787954,original_base
파워,0.000980976402056693,0.0007963289260833151,0.001777305328140008,-0.00018464747597337792,-18.822825461066156,original_base
클래식,0.0011158424911629635,0.0006585715926014579,0.0017744140837644214,-0.00045727089856150566,-40.97987862829319,original_base
자치구,0.0008569688550342192,0.000917442228468026,0.001774411083502245,6.0473373433806896e-05,7.056659419832961,original_base
파주,0.0008542306982201042,0.0009198675990370092,0.0017740982972571134,6.5636900816905e-05,7.683744093213653,original_base
백만,0.0009789451335713499,0.0007945129648174723,0.0017734580983888222,-0.00018443216875387762,-18.839888205076345,original_base
저축,0.0009995737302049609,0.0007737180314727017,0.0017732917616776625,-0.00022585569873225918,-22.595201525148912,original_base
못한,0.0009400672454473658,0.0008317483984928558,0.0017718156439402216,-0.00010831884695451004,-11.522457300696878,original_base
신세계,0.000829938668989155,0.0009417404654279995,0.0017716791344171545,0.00011180179643884448,13.47109137293438,original_base
학문,0.0011107761282843176,0.0006603851092766386,0.0017711612375609562,-0.00045039101900767897,-40.54741612995805,original_base
벨기에,0.0011437798206522117,0.0006269067977973269,0.0017706866184495386,-0.0005168730228548848,-45.18990574253626,original_base
없어,0.0008390086358491197,0.0009310124355029505,0.0017700210713520702,9.200379965383079e-05,10.965775049587927,original_base
있게,0.0009078144856268326,0.0008619535619822189,0.0017697680476090516,-4.58609236446137e-05,-5.051794653061457,original_base
어느,0.0009863718260787102,0.0007824774878959038,0.001768849313974614,-0.00020389433818280645,-20.671143760602114,original_base
어른,0.0010124874426698223,0.0007548693826144736,0.0017673568252842959,-0.00025761806005534875,-25.4440745828943,original_base
원활,0.0007803943211608947,0.0009864049537257565,0.001766799274886651,0.0002060106325648619,26.398274177393517,original_base
동료들,0.0009051422454813427,0.0008612308033279012,0.0017663730488092439,-4.391144215344146e-05,-4.8513305364605905,original_base
젊은,0.0008887066670405094,0.0008776224837491274,0.001766329150789637,-1.1084183291381927e-05,-1.2472263011476523,original_base
동반자,0.0009135738467937489,0.000852507319063008,0.0017660811658567568,-6.106652773074097e-05,-6.684355943973025,original_base
벤츠,0.0009093812545091337,0.0008566836508812516,0.0017660649053903854,-5.269760362788215e-05,-5.794885628726456,original_base
이들은,0.0009660210668881443,0.0007997579923028733,0.0017657790591910176,-0.00016626307458527095,-17.21112305768406,original_base
휴직,0.000779528346924549,0.0009857537169996925,0.0017652820639242415,0.00020622537007514347,26.455146998663814,original_base
아기,0.0009602881396322613,0.0008037433946612988,0.00176403153429356,-0.00015654474497096252,-16.301851341297493,original_base
공존,0.0008234641057281016,0.0009404217023057102,0.001763885808033812,0.0001169575965776086,14.203120180228797,original_base
매진,0.0008710507618554746,0.0008927244945766266,0.0017637752564321012,2.167373272115203e-05,2.4882284328623494,original_base
온실,0.0007512015864859268,0.0010116871435427782,0.001762888730028705,0.00026048555705685135,34.675852892615175,original_base
누리꾼,0.0011268306340457852,0.0006358954830099599,0.001762726117055745,-0.0004909351510358253,-43.5677852733881,original_base
공청회,0.0009941675476058019,0.0007672106954670268,0.0017613782430728287,-0.00022695685213877507,-22.828833297299088,original_base
최적,0.0007581098618189486,0.0010028310854495598,0.0017609409472685083,0.00024472122363061114,32.280443238588994,original_base
인적,0.0009172365156586625,0.0008426945529190903,0.0017599310685777528,-7.454196273957211e-05,-8.126798428434125,original_base
열기,0.0009288008928702668,0.0008301085318565262,0.0017589094247267931,-9.869236101374055e-05,-10.625782314738334,original_base
명예교수,0.001010088406045884,0.0007476982541771849,0.0017577866602230688,-0.00026239015186869897,-25.976949175751624,original_base
우세,0.000847804040760852,0.0009098731851796038,0.0017576772259404558,6.20691444187518e-05,7.321166382156961,original_base
수급자,0.0009749595908406752,0.000780918857787812,0.0017558784486284872,-0.00019404073305286313,-19.90243850881535,original_base
고전,0.0010378293424364066,0.0007179763417641457,0.0017558056842005522,-0.0003198530006722609,-30.819421613323676,original_base
농장,0.0008143696054418023,0.0009404072177011956,0.0017547768231429978,0.00012603761225939332,15.47670878397001,original_base
중지,0.0007148624234590775,0.001039691818816564,0.0017545542422756416,0.00032482939535748644,45.439427881200054,original_base
배분,0.0007986589017503935,0.0009536534204986603,0.0017523123222490536,0.00015499451874826677,19.406847955813248,original_base
옹호,0.0008022534678326343,0.0009495039206883302,0.0017517573885209646,0.0001472504528556959,18.354604717821577,original_base
교장,0.0010586644359496748,0.0006923801071416228,0.0017510445430912974,-0.000366284328808052,-34.59871857124177,original_base
탄압,0.0009192585948704543,0.0008304535624044673,0.0017497121572749214,-8.8805032465987e-05,-9.660506081915043,original_base
학점,0.0010311830494873727,0.0007181948236717438,0.0017493778731591165,-0.00031298822581562894,-30.35234393847177,original_base
업적,0.001007156839648022,0.0007420683989142622,0.0017492252385622842,-0.00026508844073375984,-26.32047267100942,original_base
장군,0.0008813172545170732,0.0008675255700165032,0.0017488428245335764,-1.3791684500569917e-05,-1.564894415703595,original_base
기업가,0.00104321811196138,0.0007044206579506897,0.0017476387699120698,-0.00033879745401069043,-32.476185960164074,original_base
실업률,0.0009775205910825964,0.0007694061471371038,0.0017469267382197002,-0.0002081144439454927,-21.290031723526926,original_base
나오고,0.0008635071845314095,0.0008831203202536103,0.00174662750478502,1.961313572220087e-05,2.2713343992434907,original_base
꼼수,0.0008515899276549209,0.0008948193328268075,0.0017464092604817284,4.322940517188659e-05,5.076317106160501,original_base
심정,0.0009561773260902908,0.0007893612870368818,0.0017455386131271728,-0.00016681603905340902,-17.446140428313896,original_base
관광지,0.0008993965480864324,0.0008456231131356484,0.0017450196612220808,-5.3773434950783955e-05,-5.978834927173448,original_base
공통,0.0008701821963934394,0.0008742170191885822,0.0017443992155820216,4.0348227951427645e-06,0.46367563159364866,original_base
액수,0.000949977707486105,0.000794376745771806,0.001744354453257911,-0.000155600961714299,-16.37943295807022,original_base
무소속,0.0010687566107503788,0.0006753705666514092,0.001744127177401788,-0.0003933860440989696,-36.807823235149066,original_base
후쿠시마,0.0009552653908493062,0.0007884433121055982,0.0017437087029549044,-0.00016682207874370802,-17.46342747698522,original_base
아무것,0.0008790486491151149,0.0008646415040049685,0.0017436901531200834,-1.4407145110146365e-05,-1.638947414872791,original_base
인종,0.0008139627336236171,0.00092864119697486,0.0017426039305984773,0.0001146784633512429,14.088908326394108,original_base
만기,0.0007656535030882999,0.000975983676907413,0.0017416371799957129,0.00021033017381911307,27.47067347967929,original_base
하이브리드,0.0008555462204100966,0.0008857862080251208,0.0017413324284352174,3.0239987615024205e-05,3.5345825735199905,original_base
보강,0.0009065848064863636,0.0008345533178981641,0.0017411381243845276,-7.203148858819948e-05,-7.94536683968605,original_base
의원실,0.0006990778616579772,0.0010395984879362236,0.0017386763495942008,0.00034052062627824647,48.70997137152166,original_base
세입자,0.0007919134510743072,0.0009465359251000204,0.0017384493761743278,0.0001546224740257132,19.525173340085693,original_base
휴식,0.0008005242662601074,0.0009372625416191402,0.0017377868078792477,0.00013673827535903274,17.08109062050638,original_base
날짜,0.0007041827304009453,0.0010334875198364844,0.0017376702502374297,0.0003293047894355392,46.76411039618093,original_base
트럭,0.0008424116316845037,0.0008951144292812887,0.0017375260609657924,5.2702797596785016e-05,6.2561811369341385,original_base
한인,0.0009934068637162843,0.0007440732082810046,0.0017374800719972888,-0.00024933365543527975,-25.09884565348535,original_base
슈퍼,0.0008503941934139974,0.0008870496741245962,0.0017374438675385935,3.6655480710598843e-05,4.310410512499097,original_base
시속,0.0008996511201427793,0.0008377079465757215,0.001737359066718501,-6.194317356705782e-05,-6.88524386622529,original_base
인체,0.0008950604307414823,0.00084066742591772,0.0017357278566592022,-5.4393004823762394e-05,-6.077020383830661,original_base
고집,0.0009528563590066365,0.0007828399030567979,0.0017356962620634344,-0.0001700164559498386,-17.842821149567882,original_base
타인,0.0008648586190362747,0.0008694617571283227,0.0017343203761645974,4.603138092047938e-06,0.5322416856037449,original_base
주역,0.000883641196564774,0.0008501268600854456,0.0017337680566502196,-3.3514336479328454e-05,-3.7927539605009506,original_base
대남,0.0008518482530654041,0.0008804655075145168,0.001732313760579921,2.86172544491127e-05,3.3594310190967187,original_base
다양성,0.0008615758635534948,0.0008701575686038713,0.0017317334321573662,8.581705050376498e-06,0.9960475233117605,original_base
외국어,0.000978313420196483,0.0007525180412807879,0.0017308314614772708,-0.00022579537891569514,-23.080065575543955,original_base
위험성,0.0008567486059800817,0.0008740134574850272,0.0017307620634651089,1.7264851504945455e-05,2.015159567746859,original_base
흑자,0.0009131575836341101,0.0008170068888665612,0.0017301644725006711,-9.615069476754886e-05,-10.52947448400923,original_base
노인들,0.0011449118824157813,0.0005843304803465548,0.001729242362762336,-0.0005605814020692264,-48.96284252779273,original_base
묘사,0.0009549582754339667,0.0007736316587445769,0.0017285899341785435,-0.00018132661668938976,-18.987909875642323,original_base
있고,0.000899393277354648,0.0008275423562446064,0.0017269356335992544,-7.185092111004158e-05,-7.988821233062139,original_base
지주,0.0009239844046642689,0.0008021977878376593,0.0017261821925019282,-0.00012178661682660957,-13.180592249374698,original_base
순천,0.0011554374585265846,0.0005703720396621288,0.0017258094981887134,-0.0005850654188644558,-50.63583619753267,original_base
신뢰도,0.0008666342758451601,0.0008590330531510791,0.0017256673289962393,-7.601222694081041e-06,-0.8770969376520641,original_base
내용의,0.0009141549069610334,0.0008106939805746496,0.0017248488875356831,-0.00010346092638638383,-11.317658046634971,original_base
고가,0.0008477860592491367,0.0008752535527751013,0.0017230396120242381,2.7467493525964548e-05,3.2399086097607963,original_base
좌절,0.0009337360378572453,0.000788764636408619,0.0017225006742658644,-0.00014497140144862633,-15.525951186516199,original_base
나는,0.0009558919380353977,0.0007663628535337165,0.0017222547915691142,-0.00018952908450168117,-19.827459251430856,original_base
들어,0.0009021105294164998,0.0008197278287480739,0.0017218383581645738,-8.238270066842593e-05,-9.132218057770864,original_base
경제정책,0.0008510832272979208,0.0008707320801176249,0.0017218153074155457,1.964885281970411e-05,2.3086875865344774,original_base
성실,0.000930099487536773,0.0007911557496622958,0.0017212552371990686,-0.00013894373787447722,-14.938588800048539,original_base
금융권,0.0009353023547352483,0.0007853806930140946,0.0017206830477493429,-0.0001499216617211537,-16.029218889713086,original_base
압도,0.0008080648866884036,0.000911913251927328,0.0017199781386157318,0.00010384836523892442,12.85148840763442,original_base
체류,0.000733824807276079,0.0009861078601626663,0.0017199326674387453,0.0002522830528865873,34.37919383279633,original_base
통치,0.001064112958112131,0.0006549596690900665,0.0017190726272021976,-0.0004091532890220644,-38.45017447658502,original_base
하우스,0.0008254016693324856,0.0008928675364328753,0.001718269205765361,6.74658671003897e-05,8.173701315015554,original_base
석방,0.000712948726554154,0.0010048095211673304,0.0017177582477214844,0.0002918607946131764,40.93713667514452,original_base
접속,0.0007606907698765979,0.0009556566036504765,0.0017163473735270743,0.00019496583377387868,25.630103781265383,original_base
제어,0.0007252380238399931,0.0009897413999892571,0.0017149794238292503,0.000264503376149264,36.47125046598777,original_base
동포,0.0010135692740355588,0.0007014068871830512,0.00171497616121861,-0.00031216238685250754,-30.79832773635915,original_base
보험금,0.0009479539106464226,0.000766968889708703,0.0017149228003551257,-0.0001809850209377196,-19.09217514745031,original_base
부정부패,0.0012204147895208308,0.0004937470216856588,0.0017141618112064896,-0.000726667767835172,-59.542687787361395,original_base
국정운영,0.0010543244955553567,0.0006596442946258608,0.0017139687901812175,-0.0003946802009294958,-37.43441441352468,original_base
쿠데타,0.0010616770674808566,0.0006518773159554917,0.0017135543834363484,-0.0004097997515253649,-38.5992844790117,original_base
상권,0.0007243908025221553,0.0009882167249724548,0.0017126075274946102,0.0002638259224502995,36.420385451019094,original_base
과학기술,0.0009382421113078707,0.000773827206831925,0.0017120693181397958,-0.00016441490447594573,-17.52371829130097,original_base
주위,0.0009708283312227377,0.0007404915879726198,0.0017113199191953576,-0.00023033674325011785,-23.725795368993158,original_base
고백,0.001000343427952653,0.0007104312513192444,0.0017107746792718974,-0.00028991217663340866,-28.981264686944137,original_base
토크,0.0009762245732869388,0.0007341455256579307,0.0017103700989448693,-0.00024207904762900813,-24.7974753200414,original_base
사생활,0.0008611109645853935,0.0008481048194661001,0.0017092157840514937,-1.3006145119293403e-05,-1.5103913031180114,original_base
퇴근,0.0008440259353227758,0.0008650186470263357,0.0017090445823491115,2.099271170355986e-05,2.4872116868697574,original_base
분단,0.0010938423947258553,0.0006147950927325946,0.00170863748745845,-0.0004790473019932607,-43.794910885066045,original_base
계승,0.0008758059594966475,0.000832316752859475,0.0017081227123561225,-4.3489206637172505e-05,-4.965621227579575,original_base
구체화,0.0007895975508571181,0.0009170700063749738,0.0017066675572320919,0.00012747245551785564,16.143978078387235,original_base
참가자들,0.0009604274145336071,0.0007459164815907159,0.001706343896124323,-0.00021451093294289124,-22.33494480653281,original_base
이다,0.0009199775436941114,0.0007855341960237578,0.0017055117397178693,-0.0001344433476703536,-14.613764063251464,original_base
산업은행,0.0009928647867484758,0.0007126147809803403,0.001705479567728816,-0.00028025000576813554,-28.226401974222874,original_base
결성,0.0010099122820466074,0.0006952928286945469,0.0017052051107411543,-0.00031461945335206046,-31.153146559865363,original_base
식물,0.0008190828629442773,0.0008860444770977276,0.0017051273400420048,6.696161415345036e-05,8.1751941327096,original_base
모범,0.0007849207630894867,0.0009198488570506888,0.0017047696201401754,0.00013492809396120208,17.19002736405118,original_base
투표율,0.0009312249272326862,0.0007721706622227368,0.001703395589455423,-0.00015905426500994937,-17.08011247965727,original_base
군부,0.0009949524785948152,0.0007078391527433797,0.0017027916313381948,-0.00028711332585143543,-28.856988854073663,original_base
필요한,0.0008171105380326015,0.0008856699191594457,0.0017027804571920471,6.855938112684421e-05,8.390465908311269,original_base
선진,0.0010942976610558086,0.0006083548152136912,0.0017026524762694998,-0.0004859428458421173,-44.406824864568044,original_base
아르바이트,0.0009573572063354787,0.0007433574567142657,0.0017007146630497443,-0.00021399974962121296,-22.353176871185823,original_base
발인,0.0010785259172912311,0.0006217815724706439,0.001700307489761875,-0.00045674434482058726,-42.34894474930397,original_base
일본의,0.000946960118119919,0.0007531020814022741,0.001700062199522193,-0.00019385803671764486,-20.4716157532091,original_base
단절,0.0008884601839585505,0.0008111226076909396,0.0016995827916494901,-7.733757626761091e-05,-8.704675534589736,original_base
편견,0.0008145483378813564,0.0008841330793559231,0.0016986814172372795,6.958474147456678e-05,8.542739361000597,original_base
산재,0.0006623207618220932,0.0010361052817994992,0.0016984260436215923,0.0003737845199774059,56.4355734446701,original_base
수익성,0.0008643708072579233,0.0008323447969299545,0.0016967156041878778,-3.2026010327968835e-05,-3.705124011483703,original_base
와중,0.0007734838801229333,0.0009230348658177349,0.0016965187459406683,0.00014955098569480153,19.334725588726258,original_base
별개,0.0006882406292382338,0.001007906824850759,0.0016961474540889928,0.0003196661956125251,46.446864952791536,original_base
전락,0.0010049777917695347,0.0006911653654465445,0.0016961431572160793,-0.00031381242632299016,-31.225807066884396,original_base
원유,0.0007871850743740616,0.000908551609357295,0.0016957366837313567,0.00012136653498323342,15.417789149488037,original_base
병력,0.000793142232079793,0.000902230061279029,0.0016953722933588222,0.00010908782919923597,13.753879794445409,original_base
상상력,0.0009866415636284064,0.0007085192574045891,0.0016951608210329955,-0.00027812230622381736,-28.18878876347085,original_base
자존심,0.0010282845929352085,0.0006666244234064598,0.0016949090163416683,-0.00036166016952874865,-35.17121349610036,original_base
배후,0.0009446835422248277,0.0007487798997611437,0.0016934634419859713,-0.00019590364246368402,-20.737488662320782,original_base
학부모들,0.0008885704059180676,0.0008039273956114532,0.0016924978015295208,-8.464301030661442e-05,-9.525751672897725,original_base
원조,0.0009692812173990559,0.0007230917915581909,0.0016923730089572469,-0.000246189425840865,-25.399174297577265,original_base
잡지,0.0010497729554635746,0.0006422360410194365,0.0016920089964830112,-0.00040753691444413815,-38.82143394179667,original_base
명성,0.001001365194519785,0.0006899892968610689,0.001691354491380854,-0.00031137589765871604,-31.09513885271792,original_base
파일,0.0007365694330962341,0.0009545249160927561,0.0016910943491889902,0.00021795548299652205,29.59062285280114,original_base
원리,0.0009354393368292627,0.0007537797887743537,0.0016892191256036163,-0.000181659548054909,-19.41970375873403,original_base
아르헨티나,0.0009587377829944409,0.0007297781239039968,0.0016885159068984377,-0.00022895965909044405,-23.881363929909043,original_base
고립,0.0008930804093927039,0.0007948601353055145,0.0016879405446982184,-9.822027408718935e-05,-10.997920574025278,original_base
감수,0.0008122156315959741,0.0008752184911779415,0.0016874341227739156,6.300285958196739e-05,7.756912958960056,original_base
소문,0.000966526737191332,0.0007178511121983665,0.0016843778493896985,-0.00024867562499296544,-25.728789015770193,original_base
재배,0.0008730002122366151,0.0008107205357654185,0.0016837207480020337,-6.22796764711966e-05,-7.133981824773775,original_base
납치,0.0010733616766671799,0.0006083164893865292,0.001681678166053709,-0.0004650451872806507,-43.32604725786651,original_base
무효,0.0008931076604134638,0.0007885127581447315,0.0016816204185581953,-0.00010459490226873234,-11.71134308939979,original_base
불가,0.0008261351495278069,0.0008551072420483005,0.0016812423915761074,2.8972092520493592e-05,3.5069434507239086,original_base
현대중공업,0.001031758721551495,0.0006488946646994257,0.0016806533862509208,-0.0003828640568520693,-37.10790603023369,original_base
고유,0.0009143240219231238,0.0007639255496169575,0.0016782495715400813,-0.00015039847230616634,-16.449143706169824,original_base
안정성,0.0008024387799378948,0.0008751422098295348,0.0016775809897674296,7.270342989164e-05,9.060308612859776,original_base
부시,0.0010446036854731805,0.0006316316513952207,0.001676235336868401,-0.0004129720340779598,-39.53384808238479,original_base
대세,0.0008443047207359341,0.0008315668091076638,0.001675871529843598,-1.2737911628270238e-05,-1.5086865340711704,original_base
서기관,0.0010402771520181971,0.0006354618884837749,0.0016757390405019719,-0.00040481526353442225,-38.91417424184099,original_base
학업,0.0009264178141474175,0.0007490906416800825,0.0016755084558275,-0.00017732717246733492,-19.141166087196755,original_base
샌더스,0.00104350264047325,0.0006311915736999244,0.0016746942141731744,-0.00041231106677332553,-39.512220744006356,original_base
가진,0.0008808470608849411,0.0007929876401745035,0.0016738347010594446,-8.785942071043765e-05,-9.97442400751952,original_base
연애,0.0011376142247345468,0.0005361549227772146,0.0016737691475117614,-0.0006014593019573322,-52.87023394047995,original_base
총파업,0.0009038783064110067,0.000768155357623918,0.0016720336640349246,-0.00013572294878708873,-15.015621884543107,original_base
양심,0.0008397486344623169,0.000831598943956371,0.0016713475784186878,-8.149690505945871e-06,-0.9704916651831226,original_base
음원,0.0009673450852791003,0.0007036891451509056,0.0016710342304300059,-0.0002636559401281947,-27.25562409324943,original_base
수면,0.0009103654191733296,0.0007592190890742241,0.0016695845082475539,-0.0001511463300991055,-16.602819803541756,original_base
월평균,0.0007728848600152786,0.0008963132312641538,0.0016691980912794324,0.00012342837124887525,15.96982650772009,original_base
대치,0.0009746706893464281,0.000694473504679368,0.001669144194025796,-0.0002801971846670601,-28.747882513523432,original_base
청소년들,0.0009951215543534055,0.0006730732691330471,0.0016681948234864527,-0.0003220482852203584,-32.36270823513755,original_base
사는,0.0008630220315315285,0.0008046102196237022,0.0016676322511552308,-5.841181190782631e-05,-6.768287456598072,original_base
참패,0.0008816408427465846,0.0007858190979709468,0.0016674599407175313,-9.582174477563781e-05,-10.868569164414318,original_base
하지,0.0008503039245784312,0.0008169536107649561,0.0016672575353433874,-3.335031381347512e-05,-3.9221639286223144,original_base
진상규명,0.0009301630377823569,0.0007370368161102854,0.0016671998538926422,-0.0001931262216720715,-20.76262051140113,original_base
재판소,0.0010898689538518737,0.0005772425210617375,0.0016671114749136112,-0.0005126264327901362,-47.03560285650712,original_base
상봉,0.0011627912146126216,0.0005038457883939078,0.0016666370030065294,-0.0006589454262187137,-56.669281461525166,original_base
이민,0.0009014111044296607,0.0007640102760034563,0.0016654213804331171,-0.00013740082842620446,-15.24285952890945,original_base
이닝,0.0010027249595436786,0.0006601121609339341,0.0016628371204776126,-0.0003426127986097446,-34.16817297194449,original_base
전략적,0.0007741676175005984,0.0008877767079085394,0.0016619443254091378,0.00011360909040794098,14.674999036349279,original_base
시비,0.0008759871941180236,0.0007858297265687424,0.001661816920686766,-9.015746754928119e-05,-10.29209880631361,original_base
의료비,0.0009128066256502529,0.0007488273855645767,0.0016616340112148296,-0.00016397924008567624,-17.96429117381383,original_base
안에,0.0008842907065022235,0.0007764934977381287,0.0016607842042403523,-0.00010779720876409485,-12.190245580040346,original_base
구직자,0.0008890626379064376,0.0007714434242197199,0.0016605060621261575,-0.00011761921368671764,-13.229575585775045,original_base
창의적,0.0009561075999904841,0.0007031964827255164,0.0016593040827160006,-0.0002529111172649678,-26.452160537944152,original_base
분배,0.0008113072764935254,0.0008472483496539841,0.0016585556261475096,3.594107316045876e-05,4.430019821318043,original_base
발효,0.0010104822949266537,0.0006477750243329063,0.00165825731925956,-0.00036270727059374737,-35.89447063197427,original_base
정보기관,0.0010233042218427133,0.0006334657715454985,0.0016567699933882117,-0.00038983845029721476,-38.096046315064925,original_base
주연,0.0008697050320430862,0.0007850548852569626,0.0016547599173000489,-8.465014678612365e-05,-9.73320190953316,original_base
태블릿,0.0009857695761516403,0.0006689043576819934,0.0016546739338336339,-0.00031686521846964694,-32.14394379127235,original_base
시민사회,0.0009601858460061615,0.0006925128035289322,0.0016526986495350939,-0.00026767304247722926,-27.877211853371936,original_base
용도,0.0007891152133910052,0.0008635608881592698,0.0016526761015502752,7.444567476826462e-05,9.43406913273853,original_base
의구심,0.0008332571116993069,0.0008175918840831393,0.0016508489957824462,-1.566522761616766e-05,-1.879999269879702,original_base
제동,0.0008085239989523865,0.0008421109698032049,0.0016506349687555916,3.358697085081841e-05,4.15410932691391,original_base
영토,0.0009881756676748477,0.0006616821886545348,0.0016498578563293826,-0.00032649347902031286,-33.040024127344054,original_base
관장,0.0009897066549869364,0.0006569783310736444,0.0016466849860605807,-0.00033272832391329193,-33.61888315459329,original_base
후배들,0.0009091485457779805,0.0007368511038283668,0.0016459996496063472,-0.0001722974419496137,-18.951517081531996,original_base
곤란,0.0008283468209720364,0.0008169511017073099,0.0016452979226793463,-1.1395719264726536e-05,-1.375718355670642,original_base
섭취,0.0008725562690114808,0.0007726228431784012,0.001645179112189882,-9.99334258330796e-05,-11.45294915436161,original_base
덴마크,0.0008804466362292219,0.0007641045498321411,0.001644551186061363,-0.00011634208639708075,-13.213984994633044,original_base
상시,0.0007968883747662379,0.0008450846027194615,0.0016419729774856994,4.8196227953223596e-05,6.048052585452968,original_base
공화국,0.0008837545473466894,0.0007575831897283473,0.0016413377370750367,-0.00012617135761834207,-14.276742110934352,original_base
법학,0.0008700592243809339,0.0007702646041063474,0.0016403238284872813,-9.979462027458652e-05,-11.469865208956616,original_base
회관,0.0009545154805960971,0.0006856183148709132,0.0016401337954670102,-0.00026889716572518383,-28.1710638739203,original_base
경영학,0.0008664947529221385,0.0007713470541606683,0.0016378418070828067,-9.51476987614702e-05,-10.980758791740772,original_base
노동시장,0.0010445232326885413,0.0005933067434653642,0.0016378299761539055,-0.0004512164892231771,-43.19832006625381,original_base
국제적,0.0009084621542978967,0.0007293413240965306,0.0016378034783944273,-0.00017912083020136605,-19.71692814653344,original_base
이메일,0.0007937188234589514,0.000843190779526167,0.0016369096029851184,4.9471956067215564e-05,6.232932192740682,original_base
대원,0.0009245226658315683,0.0007123126854649891,0.0016368353512965575,-0.00021220998036657914,-22.95346433456073,original_base
가공,0.0008473294308730034,0.0007892058253388582,0.0016365352562118616,-5.8123605534145164e-05,-6.859623118986959,original_base
블로그,0.0009858507619930094,0.0006504921664819621,0.0016363429284749717,-0.0003353585955110473,-34.01717668027986,original_base
타워,0.0008303597532703437,0.0008059653265545612,0.001636325079824905,-2.4394426715782457e-05,-2.93781419676301,original_base
결혼식,0.0010725763899289472,0.0005633619855168446,0.0016359383754457918,-0.0005092144044121026,-47.47581703209367,original_base
일상생활,0.0007801040661446271,0.0008556214086538067,0.0016357254747984338,7.551734250917964e-05,9.680419034654683,original_base
유가,0.000801161014079082,0.0008345403828345018,0.0016357013969135839,3.33793687554198e-05,4.166374570009338,original_base
두려움,0.0008273610590714998,0.0008083171063349085,0.0016356781654064084,-1.904395273659139e-05,-2.3017704940045562,original_base
기부금,0.0007714993169057666,0.0008631833325996159,0.0016346826495053826,9.16840156938493e-05,11.883875161622194,original_base
벤처기업,0.0008793099838170318,0.0007542854315099629,0.0016335954153269949,-0.00012502455230706895,-14.218484335222135,original_base
성취,0.0008616849042580086,0.0007704123717319479,0.0016320972759899565,-9.127253252606067e-05,-10.59233277443277,original_base
이수,0.0008112434867959543,0.0008201999178327621,0.0016314434046287164,8.956431036807877e-06,1.104037342990788,original_base
유용,0.0007696347931164715,0.0008617047718316117,0.0016313395649480832,9.206997871514014e-05,11.962813991597553,original_base
횟수,0.0007780570376340828,0.0008532648841903743,0.001631321921824457,7.520784655629153e-05,9.666109670440573,original_base
메르켈,0.0009156391524080819,0.0007133672375942584,0.0016290063900023404,-0.0002022719148138235,-22.090789180635102,original_base
걸그룹,0.001004570933270692,0.0006243015213386656,0.0016288724546093575,-0.0003802694119320265,-37.85391348064805,original_base
토요일,0.0009437958819287159,0.0006849542481834264,0.0016287501301121424,-0.00025884163374528953,-27.425594739439607,original_base
비유,0.0008219889030119737,0.0008058139592197905,0.001627802862231764,-1.617494379218328e-05,-1.9677812842623814,original_base
실전,0.0009645929391168069,0.0006627030992118962,0.0016272960383287031,-0.00030188983990491066,-31.29712313479349,original_base
녹취록,0.0008786625975324357,0.0007474955669194313,0.001626158164451867,-0.0001311670306130045,-14.928031645066408,original_base
우상호,0.0008968257905341397,0.0007269806627482623,0.001623806453282402,-0.00016984512778587743,-18.938474961198374,original_base
우위,0.0007304441524465607,0.000891770804175678,0.0016222149566222387,0.00016132665172911734,22.08610352875951,original_base
문항,0.0008644974112951943,0.0007571824822784639,0.0016216798935736582,-0.00010731492901673036,-12.41356279551498,original_base
구멍,0.0008867701003563303,0.0007341905894489101,0.0016209606898052403,-0.00015257951090742023,-17.206208333604085,original_base
마당,0.0009571278884297142,0.0006636511073343347,0.001620778995764049,-0.00029347678109537955,-30.662232774019806,original_base
매력적,0.0008798044600183415,0.0007405710028741638,0.0016203754628925054,-0.00013923345714417776,-15.825500264146777,original_base
공무원연금,0.0014775682195857915,0.0001427413835414781,0.0016203096031272696,-0.0013348268360443133,-90.33943870412338,original_base
당론,0.0008366757223446939,0.000782132280839682,0.0016188080031843757,-5.454344150501191e-05,-6.5190658756249995,original_base
고대,0.0009029461997334965,0.0007155884984307901,0.0016185346981642866,-0.00018735770130270642,-20.74959741322405,original_base
극우,0.0007582917156780072,0.0008602012758325493,0.0016184929915105564,0.00010190956015454207,13.439360874913717,original_base
해양수산부,0.0009311365583139353,0.0006866788339757154,0.0016178153922896507,-0.00024445772433821984,-26.253692023528114,original_base
수요일,0.0007651529988462312,0.0008523002047365654,0.0016174532035827965,8.714720589033428e-05,11.389513734082326,original_base
입구,0.0007889068879757717,0.0008283817056165676,0.0016172885935923393,3.9474817640795844e-05,5.003735959522788,original_base
교도소,0.000855062663513657,0.000761929718520291,0.001616992382033948,-9.3132944993366e-05,-10.891943826743699,original_base
비대위원장,0.0007932354240528117,0.000822687524232876,0.0016159229482856877,2.9452100180064238e-05,3.7129078312699493,original_base
별명,0.0008868781496611854,0.0007289277497691881,0.0016158058994303736,-0.00015795039989199725,-17.80970699890838,original_base
증대,0.0008905755992907566,0.000724774930905967,0.0016153505301967235,-0.0001658006683847896,-18.617248049107925,original_base
소극적,0.0008153666491762741,0.0007995666786481287,0.0016149333278244029,-1.5799970528145415e-05,-1.9377749315730985,original_base
한참,0.000875649104815197,0.0007391227542357679,0.001614771859050965,-0.0001365263505794292,-15.59144522944983,original_base
단식,0.0006988502751950475,0.0009147176859105215,0.001613567961105569,0.000215867410715474,30.888935495550303,original_base
개각,0.0008829104622765381,0.0007304039643429763,0.0016133144266195143,-0.00015250649793356185,-17.273155597265422,original_base
도덕성,0.000814376269800254,0.0007984934298563314,0.0016128696996565853,-1.5882839943922623e-05,-1.9503073128368889,original_base
장사,0.0008592414484048503,0.0007514266754922935,0.0016106681238971438,-0.00010781477291255679,-12.547669006506949,original_base
무력화,0.0007817009107196095,0.0008286180651723991,0.0016103189758920086,4.6917154452789586e-05,6.001931660742101,original_base
총기,0.0011367887662805578,0.00047267239872069886,0.0016094611650012565,-0.0006641163675598589,-58.42038444246519,original_base
액션,0.0008544560250878157,0.0007535934579610867,0.0016080494830489024,-0.000100862567126729,-11.804301703690715,original_base
고기,0.0008762030128842972,0.0007315371084515499,0.001607740121335847,-0.00014466590443274732,-16.510546335207646,original_base
부대표,0.0010572505703294306,0.0005504487616542312,0.0016076993319836617,-0.0005068018086751995,-47.93582740913388,original_base
건강보험,0.0008489937264053391,0.0007574854193251323,0.0016064791457304714,-9.150830708020688e-05,-10.778443259840724,original_base
더욱,0.0008477265458010457,0.0007585819276724367,0.0016063084734734825,-8.914461812860894e-05,-10.515728045813779,original_base
고사,0.000886526655247973,0.000719706353904601,0.001606233009152574,-0.00016682030134337195,-18.81729109393898,original_base
신한은행,0.0008268800458673781,0.0007792010766887197,0.0016060811225560977,-4.767896917865844e-05,-5.766128886160785,original_base
권유,0.0007688980659379663,0.0008359510619070348,0.001604849127845001,6.705299596906846e-05,8.720661286521977,original_base
휴일,0.0008727225132812106,0.000731670473342849,0.0016043929866240596,-0.00014105203993836166,-16.162301051229047,original_base
탈북자,0.0011864782814531225,0.00041768204211491307,0.0016041603235680355,-0.0007687962393382094,-64.7964864891279,original_base
사무처장,0.0008771090460747006,0.00072675541374139,0.0016038644598160906,-0.0001503536323333106,-17.14195435632361,original_base
한수원,0.0007643777415617812,0.0008386364639595881,0.0016030142055213693,7.425872239780694e-05,9.714924749912402,original_base
우울증,0.0008253417114395924,0.0007776256238286675,0.00160296733526826,-4.7716087610924864e-05,-5.7813735752790985,original_base
미니,0.0008225571256273584,0.0007787626008566475,0.001601319726484006,-4.379452477071082e-05,-5.324192497549523,original_base
기재,0.000686902338286358,0.0009142864161474014,0.0016011887544337593,0.00022738407786104342,33.1028248394535,original_base
신장,0.0007980132831153259,0.0008030922279537879,0.001601105511069114,5.078944838462075e-06,0.6364486589289122,original_base
노르웨이,0.0008242153019653545,0.0007767435638223868,0.0016009588657877414,-4.747173814296775e-05,-5.759628343440195,original_base
욕망,0.0009774036222225295,0.0006230646689849807,0.0016004682912075102,-0.00035433895323754884,-36.25308369860686,original_base
패턴,0.0007328053886139186,0.000867602440112697,0.0016004078287266156,0.00013479705149877842,18.394658881226754,original_base
창작,0.000835337176732324,0.0007649246118230564,0.0016002617885553802,-7.041256490926764e-05,-8.429238739823344,original_base
김진태,0.0009269175392095427,0.0006719242330917445,0.0015988417723012873,-0.0002549933061177981,-27.509815634220438,original_base
원천,0.0007574283826373665,0.0008410510709191381,0.0015984794535565047,8.362268828177152e-05,11.040342585340838,original_base
야간,0.0007977565348415191,0.000800425532432427,0.001598182067273946,2.668997590907934e-06,0.33456292419317535,original_base
상사,0.0008109876515559028,0.0007862406893607062,0.001597228340916609,-2.4746962195196535e-05,-3.0514598030831652,original_base
세수,0.0009321262784297182,0.0006649604444097189,0.0015970867228394371,-0.0002671658340199993,-28.661978554029517,original_base
허리,0.000913872327964567,0.0006812624451152602,0.0015951347730798272,-0.00023260988284930684,-25.453214385798283,original_base
교훈,0.0009218109904554229,0.0006726862013023161,0.0015944971917577389,-0.0002491247891531068,-27.025582438545896,original_base
다큐멘터리,0.0008625113419939146,0.0007290583139081696,0.001591569655902084,-0.00013345302808574495,-15.472611383548221,original_base
북쪽,0.0008701965672435989,0.0007208658259616437,0.0015910623932052425,-0.00014933074128195523,-17.160575771399504,original_base
분할,0.0007593700106899003,0.0008303474881526823,0.0015897174988425827,7.097747746278194e-05,9.34688971958449,original_base
금융회사,0.0008558167954636713,0.0007329344747223579,0.0015887512701860292,-0.00012288232074131344,-14.358484361683654,original_base
상영,0.0008884678642325564,0.0006998540550469223,0.0015883219192794787,-0.0001886138091856341,-21.22910875888072,original_base
시청률,0.000935950490102074,0.0006522758069688081,0.001588226297070882,-0.0002836746831332659,-30.308727452274596,original_base
모의,0.0009497823455652215,0.0006381122524900539,0.0015878945980552753,-0.0003116700930751677,-32.81489643710852,original_base
안타,0.0010552319182174114,0.0005325346323287678,0.0015877665505461792,-0.0005226972858886436,-49.53387751686178,original_base
생활비,0.0008468503364034085,0.000739569157595403,0.0015864194939988114,-0.00010728117880800549,-12.668257211023965,original_base
엘리트,0.0008771329908036765,0.0007090422985520498,0.0015861752893557264,-0.00016809069225162665,-19.1636495279482,original_base
상주,0.0008508983325000745,0.0007340981729892044,0.0015849965054892789,-0.00011680015951087003,-13.72668802484224,original_base
음모,0.0012315771483767067,0.0003525575665939114,0.0015841347149706181,-0.0008790195817827953,-71.37348910227803,original_base
오스트리아,0.0007623838006592406,0.0008216418484988275,0.0015840256491580682,5.925804783958697e-05,7.772731764282763,original_base
편향,0.0008275137847512579,0.0007562425146184312,0.0015837562993696892,-7.127127013282673e-05,-8.612698839119657,original_base
최종적,0.0006546463427061558,0.0009279956221185708,0.0015826419648247267,0.00027334927941241496,41.755259531803475,original_base
인문,0.0010541398554057974,0.0005279375428326375,0.0015820773982384347,-0.0005262023125731599,-49.9176944951574,original_base
분담,0.0007834493935422178,0.0007963487072490055,0.0015797981007912233,1.2899313706787679e-05,1.646476953471861,original_base
관할,0.0007567908601104899,0.0008227482956057487,0.0015795391557162385,6.595743549525884e-05,8.715411214880316,original_base
서방,0.0008573637009966182,0.0007215585998670849,0.001578922300863703,-0.00013580510112953326,-15.839847310035458,original_base
인물들,0.0009215269251711544,0.0006570807989199044,0.001578607724091059,-0.00026444612625125,-28.696516512757853,original_base
걸림돌,0.0008476751960568688,0.0007306906029737769,0.0015783657990306457,-0.00011698459308309185,-13.800638927182153,original_base
관리자,0.0007201659994684671,0.0008581632357505812,0.0015783292352190483,0.00013799723628211405,19.161864956685772,original_base
저하,0.0007675437414443321,0.000808311055093789,0.0015758547965381213,4.076731364945692e-05,5.311399396305763,original_base
범죄자,0.0007685853296454646,0.0008029127504297839,0.0015714980800752485,3.432742078431929e-05,4.466312257111901,original_base
서비스업,0.0007842588029084993,0.0007846497880734261,0.0015689085909819252,3.9098516492681087e-07,0.04985409962588941,original_base
신부,0.0010712841434071007,0.0004974060462854845,0.0015686901896925852,-0.0005738780971216162,-53.56917682889064,original_base
양적,0.0012129753565619165,0.00035561741846636743,0.001568592775028284,-0.0008573579380955492,-70.68222231040727,original_base
나라들,0.0007419809329226121,0.0008256293633074899,0.0015676102962301022,8.364843038487777e-05,11.273663065086097,original_base
보도자료,0.0007655063475804211,0.0008018126335037304,0.0015673189810841517,3.630628592330928e-05,4.74278051881145,original_base
졸업생,0.0007896636471860457,0.0007776242378843188,0.0015672878850703643,-1.2039409301726881e-05,-1.5246249899725197,original_base
실습,0.0006626613520707679,0.0009040036433234354,0.0015666649953942034,0.00024134229125266757,36.42015495524082,original_base
식민지,0.0010129982865622223,0.0005536217377358365,0.0015666200242980587,-0.00045937654882638576,-45.34820590717446,original_base
전문의,0.0008661389427091475,0.0006979309952376058,0.0015640699379467532,-0.00016820794747154173,-19.42043466437538,original_base
퇴직금,0.0008385146432424916,0.0007254890850513318,0.0015640037282938233,-0.00011302555819115974,-13.47925872279295,original_base
가담,0.0008935710362312275,0.0006701152252834137,0.001563686261514641,-0.0002234558109478138,-25.007056169845526,original_base
젊은이,0.0009950819106647533,0.0005677102532331722,0.0015627921638979255,-0.00042737165743158114,-42.948389760806755,original_base
모금,0.0009332747624569772,0.0006272482185444762,0.0015605229810014534,-0.000306026543912501,-32.7906160353938,original_base
실명,0.0007718333414141207,0.0007869967523523473,0.0015588300937664679,1.5163410938226593e-05,1.9645965164506662,original_base
한국전력,0.000853597099183408,0.0007048861621196756,0.0015584832613030836,-0.0001487109370637324,-17.421677885971782,original_base
기득,0.0008637399703872004,0.0006935948698856651,0.0015573348402728655,-0.00017014510050153528,-19.69864847464012,original_base
코너,0.0008051139301833979,0.0007519749046275893,0.0015570888348109871,-5.313902555580856e-05,-6.600187074604952,original_base
욕심,0.0008543830589623317,0.0007019549367734868,0.0015563379957358185,-0.0001524281221888449,-17.84072385212933,original_base
프로야구,0.0010025788636170143,0.0005527079005327314,0.0015552867641497458,-0.0004498709630842829,-44.871379141315494,original_base
재현,0.0008284644921062713,0.0007236604640743169,0.0015521249561805883,-0.00010480402803195437,-12.650394679620213,original_base
오디션,0.0009647889530238811,0.0005864674568980699,0.001551256409921951,-0.00037832149612581126,-39.212876032634966,original_base
기쁨,0.0009173168819305574,0.0006328384800792447,0.001550155362009802,-0.00028447840185131265,-31.01200985777216,original_base
수명,0.0008478010969947716,0.0007015778684628438,0.0015493789654576155,-0.00014622322853192777,-17.247350711180964,original_base
진압,0.0007856967232945287,0.0007619733364794768,0.0015476700597740053,-2.3723386815051903e-05,-3.0194076304119806,original_base
다툼,0.0008309947509232098,0.0007163723763950356,0.0015473671273182454,-0.0001146223745281742,-13.79339332779566,original_base
미지수,0.0007822300150382911,0.0007640934681823856,0.0015463234832206766,-1.813654685590548e-05,-2.318569539295635,original_base
골목,0.0007983677191145583,0.0007451854004872764,0.0015435531196018345,-5.318231862728193e-05,-6.661381385292555,original_base
신용등급,0.0009887917035522652,0.0005541772132690529,0.0015429689168213181,-0.0004346144902832123,-43.954099606807596,original_base
키워드,0.0006652004806076794,0.0008773622833661902,0.0015425627639738698,0.0002121618027585108,31.8944151340202,original_base
로켓,0.000872738801518311,0.0006696140542645782,0.0015423528557828893,-0.0002031247472537328,-23.274403166257187,original_base
불행,0.000862588226334166,0.000679022540318641,0.001541610766652807,-0.000183565686015525,-21.280801245762866,original_base
중견,0.000821651389134983,0.000718588856342577,0.00154024024547756,-0.00010306253279240602,-12.543340661896533,original_base
내전,0.0009959364451427657,0.0005440179031808945,0.0015399543483236603,-0.00045191854196187126,-45.37624304903206,original_base
빌딩,0.0008422565239513581,0.0006966091238392168,0.001538865647790575,-0.00014564740011214128,-17.29252264249041,original_base
하버드대,0.0008365126534965942,0.0007018936652063634,0.0015384063187029577,-0.00013461898829023077,-16.092881288469222,original_base
고정,0.0007983055439976449,0.0007396556384732963,0.0015379611824709412,-5.8649905524348566e-05,-7.346799225600967,original_base
지식인,0.000969150575374533,0.000566510374977348,0.0015356609503518808,-0.00040264020039718496,-41.54568037495955,original_base
가계부채,0.001059798195028885,0.00047547715325031454,0.0015352753482791995,-0.0005843210417785705,-55.135123320590736,original_base
부총장,0.000902684427712412,0.0006312250158351558,0.0015339094435475678,-0.0002714594118772562,-30.072459825765485,original_base
특성화,0.0009003560037526548,0.0006328820920161756,0.0015332380957688305,-0.00026747391173647923,-29.707572407098592,original_base
오래전,0.0008113042895488235,0.0007216211787372499,0.0015329254682860734,-8.968311081157358e-05,-11.054189157738522,original_base
자립,0.000702692170417673,0.0008298655300843692,0.0015325577005020422,0.00012717335966669623,18.098018594842987,original_base
남들,0.000888558538088199,0.0006436292185423166,0.0015321877566305156,-0.00024492931954588244,-27.56479275668955,original_base
이득,0.0007051712986151686,0.0008262226429879825,0.0015313939416031512,0.00012105134437281385,17.166232461607162,original_base
인성,0.0010841228822871766,0.0004468947552039331,0.0015310176374911098,-0.0006372281270832434,-58.778219470737646,original_base
애니메이션,0.0008214042002645626,0.0007087450965627808,0.0015301492968273433,-0.00011265910370178184,-13.715428246592353,original_base
토로,0.0007065614787081872,0.0008219462023932435,0.0015285076811014306,0.00011538472368505628,16.330457739645702,original_base
남중국해,0.00102513107139782,0.0005021187539318963,0.0015272498253297163,-0.0005230123174659238,-51.01906790833771,original_base
한중,0.0009433966019262016,0.0005822726737663786,0.0015256692756925802,-0.00036112392815982296,-38.27912114825195,original_base
일을,0.0008172960121480862,0.000707087893708062,0.0015243839058561482,-0.00011020811844002416,-13.484480139621127,original_base
대북정책,0.0007697237180356778,0.0007543878485766569,0.0015241115666123346,-1.533586945902095e-05,-1.9923862419307845,original_base
대의원,0.0009889558030452064,0.0005344639715158315,0.001523419774561038,-0.0004544918315293749,-45.95673842348641,original_base
부재,0.0008662108685399652,0.0006562332841334652,0.0015224441526734303,-0.00020997758440649994,-24.24093162908773,original_base
학살,0.0008644701622482631,0.0006578650628928816,0.0015223352251411448,-0.00020660509935538146,-23.89962180048587,original_base
공통점,0.0008271156537844846,0.0006941377209508887,0.0015212533747353731,-0.0001329779328335959,-16.077308200510128,original_base
파면,0.000801393237025769,0.0007193351320725637,0.0015207283690983327,-8.205810495320529e-05,-10.239430676723654,original_base
필수적,0.0007021635353776656,0.000817627689234238,0.0015197912246119037,0.00011546415385657236,16.444054417389932,original_base
본지,0.0007736037754878221,0.0007456896824046952,0.0015192934578925172,-2.7914093083126904e-05,-3.6083191379882718,original_base
상인,0.0008216460325857575,0.0006969717254605299,0.0015186177580462875,-0.00012467430712522767,-15.173724716088744,original_base
와인,0.0007754329515588785,0.0007429305043187277,0.001518363455877606,-3.2502447240150847e-05,-4.191522577781883,original_base
워크숍,0.0008549622945333875,0.0006633565667184708,0.0015183188612518583,-0.0001916057278149167,-22.411014969904528,original_base
국제통화기금,0.0008263811972025353,0.0006912886931241985,0.001517669890326734,-0.00013509250407833676,-16.347480380198842,original_base
발상,0.0009116112344695869,0.0006060486438061427,0.0015176598782757297,-0.00030556259066344415,-33.51895842323982,original_base
조각,0.0007723628926143557,0.0007433186695737342,0.00151568156218809,-2.9044223040621442e-05,-3.760437395213309,original_base
개혁안,0.0011455262336363982,0.000369577117236263,0.0015151033508726613,-0.0007759491164001351,-67.7373501903082,original_base
한국전쟁,0.0008774787825032126,0.0006375159088544562,0.0015149946913576688,-0.00023996287364875645,-27.346857660102785,original_base
발부,0.0007022952385119219,0.0008105120344901616,0.0015128072730020835,0.00010821679597823966,15.409017467858371,original_base
고장,0.0008301796720571581,0.0006821624413521925,0.0015123421134093506,-0.00014801723070496562,-17.8295416868235,original_base
만일,0.0007917345812877137,0.0007200778033878952,0.001511812384675609,-7.165677789981847e-05,-9.050606048212845,original_base
신념,0.0008129693343868036,0.0006988419330188363,0.0015118112674056398,-0.00011412740136796729,-14.038340259666729,original_base
출구,0.0008233900730281863,0.0006878408426522803,0.0015112309156804665,-0.00013554923037590596,-16.46233478105897,original_base
근육,0.000830637195603028,0.0006803494461230565,0.0015109866417260844,-0.0001502877494799715,-18.09306762031831,original_base
연상,0.0008034376258124091,0.0007052428267167836,0.0015086804525291926,-9.819479909562551e-05,-12.221832279305346,original_base
황제,0.0008030492654093836,0.0007051910352180962,0.0015082403006274798,-9.78582301912874e-05,-12.185831480886868,original_base
되고,0.0008830017557009359,0.0006250375656335016,0.0015080393213344374,-0.0002579641900674343,-29.214459473261144,original_base
노회찬,0.0007493541613111116,0.0007585633465188493,0.001507917507829961,9.209185207737641e-06,1.2289496319903983,original_base
수령,0.0007146175620084577,0.0007925453496267581,0.001507162911635216,7.792778761830032e-05,10.904824029132666,original_base
리우,0.001169552845095656,0.0003364450877778098,0.0015059979328734658,-0.000833107757317846,-71.23301531960341,original_base
캘리포니아,0.0007954984390644452,0.0007104469415699866,0.0015059453806344318,-8.505149749445866e-05,-10.691598288298895,original_base
모순,0.0008423190577070849,0.0006631463256628448,0.0015054653833699297,-0.00017917273204424012,-21.27136153513781,original_base
대박,0.001020912891559257,0.00048417848131083313,0.0015050913728700903,-0.000536734410248424,-52.573967346877225,original_base
까닭,0.0008981800303536771,0.0006068675561337203,0.0015050475864873975,-0.00029131247421995677,-32.43363962403466,original_base
중복,0.0007758919825099788,0.0007275056639304488,0.0015033976464404277,-4.8386318579529924e-05,-6.236218400272956,original_base
한창,0.0007826298102591661,0.000720346348939057,0.0015029761591982232,-6.228346132010917e-05,-7.958227568597744,original_base
유족들,0.0009050532511353584,0.0005974549487428023,0.0015025081998781607,-0.00030759830239255616,-33.98676287905541,original_base
업그레이드,0.0007624613679128421,0.0007388226646730902,0.0015012840325859323,-2.3638703239751892e-05,-3.1003148794883026,original_base
직위,0.000804964762726139,0.0006948650824321849,0.0014998298451583238,-0.0001100996802939541,-13.677577627259648,original_base
도서,0.0009000261942330563,0.0005989661175720529,0.0014989923118051093,-0.0003010600766610034,-33.45014607242039,original_base
신동빈,0.0010169074435302744,0.00048193168204665185,0.0014988391255769263,-0.0005349757614836225,-52.60810754088021,original_base
자녀들,0.0007901099822009678,0.0007069302942454989,0.0014970402764464667,-8.317968795546892e-05,-10.527608792355672,original_base
녹색,0.0007740021715799595,0.0007212743494147523,0.0014952765209947118,-5.272782216520725e-05,-6.812361011542734,original_base
무더기,0.0008333478942100029,0.0006607038378008003,0.0014940517320108032,-0.00017264405640920262,-20.71692478120026,original_base
파산,0.0008896526252325485,0.0006014476128640289,0.0014911002380965774,-0.00028820501236851955,-32.395229800303795,original_base
후유증,0.0008108272441016661,0.0006794088016497169,0.001490236045751383,-0.00013141844245194922,-16.207946070873668,original_base
약점,0.0008569625361368521,0.0006328946878172298,0.0014898572239540819,-0.00022406784831962233,-26.146749580175342,original_base
조희연,0.0008037048027566986,0.0006846315983590944,0.001488336401115793,-0.00011907320439760423,-14.815539734139257,original_base
외환위기,0.0008786225022270155,0.0006089588259321673,0.001487581328159183,-0.0002696636762948482,-30.691642384680627,original_base
주도권,0.0007792413031080759,0.0007079444424813037,0.0014871857455893795,-7.12968606267722e-05,-9.14952279125838,original_base
낙하산,0.001079945428281519,0.0004054269223784647,0.0014853723506599837,-0.0006745185059030544,-62.458573205536226,original_base
전통시장,0.0008543316577410648,0.0006308718690105455,0.0014852035267516103,-0.00022345978873051934,-26.156093679282417,original_base
국회의원들,0.000861906047492048,0.0006225467608576283,0.0014844528083496763,-0.00023935928663441973,-27.770925535434078,original_base
김문수,0.0011400119844725896,0.0003423277694764382,0.0014823397539490278,-0.0007976842149961514,-69.97156397133743,original_base
매뉴얼,0.0008160531521303876,0.0006637277632995576,0.0014797809154299452,-0.00015232538883082998,-18.66611120037579,original_base
메시,0.0008233084022945651,0.0006562602609835033,0.0014795686632780684,-0.00016704814131106175,-20.289862322004446,original_base
태양,0.000801985767800998,0.0006760761257521138,0.0014780618935531118,-0.00012590964204888422,-15.699735220254807,original_base
동지,0.0007191615520080537,0.0007587878859051382,0.001477949437913192,3.962633389708453e-05,5.510074028073287,original_base
이민자,0.0007930096352134552,0.0006846708366242956,0.0014776804718377508,-0.00010833879858915957,-13.661725378657966,original_base
실업자,0.0007473188809638328,0.0007300618060724802,0.001477380687036313,-1.7257074891352574e-05,-2.3091982995392493,original_base
제의,0.0010180570950268579,0.0004569224978415466,0.0014749795928684045,-0.0005611345971853112,-55.11818540693021,original_base
계급,0.0009231111829527635,0.000551369597821773,0.0014744807807745364,-0.0003717415851309905,-40.27051042127965,original_base
경제성장,0.0009210159358268252,0.0005533254977110458,0.001474341433537871,-0.0003676904381157794,-39.92226668539584,original_base
음반,0.0009421870344087803,0.0005308280135328063,0.0014730150479415867,-0.00041135902087597405,-43.66001715721982,original_base
창구,0.0007152982047895317,0.0007562389184682083,0.0014715371232577401,4.094071367867654e-05,5.723586806809179,original_base
수법,0.0009031456251143756,0.000568095628922752,0.0014712412540371276,-0.0003350499961916236,-37.098114287957976,original_base
어린,0.0008519429738137237,0.0006166478368814607,0.0014685908106951845,-0.000235295136932263,-27.618648684778048,original_base
특강,0.000864106519313476,0.0005987038262709198,0.0014628103455843959,-0.00026540269304255626,-30.71411765917656,original_base
전설,0.0008137725762918637,0.0006476252821374026,0.0014613978584292662,-0.00016614729415446105,-20.416919787534287,original_base
불교,0.000894068767292298,0.000566787923057975,0.001460856690350273,-0.00032728084423432296,-36.605779802094915,original_base
로마,0.0008765238635468888,0.0005842213293934695,0.0014607451929403584,-0.00029230253415341923,-33.34792654367736,original_base
청렴,0.0008695818016314982,0.0005876665455916416,0.0014572483472231397,-0.0002819152560398566,-32.41963614129583,original_base
스님,0.0009490102642025054,0.0005081535895025058,0.0014571638537050112,-0.00044085667469999953,-46.45436317493052,original_base
그런,0.0008115232534484615,0.0006455405681904741,0.0014570638216389355,-0.00016598268525798746,-20.45322602311959,original_base
기도,0.0008906638510378705,0.0005657294007162684,0.0014563932517541389,-0.0003249344503216021,-36.48227666846064,original_base
미달,0.0007158559582045791,0.0007391795159768956,0.0014550354741814748,2.3323557772316514e-05,3.2581355934808114,original_base
발족,0.0007942250925429221,0.0006599499013722884,0.0014541749939152105,-0.00013427519117063368,-16.906440306578084,original_base
남짓,0.000773801320981778,0.0006790873801042656,0.0014528887010860437,-9.471394087751236e-05,-12.240085188448877,original_base
금융기관,0.0008583764798884891,0.0005930698308327698,0.001451446310721259,-0.0002653066490557193,-30.90795883528694,original_base
출발점,0.0007870863238875154,0.0006635809296165349,0.0014506672535040503,-0.00012350539427098055,-15.691467444253423,original_base
김치,0.0007094653456127762,0.0007411832198970217,0.001450648565509798,3.1717874284245486e-05,4.470672807401222,original_base
극단주의,0.0009714669978793481,0.0004776187027427801,0.0014490857006221282,-0.000493848295136568,-50.835313625126545,original_base
이성,0.00080011803971182,0.0006476833824764651,0.001447801422188285,-0.0001524346572353549,-19.051521109342513,original_base
냄새,0.0007650858364281661,0.000681698230107926,0.0014467840665360922,-8.338760632024009e-05,-10.899117765601108,original_base
이중,0.0007102086526614214,0.0007363642043100133,0.0014465728569714347,2.615555164859197e-05,3.682798224236947,original_base
노벨상,0.0009052510164879649,0.0005397701256559383,0.0014450211421439033,-0.0003654808908320266,-40.37343059276041,original_base
출자,0.000833533748021466,0.0006104724874003303,0.0014440062354217963,-0.00022306126062113566,-26.760915337934364,original_base
농사,0.0007461363693123069,0.0006960686686519486,0.0014422050379642554,-5.0067700660358285e-05,-6.7102613837875635,original_base
양식,0.0007956776210492222,0.0006463856102574794,0.0014420632313067016,-0.0001492920107917428,-18.76287667797902,original_base
보편,0.0006883612846143871,0.0007521703982424562,0.0014405316828568432,6.380911362806904e-05,9.2697127299677,original_base
놀이,0.0007703696000765067,0.0006695983691860189,0.0014399679692625256,-0.00010077123089048787,-13.080894012494795,original_base
유물,0.0008019529442614561,0.00063697119336592,0.0014389241376273761,-0.0001649817508955361,-20.572497685319057,original_base
일반고,0.0007000967657767733,0.0007377693313483053,0.0014378660971250787,3.7672565571532086e-05,5.381051222216906,original_base
국외,0.0007797760803510297,0.0006508741865200602,0.0014306502668710898,-0.00012890189383096948,-16.530629379262578,original_base
도모,0.000673662950435012,0.0007567536108334298,0.0014304165612684418,8.309066039841777e-05,12.334159143643376,original_base
용납,0.0007884330755608749,0.0006409839821659113,0.0014294170577267861,-0.00014744909339496355,-18.701535737839425,original_base
관세청,0.0007819020285573783,0.0006459433374700838,0.001427845366027462,-0.00013595869108729442,-17.388200327110084,original_base
봉사활동,0.0008340441685816284,0.0005927890484491386,0.001426833217030767,-0.0002412551201324898,-28.925940522162886,original_base
삼성서울병원,0.0010713800060886175,0.0003548323653555452,0.0014262123714441628,-0.0007165476407330723,-66.8808113518038,original_base
불황,0.0009465649449199778,0.00047957122627990007,0.0014261361711998778,-0.0004669937186400777,-49.33562363008881,original_base
멘토,0.0008581238525298238,0.0005675725146734672,0.001425696367203291,-0.0002905513378563566,-33.85890474898069,original_base
쌍용차,0.0008611219434383396,0.0005644559221566082,0.0014255778655949476,-0.0002966660212817314,-34.451104578427696,original_base
남미,0.0008755705125329617,0.0005497990515282499,0.0014253695640612115,-0.0003257714610047118,-37.206764771266535,original_base
기름,0.0008226419779456762,0.0006007592563596449,0.0014234012343053212,-0.00022188272158603134,-26.97196685004124,original_base
기독교,0.0008357144028829554,0.00058678332595051,0.0014224977288334654,-0.0002489310769324454,-29.786620414068544,original_base
금속,0.0007826943123033622,0.0006373331783278102,0.0014200274906311723,-0.000145361133975552,-18.571890927349923,original_base
세율,0.0005944173476540512,0.0008242544250674598,0.0014186717727215112,0.00022983707741340857,38.665943771744175,original_base
지방정부,0.0007438313846160523,0.0006735446412474068,0.001417376025863459,-7.028674336864542e-05,-9.449284451062216,original_base
녹음,0.0007562348882640601,0.0006590096431803974,0.0014152445314444574,-9.722524508366272e-05,-12.856487659124486,original_base
돈을,0.0008853071118457366,0.0005298387085982247,0.0014151458204439613,-0.00035546840324751183,-40.15198776686792,original_base
가결,0.0008984614836916024,0.0005163173022509036,0.0014147787859425062,-0.0003821441814406988,-42.53317347233886,original_base
서민들,0.0008449330473085277,0.0005698244712754547,0.0014147575185839824,-0.00027510857603307306,-32.559807775232755,original_base
자질,0.0008009806177898169,0.0006133888192957711,0.001414369437085588,-0.0001875917984940458,-23.420266898801696,original_base
이식,0.0007957551267066739,0.000618231647473825,0.001413986774180499,-0.0001775234792328489,-22.308807480455787,original_base
추징금,0.0008864213129018422,0.0005258522543390142,0.0014122735672408564,-0.000360569058562828,-40.676939206532325,original_base
마비,0.0008015782465427589,0.0006100577920120659,0.0014116360385548247,-0.00019152045453069307,-23.892920667037675,original_base
공습,0.0010712190562757221,0.00033941932060065625,0.0014106383768763783,-0.0007317997356750659,-68.31466742379415,original_base
원로,0.0008469070328979814,0.0005628630884746596,0.001409770121372641,-0.00028404394442332176,-33.5389757540882,original_base
컨트롤,0.0007751877750120564,0.0006332938392579797,0.001408481614270036,-0.0001418939357540767,-18.304459942221072,original_base
특집,0.0009333862656506537,0.0004748654385017439,0.0014082517041523975,-0.0004585208271489098,-49.124445475880215,original_base
기법,0.0007472923210056434,0.0006603594426842955,0.0014076517636899388,-8.69328783213479e-05,-11.633048524352683,original_base
지불,0.000663874440216283,0.0007432916308735177,0.0014071660710898008,7.941719065723471e-05,11.962682375806104,original_base
다문화,0.0008602596036140389,0.0005457730591597325,0.0014060326627737714,-0.0003144865444543064,-36.557167526304404,original_base
국익,0.0006908960535929798,0.0007148421976137675,0.0014057382512067474,2.394614402078776e-05,3.4659546680367774,original_base
정통,0.000752714080348718,0.0006528325859613462,0.0014055466663100641,-9.988149438737188e-05,-13.269513218232703,original_base
촉발,0.0006611761719609096,0.000743541314409425,0.0014047174863703346,8.236514244851548e-05,12.457367028856739,original_base
가산점,0.0008152637103564131,0.000589052729102,0.001404316439458413,-0.00022621098125441314,-27.74697050547231,original_base
체질,0.0008057610793052579,0.0005981109326911619,0.00140387201199642,-0.00020765014661409595,-25.770684629386135,original_base
연예,0.0009253171607420097,0.00047672291192032523,0.001402040072662335,-0.00044859424882168447,-48.48005287851333,original_base
공안,0.0009925180589560449,0.0004092878456462535,0.0014018059046022983,-0.0005832302133097914,-58.76268024012051,original_base
정쟁,0.000802758215028243,0.00059786742687278,0.0014006256419010232,-0.00020489078815546298,-25.5233499103157,original_base
생물,0.0007289331109222649,0.0006714873214447111,0.001400420432366976,-5.7445789477553796e-05,-7.880803960856148,original_base
습관,0.0007827496923548379,0.0006172259089285365,0.0013999756012833744,-0.00016552378342630136,-21.146451419014515,original_base
일간지,0.0009209671153452399,0.0004788049228211299,0.0013997720381663699,-0.00044216219252411006,-48.010638507799285,original_base
잠재,0.000719296254268914,0.0006786986560994884,0.0013979949103684023,-4.059759816942563e-05,-5.6440719562329225,original_base
부모들,0.0008507728881074502,0.0005471813072396103,0.0013979541953470604,-0.0003035915808678399,-35.684209630043725,original_base
처우,0.0006503861366927442,0.0007462202743141255,0.0013966064110068697,9.583413762138124e-05,14.73496008212968,original_base
브렉시트,0.0008415210897567114,0.0005542914212033472,0.0013958125109600587,-0.0002872296685533642,-34.13220085029645,original_base
진통,0.0008127498740699791,0.0005826919602931332,0.0013954418343631123,-0.00023005791377684595,-28.306114970500452,original_base
신용카드,0.0007684207798650885,0.0006263932171871252,0.0013948139970522138,-0.00014202756267796333,-18.483045539567406,original_base
후회,0.0007060797098497866,0.0006885839273001877,0.0013946636371499743,-1.7495782549598873e-05,-2.477876407653886,original_base
한번,0.0007475983827575927,0.0006466286444116988,0.0013942270271692916,-0.00010096973834589388,-13.50587971759071,original_base
깊이,0.0007372903886898034,0.000656795588780873,0.0013940859774706762,-8.04947999089304e-05,-10.917652141373106,original_base
돼지,0.0007047660190230104,0.0006874462446472097,0.00139221226367022,-1.7319774375800694e-05,-2.457521206798594,original_base
범인,0.000840082141912385,0.0005520825675706998,0.0013921647094830847,-0.00028799957434168515,-34.282311213767194,original_base
성숙,0.0007626754107061812,0.0006277137769846162,0.0013903891876907975,-0.00013496163372156498,-17.69581552348731,original_base
필자,0.0008714774718379335,0.0005178357864072347,0.0013893132582451682,-0.00035364168543069877,-40.579555623494606,original_base
열망,0.000667379917992599,0.0007217658070932226,0.0013891457250858217,5.438588910062364e-05,8.149164761236756,original_base
케이블,0.0008829227070356205,0.0005050312669367183,0.001387953973972339,-0.0003778914400989023,-42.80005906379489,original_base
리조트,0.0008499523466411446,0.0005374066305235413,0.001387358977164686,-0.00031254571611760327,-36.77214579767048,original_base
어른들,0.0008428158275048472,0.0005436652489726893,0.0013864810764775365,-0.0002991505785321579,-35.49418138216412,original_base
농어촌,0.0007615962953290608,0.0006239202553379334,0.0013855165506669943,-0.00013767603999112737,-18.07729906717076,original_base
명문,0.000767839414436291,0.0006173661242508889,0.00138520553868718,-0.0001504732901854021,-19.596973970901455,original_base
현대사,0.0009722181341322355,0.0004109669231385706,0.001383185057270806,-0.000561251210993665,-57.72893873190467,original_base
감옥,0.0007304592559987888,0.0006517574260188861,0.0013822166820176749,-7.870182997990276e-05,-10.77429429958969,original_base
자들,0.000776624015773512,0.000604293608681406,0.001380917624454918,-0.00017233040709210606,-22.1896829858482,original_base
샌프란시스코,0.0007924577841755803,0.0005876168322870214,0.0013800746164626017,-0.00020484095188855883,-25.848815669299224,original_base
무상급식,0.001064351368315747,0.00031444507151026294,0.00137879643982601,-0.0007499062968054841,-70.45664797633063,original_base
역설,0.0008087477850818792,0.0005694943865422348,0.001378242171624114,-0.00023925339853964446,-29.58319057596207,original_base
바깥,0.0006975425505937099,0.0006806880157083736,0.0013782305663020836,-1.6854534885336393e-05,-2.416273368698546,original_base
정씨,0.0009083478453172471,0.00046669138293248247,0.0013750392282497297,-0.0004416564623847646,-48.62195299538723,original_base
임금피크제,0.001309049735544959,6.537971316245048e-05,0.0013744294487074095,-0.0012436700223825085,-95.00555927042505,original_base
몽골,0.0008067625981306797,0.0005645130308119523,0.0013712756289426318,-0.00024224956731872741,-30.02736714369693,original_base
대학들,0.0007562354026072375,0.0006144254194852595,0.001370660822092497,-0.00014180998312197804,-18.752095264657854,original_base
독서,0.0007857761412231681,0.0005832072537238804,0.0013689833949470484,-0.00020256888749928769,-25.7794652792539,original_base
손가락,0.0007251304473461512,0.0006437872608223267,0.0013689177081684777,-8.134318652382449e-05,-11.217731488386141,original_base
페이지,0.0007010647517459857,0.0006673385335297275,0.0013684032852757132,-3.3726218216258196e-05,-4.810713722557556,original_base
대리점,0.000830573498648063,0.0005364045013175444,0.0013669779999656074,-0.00029416899733051855,-35.41757566420574,original_base
거액,0.0008209991553766928,0.0005440959532006539,0.0013650951085773467,-0.00027690320217603893,-33.72758672924451,original_base
자기소개서,0.0008419766478061573,0.0005230437701705531,0.0013650204179767103,-0.0003189328776356041,-37.87906451641042,original_base
독자들,0.0008463273489974024,0.0005183001621471258,0.0013646275111445282,-0.0003280271868502766,-38.75890188812549,original_base
농성,0.000818392793574021,0.0005461779464308057,0.0013645707400048268,-0.0002722148471432153,-33.262126607251744,original_base
조직적,0.0007735557728829025,0.0005909859248230014,0.0013645416977059038,-0.0001825698480599011,-23.60138136898601,original_base
장성,0.0007706925642935495,0.000592991941853883,0.0013636845061474325,-0.00017770062243966647,-23.057264423272933,original_base
표출,0.0006929271268283784,0.0006706304958133043,0.0013635576226416826,-2.229663101507406e-05,-3.2177454384169906,original_base
지음,0.0008809111705341103,0.00048248664625349225,0.0013633978167876025,-0.0003984245242806181,-45.2286833914306,original_base
충성,0.0007719035626232106,0.0005898312478556586,0.0013617348104788692,-0.000182072314767552,-23.587443248584535,original_base
산업화,0.0008360366572629457,0.0005255797656148833,0.001361616422877829,-0.00031045689164806243,-37.13436354148036,original_base
문화유산,0.0007693311911743433,0.0005896714235886832,0.0013590026147630265,-0.00017965976758566016,-23.35272112280006,original_base
회고록,0.0007549833414404005,0.0006027632057075883,0.0013577465471479888,-0.00015222013573281215,-20.162052243748565,original_base
잠수함,0.000804903689363028,0.0005518050127917363,0.0013567087021547643,-0.0002530986765712917,-31.4445914357263,original_base
대국,0.0008868104453103691,0.00046728879303092473,0.0013540992383412939,-0.0004195216522794444,-47.306800962703896,original_base
지부,0.0008477144760308533,0.000505589467733089,0.0013533039437639421,-0.00034212500829776426,-40.358519049910896,original_base
팔레스타인,0.0008454763306358946,0.0005069629974952144,0.001352439328131109,-0.0003385133331406802,-40.03817976620109,original_base
애정,0.0007641134719362201,0.0005850113628712168,0.0013491248348074369,-0.00017910210906500333,-23.43920316064691,original_base
사형,0.0008174400566480097,0.0005309468963137325,0.001348386952961742,-0.0002864931603342773,-35.04760477594768,original_base
항쟁,0.0006524885983515205,0.0006953899313422098,0.0013478785296937301,4.2901332990689304e-05,6.575031824169397,original_base
불안정,0.0006979762666369455,0.0006497458686209601,0.0013477221352579056,-4.823039801598542e-05,-6.910034097344546,original_base
무한,0.0007986627966557698,0.0005449412274541403,0.0013436040241099102,-0.00025372156920162945,-31.768296991425473,original_base
추측,0.0006626133547906189,0.0006807020860111744,0.0013433154408017934,1.808873122055544e-05,2.72990743240775,original_base
예금,0.0007501452097697121,0.0005919754572440556,0.0013421206670137676,-0.00015816975252565659,-21.085217963894387,original_base
제도적,0.0006576425859368953,0.0006833084305824369,0.0013409510165193323,2.566584464554157e-05,3.9027041731151457,original_base
점심,0.0006871257199727601,0.0006526751044136449,0.001339800824386405,-3.445061555911529e-05,-5.0137281370403395,original_base
구조적,0.0006946165232696926,0.0006450104309111681,0.0013396269541808606,-4.960609235852447e-05,-7.141507680384442,original_base
공공성,0.0007266504958668526,0.00061278814963983,0.0013394386455066825,-0.00011386234622702259,-15.669478913819676,original_base
노트,0.0007493225135252536,0.000587575556523853,0.0013368980700491067,-0.0001617469570014007,-21.585759680494306,original_base
선동,0.0007428400565697989,0.0005923802885007506,0.0013352203450705496,-0.00015045976806904828,-20.25466542068612,original_base
고액,0.0007174257879514936,0.0006166059175250951,0.0013340317054765887,-0.00010081987042639853,-14.053003407401231,original_base
선행,0.0006709561593325197,0.0006630593133895031,0.0013340154727220228,-7.896845943016666e-06,-1.1769540875625322,original_base
표절,0.0009006874700544069,0.0004310593241288595,0.0013317467941832664,-0.0004696281459255474,-52.14107684846321,original_base
서열,0.0007078245699479033,0.0006236433007632199,0.0013314678707111232,-8.418126918468345e-05,-11.892956639083508,original_base
카드사,0.0008112382812247911,0.0005193724585749257,0.0013306107397997168,-0.0002918658226498654,-35.97781680238417,original_base
일감,0.0007065228503726213,0.0006236908721219388,0.00133021372249456,-8.28319782506825e-05,-11.723892328039607,original_base
자유무역협정,0.0008883620507225545,0.00044066803415992203,0.0013290300848824766,-0.00044769401656263245,-50.39544588813738,original_base
논술,0.0008743114867733027,0.00045246307429455944,0.001326774561067862,-0.0004218484124787432,-48.24921310774485,original_base
교수들,0.0008757238073584002,0.0004497816936179281,0.0013255055009763284,-0.00042594211374047213,-48.63886423566767,original_base
여학생,0.0007692451055470997,0.0005550394902069624,0.0013242845957540622,-0.00021420561534013732,-27.846211018501155,original_base
기고,0.0007331640232448442,0.0005892324642646335,0.0013223964875094777,-0.00014393155898021067,-19.63156325418111,original_base
용서,0.0006954750479266301,0.0006266105795310955,0.0013220856274577257,-6.886446839553457e-05,-9.901788511440529,original_base
가톨릭,0.0008885006318191538,0.0004328896428846166,0.0013213902747037703,-0.00045561098893453724,-51.27863420892565,original_base
민중,0.000918419018283549,0.0004019650983308343,0.0013203841166143833,-0.0005164539199527148,-56.23292959655011,original_base
파키스탄,0.0007597723655355244,0.0005604419754150624,0.0013202143409505869,-0.00019933039012046203,-26.235540954423147,original_base
냉전,0.0006634758340252344,0.0006550977162137557,0.0013185735502389902,-8.378117811478638e-06,-1.2627615629418671,original_base
정동영,0.0007222685299829565,0.0005958474980459203,0.0013181160280288768,-0.00012642103193703617,-17.503328289828627,original_base
문명,0.0007714837577056665,0.0005455632949672715,0.001317047052672938,-0.00022592046273839502,-29.283891006372592,original_base
문학상,0.0008110473005720005,0.0005056095145477801,0.0013166568151197805,-0.0003054377860242204,-37.65967605203875,original_base
조장,0.0006949367895485876,0.0006214695452983727,0.0013164063348469603,-7.346724425021491e-05,-10.571788018006252,original_base
중년,0.0007569980504132107,0.0005584824767498153,0.0013154805271630259,-0.00019851557366339534,-26.224053490631157,original_base
건국,0.0007378903332030765,0.0005770345914586022,0.0013149249246616787,-0.00016085574174447433,-21.79941036037463,original_base
김용태,0.0008125312965383797,0.0005014387333266505,0.0013139700298650302,-0.0003110925632117292,-38.28684070842247,original_base
통로,0.0007161077496258514,0.0005968718775445534,0.0013129796271704047,-0.000119235872081298,-16.6505490470667,original_base
과일,0.0007270464884694823,0.0005858675594848514,0.0013129140479543337,-0.00014117892898463092,-19.41814329945105,original_base
동아리,0.0007944809612349847,0.0005177914931444897,0.0013122724543794743,-0.00027668946809049496,-34.82644413031543,original_base
단점,0.0006947442245470711,0.0006171785277944551,0.0013119227523415262,-7.756569675261603e-05,-11.164640742884032,original_base
누리,0.00101663045978222,0.0002939994284625828,0.0013106298882448028,-0.0007226310313196373,-71.08099352781909,original_base
반군,0.0009559250530363491,0.00035316254786224246,0.0013090876008985915,-0.0006027625051741067,-63.055414570370786,original_base
악순환,0.0007661027247806665,0.000542273252319228,0.0013083759770998946,-0.0002238294724614385,-29.216639651754324,original_base
육아휴직,0.0007207352496847672,0.0005868197983782406,0.0013075550480630077,-0.00013391545130652662,-18.580394307770863,original_base
창의성,0.0008294850409882495,0.0004772914034187204,0.00130677644440697,-0.0003521936375695291,-42.45931152054595,original_base
천안함,0.0007847111949627821,0.0005210680313688757,0.0013057792263316578,-0.00026364316359390647,-33.59747704458463,original_base
잣대,0.0006696390803512169,0.0006347473411380414,0.0013043864214892583,-3.489173921317548e-05,-5.210529109931163,original_base
응급실,0.0007282179342682269,0.0005742949006438412,0.0013025128349120681,-0.00015392303362438565,-21.136946287797777,original_base
베스트셀러,0.0007389723031692013,0.0005631860192742438,0.001302158322443445,-0.0001757862838949575,-23.78793943170398,original_base
도청,0.0007573750051584522,0.0005439986711963288,0.001301373676354781,-0.0002133763339621234,-28.173141773734983,original_base
정답,0.0006774272308054743,0.0006225539360479317,0.001299981166853406,-5.487329475754258e-05,-8.100249334869098,original_base
짐작,0.0007289087516816254,0.0005694292873287147,0.00129833803901034,-0.00015947946435291064,-21.879208335060365,original_base
저서,0.0007045747916300263,0.000592847848671734,0.0012974226403017603,-0.00011172694295829232,-15.857357414081367,original_base
법조인,0.0006850929173590509,0.0006121126317362552,0.0012972055490953062,-7.298028562279576e-05,-10.652611313531864,original_base
가치관,0.0007263718159408502,0.0005680211219220231,0.0012943929378628734,-0.00015835069401882714,-21.800225524130457,original_base
파행,0.0007948426832701278,0.0004990858944454296,0.0012939285777155574,-0.00029575678882469815,-37.20947491243183,original_base
거품,0.0007153158828070718,0.0005778507210060095,0.0012931666038130812,-0.00013746516180106227,-19.217406617844954,original_base
간주,0.0006908072787145626,0.000600466089175113,0.0012912733678896757,-9.034118953944964e-05,-13.077625601680737,original_base
복당,0.0008007543238359807,0.0004896228674119973,0.001290377191247978,-0.00031113145642398343,-38.8547956798436,original_base
탐구,0.0007267592069913737,0.0005633348715956455,0.0012900940785870191,-0.00016342433539572824,-22.486723776403153,original_base
동양,0.0008609142707284778,0.00042573793042677385,0.0012866522011552516,-0.0004351763403017039,-50.54816200612772,original_base
세무,0.0007789845557168429,0.0005042348125566449,0.0012832193682734878,-0.000274749743160198,-35.270242669620814,original_base
경제학자,0.0007438114041579827,0.0005388603603588125,0.0012826717645167953,-0.00020495104379917022,-27.554167985792187,original_base
군사력,0.0007222316150619395,0.0005601078720043364,0.0012823394870662757,-0.0001621237430576031,-22.447610943159717,original_base
학자금,0.0008529470217150463,0.00042836799217085256,0.0012813150138858988,-0.0004245790295441937,-49.77788991987801,original_base
슬픔,0.0007972215812780661,0.00048370503370353174,0.001280926614981598,-0.0003135165475745344,-39.32614908290869,original_base
변론,0.0008552984949318382,0.00042487306370312517,0.0012801715586349635,-0.00043042543122871307,-50.324586536658785,original_base
전형적,0.0006882922372118665,0.000589647438713696,0.0012779396759255626,-9.864479849817052e-05,-14.331819126387474,original_base
시골,0.0007206205162295605,0.0005564804233740057,0.0012771009396035662,-0.00016414009285555474,-22.777604739089384,original_base
검진,0.0006870790509453573,0.0005897159377691778,0.001276794988714535,-9.736311317617942e-05,-14.17058387127606,original_base
김우성,0.0006956006807147603,0.0005781330862136502,0.0012737337669284105,-0.00011746759450111002,-16.887216726183606,original_base
파동,0.0008905054637883363,0.0003821369431372772,0.0012726424069256135,-0.0005083685206510591,-57.08763632829241,original_base
설득력,0.0007459597205239594,0.0005232778011817751,0.0012692375217057345,-0.00022268191934218438,-29.85173504888084,original_base
채권단,0.0009791544045495543,0.0002871001885814976,0.001266254593131052,-0.0006920542159680567,-70.67876248653818,original_base
남북한,0.0006947836235150978,0.0005701008658225189,0.0012648844893376166,-0.0001246827576925789,-17.94555217950809,original_base
점령,0.0007102559806767117,0.0005532804599712342,0.001263536440647946,-0.0001569755207054775,-22.101259964881347,original_base
주부,0.0008521171418945149,0.0004091902611417743,0.0012613074030362892,-0.0004429268807527406,-51.979576395796926,original_base
호기심,0.0007307570128982944,0.0005288781563363645,0.0012596351692346589,-0.00020187885656192985,-27.62598962427296,original_base
제자,0.000777615297377191,0.0004773798787444224,0.0012549951761216135,-0.0003002354186327686,-38.609762390918604,original_base
관철,0.0007241486791820551,0.0005291051267722509,0.001253253805954306,-0.0001950435524098042,-26.93418603346912,original_base
깃발,0.0007233460770032791,0.0005285785136320555,0.0012519245906353347,-0.00019476756337122357,-26.92591686929694,original_base
입대,0.0007413933994492702,0.0005100230765513815,0.0012514164760006516,-0.00023137032289788871,-31.207497000884775,original_base
절망,0.0007660388648654025,0.0004787961347075585,0.001244834999572961,-0.000287242730157844,-37.49714842579354,original_base
탈세,0.0007936992224992439,0.0004499928277663791,0.001243692050265623,-0.00034370639473286477,-43.3043632889778,original_base
패권,0.0006519088156336851,0.0005883572371099834,0.0012402660527436687,-6.355157852370172e-05,-9.748537985627129,original_base
무슬림,0.0009145218222974873,0.0003256921595482742,0.0012402139818457616,-0.0005888296627492131,-64.38661696119385,original_base
성주,0.0007797289741002971,0.0004588021354964091,0.0012385311095967062,-0.000320926838603888,-41.158767887802895,original_base
집필,0.0008681780895141896,0.0003699657452845035,0.001238143834798693,-0.0004982123442296861,-57.38596150341378,original_base
개조,0.0007974122698009057,0.00043853579210816746,0.001235948061909073,-0.0003588764776927383,-45.00513614900118,original_base
표방,0.000669122507937699,0.0005643571445485792,0.0012334796524862781,-0.00010476536338911984,-15.657127378963374,original_base
비자금,0.0009094910901698413,0.0003206897199481711,0.0012301808101180124,-0.0005888013702216703,-64.7396523820498,original_base
욕구,0.0006888643942471085,0.0005384985468824782,0.0012273629411295867,-0.00015036584736463025,-21.82807655909869,original_base
그림자,0.0006986822361072619,0.0005251624971527209,0.0012238447332599829,-0.00017351973895454102,-24.83528705714828,original_base
신라,0.0007489560731590205,0.0004710322457782526,0.001219988318937273,-0.00027792382738076786,-37.10816125817813,original_base
착각,0.0006369533684226224,0.0005796705438599097,0.001216623912282532,-5.7282824562712676e-05,-8.993252473814563,original_base
침략,0.0008244502246967823,0.00039103387442564945,0.0012154840991224318,-0.0004334163502711329,-52.570347764843596,original_base
칠레,0.0007835062203418223,0.00043119072450864885,0.0012146969448504712,-0.0003523154958331734,-44.96652185855881,original_base
막강,0.0006860332017421645,0.0005262182812434278,0.0012122514829855922,-0.00015981492049873668,-23.295508160959354,original_base
요약,0.0006317561466989213,0.0005768369294892375,0.0012085930761881586,-5.4919217209683786e-05,-8.693103738942625,original_base
셰프,0.0007255944134413482,0.00048190356977443304,0.0012074979832157812,-0.00024369084366691516,-33.58499447523838,original_base
본래,0.0006835575734485233,0.0005226599277759201,0.0012062175012244433,-0.00016089764567260318,-23.538272696018915,original_base
서점,0.0006499200504543722,0.0005555398350511594,0.0012054598855055316,-9.438021540321287e-05,-14.521819312580025,original_base
배신,0.000721530980127877,0.00047993709268381364,0.0012014680728116907,-0.0002415938874440634,-33.48350855305557,original_base
형편,0.0006816705823773279,0.0005190754446723569,0.001200746027049685,-0.00016259513770497099,-23.852450422302226,original_base
교감,0.0006663972227260039,0.000532500437415219,0.001198897660141223,-0.00013389678531078482,-20.09263855618406,original_base
저성장,0.0008179203211198863,0.00037709223803414035,0.0011950125591540265,-0.00044082808308574595,-53.896213567865594,original_base
공교육,0.000718177297147756,0.0004757811646034186,0.0011939584617511746,-0.0002423961325443374,-33.75157269757963,original_base
옐런,0.0008421717883017521,0.00034942584589467814,0.0011915976341964301,-0.000492745942407074,-58.50895853454093,original_base
진료비,0.0007302370755738406,0.0004606188302212717,0.0011908559057951123,-0.0002696182453525689,-36.922015379826526,original_base
전병헌,0.00099187158502404,0.00019834366283150208,0.001190215247855542,-0.0007935279221925379,-80.00309053851011,original_base
철폐,0.0006565185699628591,0.0005333076469245062,0.0011898262168873652,-0.0001232109230383529,-18.767317281721866,original_base
회의록,0.0008758348638036134,0.00030687322198205555,0.001182708085785669,-0.0005689616418215579,-64.96220524387974,original_base
줄기,0.0006804437907443203,0.0004986823397301568,0.001179126130474477,-0.00018176145101416342,-26.712191879264434,original_base
천주교,0.0008004363048851991,0.00037586199202846004,0.0011762982969136591,-0.00042457431285673904,-53.04286053312296,original_base
가뭄,0.0007383288649215929,0.0004353337521238365,0.0011736626170454293,-0.0003029951127977564,-41.03796115704254,original_base
혈관,0.0006801292627059194,0.0004923997839812905,0.00117252904668721,-0.00018772947872462893,-27.60202935214701,original_base
승무원,0.0007273413708211216,0.00044356944405226126,0.0011709108148733828,-0.0002837719267688603,-39.01495750867301,original_base
국가기관,0.0008641149850637349,0.0003051349735778124,0.0011692499586415475,-0.0005589800114859225,-64.6881515941647,original_base
나치,0.0007211445029701432,0.0004411084022461494,0.0011622529052162927,-0.0002800361007239938,-38.83217573879057,original_base
직선,0.0007715352837211483,0.00038849289230457625,0.0011600281760257246,-0.00038304239141657206,-49.64677565608431,original_base
몰락,0.0006383727183705663,0.0005168281352254963,0.0011552008535960626,-0.00012154458314507,-19.039752114612625,original_base
유혹,0.0007433555211975696,0.00041002674047512975,0.0011533822616726992,-0.00033332878072243985,-44.841098400054456,original_base
장교,0.0006988216024745471,0.00044958609518999665,0.0011484076976645437,-0.00024923550728455046,-35.665112011706626,original_base
잠수,0.0007067556811268033,0.0004392026079420259,0.001145958289068829,-0.0002675530731847774,-37.85651538848742,original_base
암살,0.0007433425573412255,0.00040125755633463295,0.0011446001136758584,-0.00034208500100659254,-46.01983266371242,original_base
비타민,0.000739951888097264,0.0004006964094482987,0.0011406482975455626,-0.0003392554786489653,-45.84831583055186,original_base
지경,0.0006578259890795529,0.0004792372520296921,0.001137063241109245,-0.00017858873704986074,-27.148324939205686,original_base
서양,0.0006910344253085376,0.00044573719847933115,0.0011367716237878688,-0.00024529722682920647,-35.497106633969,original_base
홍문종,0.0008621360904653735,0.0002734636781713285,0.001135599768636702,-0.000588672412294045,-68.28068315482359,original_base
연재,0.000703166636318119,0.0004314287044750757,0.0011345953407931948,-0.00027173793184304335,-38.64488412958584,original_base
연비,0.0008276041019083333,0.00029919927307719215,0.0011268033749855255,-0.0005284048288311412,-63.84753623293038,original_base
김관진,0.0008669088154423007,0.00025783227119884473,0.0011247410866411455,-0.0006090765442434559,-70.25843242033505,original_base
수니파,0.0008772903303692624,0.00024494581495859794,0.0011222361453278604,-0.0006323445154106644,-72.07927564236377,original_base
억압,0.0006309295055118258,0.0004886044641091762,0.001119533969621002,-0.00014232504140264954,-22.557994222697182,original_base
중독,0.000648339767067917,0.0004687525597339665,0.0011170923268018836,-0.00017958720733395056,-27.69955144755726,original_base
정산,0.0007169239040893774,0.0003993807546072087,0.0011163046586965862,-0.0003175431494821687,-44.29244828787035,original_base
유서,0.0007244321761718111,0.0003897942279069427,0.0011142264040787538,-0.00033463794826486836,-46.19313709024203,original_base
대우조선해양,0.0007471768192601277,0.0003625357241061963,0.001109712543366324,-0.0003846410951539314,-51.47925969314896,original_base
담론,0.0006504780734736807,0.00045902088655941256,0.0011094989600330934,-0.00019145718691426815,-29.433303707202484,original_base
크루즈,0.0007222439975761374,0.00038719811035718325,0.0011094421079333207,-0.00033504588721895414,-46.38957033126943,original_base
흡연,0.0007171629906142176,0.0003922470549344315,0.0011094100455486492,-0.00032491593567978615,-45.30573104469743,original_base
지문,0.0006380701888389731,0.00046882085070651055,0.0011068910395454837,-0.00016924933813246257,-26.52519128662431,original_base
관절,0.0006249313102276234,0.00047923781082442565,0.0011041691210520491,-0.0001456934994031978,-23.313522145358785,original_base
유방암,0.0007034216120837838,0.0003937620617485002,0.001097183673832284,-0.0003096595503352836,-44.02189881797381,original_base
노예,0.0006705448632160454,0.00041717610899514695,0.0010877209722111923,-0.0002533687542208985,-37.78550371793164,original_base
유씨,0.000800432828033535,0.0002871341320345538,0.0010875669600680887,-0.0005132986959989812,-64.12764169855812,original_base
철학자,0.0007010581007648788,0.0003859104710603914,0.00108696857182527,-0.00031514762970448744,-44.953140026575596,original_base
방학,0.0006375496505074219,0.0004481468989286392,0.001085696549436061,-0.00018940275157878264,-29.707921795273222,original_base
구실,0.0007397869324489704,0.0003440114888707458,0.0010837984213197163,-0.00039577544357822467,-53.49857184798608,original_base
텔레비전,0.0007659498200546349,0.0003158417514492125,0.0010817915715038474,-0.0004501080686054224,-58.76469408574525,original_base
노릇,0.0006603942100373887,0.00042047499391184936,0.001080869203949238,-0.0002399192161255393,-36.329697092885795,original_base
카지노,0.0006756922501637494,0.00040120375391881674,0.0010768960040825662,-0.00027448849624493266,-40.623300944832835,original_base
서술,0.0007966356690668734,0.00027579187782651396,0.0010724275468933873,-0.0005208437912403595,-65.38042564054929,original_base
우유,0.0006095052511883615,0.00045848724111223184,0.0010679924923005933,-0.0001510180100761297,-24.77714667456722,original_base
숙청,0.0008729258331704235,0.0001904014723124756,0.0010633273054828992,-0.0006825243608579479,-78.18812720652947,original_base
교재,0.0006940111366956224,0.0003438174662299794,0.0010378286029256018,-0.000350193670465643,-50.459373337005985,original_base
혁신학교,0.0007604999737183117,0.0002760420563258587,0.0010365420300441704,-0.000484457917392453,-63.70255544175675,original_base
구조개혁,0.0008540542606908809,0.00017212284358143144,0.0010261771042723124,-0.0006819314171094495,-79.84638078590066,original_base
기성용,0.000797464824368965,0.00022510421866437838,0.0010225690430333435,-0.0005723606057045866,-71.77252064471888,original_base
추신수,0.0008321251574734274,0.00018421391787014845,0.0010163390753435758,-0.000647911239603279,-77.862234278618,original_base
민영화,0.000885003971674681,0.00012768407464186865,0.0010126880463165496,-0.0007573198970328124,-85.57248569175867,original_base
유가족들,0.0007066959344614465,0.00029677338003908284,0.0010034693145005292,-0.00040992255442236366,-58.00550624856139,original_base
영리,0.0005995666091852357,0.0003542222163548539,0.0009537888255400896,-0.0002453443928303818,-40.92028960114803,original_base
자유주의,0.0005677139957887329,0.0003398228650400916,0.0009075368608288245,-0.00022789113074864133,-40.1418905362777,original_base
성과연봉제,0.000798505993148674,9.65096701287085e-05,0.0008950156632773825,-0.0007019963230199655,-87.91372000250732,original_base
통상임금,0.0006975275279763594,0.0001917235408441236,0.000889251068820483,-0.0005058039871322359,-72.51383878707344,original_base
인양,0.0006901117777420725,0.00018804513043877569,0.0008781569081808482,-0.0005020666473032969,-72.75149671347052,original_base
