period,period_label,keyword,tfidf
park_2013_2017,박근혜정부(2013-2017),가계,0.0019075955362483133
park_2013_2017,박근혜정부(2013-2017),가계부채,0.0011201689559040852
park_2013_2017,박근혜정부(2013-2017),가공,0.0008570860877129804
park_2013_2017,박근혜정부(2013-2017),가까이,0.0009442300617045152
park_2013_2017,박근혜정부(2013-2017),가난,0.0017798717386464918
park_2013_2017,박근혜정부(2013-2017),가능성이,0.0009477661287037759
park_2013_2017,박근혜정부(2013-2017),가담,0.0009635189207898371
park_2013_2017,박근혜정부(2013-2017),가동,0.001973648188078387
park_2013_2017,박근혜정부(2013-2017),가량,0.0025309377595833676
park_2013_2017,박근혜정부(2013-2017),가맹점,0.000627346214643046
park_2013_2017,박근혜정부(2013-2017),가사,0.001063930338866233
park_2013_2017,박근혜정부(2013-2017),가상,0.0006511868608245224
park_2013_2017,박근혜정부(2013-2017),가속화,0.0008760445860242379
park_2013_2017,박근혜정부(2013-2017),가스,0.0018985052906710775
park_2013_2017,박근혜정부(2013-2017),가슴,0.0024274872006953756
park_2013_2017,박근혜정부(2013-2017),가을,0.0014904360317688683
park_2013_2017,박근혜정부(2013-2017),가입자,0.0021864334732427004
park_2013_2017,박근혜정부(2013-2017),가전,0.0007885311268244133
park_2013_2017,박근혜정부(2013-2017),가족들,0.0021260619774688566
park_2013_2017,박근혜정부(2013-2017),가중,0.0008171539749628052
park_2013_2017,박근혜정부(2013-2017),가짜,0.0013070675918738105
park_2013_2017,박근혜정부(2013-2017),가치,0.006604862431412043
park_2013_2017,박근혜정부(2013-2017),가해자,0.0010728424427484742
park_2013_2017,박근혜정부(2013-2017),각각,0.0010363831219101069
park_2013_2017,박근혜정부(2013-2017),각국,0.0023942538450703777
park_2013_2017,박근혜정부(2013-2017),각오,0.0015653204421138883
park_2013_2017,박근혜정부(2013-2017),각자,0.000910233780027403
park_2013_2017,박근혜정부(2013-2017),간사,0.001243375558922923
park_2013_2017,박근혜정부(2013-2017),간주,0.0007184935084628597
park_2013_2017,박근혜정부(2013-2017),간판,0.0009571601757608357
park_2013_2017,박근혜정부(2013-2017),간호사,0.0010721528690887652
park_2013_2017,박근혜정부(2013-2017),갈등,0.005708153993332168
park_2013_2017,박근혜정부(2013-2017),감각,0.0011216157202024325
park_2013_2017,박근혜정부(2013-2017),감당,0.0009343221072609377
park_2013_2017,박근혜정부(2013-2017),감동,0.0015318722991032175
park_2013_2017,박근혜정부(2013-2017),감면,0.0012625484330720449
park_2013_2017,박근혜정부(2013-2017),감사원장,0.0005516469948079373
park_2013_2017,박근혜정부(2013-2017),감성,0.0010503975348543839
park_2013_2017,박근혜정부(2013-2017),감수,0.0008330469820157607
park_2013_2017,박근혜정부(2013-2017),감시,0.0023502116099555497
park_2013_2017,박근혜정부(2013-2017),감안,0.0022168343155295673
park_2013_2017,박근혜정부(2013-2017),감염병,0.0005962037389923432
park_2013_2017,박근혜정부(2013-2017),감염자,0.000386169931972093
park_2013_2017,박근혜정부(2013-2017),감옥,0.0007633089027549347
park_2013_2017,박근혜정부(2013-2017),감정,0.0025918934713511288
park_2013_2017,박근혜정부(2013-2017),감지,0.0008138803039068525
park_2013_2017,박근혜정부(2013-2017),감축,0.0015938967441229933
park_2013_2017,박근혜정부(2013-2017),갑질,0.0007570013628633246
park_2013_2017,박근혜정부(2013-2017),강경,0.0008782166531412406
park_2013_2017,박근혜정부(2013-2017),강국,0.0006757483700887116
park_2013_2017,박근혜정부(2013-2017),강남구,0.0016914885384268848
park_2013_2017,박근혜정부(2013-2017),강도,0.0018862888703186603
park_2013_2017,박근혜정부(2013-2017),강릉,0.0006634835265787893
park_2013_2017,박근혜정부(2013-2017),강사,0.001256613928570028
park_2013_2017,박근혜정부(2013-2017),강세,0.0010773724677086813
park_2013_2017,박근혜정부(2013-2017),강연,0.0019449751832661473
park_2013_2017,박근혜정부(2013-2017),강요,0.001428025130093211
park_2013_2017,박근혜정부(2013-2017),강의,0.0019669066716538814
park_2013_2017,박근혜정부(2013-2017),강제,0.0023725217319869474
park_2013_2017,박근혜정부(2013-2017),강행,0.0016657378151482625
park_2013_2017,박근혜정부(2013-2017),갖고,0.001137330730204241
park_2013_2017,박근혜정부(2013-2017),개각,0.0008956540678965333
park_2013_2017,박근혜정부(2013-2017),개념,0.00240117538714516
park_2013_2017,박근혜정부(2013-2017),개막,0.0021799947210910304
park_2013_2017,박근혜정부(2013-2017),개발,0.0009496383846032168
park_2013_2017,박근혜정부(2013-2017),개방,0.002156449865302947
park_2013_2017,박근혜정부(2013-2017),개봉,0.0024292384467456823
park_2013_2017,박근혜정부(2013-2017),개선,0.008617241758638199
park_2013_2017,박근혜정부(2013-2017),개설,0.0015920455670420523
park_2013_2017,박근혜정부(2013-2017),개성,0.002127667284805584
park_2013_2017,박근혜정부(2013-2017),개시,0.0007731894407021034
park_2013_2017,박근혜정부(2013-2017),개인,0.006429842232077918
park_2013_2017,박근혜정부(2013-2017),개인적,0.0016715997792856824
park_2013_2017,박근혜정부(2013-2017),개인정보,0.0012305693071834665
park_2013_2017,박근혜정부(2013-2017),개척,0.0011736304985726627
park_2013_2017,박근혜정부(2013-2017),개통,0.0011524332552776127
park_2013_2017,박근혜정부(2013-2017),개편,0.0038739869090838102
park_2013_2017,박근혜정부(2013-2017),개편안,0.0006849458300361602
park_2013_2017,박근혜정부(2013-2017),개혁,0.011079613894300143
park_2013_2017,박근혜정부(2013-2017),객관적,0.0010867313936130942
park_2013_2017,박근혜정부(2013-2017),거대,0.0019454541861991443
park_2013_2017,박근혜정부(2013-2017),거래소,0.0008289272972990565
park_2013_2017,박근혜정부(2013-2017),거절,0.0010483566929494995
park_2013_2017,박근혜정부(2013-2017),거점,0.0009292332282230414
park_2013_2017,박근혜정부(2013-2017),거주,0.001521425021727298
park_2013_2017,박근혜정부(2013-2017),거짓,0.000951672930890876
park_2013_2017,박근혜정부(2013-2017),거짓말,0.001583828426654634
park_2013_2017,박근혜정부(2013-2017),거취,0.0009881498374779082
park_2013_2017,박근혜정부(2013-2017),건강보험,0.0008818145103209835
park_2013_2017,박근혜정부(2013-2017),건국대,0.001055957694540804
park_2013_2017,박근혜정부(2013-2017),건립,0.0015046532644517499
park_2013_2017,박근혜정부(2013-2017),건설사,0.001152697801477576
park_2013_2017,박근혜정부(2013-2017),건수,0.00112643850790437
park_2013_2017,박근혜정부(2013-2017),건의,0.0011970754275395198
park_2013_2017,박근혜정부(2013-2017),건전,0.0010921411873402141
park_2013_2017,박근혜정부(2013-2017),건축,0.0019904583101948447
park_2013_2017,박근혜정부(2013-2017),건축물,0.001143188957660375
park_2013_2017,박근혜정부(2013-2017),걸림돌,0.0008751713290617529
park_2013_2017,박근혜정부(2013-2017),걸음,0.0008645655062015606
park_2013_2017,박근혜정부(2013-2017),검거,0.001745500957739748
park_2013_2017,박근혜정부(2013-2017),검사들,0.0004546342558931247
park_2013_2017,박근혜정부(2013-2017),검사장,0.0010680119436798112
park_2013_2017,박근혜정부(2013-2017),검색,0.0012763224877606297
park_2013_2017,박근혜정부(2013-2017),검찰이,0.0009484880428089394
park_2013_2017,박근혜정부(2013-2017),검찰청,0.0005586536949356128
park_2013_2017,박근혜정부(2013-2017),것은,0.0028016686882071664
park_2013_2017,박근혜정부(2013-2017),것을,0.0019064884171995872
park_2013_2017,박근혜정부(2013-2017),것이,0.0018286651412564045
park_2013_2017,박근혜정부(2013-2017),것이다,0.0024643386330175905
park_2013_2017,박근혜정부(2013-2017),게시판,0.0008172636004944197
park_2013_2017,박근혜정부(2013-2017),게이트,0.0012494939460323175
park_2013_2017,박근혜정부(2013-2017),게재,0.0009367861330491488
park_2013_2017,박근혜정부(2013-2017),겨냥,0.001877263770392875
park_2013_2017,박근혜정부(2013-2017),겨울,0.00225656396421665
park_2013_2017,박근혜정부(2013-2017),격려,0.00119159043120907
park_2013_2017,박근혜정부(2013-2017),격차,0.0018060508570783276
park_2013_2017,박근혜정부(2013-2017),견제,0.0017662228571300531
park_2013_2017,박근혜정부(2013-2017),견해,0.0013926705356268596
park_2013_2017,박근혜정부(2013-2017),결과를,0.0010445577296724316
park_2013_2017,박근혜정부(2013-2017),결과적,0.0011699603682759445
park_2013_2017,박근혜정부(2013-2017),결단,0.0014580504211772938
park_2013_2017,박근혜정부(2013-2017),결렬,0.0005997019222436987
park_2013_2017,박근혜정부(2013-2017),결성,0.0010782437514870594
park_2013_2017,박근혜정부(2013-2017),결심,0.0013069052528436294
park_2013_2017,박근혜정부(2013-2017),결의,0.0016678632419865477
park_2013_2017,박근혜정부(2013-2017),결의안,0.0014775252253782512
park_2013_2017,박근혜정부(2013-2017),결정적,0.0011957214344123486
park_2013_2017,박근혜정부(2013-2017),결제,0.0013881872265813996
park_2013_2017,박근혜정부(2013-2017),결합,0.0017776506928484967
park_2013_2017,박근혜정부(2013-2017),경계,0.001786575997002462
park_2013_2017,박근혜정부(2013-2017),경남도,0.001057089386650941
park_2013_2017,박근혜정부(2013-2017),경력,0.0022867477611639903
park_2013_2017,박근혜정부(2013-2017),경로,0.0009254246056326687
park_2013_2017,박근혜정부(2013-2017),경매,0.000917429223012195
park_2013_2017,박근혜정부(2013-2017),경비,0.0011196301331760801
park_2013_2017,박근혜정부(2013-2017),경영,0.006998261020431916
park_2013_2017,박근혜정부(2013-2017),경영자,0.0017239492044128662
park_2013_2017,박근혜정부(2013-2017),경영진,0.0013477429414161407
park_2013_2017,박근혜정부(2013-2017),경영학,0.0008854026188062177
park_2013_2017,박근혜정부(2013-2017),경위,0.0012014482065083212
park_2013_2017,박근혜정부(2013-2017),경쟁,0.006324069697008959
park_2013_2017,박근혜정부(2013-2017),경쟁력,0.005303222938355304
park_2013_2017,박근혜정부(2013-2017),경쟁률,0.0009293673859934946
park_2013_2017,박근혜정부(2013-2017),경쟁자,0.0008207705533467025
park_2013_2017,박근혜정부(2013-2017),경제부총리,0.0008676471444043908
park_2013_2017,박근혜정부(2013-2017),경제성,0.0005811236175444607
park_2013_2017,박근혜정부(2013-2017),경제성장,0.0009854103942806066
park_2013_2017,박근혜정부(2013-2017),경제적,0.0019865111590272335
park_2013_2017,박근혜정부(2013-2017),경제정책,0.0008623953535052873
park_2013_2017,박근혜정부(2013-2017),경제학,0.0017150581488550873
park_2013_2017,박근혜정부(2013-2017),경제협력개발기구,0.0011247856116826938
park_2013_2017,박근혜정부(2013-2017),경주,0.001964762702449229
park_2013_2017,박근혜정부(2013-2017),경찰관,0.0019242311818964046
park_2013_2017,박근혜정부(2013-2017),경찰서,0.001046049198070561
park_2013_2017,박근혜정부(2013-2017),경찰청,0.002456895231251984
park_2013_2017,박근혜정부(2013-2017),경찰청장,0.0008953239557332375
park_2013_2017,박근혜정부(2013-2017),경향,0.0018705795986752084
park_2013_2017,박근혜정부(2013-2017),경향신문,0.002225525294941479
park_2013_2017,박근혜정부(2013-2017),경험,0.005689501964163855
park_2013_2017,박근혜정부(2013-2017),경희대,0.0012393955550523792
park_2013_2017,박근혜정부(2013-2017),계급,0.0009840663493620077
park_2013_2017,박근혜정부(2013-2017),계단,0.001020274709777673
park_2013_2017,박근혜정부(2013-2017),계산,0.0016139028555640482
park_2013_2017,박근혜정부(2013-2017),계속,0.0008816013485324741
park_2013_2017,박근혜정부(2013-2017),계승,0.0009116291347111691
park_2013_2017,박근혜정부(2013-2017),계약,0.00497020328970595
park_2013_2017,박근혜정부(2013-2017),계열,0.0013563123259417176
park_2013_2017,박근혜정부(2013-2017),계정,0.0006026211804515648
park_2013_2017,박근혜정부(2013-2017),계좌,0.0016167913348114132
park_2013_2017,박근혜정부(2013-2017),계층,0.0017381695631941082
park_2013_2017,박근혜정부(2013-2017),고가,0.0008447072939350107
park_2013_2017,박근혜정부(2013-2017),고개,0.0013719432679139588
park_2013_2017,박근혜정부(2013-2017),고객들,0.0012590049064430376
park_2013_2017,박근혜정부(2013-2017),고교,0.002981320506986038
park_2013_2017,박근혜정부(2013-2017),고급,0.0019502435836319715
park_2013_2017,박근혜정부(2013-2017),고기,0.0009131769757000684
park_2013_2017,박근혜정부(2013-2017),고대,0.0009832753156349748
park_2013_2017,박근혜정부(2013-2017),고도,0.0009641314671696776
park_2013_2017,박근혜정부(2013-2017),고등학교,0.0029374673952089012
park_2013_2017,박근혜정부(2013-2017),고등학생,0.0010038460697659255
park_2013_2017,박근혜정부(2013-2017),고려대,0.002689049113716819
park_2013_2017,박근혜정부(2013-2017),고령,0.0012214402744182365
park_2013_2017,박근혜정부(2013-2017),고령자,0.0006351267898816275
park_2013_2017,박근혜정부(2013-2017),고령화,0.0011892808885903838
park_2013_2017,박근혜정부(2013-2017),고리,0.0010561927745856977
park_2013_2017,박근혜정부(2013-2017),고립,0.0009235557468566671
park_2013_2017,박근혜정부(2013-2017),고문,0.001978302746815193
park_2013_2017,박근혜정부(2013-2017),고백,0.0010578303076505277
park_2013_2017,박근혜정부(2013-2017),고사,0.0009341268403710831
park_2013_2017,박근혜정부(2013-2017),고생,0.0009993315754942696
park_2013_2017,박근혜정부(2013-2017),고소,0.0010118421484332715
park_2013_2017,박근혜정부(2013-2017),고속도로,0.0010808660943184773
park_2013_2017,박근혜정부(2013-2017),고수,0.001209771202507669
park_2013_2017,박근혜정부(2013-2017),고시,0.0011594954908498674
park_2013_2017,박근혜정부(2013-2017),고심,0.0008397123510759008
park_2013_2017,박근혜정부(2013-2017),고양,0.00101700306693249
park_2013_2017,박근혜정부(2013-2017),고양시,0.0007494293560445578
park_2013_2017,박근혜정부(2013-2017),고용,0.005256015374552852
park_2013_2017,박근혜정부(2013-2017),고용노동부,0.001281859738828174
park_2013_2017,박근혜정부(2013-2017),고위급,0.001764530658642825
park_2013_2017,박근혜정부(2013-2017),고유,0.0009508332851932389
park_2013_2017,박근혜정부(2013-2017),고인,0.0011077850828684615
park_2013_2017,박근혜정부(2013-2017),고전,0.0011150172475619402
park_2013_2017,박근혜정부(2013-2017),고정,0.0008246487682605363
park_2013_2017,박근혜정부(2013-2017),고조,0.0010312960053302227
park_2013_2017,박근혜정부(2013-2017),고집,0.0010012036834987571
park_2013_2017,박근혜정부(2013-2017),고통,0.0029480746073107284
park_2013_2017,박근혜정부(2013-2017),고향,0.0019383577164105493
park_2013_2017,박근혜정부(2013-2017),곤란,0.0008467915612445622
park_2013_2017,박근혜정부(2013-2017),골목,0.0008181225167698996
park_2013_2017,박근혜정부(2013-2017),골프장,0.001333323220231852
park_2013_2017,박근혜정부(2013-2017),공감,0.002766350960465806
park_2013_2017,박근혜정부(2013-2017),공감대,0.0014826659963446673
park_2013_2017,박근혜정부(2013-2017),공개적,0.0012108351325452224
park_2013_2017,박근혜정부(2013-2017),공격,0.004764255335233126
park_2013_2017,박근혜정부(2013-2017),공격적,0.0008570419488439136
park_2013_2017,박근혜정부(2013-2017),공고,0.000691353274381503
park_2013_2017,박근혜정부(2013-2017),공공,0.004444149679529592
park_2013_2017,박근혜정부(2013-2017),공공기관,0.003014536657474846
park_2013_2017,박근혜정부(2013-2017),공군,0.0011918502801797932
park_2013_2017,박근혜정부(2013-2017),공급망,6.857865527826406e-05
park_2013_2017,박근혜정부(2013-2017),공기,0.0010791731509161274
park_2013_2017,박근혜정부(2013-2017),공기업,0.0028173023225812866
park_2013_2017,박근혜정부(2013-2017),공단,0.0027292866108374544
park_2013_2017,박근혜정부(2013-2017),공동대표,0.0014176477878465325
park_2013_2017,박근혜정부(2013-2017),공동체,0.002980778874440402
park_2013_2017,박근혜정부(2013-2017),공략,0.0011796900986802657
park_2013_2017,박근혜정부(2013-2017),공론화,0.0005242059683272577
park_2013_2017,박근혜정부(2013-2017),공매도,0.00022723298847578496
park_2013_2017,박근혜정부(2013-2017),공모,0.0018154780279206275
park_2013_2017,박근혜정부(2013-2017),공모전,0.0008931584114589744
park_2013_2017,박근혜정부(2013-2017),공무원,0.01957114831824494
park_2013_2017,박근혜정부(2013-2017),공무원들,0.002215308383013448
park_2013_2017,박근혜정부(2013-2017),공방,0.0016160629737450723
park_2013_2017,박근혜정부(2013-2017),공백,0.001139616958636887
park_2013_2017,박근혜정부(2013-2017),공사,0.00436961688238732
park_2013_2017,박근혜정부(2013-2017),공산당,0.0017195915346777308
park_2013_2017,박근혜정부(2013-2017),공세,0.001396505814906751
park_2013_2017,박근혜정부(2013-2017),공식적,0.0012105411667057884
park_2013_2017,박근혜정부(2013-2017),공원,0.001698754480713921
park_2013_2017,박근혜정부(2013-2017),공익,0.0009879504603677895
park_2013_2017,박근혜정부(2013-2017),공인,0.0008646620315716605
park_2013_2017,박근혜정부(2013-2017),공작,0.0006040693239318646
park_2013_2017,박근혜정부(2013-2017),공적,0.0012262190517561837
park_2013_2017,박근혜정부(2013-2017),공정,0.003443413071049119
park_2013_2017,박근혜정부(2013-2017),공정성,0.0023633675825385707
park_2013_2017,박근혜정부(2013-2017),공정위,0.0014937892606374924
park_2013_2017,박근혜정부(2013-2017),공제,0.001436718406963024
park_2013_2017,박근혜정부(2013-2017),공조,0.0014611529714169842
park_2013_2017,박근혜정부(2013-2017),공존,0.0008426834830893587
park_2013_2017,박근혜정부(2013-2017),공직,0.0020465474917398456
park_2013_2017,박근혜정부(2013-2017),공직선거법,0.0010538127634908783
park_2013_2017,박근혜정부(2013-2017),공직자,0.0029275604216850316
park_2013_2017,박근혜정부(2013-2017),공채,0.001081622146612921
park_2013_2017,박근혜정부(2013-2017),공청회,0.001017066555905662
park_2013_2017,박근혜정부(2013-2017),공통,0.0008865196659520665
park_2013_2017,박근혜정부(2013-2017),공통점,0.0008714012758983146
park_2013_2017,박근혜정부(2013-2017),공판,0.0006818427754416921
park_2013_2017,박근혜정부(2013-2017),공포,0.0016687749506815767
park_2013_2017,박근혜정부(2013-2017),공표,0.0005347010241532705
park_2013_2017,박근혜정부(2013-2017),공학,0.0013390879625175042
park_2013_2017,박근혜정부(2013-2017),공헌,0.001363194976566682
park_2013_2017,박근혜정부(2013-2017),공화국,0.0009290660148754723
park_2013_2017,박근혜정부(2013-2017),과거사,0.0016716581135541215
park_2013_2017,박근혜정부(2013-2017),과도,0.0017639768145042843
park_2013_2017,박근혜정부(2013-2017),과목,0.0018337309479734738
park_2013_2017,박근혜정부(2013-2017),과반,0.0008397116561290325
park_2013_2017,박근혜정부(2013-2017),과세,0.0011070641463852555
park_2013_2017,박근혜정부(2013-2017),과시,0.0013654413970371896
park_2013_2017,박근혜정부(2013-2017),과열,0.0005549078168640892
park_2013_2017,박근혜정부(2013-2017),과잉,0.0010593542161865
park_2013_2017,박근혜정부(2013-2017),과정에서,0.0010311209543586227
park_2013_2017,박근혜정부(2013-2017),과징금,0.0010727039744868217
park_2013_2017,박근혜정부(2013-2017),과태료,0.0012864726987297818
park_2013_2017,박근혜정부(2013-2017),과학기술,0.0009559723087271651
park_2013_2017,박근혜정부(2013-2017),과학자,0.0011656064535499977
park_2013_2017,박근혜정부(2013-2017),관객들,0.0013389672201699293
park_2013_2017,박근혜정부(2013-2017),관계자는,0.0009632190312711846
park_2013_2017,박근혜정부(2013-2017),관계자들,0.0009606045151375715
park_2013_2017,박근혜정부(2013-2017),관광지,0.0009230867032054204
park_2013_2017,박근혜정부(2013-2017),관람,0.0010657395208746295
park_2013_2017,박근혜정부(2013-2017),관련자,0.0010859352578148826
park_2013_2017,박근혜정부(2013-2017),관련해,0.002082302752421716
park_2013_2017,박근혜정부(2013-2017),관료,0.0018362385124370331
park_2013_2017,박근혜정부(2013-2017),관리,0.009218129230549418
park_2013_2017,박근혜정부(2013-2017),관리자,0.0007159493057416723
park_2013_2017,박근혜정부(2013-2017),관세,0.0007887032407497682
park_2013_2017,박근혜정부(2013-2017),관심사,0.001097818216511542
park_2013_2017,박근혜정부(2013-2017),관심이,0.0010445199089815609
park_2013_2017,박근혜정부(2013-2017),관여,0.0015017771590579028
park_2013_2017,박근혜정부(2013-2017),관장,0.0010360527750044634
park_2013_2017,박근혜정부(2013-2017),관점,0.0017794285093548276
park_2013_2017,박근혜정부(2013-2017),관찰,0.0009998524541481428
park_2013_2017,박근혜정부(2013-2017),관측,0.002144601764657822
park_2013_2017,박근혜정부(2013-2017),관한,0.000998467016558789
park_2013_2017,박근혜정부(2013-2017),관할,0.0007433429620195564
park_2013_2017,박근혜정부(2013-2017),관행,0.0019983551520054116
park_2013_2017,박근혜정부(2013-2017),광범위,0.001037812832965928
park_2013_2017,박근혜정부(2013-2017),광역,0.0012722861547324706
park_2013_2017,박근혜정부(2013-2017),광장,0.001764270788401839
park_2013_2017,박근혜정부(2013-2017),광주시,0.0011372499838297
park_2013_2017,박근혜정부(2013-2017),광화문,0.0014844724042846836
park_2013_2017,박근혜정부(2013-2017),교도소,0.0008774283806518104
park_2013_2017,박근혜정부(2013-2017),교류,0.002657067270431315
park_2013_2017,박근혜정부(2013-2017),교사들,0.0013028495003335938
park_2013_2017,박근혜정부(2013-2017),교섭,0.0011820261387255262
park_2013_2017,박근혜정부(2013-2017),교수님,0.0007699718301475392
park_2013_2017,박근혜정부(2013-2017),교실,0.001157429659809787
park_2013_2017,박근혜정부(2013-2017),교원,0.001211975938692999
park_2013_2017,박근혜정부(2013-2017),교육,0.013630383379805608
park_2013_2017,박근혜정부(2013-2017),교육과정,0.0011585808443016475
park_2013_2017,박근혜정부(2013-2017),교육청,0.002192848794997682
park_2013_2017,박근혜정부(2013-2017),교장,0.0011441037195826812
park_2013_2017,박근혜정부(2013-2017),교통,0.0022342197742292636
park_2013_2017,박근혜정부(2013-2017),교통부,0.0011657419048300725
park_2013_2017,박근혜정부(2013-2017),교통사고,0.001469484236818692
park_2013_2017,박근혜정부(2013-2017),교환,0.0012616207390334516
park_2013_2017,박근혜정부(2013-2017),교회,0.0014540223903262068
park_2013_2017,박근혜정부(2013-2017),교훈,0.0009835843139917077
park_2013_2017,박근혜정부(2013-2017),구간,0.0014357414953244958
park_2013_2017,박근혜정부(2013-2017),구도,0.00184073026447596
park_2013_2017,박근혜정부(2013-2017),구멍,0.0009217732483198822
park_2013_2017,박근혜정부(2013-2017),구분,0.0017177612050236642
park_2013_2017,박근혜정부(2013-2017),구상,0.00208257955020208
park_2013_2017,박근혜정부(2013-2017),구성원,0.0017899647158603452
park_2013_2017,박근혜정부(2013-2017),구속영장,0.0012353366099596597
park_2013_2017,박근혜정부(2013-2017),구역,0.0015535668806576817
park_2013_2017,박근혜정부(2013-2017),구입,0.00215607444730073
park_2013_2017,박근혜정부(2013-2017),구제,0.001134708708704534
park_2013_2017,박근혜정부(2013-2017),구조적,0.0007121395813808608
park_2013_2017,박근혜정부(2013-2017),구조조정,0.0024301066942865714
park_2013_2017,박근혜정부(2013-2017),구직자,0.0009025515671276106
park_2013_2017,박근혜정부(2013-2017),구청,0.0009751033492765883
park_2013_2017,박근혜정부(2013-2017),구청장,0.0009048515162172793
park_2013_2017,박근혜정부(2013-2017),구체,0.0012493523115452633
park_2013_2017,박근혜정부(2013-2017),구체화,0.0007911902745568601
park_2013_2017,박근혜정부(2013-2017),구형,0.0006335219906464647
park_2013_2017,박근혜정부(2013-2017),구호,0.0013877530310583421
park_2013_2017,박근혜정부(2013-2017),국가들,0.0008410591346547017
park_2013_2017,박근혜정부(2013-2017),국가주석,0.0013214134156897242
park_2013_2017,박근혜정부(2013-2017),국감,0.0011714436250836963
park_2013_2017,박근혜정부(2013-2017),국경,0.00101050727133528
park_2013_2017,박근혜정부(2013-2017),국립,0.0014631409740253898
park_2013_2017,박근혜정부(2013-2017),국면,0.0016665720115189098
park_2013_2017,박근혜정부(2013-2017),국무부,0.001500383679322021
park_2013_2017,박근혜정부(2013-2017),국무회의,0.0014061693009167408
park_2013_2017,박근혜정부(2013-2017),국민은행,0.0012589574881717886
park_2013_2017,박근혜정부(2013-2017),국민의,0.0009539556748081868
park_2013_2017,박근혜정부(2013-2017),국방,0.0023197046952777704
park_2013_2017,박근혜정부(2013-2017),국방장관,0.0013262482879198045
park_2013_2017,박근혜정부(2013-2017),국산,0.001207676702365476
park_2013_2017,박근혜정부(2013-2017),국세청,0.0023739533421569554
park_2013_2017,박근혜정부(2013-2017),국어,0.0015931590462466773
park_2013_2017,박근혜정부(2013-2017),국적,0.001064401878807617
park_2013_2017,박근혜정부(2013-2017),국정감사,0.0012265787629517006
park_2013_2017,박근혜정부(2013-2017),국정운영,0.0010885596256185713
park_2013_2017,박근혜정부(2013-2017),국정원장,0.001539486394306998
park_2013_2017,박근혜정부(2013-2017),국정조사,0.001473366672062473
park_2013_2017,박근혜정부(2013-2017),국제적,0.000957681189631
park_2013_2017,박근혜정부(2013-2017),국채,0.0006045528710005453
park_2013_2017,박근혜정부(2013-2017),국토,0.0014058934289295259
park_2013_2017,박근혜정부(2013-2017),국토교통부,0.0016019042782830935
park_2013_2017,박근혜정부(2013-2017),국회법,0.0013755070152559755
park_2013_2017,박근혜정부(2013-2017),국회에서,0.0012871433765477254
park_2013_2017,박근혜정부(2013-2017),국회의원들,0.0008866449389924605
park_2013_2017,박근혜정부(2013-2017),국회의장,0.001189567726361778
park_2013_2017,박근혜정부(2013-2017),군대,0.001888270056981703
park_2013_2017,박근혜정부(2013-2017),군부,0.0010602825705094102
park_2013_2017,박근혜정부(2013-2017),군수,0.0015302134418845683
park_2013_2017,박근혜정부(2013-2017),군인,0.001625953204452354
park_2013_2017,박근혜정부(2013-2017),권리,0.002593012948922304
park_2013_2017,박근혜정부(2013-2017),권역,0.001028879421362147
park_2013_2017,박근혜정부(2013-2017),권위,0.001164389098023345
park_2013_2017,박근혜정부(2013-2017),권유,0.0007850154104887855
park_2013_2017,박근혜정부(2013-2017),권한,0.0031087694408159046
park_2013_2017,박근혜정부(2013-2017),귀국,0.0020333165686161492
park_2013_2017,박근혜정부(2013-2017),규명,0.0020823292927964546
park_2013_2017,박근혜정부(2013-2017),규제,0.005870937508019646
park_2013_2017,박근혜정부(2013-2017),규칙,0.0014850363548983517
park_2013_2017,박근혜정부(2013-2017),규탄,0.0009346533928903443
park_2013_2017,박근혜정부(2013-2017),균형,0.0018595667098669185
park_2013_2017,박근혜정부(2013-2017),그날,0.0011466446504830683
park_2013_2017,박근혜정부(2013-2017),그는,0.0023952165992035253
park_2013_2017,박근혜정부(2013-2017),그래픽,0.0009393503508633625
park_2013_2017,박근혜정부(2013-2017),그러나,0.0016690312147832455
park_2013_2017,박근혜정부(2013-2017),그런데,0.0012794144120447425
park_2013_2017,박근혜정부(2013-2017),그리고,0.0013556089367842631
park_2013_2017,박근혜정부(2013-2017),그의,0.001120547290332592
park_2013_2017,박근혜정부(2013-2017),그중,0.0017625491741431931
park_2013_2017,박근혜정부(2013-2017),그해,0.0016262945081691965
park_2013_2017,박근혜정부(2013-2017),극단,0.0008642815647825998
park_2013_2017,박근혜정부(2013-2017),극대화,0.001342571754853208
park_2013_2017,박근혜정부(2013-2017),극우,0.000787061490951252
park_2013_2017,박근혜정부(2013-2017),극장,0.0010573389619561472
park_2013_2017,박근혜정부(2013-2017),근대,0.0013775378428718074
park_2013_2017,박근혜정부(2013-2017),근로,0.0016138085723065945
park_2013_2017,박근혜정부(2013-2017),근로자,0.0038542650188909938
park_2013_2017,박근혜정부(2013-2017),근무,0.00404446443011346
park_2013_2017,박근혜정부(2013-2017),근본,0.001279775894073923
park_2013_2017,박근혜정부(2013-2017),근본적,0.0020110426066416013
park_2013_2017,박근혜정부(2013-2017),근육,0.0008841666626933989
park_2013_2017,박근혜정부(2013-2017),근절,0.0011203422773732926
park_2013_2017,박근혜정부(2013-2017),근처,0.0012515867837913177
park_2013_2017,박근혜정부(2013-2017),금감원,0.0016890450258055564
park_2013_2017,박근혜정부(2013-2017),금강산,0.0009506880504723324
park_2013_2017,박근혜정부(2013-2017),금속,0.0007996269675278416
park_2013_2017,박근혜정부(2013-2017),금요일,0.0008089022491702298
park_2013_2017,박근혜정부(2013-2017),금융감독원,0.0012006810560410187
park_2013_2017,박근혜정부(2013-2017),금융권,0.000970477095962181
park_2013_2017,박근혜정부(2013-2017),금융당국,0.0012409434948621385
park_2013_2017,박근혜정부(2013-2017),금융사,0.0009480192876116848
park_2013_2017,박근혜정부(2013-2017),금융위,0.0012977992054829998
park_2013_2017,박근혜정부(2013-2017),금융위기,0.0012105567191858565
park_2013_2017,박근혜정부(2013-2017),금융위원회,0.0010359173896992498
park_2013_2017,박근혜정부(2013-2017),금융회사,0.0008809902446837992
park_2013_2017,박근혜정부(2013-2017),금지법,0.0005233310643590339
park_2013_2017,박근혜정부(2013-2017),급등,0.0006941245541953929
park_2013_2017,박근혜정부(2013-2017),급락,0.0008820041601506828
park_2013_2017,박근혜정부(2013-2017),급여,0.001959568393714636
park_2013_2017,박근혜정부(2013-2017),급증,0.0017377477977867266
park_2013_2017,박근혜정부(2013-2017),긍정,0.0015867394145357378
park_2013_2017,박근혜정부(2013-2017),기각,0.0011753262279429549
park_2013_2017,박근혜정부(2013-2017),기계,0.0016390060519164956
park_2013_2017,박근혜정부(2013-2017),기관장,0.0013359942051470108
park_2013_2017,박근혜정부(2013-2017),기금,0.0018925141963694503
park_2013_2017,박근혜정부(2013-2017),기기,0.0017719814360727538
park_2013_2017,박근혜정부(2013-2017),기념,0.0021641339310773085
park_2013_2017,박근혜정부(2013-2017),기념식,0.0013180767402657364
park_2013_2017,박근혜정부(2013-2017),기대감,0.0016401821663518566
park_2013_2017,박근혜정부(2013-2017),기도,0.0009628510741839361
park_2013_2017,박근혜정부(2013-2017),기독교,0.0009038081420536102
park_2013_2017,박근혜정부(2013-2017),기득,0.0009102526399335944
park_2013_2017,박근혜정부(2013-2017),기득권,0.0017907392444215606
park_2013_2017,박근혜정부(2013-2017),기무사,0.0001858817342326504
park_2013_2017,박근혜정부(2013-2017),기본소득,0.00039038137524486185
park_2013_2017,박근혜정부(2013-2017),기부,0.002382114394336581
park_2013_2017,박근혜정부(2013-2017),기부금,0.0007768795645977752
park_2013_2017,박근혜정부(2013-2017),기쁨,0.0009915332878149194
park_2013_2017,박근혜정부(2013-2017),기술,0.0008564643959277426
park_2013_2017,박근혜정부(2013-2017),기아차,0.0015737659430538995
park_2013_2017,박근혜정부(2013-2017),기업가,0.001073860832848701
park_2013_2017,박근혜정부(2013-2017),기업인,0.0012691620538868111
park_2013_2017,박근혜정부(2013-2017),기원,0.000983799624868626
park_2013_2017,박근혜정부(2013-2017),기자간담회,0.001209705034641928
park_2013_2017,박근혜정부(2013-2017),기자의,0.00135323607163497
park_2013_2017,박근혜정부(2013-2017),기자회견을,0.0012362450974898785
park_2013_2017,박근혜정부(2013-2017),기재,0.0006802134158812969
park_2013_2017,박근혜정부(2013-2017),기재부,0.0014615586372711102
park_2013_2017,박근혜정부(2013-2017),기적,0.0011863647801920714
park_2013_2017,박근혜정부(2013-2017),기조,0.0014851255426693943
park_2013_2017,박근혜정부(2013-2017),기존,0.0010165432813495521
park_2013_2017,박근혜정부(2013-2017),기준금리,0.0011791948497134888
park_2013_2017,박근혜정부(2013-2017),기증,0.0009859680503304382
park_2013_2017,박근혜정부(2013-2017),기지,0.0014966055758824544
park_2013_2017,박근혜정부(2013-2017),기타,0.0010688904065903155
park_2013_2017,박근혜정부(2013-2017),기한,0.000645812185393795
park_2013_2017,박근혜정부(2013-2017),기획재정부,0.0019304874593160273
park_2013_2017,박근혜정부(2013-2017),기후,0.0011263349483403356
park_2013_2017,박근혜정부(2013-2017),기후변화,0.000896680092926616
park_2013_2017,박근혜정부(2013-2017),긴장,0.002286449313398256
park_2013_2017,박근혜정부(2013-2017),긴장감,0.0010277619376361283
park_2013_2017,박근혜정부(2013-2017),길이,0.0010816474065111997
park_2013_2017,박근혜정부(2013-2017),김기현,0.0004151943347036157
park_2013_2017,박근혜정부(2013-2017),김대중,0.0026178334110745372
park_2013_2017,박근혜정부(2013-2017),김명수,0.00044190141522845955
park_2013_2017,박근혜정부(2013-2017),김부겸,0.0008136723089895798
park_2013_2017,박근혜정부(2013-2017),김상조,0.0003191243822164653
park_2013_2017,박근혜정부(2013-2017),김성태,0.0004481488618830726
park_2013_2017,박근혜정부(2013-2017),김영철,0.00032695145226610165
park_2013_2017,박근혜정부(2013-2017),김우성,0.0007032871535857065
park_2013_2017,박근혜정부(2013-2017),김치,0.0007272247773214406
park_2013_2017,박근혜정부(2013-2017),까닭,0.0009628644546360519
park_2013_2017,박근혜정부(2013-2017),꼼수,0.0008684436907405976
park_2013_2017,박근혜정부(2013-2017),나는,0.0010197910297400485
park_2013_2017,박근혜정부(2013-2017),나라들,0.0007617427585367041
park_2013_2017,박근혜정부(2013-2017),나름,0.0015982218739434594
park_2013_2017,박근혜정부(2013-2017),나무,0.0017089188826948955
park_2013_2017,박근혜정부(2013-2017),나선,0.0008672721740137854
park_2013_2017,박근혜정부(2013-2017),나섰다,0.0009792557439564729
park_2013_2017,박근혜정부(2013-2017),나오고,0.0008772687532563201
park_2013_2017,박근혜정부(2013-2017),나온,0.0009026627069579453
park_2013_2017,박근혜정부(2013-2017),나온다,0.0009121774804945532
park_2013_2017,박근혜정부(2013-2017),나왔다,0.0011379427029987819
park_2013_2017,박근혜정부(2013-2017),나중,0.0016921903460053909
park_2013_2017,박근혜정부(2013-2017),나타났다,0.0013083094590782946
park_2013_2017,박근혜정부(2013-2017),나흘,0.0009519633395317748
park_2013_2017,박근혜정부(2013-2017),난민,0.0014073995401147712
park_2013_2017,박근혜정부(2013-2017),날씨,0.001121992983675629
park_2013_2017,박근혜정부(2013-2017),날짜,0.0006980415798698365
park_2013_2017,박근혜정부(2013-2017),남녀,0.001844821400501394
park_2013_2017,박근혜정부(2013-2017),남들,0.0009382338774002384
park_2013_2017,박근혜정부(2013-2017),남부,0.0012331057016231768
park_2013_2017,박근혜정부(2013-2017),남북관계,0.002049112345811065
park_2013_2017,박근혜정부(2013-2017),남북정상회담,0.0009136189621957395
park_2013_2017,박근혜정부(2013-2017),남용,0.0008780855227025648
park_2013_2017,박근혜정부(2013-2017),남짓,0.0007983743289147753
park_2013_2017,박근혜정부(2013-2017),남쪽,0.001189977414386344
park_2013_2017,박근혜정부(2013-2017),남측,0.0007811699163729843
park_2013_2017,박근혜정부(2013-2017),남한,0.0019616512086468455
park_2013_2017,박근혜정부(2013-2017),납득,0.0008772237697157301
park_2013_2017,박근혜정부(2013-2017),납부,0.0011793229947763939
park_2013_2017,박근혜정부(2013-2017),납치,0.0011691410271077868
park_2013_2017,박근혜정부(2013-2017),납품,0.0013588820573740847
park_2013_2017,박근혜정부(2013-2017),낭비,0.0011139655842842865
park_2013_2017,박근혜정부(2013-2017),내각,0.002075215808957864
park_2013_2017,박근혜정부(2013-2017),내년도,0.001366396778735256
park_2013_2017,박근혜정부(2013-2017),내달,0.0007812717845519335
park_2013_2017,박근혜정부(2013-2017),내수,0.0016816970899909286
park_2013_2017,박근혜정부(2013-2017),내역,0.0008398702408533563
park_2013_2017,박근혜정부(2013-2017),내용을,0.0011537726658360824
park_2013_2017,박근혜정부(2013-2017),내용의,0.0009326039938234811
park_2013_2017,박근혜정부(2013-2017),내전,0.0011400290386380323
park_2013_2017,박근혜정부(2013-2017),내정,0.0015606716196258925
park_2013_2017,박근혜정부(2013-2017),내정자,0.0019242998064872606
park_2013_2017,박근혜정부(2013-2017),냄새,0.0007981916112593278
park_2013_2017,박근혜정부(2013-2017),냉장고,0.0012044873207359536
park_2013_2017,박근혜정부(2013-2017),냉전,0.0006908916657849616
park_2013_2017,박근혜정부(2013-2017),넘는,0.0009203642348567112
park_2013_2017,박근혜정부(2013-2017),네덜란드,0.001804317339258975
park_2013_2017,박근혜정부(2013-2017),네트워크,0.0029114712122013005
park_2013_2017,박근혜정부(2013-2017),년간,0.002225148544423115
park_2013_2017,박근혜정부(2013-2017),년까지,0.0008844675034671856
park_2013_2017,박근혜정부(2013-2017),년도,0.0009807436316411635
park_2013_2017,박근혜정부(2013-2017),년부터,0.001338611554345063
park_2013_2017,박근혜정부(2013-2017),노동,0.005526974542511141
park_2013_2017,박근혜정부(2013-2017),노동계,0.0012117723664841914
park_2013_2017,박근혜정부(2013-2017),노동부,0.0016455277117216182
park_2013_2017,박근혜정부(2013-2017),노동시장,0.0011025007726514224
park_2013_2017,박근혜정부(2013-2017),노동자,0.005762613143640491
park_2013_2017,박근혜정부(2013-2017),노동자들,0.0015693768799088042
park_2013_2017,박근혜정부(2013-2017),노동조합,0.0012878345572791936
park_2013_2017,박근혜정부(2013-2017),노르웨이,0.0008465290109808238
park_2013_2017,박근혜정부(2013-2017),노벨,0.0012131522675260012
park_2013_2017,박근혜정부(2013-2017),노사,0.0017845163114195357
park_2013_2017,박근혜정부(2013-2017),노선,0.0019610970563403536
park_2013_2017,박근혜정부(2013-2017),노인들,0.0011885956070539576
park_2013_2017,박근혜정부(2013-2017),노조,0.00522519210994916
park_2013_2017,박근혜정부(2013-2017),노출,0.0018898825451799089
park_2013_2017,박근혜정부(2013-2017),노트북,0.0004568778924061105
park_2013_2017,박근혜정부(2013-2017),노하우,0.0011525982427131886
park_2013_2017,박근혜정부(2013-2017),노회찬,0.000743968179843421
park_2013_2017,박근혜정부(2013-2017),노후,0.0018428326508352006
park_2013_2017,박근혜정부(2013-2017),녹색,0.0007801845861390034
park_2013_2017,박근혜정부(2013-2017),녹취,0.0024999259078617516
park_2013_2017,박근혜정부(2013-2017),녹취록,0.0009136322219302975
park_2013_2017,박근혜정부(2013-2017),논란,0.008836892045219872
park_2013_2017,박근혜정부(2013-2017),논란이,0.0013371261577743564
park_2013_2017,박근혜정부(2013-2017),논리,0.002362536368717322
park_2013_2017,박근혜정부(2013-2017),논설위원,0.0010272679930438786
park_2013_2017,박근혜정부(2013-2017),논술,0.0009194705561256268
park_2013_2017,박근혜정부(2013-2017),논쟁,0.0018860447336185788
park_2013_2017,박근혜정부(2013-2017),논평,0.001081039278067174
park_2013_2017,박근혜정부(2013-2017),농가,0.0013098556953018595
park_2013_2017,박근혜정부(2013-2017),농구,0.001308210631936513
park_2013_2017,박근혜정부(2013-2017),농단,0.0009304544031128461
park_2013_2017,박근혜정부(2013-2017),농민,0.0012741219171345719
park_2013_2017,박근혜정부(2013-2017),농사,0.0007726702434141101
park_2013_2017,박근혜정부(2013-2017),농산물,0.0015396798140127142
park_2013_2017,박근혜정부(2013-2017),농성,0.0008575758867478651
park_2013_2017,박근혜정부(2013-2017),농업,0.00197028367721132
park_2013_2017,박근혜정부(2013-2017),농장,0.0008017800617976927
park_2013_2017,박근혜정부(2013-2017),농촌,0.0015590287925676771
park_2013_2017,박근혜정부(2013-2017),농협,0.0012390137049084515
park_2013_2017,박근혜정부(2013-2017),높은,0.001445859032951436
park_2013_2017,박근혜정부(2013-2017),높이,0.0012629241919995939
park_2013_2017,박근혜정부(2013-2017),놓고,0.0014030526538352116
park_2013_2017,박근혜정부(2013-2017),누리집,0.0012148860573640693
park_2013_2017,박근혜정부(2013-2017),누적,0.0011824316840580319
park_2013_2017,박근혜정부(2013-2017),눈길,0.002316816404822521
park_2013_2017,박근혜정부(2013-2017),눈높이,0.0008931725095490706
park_2013_2017,박근혜정부(2013-2017),눈물,0.002824084106284151
park_2013_2017,박근혜정부(2013-2017),눈앞,0.0011438220276756208
park_2013_2017,박근혜정부(2013-2017),눈치,0.001335130858687797
park_2013_2017,박근혜정부(2013-2017),뉴딜,0.00012721425799848678
park_2013_2017,박근혜정부(2013-2017),뉴욕타임스,0.001330772056264242
park_2013_2017,박근혜정부(2013-2017),뉴질랜드,0.0009027001246408337
park_2013_2017,박근혜정부(2013-2017),느낌,0.0028442160234763945
park_2013_2017,박근혜정부(2013-2017),능력,0.006069727068878782
park_2013_2017,박근혜정부(2013-2017),다른,0.0023121915104039664
park_2013_2017,박근혜정부(2013-2017),다리,0.001796642442056718
park_2013_2017,박근혜정부(2013-2017),다수,0.002178760727751193
park_2013_2017,박근혜정부(2013-2017),다시,0.0024217784277257145
park_2013_2017,박근혜정부(2013-2017),다양성,0.0008849124345147619
park_2013_2017,박근혜정부(2013-2017),다양한,0.0015149021085730946
park_2013_2017,박근혜정부(2013-2017),다음,0.0014869837252940268
park_2013_2017,박근혜정부(2013-2017),다음날,0.0014110365424222714
park_2013_2017,박근혜정부(2013-2017),다음달,0.002260286707703254
park_2013_2017,박근혜정부(2013-2017),다주택자,0.00021605364215927637
park_2013_2017,박근혜정부(2013-2017),다짐,0.0014564900273113263
park_2013_2017,박근혜정부(2013-2017),다큐멘터리,0.0009030286285957714
park_2013_2017,박근혜정부(2013-2017),다툼,0.0008593511491669117
park_2013_2017,박근혜정부(2013-2017),다행,0.000921316624817621
park_2013_2017,박근혜정부(2013-2017),단거리,0.0003575007234128965
park_2013_2017,박근혜정부(2013-2017),단계적,0.0006382971800554723
park_2013_2017,박근혜정부(2013-2017),단기,0.000996902133673257
park_2013_2017,박근혜정부(2013-2017),단기간,0.0006685112252356178
park_2013_2017,박근혜정부(2013-2017),단말기,0.0012642955211262172
park_2013_2017,박근혜정부(2013-2017),단백질,0.0007975538881246837
park_2013_2017,박근혜정부(2013-2017),단순,0.002085408027155388
park_2013_2017,박근혜정부(2013-2017),단식,0.0007124547970909383
park_2013_2017,박근혜정부(2013-2017),단어,0.0018688489943418766
park_2013_2017,박근혜정부(2013-2017),단일,0.0017543022337543246
park_2013_2017,박근혜정부(2013-2017),단장,0.0018322429941078457
park_2013_2017,박근혜정부(2013-2017),단절,0.0009117353742826195
park_2013_2017,박근혜정부(2013-2017),단체장,0.0014989900492976987
park_2013_2017,박근혜정부(2013-2017),단축,0.0011507574087712639
park_2013_2017,박근혜정부(2013-2017),단행,0.0010689749361052138
park_2013_2017,박근혜정부(2013-2017),담당관,0.0014000836439958214
park_2013_2017,박근혜정부(2013-2017),담배,0.0015222376595172976
park_2013_2017,박근혜정부(2013-2017),담보,0.0015361248405564524
park_2013_2017,박근혜정부(2013-2017),담은,0.0009674194485487824
park_2013_2017,박근혜정부(2013-2017),당국자,0.001560942724423189
park_2013_2017,박근혜정부(2013-2017),당대표,0.0006993384000176304
park_2013_2017,박근혜정부(2013-2017),당론,0.0008474590015083112
park_2013_2017,박근혜정부(2013-2017),당사자,0.0020563447261160595
park_2013_2017,박근혜정부(2013-2017),당선자,0.001945934930189281
park_2013_2017,박근혜정부(2013-2017),당원,0.0023816858752858058
park_2013_2017,박근혜정부(2013-2017),당원들,0.0006769249723627193
park_2013_2017,박근혜정부(2013-2017),당일,0.0013338292906031441
park_2013_2017,박근혜정부(2013-2017),당정,0.0007300331674816518
park_2013_2017,박근혜정부(2013-2017),당황,0.0010443509466204989
park_2013_2017,박근혜정부(2013-2017),대가,0.002180514313855816
park_2013_2017,박근혜정부(2013-2017),대검찰청,0.0009368763142377302
park_2013_2017,박근혜정부(2013-2017),대결,0.0024952975513295793
park_2013_2017,박근혜정부(2013-2017),대구시,0.0013278688038910046
park_2013_2017,박근혜정부(2013-2017),대국민,0.0021256762652811802
park_2013_2017,박근혜정부(2013-2017),대권,0.0013931400567945994
park_2013_2017,박근혜정부(2013-2017),대규모,0.0011989037063449288
park_2013_2017,박근혜정부(2013-2017),대기,0.0011942417803373101
park_2013_2017,박근혜정부(2013-2017),대남,0.0008763884951178625
park_2013_2017,박근혜정부(2013-2017),대다수,0.0016468719832599741
park_2013_2017,박근혜정부(2013-2017),대담,0.0008056227247440812
park_2013_2017,박근혜정부(2013-2017),대답,0.001556590761931324
park_2013_2017,박근혜정부(2013-2017),대대적,0.0012600800602569353
park_2013_2017,박근혜정부(2013-2017),대량,0.001066697494360428
park_2013_2017,박근혜정부(2013-2017),대로,0.0027137246635004567
park_2013_2017,박근혜정부(2013-2017),대리,0.0012573748082253349
park_2013_2017,박근혜정부(2013-2017),대립,0.0014957513464343192
park_2013_2017,박근혜정부(2013-2017),대면,0.0004770837218383208
park_2013_2017,박근혜정부(2013-2017),대목,0.001871746491252659
park_2013_2017,박근혜정부(2013-2017),대법관,0.0010594892640222022
park_2013_2017,박근혜정부(2013-2017),대변,0.0020806605402658184
park_2013_2017,박근혜정부(2013-2017),대사관,0.0013244161357407833
park_2013_2017,박근혜정부(2013-2017),대상으로,0.0017465782987446789
park_2013_2017,박근혜정부(2013-2017),대상자,0.002430869866613055
park_2013_2017,박근혜정부(2013-2017),대선후보,0.00048379146472866594
park_2013_2017,박근혜정부(2013-2017),대세,0.0008703411591066704
park_2013_2017,박근혜정부(2013-2017),대신,0.0010679125811475436
park_2013_2017,박근혜정부(2013-2017),대외,0.0014221682328288134
park_2013_2017,박근혜정부(2013-2017),대우,0.0013827401618765204
park_2013_2017,박근혜정부(2013-2017),대입,0.001102439726232065
park_2013_2017,박근혜정부(2013-2017),대장,0.0007222026076471713
park_2013_2017,박근혜정부(2013-2017),대전시,0.0009072078772665283
park_2013_2017,박근혜정부(2013-2017),대주주,0.0009066427365989768
park_2013_2017,박근혜정부(2013-2017),대중,0.002415992266940878
park_2013_2017,박근혜정부(2013-2017),대중교통,0.0008353924892639522
park_2013_2017,박근혜정부(2013-2017),대처,0.0022601935076719333
park_2013_2017,박근혜정부(2013-2017),대체,0.002019285506296064
park_2013_2017,박근혜정부(2013-2017),대치,0.00101915651532325
park_2013_2017,박근혜정부(2013-2017),대통령과,0.001002326434948391
park_2013_2017,박근혜정부(2013-2017),대통령의,0.002354694277752233
park_2013_2017,박근혜정부(2013-2017),대표가,0.001519766528088409
park_2013_2017,박근혜정부(2013-2017),대표는,0.0022500796651076776
park_2013_2017,박근혜정부(2013-2017),대표단,0.0010551234697670545
park_2013_2017,박근혜정부(2013-2017),대표이사,0.0012687224013448058
park_2013_2017,박근혜정부(2013-2017),대피,0.0007654108253437663
park_2013_2017,박근혜정부(2013-2017),대학교,0.0010855036511503693
park_2013_2017,박근혜정부(2013-2017),대학생,0.00291549484790576
park_2013_2017,박근혜정부(2013-2017),대학원,0.0027058863525574787
park_2013_2017,박근혜정부(2013-2017),대한항공,0.0016867222591762357
park_2013_2017,박근혜정부(2013-2017),대행,0.0015188287130823463
park_2013_2017,박근혜정부(2013-2017),대형,0.0023420399717620386
park_2013_2017,박근혜정부(2013-2017),댓글,0.0019293016297725729
park_2013_2017,박근혜정부(2013-2017),덕분,0.0020993762173658966
park_2013_2017,박근혜정부(2013-2017),데뷔,0.0023996704117411434
park_2013_2017,박근혜정부(2013-2017),데이비드,0.0012109312857687651
park_2013_2017,박근혜정부(2013-2017),데이터,0.001838674100332713
park_2013_2017,박근혜정부(2013-2017),덴마크,0.0009144826903547384
park_2013_2017,박근혜정부(2013-2017),도구,0.0009714267891641664
park_2013_2017,박근혜정부(2013-2017),도달,0.0008191226552948216
park_2013_2017,박근혜정부(2013-2017),도덕,0.0010411978900507317
park_2013_2017,박근혜정부(2013-2017),도덕성,0.00082164318773429
park_2013_2017,박근혜정부(2013-2017),도모,0.0006841447393967121
park_2013_2017,박근혜정부(2013-2017),도박,0.0012476552405450078
park_2013_2017,박근혜정부(2013-2017),도서,0.0009672079512272312
park_2013_2017,박근혜정부(2013-2017),도서관,0.0017196830906486887
park_2013_2017,박근혜정부(2013-2017),도심,0.0019040710608411971
park_2013_2017,박근혜정부(2013-2017),도약,0.0014804020130687228
park_2013_2017,박근혜정부(2013-2017),도입,0.0009445864535909084
park_2013_2017,박근혜정부(2013-2017),도중,0.0012200263663027624
park_2013_2017,박근혜정부(2013-2017),도지사,0.0012420826220452493
park_2013_2017,박근혜정부(2013-2017),도착,0.0018899335528184196
park_2013_2017,박근혜정부(2013-2017),도출,0.0009158578655707062
park_2013_2017,박근혜정부(2013-2017),독도,0.0015090579594083844
park_2013_2017,박근혜정부(2013-2017),독려,0.0008242539465455057
park_2013_2017,박근혜정부(2013-2017),독립,0.002554971170155434
park_2013_2017,박근혜정부(2013-2017),독립성,0.0008050645405222847
park_2013_2017,박근혜정부(2013-2017),독서,0.0008330753736291692
park_2013_2017,박근혜정부(2013-2017),독자들,0.00092877657214812
park_2013_2017,박근혜정부(2013-2017),독재,0.001590594040833642
park_2013_2017,박근혜정부(2013-2017),독점,0.0012223492333667575
park_2013_2017,박근혜정부(2013-2017),독특,0.0013515383758304117
park_2013_2017,박근혜정부(2013-2017),돌입,0.001315388848728364
park_2013_2017,박근혜정부(2013-2017),돌파,0.0022481471350995386
park_2013_2017,박근혜정부(2013-2017),돌파구,0.0008953386436293549
park_2013_2017,박근혜정부(2013-2017),동결,0.0011235015462850338
park_2013_2017,박근혜정부(2013-2017),동계,0.0012127104409028005
park_2013_2017,박근혜정부(2013-2017),동구,0.0009094864665716734
park_2013_2017,박근혜정부(2013-2017),동기,0.0014798712484721092
park_2013_2017,박근혜정부(2013-2017),동남아,0.0006452186630669745
park_2013_2017,박근혜정부(2013-2017),동네,0.0018352938496217928
park_2013_2017,박근혜정부(2013-2017),동력,0.0018002038612225588
park_2013_2017,박근혜정부(2013-2017),동료,0.0019541476779442075
park_2013_2017,박근혜정부(2013-2017),동료들,0.0009530121633447128
park_2013_2017,박근혜정부(2013-2017),동맹,0.0015657856904045754
park_2013_2017,박근혜정부(2013-2017),동물,0.00172328753812239
park_2013_2017,박근혜정부(2013-2017),동반,0.0015557303257473186
park_2013_2017,박근혜정부(2013-2017),동반자,0.0009379447858177873
park_2013_2017,박근혜정부(2013-2017),동부,0.0012414620124171088
park_2013_2017,박근혜정부(2013-2017),동생,0.0014848351707724297
park_2013_2017,박근혜정부(2013-2017),동아시아,0.0017198633147039845
park_2013_2017,박근혜정부(2013-2017),동아일보,0.002056160618995721
park_2013_2017,박근혜정부(2013-2017),동안,0.0024710071774243815
park_2013_2017,박근혜정부(2013-2017),동영,0.0005018376802888673
park_2013_2017,박근혜정부(2013-2017),동영상,0.0018497956676714108
park_2013_2017,박근혜정부(2013-2017),동원,0.0029116217624049856
park_2013_2017,박근혜정부(2013-2017),동일,0.0013745366877142887
park_2013_2017,박근혜정부(2013-2017),동작,0.001138038519925021
park_2013_2017,박근혜정부(2013-2017),동참,0.0015851172248089042
park_2013_2017,박근혜정부(2013-2017),동포,0.0010436287912522944
park_2013_2017,박근혜정부(2013-2017),동해,0.0008552077564236612
park_2013_2017,박근혜정부(2013-2017),동행,0.0009454615927989032
park_2013_2017,박근혜정부(2013-2017),동향,0.001041729761273782
park_2013_2017,박근혜정부(2013-2017),돼지,0.0007246956154170818
park_2013_2017,박근혜정부(2013-2017),됐다,0.0015216131201392681
park_2013_2017,박근혜정부(2013-2017),되는,0.0011391584983123863
park_2013_2017,박근혜정부(2013-2017),된다,0.0013639237148135093
park_2013_2017,박근혜정부(2013-2017),두고,0.0012042107802096346
park_2013_2017,박근혜정부(2013-2017),두려움,0.0008619718124279396
park_2013_2017,박근혜정부(2013-2017),두산,0.001889170662668034
park_2013_2017,박근혜정부(2013-2017),둔화,0.0009314625272974255
park_2013_2017,박근혜정부(2013-2017),뒷받침,0.001821932251280453
park_2013_2017,박근혜정부(2013-2017),드론,0.0008674266610581697
park_2013_2017,박근혜정부(2013-2017),득점,0.0013994870521988798
park_2013_2017,박근혜정부(2013-2017),득표,0.0008238697359044985
park_2013_2017,박근혜정부(2013-2017),들어,0.0009301278912608601
park_2013_2017,박근혜정부(2013-2017),등교,0.00030116238941876536
park_2013_2017,박근혜정부(2013-2017),등록금,0.001486877763454828
park_2013_2017,박근혜정부(2013-2017),등에,0.0013057895639894516
park_2013_2017,박근혜정부(2013-2017),등으로,0.0010739451334964853
park_2013_2017,박근혜정부(2013-2017),등의,0.001618249920371703
park_2013_2017,박근혜정부(2013-2017),등이,0.0015097417925725987
park_2013_2017,박근혜정부(2013-2017),등재,0.0012151180034145894
park_2013_2017,박근혜정부(2013-2017),디자,0.0015501159206412123
park_2013_2017,박근혜정부(2013-2017),디자이너,0.0012320524230620767
park_2013_2017,박근혜정부(2013-2017),디지털,0.002162695210632167
park_2013_2017,박근혜정부(2013-2017),따라,0.002516482196888849
park_2013_2017,박근혜정부(2013-2017),따른,0.0009671645451285161
park_2013_2017,박근혜정부(2013-2017),때문에,0.0016037683972130242
park_2013_2017,박근혜정부(2013-2017),때문이다,0.0015248197794054698
park_2013_2017,박근혜정부(2013-2017),라고,0.0014360861314909822
park_2013_2017,박근혜정부(2013-2017),라는,0.0018505333920649989
park_2013_2017,박근혜정부(2013-2017),라운드,0.0014615528241213327
park_2013_2017,박근혜정부(2013-2017),라이브,0.00046236682596045896
park_2013_2017,박근혜정부(2013-2017),라이프,0.0005466059416210653
park_2013_2017,박근혜정부(2013-2017),라인,0.0014503788303435385
park_2013_2017,박근혜정부(2013-2017),랭킹,0.0012377818546964855
park_2013_2017,박근혜정부(2013-2017),런던,0.0024568639665956756
park_2013_2017,박근혜정부(2013-2017),로드맵,0.0006074874768551158
park_2013_2017,박근혜정부(2013-2017),로버트,0.0008662795263382212
park_2013_2017,박근혜정부(2013-2017),로비,0.0014313105150829141
park_2013_2017,박근혜정부(2013-2017),로스쿨,0.0014369695057752777
park_2013_2017,박근혜정부(2013-2017),로켓,0.0008859992385827297
park_2013_2017,박근혜정부(2013-2017),롯데그룹,0.0016551797270749626
park_2013_2017,박근혜정부(2013-2017),리더,0.0016139017404096846
park_2013_2017,박근혜정부(2013-2017),리더십,0.0029391734527544726
park_2013_2017,박근혜정부(2013-2017),리모델링,0.0006491030622580633
park_2013_2017,박근혜정부(2013-2017),리스크,0.00108534639824753
park_2013_2017,박근혜정부(2013-2017),리스트,0.001308713880120308
park_2013_2017,박근혜정부(2013-2017),리얼미터,0.0003513666267082098
park_2013_2017,박근혜정부(2013-2017),마감,0.001770984198256482
park_2013_2017,박근혜정부(2013-2017),마당,0.001005418504442007
park_2013_2017,박근혜정부(2013-2017),마약,0.001439586278288626
park_2013_2017,박근혜정부(2013-2017),마음,0.007110681737364234
park_2013_2017,박근혜정부(2013-2017),마이너스,0.0007810806013892925
park_2013_2017,박근혜정부(2013-2017),마이크,0.0006890567249553985
park_2013_2017,박근혜정부(2013-2017),마이클,0.0013669766025966156
park_2013_2017,박근혜정부(2013-2017),마크,0.0011287978303031417
park_2013_2017,박근혜정부(2013-2017),마크롱,2.0857205684054353e-05
park_2013_2017,박근혜정부(2013-2017),마트,0.001043039627477723
park_2013_2017,박근혜정부(2013-2017),마포구,0.0008264593358574282
park_2013_2017,박근혜정부(2013-2017),막말,0.0014652491257796463
park_2013_2017,박근혜정부(2013-2017),막판,0.0013857861352380679
park_2013_2017,박근혜정부(2013-2017),만기,0.0007633376958853848
park_2013_2017,박근혜정부(2013-2017),만나,0.0012247972662187147
park_2013_2017,박근혜정부(2013-2017),만남,0.0018363618891984292
park_2013_2017,박근혜정부(2013-2017),만든,0.0010766023040909383
park_2013_2017,박근혜정부(2013-2017),만원,0.001307534947893707
park_2013_2017,박근혜정부(2013-2017),만일,0.0008220634641477298
park_2013_2017,박근혜정부(2013-2017),만점,0.001278593261907296
park_2013_2017,박근혜정부(2013-2017),만족,0.0020935674347885573
park_2013_2017,박근혜정부(2013-2017),만족도,0.0018470363066470006
park_2013_2017,박근혜정부(2013-2017),만찬,0.0007622339114678877
park_2013_2017,박근혜정부(2013-2017),만화,0.0012370759533904788
park_2013_2017,박근혜정부(2013-2017),많은,0.0020258664047955255
park_2013_2017,박근혜정부(2013-2017),많이,0.001489810138448578
park_2013_2017,박근혜정부(2013-2017),말레이시아,0.001343932311818556
park_2013_2017,박근혜정부(2013-2017),말했습니다,0.0017861885284785558
park_2013_2017,박근혜정부(2013-2017),맞아,0.0013096747924223346
park_2013_2017,박근혜정부(2013-2017),맞춤,0.001987170052464762
park_2013_2017,박근혜정부(2013-2017),매각,0.002046038918995
park_2013_2017,박근혜정부(2013-2017),매뉴얼,0.0008242944764481205
park_2013_2017,박근혜정부(2013-2017),매력,0.001628417351248593
park_2013_2017,박근혜정부(2013-2017),매력적,0.0009179010016968753
park_2013_2017,박근혜정부(2013-2017),매매,0.0011929597507536562
park_2013_2017,박근혜정부(2013-2017),매수,0.0006969348791031461
park_2013_2017,박근혜정부(2013-2017),매입,0.001311057747655762
park_2013_2017,박근혜정부(2013-2017),매진,0.0008879460514632063
park_2013_2017,박근혜정부(2013-2017),매출액,0.0015140752814761932
park_2013_2017,박근혜정부(2013-2017),맥락,0.0011569067816442203
park_2013_2017,박근혜정부(2013-2017),맥주,0.0009566942786278454
park_2013_2017,박근혜정부(2013-2017),머리,0.002733432489812709
park_2013_2017,박근혜정부(2013-2017),먹거리,0.0008501494591853685
park_2013_2017,박근혜정부(2013-2017),먼저,0.0017782595082941003
park_2013_2017,박근혜정부(2013-2017),먼지,0.0008818725317735442
park_2013_2017,박근혜정부(2013-2017),메뉴,0.0009685054883499894
park_2013_2017,박근혜정부(2013-2017),메달,0.0010923302830903175
park_2013_2017,박근혜정부(2013-2017),메르켈,0.0009585870727730428
park_2013_2017,박근혜정부(2013-2017),메일,0.001050183788565093
park_2013_2017,박근혜정부(2013-2017),멕시코,0.0016504921515803463
park_2013_2017,박근혜정부(2013-2017),멤버,0.001735080597934553
park_2013_2017,박근혜정부(2013-2017),며칠,0.0014894274272813433
park_2013_2017,박근혜정부(2013-2017),면담,0.0013774035627193548
park_2013_2017,박근혜정부(2013-2017),면세점,0.001399561973262773
park_2013_2017,박근혜정부(2013-2017),면역,0.0002884987019203081
park_2013_2017,박근혜정부(2013-2017),면적,0.0014040537069959984
park_2013_2017,박근혜정부(2013-2017),면제,0.0011116430237804395
park_2013_2017,박근혜정부(2013-2017),면허,0.0007011805853038735
park_2013_2017,박근혜정부(2013-2017),명단,0.002060554273298128
park_2013_2017,박근혜정부(2013-2017),명령,0.0018246257772283733
park_2013_2017,박근혜정부(2013-2017),명목,0.0011598152653201086
park_2013_2017,박근혜정부(2013-2017),명분,0.0017314822813145594
park_2013_2017,박근혜정부(2013-2017),명성,0.0010712888139689583
park_2013_2017,박근혜정부(2013-2017),명시,0.0012737182810195584
park_2013_2017,박근혜정부(2013-2017),명예,0.0027472116578548737
park_2013_2017,박근혜정부(2013-2017),명예교수,0.001062332238283286
park_2013_2017,박근혜정부(2013-2017),명을,0.0026487639224279905
park_2013_2017,박근혜정부(2013-2017),명의,0.002688256959122385
park_2013_2017,박근혜정부(2013-2017),명절,0.0009574805208178229
park_2013_2017,박근혜정부(2013-2017),명칭,0.0009567590528349303
park_2013_2017,박근혜정부(2013-2017),모금,0.0009643359423991035
park_2013_2017,박근혜정부(2013-2017),모니터링,0.0007350407566964959
park_2013_2017,박근혜정부(2013-2017),모두,0.002694926935327001
park_2013_2017,박근혜정부(2013-2017),모범,0.000792914904536471
park_2013_2017,박근혜정부(2013-2017),모빌리티,6.483456387411316e-05
park_2013_2017,박근혜정부(2013-2017),모색,0.0017831607103648965
park_2013_2017,박근혜정부(2013-2017),모순,0.0008929489336592066
park_2013_2017,박근혜정부(2013-2017),모양,0.0020423225784447206
park_2013_2017,박근혜정부(2013-2017),모양새,0.0011295765262735083
park_2013_2017,박근혜정부(2013-2017),모의,0.0010041515255031874
park_2013_2017,박근혜정부(2013-2017),목사,0.0010838510919369219
park_2013_2017,박근혜정부(2013-2017),목숨,0.0020183365027910067
park_2013_2017,박근혜정부(2013-2017),목요일,0.0006173650391134744
park_2013_2017,박근혜정부(2013-2017),목포,0.0006507710120296607
park_2013_2017,박근혜정부(2013-2017),못한,0.0009785703207280294
park_2013_2017,박근혜정부(2013-2017),묘사,0.0010270756190189712
park_2013_2017,박근혜정부(2013-2017),무게,0.0014765944120455638
park_2013_2017,박근혜정부(2013-2017),무기,0.002699346059645786
park_2013_2017,박근혜정부(2013-2017),무능,0.0012380401371622884
park_2013_2017,박근혜정부(2013-2017),무력,0.0009894121752705679
park_2013_2017,박근혜정부(2013-2017),무력화,0.0007963587196384723
park_2013_2017,박근혜정부(2013-2017),무렵,0.001047267092064189
park_2013_2017,박근혜정부(2013-2017),무료,0.0022253050653277336
park_2013_2017,박근혜정부(2013-2017),무릎,0.001134077599665702
park_2013_2017,박근혜정부(2013-2017),무리,0.0018797251858123376
park_2013_2017,박근혜정부(2013-2017),무산,0.0017049069253799827
park_2013_2017,박근혜정부(2013-2017),무상,0.0012272608940072033
park_2013_2017,박근혜정부(2013-2017),무선,0.0006822191630118622
park_2013_2017,박근혜정부(2013-2017),무소속,0.00113617814746058
park_2013_2017,박근혜정부(2013-2017),무시,0.0021456400260125115
park_2013_2017,박근혜정부(2013-2017),무장,0.0019899498277876166
park_2013_2017,박근혜정부(2013-2017),무죄,0.001535780920994289
park_2013_2017,박근혜정부(2013-2017),무책임,0.0010833797620828803
park_2013_2017,박근혜정부(2013-2017),무효,0.0009185369397604978
park_2013_2017,박근혜정부(2013-2017),문건,0.0017644803316741633
park_2013_2017,박근혜정부(2013-2017),문구,0.0010978854346874658
park_2013_2017,박근혜정부(2013-2017),문명,0.0008306351575256274
park_2013_2017,박근혜정부(2013-2017),문서,0.0017378869874289673
park_2013_2017,박근혜정부(2013-2017),문의,0.0015085711905633902
park_2013_2017,박근혜정부(2013-2017),문자,0.0014039576183775841
park_2013_2017,박근혜정부(2013-2017),문장,0.001011285519082607
park_2013_2017,박근혜정부(2013-2017),문제,0.0014297976318503815
park_2013_2017,박근혜정부(2013-2017),문제가,0.0010114118481479237
park_2013_2017,박근혜정부(2013-2017),문제들,0.0009559680937225962
park_2013_2017,박근혜정부(2013-2017),문제를,0.001236139046828262
park_2013_2017,박근혜정부(2013-2017),문제점,0.0027360636771295325
park_2013_2017,박근혜정부(2013-2017),문체부,0.0014272113074203967
park_2013_2017,박근혜정부(2013-2017),문턱,0.0006366779940013738
park_2013_2017,박근혜정부(2013-2017),문항,0.0009040244410005569
park_2013_2017,박근혜정부(2013-2017),문화재청,0.001083787143621465
park_2013_2017,박근혜정부(2013-2017),문희상,0.0009757322918378453
park_2013_2017,박근혜정부(2013-2017),물가,0.0013687142325197986
park_2013_2017,박근혜정부(2013-2017),물건,0.0014841739338675908
park_2013_2017,박근혜정부(2013-2017),물량,0.0012523039424106775
park_2013_2017,박근혜정부(2013-2017),물론,0.00245626975092277
park_2013_2017,박근혜정부(2013-2017),물류,0.0008616438461297831
park_2013_2017,박근혜정부(2013-2017),물질,0.002181856450969599
park_2013_2017,박근혜정부(2013-2017),물품,0.0008293992460014767
park_2013_2017,박근혜정부(2013-2017),뮤지컬,0.0016821628092819996
park_2013_2017,박근혜정부(2013-2017),미국의,0.0015071991204228179
park_2013_2017,박근혜정부(2013-2017),미국인,0.0012494281314905226
park_2013_2017,박근혜정부(2013-2017),미니,0.0008286926745144717
park_2013_2017,박근혜정부(2013-2017),미달,0.0007199814725719928
park_2013_2017,박근혜정부(2013-2017),미만,0.001843807200431175
park_2013_2017,박근혜정부(2013-2017),미세,0.0008067500562268478
park_2013_2017,박근혜정부(2013-2017),미술,0.0016819331968923313
park_2013_2017,박근혜정부(2013-2017),미술관,0.000985421177560376
park_2013_2017,박근혜정부(2013-2017),미안,0.0009100607786700282
park_2013_2017,박근혜정부(2013-2017),미얀마,0.0009349240056210463
park_2013_2017,박근혜정부(2013-2017),미터,0.0010274426756056527
park_2013_2017,박근혜정부(2013-2017),미흡,0.0015036000402812433
park_2013_2017,박근혜정부(2013-2017),민간인,0.001127214177984243
park_2013_2017,박근혜정부(2013-2017),민생,0.002713165983667795
park_2013_2017,박근혜정부(2013-2017),민원,0.0016634411718689957
park_2013_2017,박근혜정부(2013-2017),민정,0.0009616986371010196
park_2013_2017,박근혜정부(2013-2017),민정수석,0.0007131067589640336
park_2013_2017,박근혜정부(2013-2017),민족,0.001978045720467895
park_2013_2017,박근혜정부(2013-2017),민주노총,0.0012163133201656062
park_2013_2017,박근혜정부(2013-2017),민주주,0.0015243197348153014
park_2013_2017,박근혜정부(2013-2017),민주화,0.002194874146688764
park_2013_2017,박근혜정부(2013-2017),믿음,0.0011124784661571377
park_2013_2017,박근혜정부(2013-2017),밀레니얼,0.00014440894055921488
park_2013_2017,박근혜정부(2013-2017),밀접,0.0005781964126460738
park_2013_2017,박근혜정부(2013-2017),밀집,0.0006341668396279051
park_2013_2017,박근혜정부(2013-2017),바깥,0.000721916973531711
park_2013_2017,박근혜정부(2013-2017),바닥,0.0013784488230238914
park_2013_2017,박근혜정부(2013-2017),바로,0.0013685941972545477
park_2013_2017,박근혜정부(2013-2017),바이오,0.0010938635474689324
park_2013_2017,박근혜정부(2013-2017),박람회,0.0016906366529811077
park_2013_2017,박근혜정부(2013-2017),박물관,0.00150496400682508
park_2013_2017,박근혜정부(2013-2017),박수,0.0011856676791145125
park_2013_2017,박근혜정부(2013-2017),박씨,0.001100596652886337
park_2013_2017,박근혜정부(2013-2017),박영선,0.0014985851557003614
park_2013_2017,박근혜정부(2013-2017),박용진,0.0002492015483371739
park_2013_2017,박근혜정부(2013-2017),박차,0.0007663515139473518
park_2013_2017,박근혜정부(2013-2017),박탈,0.0006646232802332074
park_2013_2017,박근혜정부(2013-2017),반등,0.0005132997050521127
park_2013_2017,박근혜정부(2013-2017),반박,0.0017535030117069449
park_2013_2017,박근혜정부(2013-2017),반발,0.004237990358806867
park_2013_2017,박근혜정부(2013-2017),반복,0.002404424799498589
park_2013_2017,박근혜정부(2013-2017),반성,0.0020624072243092735
park_2013_2017,박근혜정부(2013-2017),반전,0.0009948220791282198
park_2013_2017,박근혜정부(2013-2017),반환,0.0007080762791483802
park_2013_2017,박근혜정부(2013-2017),받고,0.0019577055080070814
park_2013_2017,박근혜정부(2013-2017),받는,0.0009772325653010841
park_2013_2017,박근혜정부(2013-2017),받아,0.001026095745575458
park_2013_2017,박근혜정부(2013-2017),받았다,0.001162853754428361
park_2013_2017,박근혜정부(2013-2017),받은,0.002029733238233702
park_2013_2017,박근혜정부(2013-2017),발간,0.0012714080302940372
park_2013_2017,박근혜정부(2013-2017),발굴,0.002767490600681276
park_2013_2017,박근혜정부(2013-2017),발급,0.0014220029548393253
park_2013_2017,박근혜정부(2013-2017),발달,0.0010565065576370305
park_2013_2017,박근혜정부(2013-2017),발동,0.0004311320660568218
park_2013_2017,박근혜정부(2013-2017),발령,0.0008762511773539491
park_2013_2017,박근혜정부(2013-2017),발목,0.0013590807120576233
park_2013_2017,박근혜정부(2013-2017),발병,0.0010537962868719239
park_2013_2017,박근혜정부(2013-2017),발부,0.0007009936583452769
park_2013_2017,박근혜정부(2013-2017),발사체,0.0002581877190093911
park_2013_2017,박근혜정부(2013-2017),발상,0.0009711073461803287
park_2013_2017,박근혜정부(2013-2017),발의,0.0015842228911474643
park_2013_2017,박근혜정부(2013-2017),발전소,0.00143159823886694
park_2013_2017,박근혜정부(2013-2017),발탁,0.0012154447469895024
park_2013_2017,박근혜정부(2013-2017),발표한,0.001322192846759844
park_2013_2017,박근혜정부(2013-2017),발표했다,0.0013347059275407693
park_2013_2017,박근혜정부(2013-2017),발행,0.001667758047038073
park_2013_2017,박근혜정부(2013-2017),발효,0.0010666606156864897
park_2013_2017,박근혜정부(2013-2017),발휘,0.002105539129584492
park_2013_2017,박근혜정부(2013-2017),방북,0.0007463597389928105
park_2013_2017,박근혜정부(2013-2017),방송사,0.0013102919799727495
park_2013_2017,박근혜정부(2013-2017),방송일시,0.0003377528625470844
park_2013_2017,박근혜정부(2013-2017),방안을,0.0012506694824184585
park_2013_2017,박근혜정부(2013-2017),방어,0.0017949397391201654
park_2013_2017,박근혜정부(2013-2017),방역,0.0004912421796009227
park_2013_2017,박근혜정부(2013-2017),방위,0.001434009019499755
park_2013_2017,박근혜정부(2013-2017),방위비,0.00044575474511077416
park_2013_2017,박근혜정부(2013-2017),방치,0.0013936870601055076
park_2013_2017,박근혜정부(2013-2017),방통위,0.0011697335117564435
park_2013_2017,박근혜정부(2013-2017),방한,0.0017122615348055283
park_2013_2017,박근혜정부(2013-2017),방해,0.0014975124246295129
park_2013_2017,박근혜정부(2013-2017),배당,0.001068629208446645
park_2013_2017,박근혜정부(2013-2017),배려,0.0017724472737964236
park_2013_2017,박근혜정부(2013-2017),배분,0.0007982525458651966
park_2013_2017,박근혜정부(2013-2017),배상,0.0017848373796864195
park_2013_2017,박근혜정부(2013-2017),배송,0.00045784210741779544
park_2013_2017,박근혜정부(2013-2017),배우자,0.0011408116471579252
park_2013_2017,박근혜정부(2013-2017),배정,0.0009616308081418224
park_2013_2017,박근혜정부(2013-2017),배출,0.0020037546057538897
park_2013_2017,박근혜정부(2013-2017),배출량,0.0005659325081699028
park_2013_2017,박근혜정부(2013-2017),배후,0.0010005526447284824
park_2013_2017,박근혜정부(2013-2017),백인,0.0011222349753092042
park_2013_2017,박근혜정부(2013-2017),백화점,0.0016500259140750898
park_2013_2017,박근혜정부(2013-2017),밴드,0.0011798500683797078
park_2013_2017,박근혜정부(2013-2017),번역,0.0013665227721868117
park_2013_2017,박근혜정부(2013-2017),번영,0.0006348689721652927
park_2013_2017,박근혜정부(2013-2017),벌금,0.0016602103248331502
park_2013_2017,박근혜정부(2013-2017),범죄자,0.0007867172007542925
park_2013_2017,박근혜정부(2013-2017),법령,0.0008946649338616017
park_2013_2017,박근혜정부(2013-2017),법무,0.0009904010886957896
park_2013_2017,박근혜정부(2013-2017),법사위,0.0006508915280648434
park_2013_2017,박근혜정부(2013-2017),법인,0.002663565927550338
park_2013_2017,박근혜정부(2013-2017),법인세,0.0014068965703656398
park_2013_2017,박근혜정부(2013-2017),법적,0.0013759849207416873
park_2013_2017,박근혜정부(2013-2017),법정,0.0019148366341937282
park_2013_2017,박근혜정부(2013-2017),법조,0.0005906701285779486
park_2013_2017,박근혜정부(2013-2017),법조계,0.0005280726118658307
park_2013_2017,박근혜정부(2013-2017),법학,0.0008949716851988559
park_2013_2017,박근혜정부(2013-2017),베를린,0.000959968908809122
park_2013_2017,박근혜정부(2013-2017),벤처,0.0019455832746173261
park_2013_2017,박근혜정부(2013-2017),벤츠,0.000924634330674862
park_2013_2017,박근혜정부(2013-2017),변경,0.002972356370902103
park_2013_2017,박근혜정부(2013-2017),변동,0.0010275262534552945
park_2013_2017,박근혜정부(2013-2017),변수,0.0016649686431982548
park_2013_2017,박근혜정부(2013-2017),변신,0.0015000412019241603
park_2013_2017,박근혜정부(2013-2017),변호인,0.0013961674253270746
park_2013_2017,박근혜정부(2013-2017),별개,0.0006819707120451577
park_2013_2017,박근혜정부(2013-2017),별명,0.0009400281429714814
park_2013_2017,박근혜정부(2013-2017),별세,0.0018945628825746679
park_2013_2017,박근혜정부(2013-2017),병력,0.0008178057008952585
park_2013_2017,박근혜정부(2013-2017),병사,0.0011694026270065144
park_2013_2017,박근혜정부(2013-2017),병역,0.0009214445154848538
park_2013_2017,박근혜정부(2013-2017),병행,0.0011470564298691022
park_2013_2017,박근혜정부(2013-2017),보강,0.0009402951116920424
park_2013_2017,박근혜정부(2013-2017),보건,0.002581329535352271
park_2013_2017,박근혜정부(2013-2017),보건복지부,0.0018351036833021645
park_2013_2017,박근혜정부(2013-2017),보건소,0.0005293544150848066
park_2013_2017,박근혜정부(2013-2017),보관,0.0012264287952299903
park_2013_2017,박근혜정부(2013-2017),보궐,0.0005492042726759986
park_2013_2017,박근혜정부(2013-2017),보궐선거,0.000788920150750884
park_2013_2017,박근혜정부(2013-2017),보급,0.0012693775736584687
park_2013_2017,박근혜정부(2013-2017),보도입니다,0.0012786380145305926
park_2013_2017,박근혜정부(2013-2017),보도합니다,0.0024907025101473593
park_2013_2017,박근혜정부(2013-2017),보도했다,0.0009602070974359224
park_2013_2017,박근혜정부(2013-2017),보면,0.0017807179797768324
park_2013_2017,박근혜정부(2013-2017),보복,0.0008212370578749667
park_2013_2017,박근혜정부(2013-2017),보상,0.0023841392131524874
park_2013_2017,박근혜정부(2013-2017),보안,0.001894222867111904
park_2013_2017,박근혜정부(2013-2017),보완,0.002127374044691656
park_2013_2017,박근혜정부(2013-2017),보유세,4.552791219034071e-05
park_2013_2017,박근혜정부(2013-2017),보육,0.0014723498617312003
park_2013_2017,박근혜정부(2013-2017),보이스피싱,0.001311816084379681
park_2013_2017,박근혜정부(2013-2017),보인다,0.0010718934801139787
park_2013_2017,박근혜정부(2013-2017),보전,0.0010337277155469536
park_2013_2017,박근혜정부(2013-2017),보조,0.000838474289269222
park_2013_2017,박근혜정부(2013-2017),보조금,0.0022241891706190585
park_2013_2017,박근혜정부(2013-2017),보존,0.0011496702181884265
park_2013_2017,박근혜정부(2013-2017),보증,0.0011353668624613025
park_2013_2017,박근혜정부(2013-2017),보증금,0.0009977064036288989
park_2013_2017,박근혜정부(2013-2017),보통,0.0020888768741776807
park_2013_2017,박근혜정부(2013-2017),보편,0.0007167898664490619
park_2013_2017,박근혜정부(2013-2017),보험금,0.0009590934103145358
park_2013_2017,박근혜정부(2013-2017),보험료,0.002770702607895095
park_2013_2017,박근혜정부(2013-2017),보험사,0.0010882285228401933
park_2013_2017,박근혜정부(2013-2017),복구,0.0009268303398060496
park_2013_2017,박근혜정부(2013-2017),복귀,0.0026966303082845717
park_2013_2017,박근혜정부(2013-2017),복무,0.0011406167601742806
park_2013_2017,박근혜정부(2013-2017),복수,0.0010381709769752678
park_2013_2017,박근혜정부(2013-2017),복원,0.001730517193518166
park_2013_2017,박근혜정부(2013-2017),복지,0.006987376850650853
park_2013_2017,박근혜정부(2013-2017),복지부,0.001973792709389542
park_2013_2017,박근혜정부(2013-2017),복합,0.0013921251642394113
park_2013_2017,박근혜정부(2013-2017),본격화,0.0016968536744875649
park_2013_2017,박근혜정부(2013-2017),본선,0.001525164113019758
park_2013_2017,박근혜정부(2013-2017),본인들,0.0003555593063724358
park_2013_2017,박근혜정부(2013-2017),본질,0.001382985710944751
park_2013_2017,박근혜정부(2013-2017),봉사,0.0017293250414439612
park_2013_2017,박근혜정부(2013-2017),봉쇄,0.0005741320517657288
park_2013_2017,박근혜정부(2013-2017),부각,0.0015676369487665268
park_2013_2017,박근혜정부(2013-2017),부과,0.00197486159423453
park_2013_2017,박근혜정부(2013-2017),부당,0.002187159719544632
park_2013_2017,박근혜정부(2013-2017),부대,0.0019423338707431578
park_2013_2017,박근혜정부(2013-2017),부모님,0.0014034045869007296
park_2013_2017,박근혜정부(2013-2017),부부,0.0023864483090132427
park_2013_2017,박근혜정부(2013-2017),부부장,0.0008045655849223406
park_2013_2017,박근혜정부(2013-2017),부사장,0.0027805609874813914
park_2013_2017,박근혜정부(2013-2017),부산시,0.001561372084361843
park_2013_2017,박근혜정부(2013-2017),부서,0.001548679655839397
park_2013_2017,박근혜정부(2013-2017),부시,0.0010992129550095415
park_2013_2017,박근혜정부(2013-2017),부시장,0.0006737780366614446
park_2013_2017,박근혜정부(2013-2017),부실,0.0027138690467694146
park_2013_2017,박근혜정부(2013-2017),부양,0.0010087711895085455
park_2013_2017,박근혜정부(2013-2017),부위,0.0011327144328995668
park_2013_2017,박근혜정부(2013-2017),부위원장,0.001555112944174103
park_2013_2017,박근혜정부(2013-2017),부자,0.0015029093008859344
park_2013_2017,박근혜정부(2013-2017),부작용,0.002234508958822042
park_2013_2017,박근혜정부(2013-2017),부장판사,0.0009204822872693426
park_2013_2017,박근혜정부(2013-2017),부재,0.0009120785941305733
park_2013_2017,박근혜정부(2013-2017),부정,0.0037421259614278902
park_2013_2017,박근혜정부(2013-2017),부정적,0.0018941095874486285
park_2013_2017,박근혜정부(2013-2017),부지,0.001648726932089705
park_2013_2017,박근혜정부(2013-2017),부진,0.002125161485102775
park_2013_2017,박근혜정부(2013-2017),부채,0.0028618524701651835
park_2013_2017,박근혜정부(2013-2017),부탁,0.0018331793039156647
park_2013_2017,박근혜정부(2013-2017),부통령,0.0007111236672823574
park_2013_2017,박근혜정부(2013-2017),부패,0.0026399182614006674
park_2013_2017,박근혜정부(2013-2017),부합,0.0008156798256986002
park_2013_2017,박근혜정부(2013-2017),부활,0.0016369564393794952
park_2013_2017,박근혜정부(2013-2017),북부,0.0011964893815468243
park_2013_2017,박근혜정부(2013-2017),북쪽,0.0009064074184762538
park_2013_2017,박근혜정부(2013-2017),북측,0.0009310029086652694
park_2013_2017,박근혜정부(2013-2017),북한군,0.0010583984518831282
park_2013_2017,박근혜정부(2013-2017),북한의,0.0017213471461252933
park_2013_2017,박근혜정부(2013-2017),북한이,0.0014843206292483313
park_2013_2017,박근혜정부(2013-2017),분노,0.00249219996934402
park_2013_2017,박근혜정부(2013-2017),분단,0.00117188608109315
park_2013_2017,박근혜정부(2013-2017),분담,0.000744256139735474
park_2013_2017,박근혜정부(2013-2017),분담금,0.0004403960244707684
park_2013_2017,박근혜정부(2013-2017),분당,0.0012462465647471851
park_2013_2017,박근혜정부(2013-2017),분량,0.0009669241185635218
park_2013_2017,박근혜정부(2013-2017),분류,0.0020345509775059
park_2013_2017,박근혜정부(2013-2017),분리,0.001851582321869054
park_2013_2017,박근혜정부(2013-2017),분배,0.000827124176875687
park_2013_2017,박근혜정부(2013-2017),분산,0.0009563195059069692
park_2013_2017,박근혜정부(2013-2017),분양가,0.001095583916690251
park_2013_2017,박근혜정부(2013-2017),분열,0.002213247049463034
park_2013_2017,박근혜정부(2013-2017),분쟁,0.001882157307408748
park_2013_2017,박근혜정부(2013-2017),분할,0.0007683866805251392
park_2013_2017,박근혜정부(2013-2017),불가,0.0008347425603233026
park_2013_2017,박근혜정부(2013-2017),불가능,0.0027028212240342536
park_2013_2017,박근혜정부(2013-2017),불공정,0.0006816466684063243
park_2013_2017,박근혜정부(2013-2017),불교,0.0009540887587758116
park_2013_2017,박근혜정부(2013-2017),불리,0.0010606896856390513
park_2013_2017,박근혜정부(2013-2017),불만,0.002452125614934644
park_2013_2017,박근혜정부(2013-2017),불신,0.0013939142745649665
park_2013_2017,박근혜정부(2013-2017),불안,0.0032177724977614725
park_2013_2017,박근혜정부(2013-2017),불안감,0.0014582689556647665
park_2013_2017,박근혜정부(2013-2017),불이익,0.0011432442106180847
park_2013_2017,박근혜정부(2013-2017),불참,0.0010644569289957662
park_2013_2017,박근혜정부(2013-2017),불투명,0.0011899981769082997
park_2013_2017,박근혜정부(2013-2017),불평등,0.001275802325366462
park_2013_2017,박근혜정부(2013-2017),불필요,0.0011383019279451838
park_2013_2017,박근혜정부(2013-2017),불행,0.0009090662531779062
park_2013_2017,박근혜정부(2013-2017),붕괴,0.001989114418025319
park_2013_2017,박근혜정부(2013-2017),블랙리스트,0.0007426673953477464
park_2013_2017,박근혜정부(2013-2017),블로그,0.0010308345116941957
park_2013_2017,박근혜정부(2013-2017),블록,0.0007230552844421855
park_2013_2017,박근혜정부(2013-2017),블록체인,2.4128852169698756e-05
park_2013_2017,박근혜정부(2013-2017),비결,0.0011248598970609066
park_2013_2017,박근혜정부(2013-2017),비공개,0.0009106547144938197
park_2013_2017,박근혜정부(2013-2017),비극,0.0011336831973012861
park_2013_2017,박근혜정부(2013-2017),비대,0.0012631927018377795
park_2013_2017,박근혜정부(2013-2017),비대면,3.155750031950222e-05
park_2013_2017,박근혜정부(2013-2017),비대위,0.0016425330399300114
park_2013_2017,박근혜정부(2013-2017),비대위원장,0.0007959823072389062
park_2013_2017,박근혜정부(2013-2017),비례,0.0022445782530702394
park_2013_2017,박근혜정부(2013-2017),비례대표,0.0011528868921587652
park_2013_2017,박근혜정부(2013-2017),비밀,0.002383710168293965
park_2013_2017,박근혜정부(2013-2017),비상,0.0025240666846888227
park_2013_2017,박근혜정부(2013-2017),비위,0.0005895757389605533
park_2013_2017,박근혜정부(2013-2017),비유,0.0008523551328687938
park_2013_2017,박근혜정부(2013-2017),비자,0.000716167895689722
park_2013_2017,박근혜정부(2013-2017),비전,0.0020920231870304967
park_2013_2017,박근혜정부(2013-2017),비정규직,0.0022095028134347843
park_2013_2017,박근혜정부(2013-2017),비준,0.0005171774337314317
park_2013_2017,박근혜정부(2013-2017),비즈니스,0.0014606664748044802
park_2013_2017,박근혜정부(2013-2017),비트코인,0.0001537276011477802
park_2013_2017,박근혜정부(2013-2017),비판,0.008975654002859433
park_2013_2017,박근혜정부(2013-2017),비행,0.0010201733404584588
park_2013_2017,박근혜정부(2013-2017),비행기,0.001567862379591343
park_2013_2017,박근혜정부(2013-2017),빈곤,0.0013821680770144005
park_2013_2017,박근혜정부(2013-2017),빌딩,0.0008555350160646639
park_2013_2017,박근혜정부(2013-2017),뿌리,0.0018319777981786027
park_2013_2017,박근혜정부(2013-2017),사각지대,0.0010541333744396417
park_2013_2017,박근혜정부(2013-2017),사거리,0.0007248266506874473
park_2013_2017,박근혜정부(2013-2017),사교육,0.0012606501745297555
park_2013_2017,박근혜정부(2013-2017),사기,0.0024773013285464256
park_2013_2017,박근혜정부(2013-2017),사내,0.0012212845875777202
park_2013_2017,박근혜정부(2013-2017),사는,0.0008808321673421945
park_2013_2017,박근혜정부(2013-2017),사단,0.0011447313201282618
park_2013_2017,박근혜정부(2013-2017),사람이,0.000983018961046013
park_2013_2017,박근혜정부(2013-2017),사령관,0.0012320393096620773
park_2013_2017,박근혜정부(2013-2017),사령부,0.0009440399385147898
park_2013_2017,박근혜정부(2013-2017),사면,0.0009373225471256
park_2013_2017,박근혜정부(2013-2017),사무,0.0011849384887920964
park_2013_2017,박근혜정부(2013-2017),사무관,0.0007393728314382025
park_2013_2017,박근혜정부(2013-2017),사무국장,0.0011240081865994014
park_2013_2017,박근혜정부(2013-2017),사무소,0.001266002617482289
park_2013_2017,박근혜정부(2013-2017),사무처장,0.000908690263287012
park_2013_2017,박근혜정부(2013-2017),사물인터넷,0.0007790648809973655
park_2013_2017,박근혜정부(2013-2017),사법부,0.0009979473883399489
park_2013_2017,박근혜정부(2013-2017),사생활,0.0008590027034765486
park_2013_2017,박근혜정부(2013-2017),사설,0.0023953721719686535
park_2013_2017,박근혜정부(2013-2017),사실관계,0.0005331047143021673
park_2013_2017,박근혜정부(2013-2017),사실상,0.0027359037345424616
park_2013_2017,박근혜정부(2013-2017),사업부,0.0007167872703808772
park_2013_2017,박근혜정부(2013-2017),사업비,0.0013088752676245895
park_2013_2017,박근혜정부(2013-2017),사업장,0.0016757970062208649
park_2013_2017,박근혜정부(2013-2017),사업주,0.00047049500876848705
park_2013_2017,박근혜정부(2013-2017),사연,0.0010332713419225457
park_2013_2017,박근혜정부(2013-2017),사우디,0.0009387477367234186
park_2013_2017,박근혜정부(2013-2017),사원,0.001353494480295978
park_2013_2017,박근혜정부(2013-2017),사유,0.0015747690193510637
park_2013_2017,박근혜정부(2013-2017),사의,0.0008299215785923764
park_2013_2017,박근혜정부(2013-2017),사이버,0.0020118541664625577
park_2013_2017,박근혜정부(2013-2017),사이트,0.002805701259151578
park_2013_2017,박근혜정부(2013-2017),사임,0.0007231199993140977
park_2013_2017,박근혜정부(2013-2017),사적,0.0005909993215662816
park_2013_2017,박근혜정부(2013-2017),사죄,0.0012820886886172388
park_2013_2017,박근혜정부(2013-2017),사찰,0.0009016575896633091
park_2013_2017,박근혜정부(2013-2017),사표,0.0013078573446721148
park_2013_2017,박근혜정부(2013-2017),사형,0.0008559308662052488
park_2013_2017,박근혜정부(2013-2017),사회주의,0.0010374163717184175
park_2013_2017,박근혜정부(2013-2017),사후,0.0009888093037978556
park_2013_2017,박근혜정부(2013-2017),사흘,0.0012900218330313827
park_2013_2017,박근혜정부(2013-2017),삭감,0.0012218301226066483
park_2013_2017,박근혜정부(2013-2017),삭제,0.001150303999219626
park_2013_2017,박근혜정부(2013-2017),산림,0.0005643370120886149
park_2013_2017,박근혜정부(2013-2017),산업,0.008040225264594036
park_2013_2017,박근혜정부(2013-2017),산업부,0.0008653535428493743
park_2013_2017,박근혜정부(2013-2017),산업은행,0.0010787175087290737
park_2013_2017,박근혜정부(2013-2017),산업통상자원부,0.001172446294724619
park_2013_2017,박근혜정부(2013-2017),산재,0.0006465552884167175
park_2013_2017,박근혜정부(2013-2017),산정,0.000813784482007329
park_2013_2017,박근혜정부(2013-2017),산하,0.002583439332695868
park_2013_2017,박근혜정부(2013-2017),산학,0.0010256073459145973
park_2013_2017,박근혜정부(2013-2017),살인,0.0014286647519133574
park_2013_2017,박근혜정부(2013-2017),살해,0.0016212707186144997
park_2013_2017,박근혜정부(2013-2017),삼성물산,0.0012966501825256956
park_2013_2017,박근혜정부(2013-2017),상가,0.001300556755480656
park_2013_2017,박근혜정부(2013-2017),상관,0.0006264476694791149
park_2013_2017,박근혜정부(2013-2017),상권,0.0007033673951272122
park_2013_2017,박근혜정부(2013-2017),상금,0.0010078366463357696
park_2013_2017,박근혜정부(2013-2017),상담,0.0025017282904428776
park_2013_2017,박근혜정부(2013-2017),상대로,0.0010923330225680941
park_2013_2017,박근혜정부(2013-2017),상대방,0.0011425896808335452
park_2013_2017,박근혜정부(2013-2017),상대적,0.0026028535097766233
park_2013_2017,박근혜정부(2013-2017),상무,0.002039596334326509
park_2013_2017,박근혜정부(2013-2017),상봉,0.0012214619578714526
park_2013_2017,박근혜정부(2013-2017),상사,0.0008271157071678617
park_2013_2017,박근혜정부(2013-2017),상상,0.0016806018881452135
park_2013_2017,박근혜정부(2013-2017),상상력,0.0010509744067212566
park_2013_2017,박근혜정부(2013-2017),상생,0.0014845596236854103
park_2013_2017,박근혜정부(2013-2017),상속,0.0006011543054295394
park_2013_2017,박근혜정부(2013-2017),상승세,0.0011654415306176075
park_2013_2017,박근혜정부(2013-2017),상시,0.0007904078186443801
park_2013_2017,박근혜정부(2013-2017),상식,0.0011533428282078993
park_2013_2017,박근혜정부(2013-2017),상실,0.0011294543833559162
park_2013_2017,박근혜정부(2013-2017),상업,0.0007449161162351223
park_2013_2017,박근혜정부(2013-2017),상영,0.0009154647550863933
park_2013_2017,박근혜정부(2013-2017),상용화,0.0007539758929713243
park_2013_2017,박근혜정부(2013-2017),상원,0.0013602142765403882
park_2013_2017,박근혜정부(2013-2017),상위,0.002110352737296099
park_2013_2017,박근혜정부(2013-2017),상임,0.0018027409783424027
park_2013_2017,박근혜정부(2013-2017),상임위,0.0012812592373135652
park_2013_2017,박근혜정부(2013-2017),상정,0.0010321359629557388
park_2013_2017,박근혜정부(2013-2017),상징,0.0023034502375788874
park_2013_2017,박근혜정부(2013-2017),상처,0.002159522953029773
park_2013_2017,박근혜정부(2013-2017),상품권,0.0007099091895030198
park_2013_2017,박근혜정부(2013-2017),상하이,0.0016577470062126864
park_2013_2017,박근혜정부(2013-2017),상한,0.0004508063925895496
park_2013_2017,박근혜정부(2013-2017),상향,0.0008084225242617096
park_2013_2017,박근혜정부(2013-2017),상호,0.0012574758123919812
park_2013_2017,박근혜정부(2013-2017),상환,0.0011512715905250392
park_2013_2017,박근혜정부(2013-2017),새로운,0.0022501154257479152
park_2013_2017,박근혜정부(2013-2017),새해,0.0021292373982400854
park_2013_2017,박근혜정부(2013-2017),색깔,0.0011417517338140142
park_2013_2017,박근혜정부(2013-2017),샌더스,0.0010819171385147235
park_2013_2017,박근혜정부(2013-2017),생계,0.0010141522443223429
park_2013_2017,박근혜정부(2013-2017),생산량,0.0007393320170697054
park_2013_2017,박근혜정부(2013-2017),생산성,0.0009212487014040849
park_2013_2017,박근혜정부(2013-2017),생애,0.0008909768748078446
park_2013_2017,박근혜정부(2013-2017),생존,0.0017494751666866904
park_2013_2017,박근혜정부(2013-2017),생태,0.0018434503847339263
park_2013_2017,박근혜정부(2013-2017),생태계,0.0008555071673123316
park_2013_2017,박근혜정부(2013-2017),생활비,0.0008645881978734644
park_2013_2017,박근혜정부(2013-2017),서구,0.0014356833408734847
park_2013_2017,박근혜정부(2013-2017),서로,0.001979652474934283
park_2013_2017,박근혜정부(2013-2017),서류,0.0021671855038511456
park_2013_2017,박근혜정부(2013-2017),서면,0.0007608662957209575
park_2013_2017,박근혜정부(2013-2017),서명,0.0015905987763143508
park_2013_2017,박근혜정부(2013-2017),서민,0.001989601103943186
park_2013_2017,박근혜정부(2013-2017),서방,0.0009132591819271418
park_2013_2017,박근혜정부(2013-2017),서부,0.0010742828285044128
park_2013_2017,박근혜정부(2013-2017),서비스업,0.0007827291655152399
park_2013_2017,박근혜정부(2013-2017),서울시교육청,0.0010446386626685568
park_2013_2017,박근혜정부(2013-2017),서울시장,0.0010672852937698989
park_2013_2017,박근혜정부(2013-2017),서울중앙지검,0.001772796331207123
park_2013_2017,박근혜정부(2013-2017),서울중앙지법,0.0010667153412431446
park_2013_2017,박근혜정부(2013-2017),서초구,0.0007137244728366284
park_2013_2017,박근혜정부(2013-2017),서해,0.0010762484689440237
park_2013_2017,박근혜정부(2013-2017),석방,0.0007161984136918015
park_2013_2017,박근혜정부(2013-2017),석유,0.0012578918939860622
park_2013_2017,박근혜정부(2013-2017),석탄,0.0005147307373387239
park_2013_2017,박근혜정부(2013-2017),선거법,0.0013115186737877663
park_2013_2017,박근혜정부(2013-2017),선거운동,0.0009365859196204397
park_2013_2017,박근혜정부(2013-2017),선관위,0.0013511713296917723
park_2013_2017,박근혜정부(2013-2017),선대,0.00037682724772504056
park_2013_2017,박근혜정부(2013-2017),선도,0.001451659175484178
park_2013_2017,박근혜정부(2013-2017),선두,0.0011889525016998213
park_2013_2017,박근혜정부(2013-2017),선물,0.0024892200281654894
park_2013_2017,박근혜정부(2013-2017),선박,0.00154422889938862
park_2013_2017,박근혜정부(2013-2017),선배,0.0015166874426664353
park_2013_2017,박근혜정부(2013-2017),선별,0.0005348098414529274
park_2013_2017,박근혜정부(2013-2017),선사,0.0010294499710721177
park_2013_2017,박근혜정부(2013-2017),선생,0.0024535841940357527
park_2013_2017,박근혜정부(2013-2017),선생님,0.0015431809875867664
park_2013_2017,박근혜정부(2013-2017),선수단,0.0011412858398901536
park_2013_2017,박근혜정부(2013-2017),선전,0.0017167470358543909
park_2013_2017,박근혜정부(2013-2017),선제적,0.0006465517948253801
park_2013_2017,박근혜정부(2013-2017),선진,0.0011607020519115252
park_2013_2017,박근혜정부(2013-2017),선진국,0.0025870586850780964
park_2013_2017,박근혜정부(2013-2017),선포,0.0014058007582494897
park_2013_2017,박근혜정부(2013-2017),선호,0.001591007649425953
park_2013_2017,박근혜정부(2013-2017),선호도,0.0007838866698739056
park_2013_2017,박근혜정부(2013-2017),설득,0.0017923288320749876
park_2013_2017,박근혜정부(2013-2017),설명회,0.00142217540575335
park_2013_2017,박근혜정부(2013-2017),설문,0.0012232711274459214
park_2013_2017,박근혜정부(2013-2017),설문조사,0.0012261415583662704
park_2013_2017,박근혜정부(2013-2017),설비,0.0012267510370271592
park_2013_2017,박근혜정부(2013-2017),설정,0.0017986077102724724
park_2013_2017,박근혜정부(2013-2017),섭취,0.0009511544439572163
park_2013_2017,박근혜정부(2013-2017),성격,0.0024283516736324146
park_2013_2017,박근혜정부(2013-2017),성공적,0.001759687243857098
park_2013_2017,박근혜정부(2013-2017),성과,0.009567104304686715
park_2013_2017,박근혜정부(2013-2017),성과급,0.001078215576007165
park_2013_2017,박근혜정부(2013-2017),성과를,0.0012764186423072272
park_2013_2017,박근혜정부(2013-2017),성균관대,0.0011766098039008184
park_2013_2017,박근혜정부(2013-2017),성남,0.0016574031241354972
park_2013_2017,박근혜정부(2013-2017),성남시,0.001298924775411251
park_2013_2017,박근혜정부(2013-2017),성능,0.0019275095398527706
park_2013_2017,박근혜정부(2013-2017),성립,0.0005867748655242451
park_2013_2017,박근혜정부(2013-2017),성매매,0.0012231373994882363
park_2013_2017,박근혜정부(2013-2017),성명,0.002458849268512266
park_2013_2017,박근혜정부(2013-2017),성범죄,0.000826991523087914
park_2013_2017,박근혜정부(2013-2017),성별,0.0006175014099088766
park_2013_2017,박근혜정부(2013-2017),성분,0.0014850761634597682
park_2013_2017,박근혜정부(2013-2017),성사,0.001207265136281082
park_2013_2017,박근혜정부(2013-2017),성실,0.0009758917886264714
park_2013_2017,박근혜정부(2013-2017),성인,0.0016426089890626233
park_2013_2017,박근혜정부(2013-2017),성장,0.008599020860669498
park_2013_2017,박근혜정부(2013-2017),성장률,0.0012054575472090073
park_2013_2017,박근혜정부(2013-2017),성장세,0.0007979703208263805
park_2013_2017,박근혜정부(2013-2017),성찰,0.0009751325469434172
park_2013_2017,박근혜정부(2013-2017),성취,0.0009016846560452814
park_2013_2017,박근혜정부(2013-2017),성폭행,0.0010621381581246258
park_2013_2017,박근혜정부(2013-2017),성향,0.0024807228049867794
park_2013_2017,박근혜정부(2013-2017),세금,0.003913414878480881
park_2013_2017,박근혜정부(2013-2017),세미나,0.0011227016599065997
park_2013_2017,박근혜정부(2013-2017),세수,0.0009755394109556146
park_2013_2017,박근혜정부(2013-2017),세율,0.0005768752685324073
park_2013_2017,박근혜정부(2013-2017),세입자,0.0007691576472960967
park_2013_2017,박근혜정부(2013-2017),세제,0.0010687865014082643
park_2013_2017,박근혜정부(2013-2017),세종,0.0014817091523460439
park_2013_2017,박근혜정부(2013-2017),세종시,0.0018643263023336305
park_2013_2017,박근혜정부(2013-2017),세트,0.0009290345346913394
park_2013_2017,박근혜정부(2013-2017),세포,0.0015339698816642404
park_2013_2017,박근혜정부(2013-2017),센서,0.0005145552642297243
park_2013_2017,박근혜정부(2013-2017),센터장,0.0023139946459566183
park_2013_2017,박근혜정부(2013-2017),소감,0.0012758863404696303
park_2013_2017,박근혜정부(2013-2017),소극적,0.0008267010596028944
park_2013_2017,박근혜정부(2013-2017),소녀,0.0014274456322877968
park_2013_2017,박근혜정부(2013-2017),소년,0.0012876409001116346
park_2013_2017,박근혜정부(2013-2017),소득세,0.0010049453529908943
park_2013_2017,박근혜정부(2013-2017),소련,0.0013165157855802017
park_2013_2017,박근혜정부(2013-2017),소명,0.0005906107449745921
park_2013_2017,박근혜정부(2013-2017),소문,0.0010169350982468124
park_2013_2017,박근혜정부(2013-2017),소방,0.0011258770357611568
park_2013_2017,박근혜정부(2013-2017),소방관,0.0007555521272411363
park_2013_2017,박근혜정부(2013-2017),소비자들,0.002122590216606512
park_2013_2017,박근혜정부(2013-2017),소상공인,0.0006135972919134744
park_2013_2017,박근혜정부(2013-2017),소설가,0.0014877368559596258
park_2013_2017,박근혜정부(2013-2017),소셜,0.0008993089553890859
park_2013_2017,박근혜정부(2013-2017),소셜미디어,0.00034624173002599355
park_2013_2017,박근혜정부(2013-2017),소속사,0.0015292089904172142
park_2013_2017,박근혜정부(2013-2017),소수,0.00121796377436498
park_2013_2017,박근혜정부(2013-2017),소식통,0.0008210380061006897
park_2013_2017,박근혜정부(2013-2017),소신,0.0009639726164477459
park_2013_2017,박근혜정부(2013-2017),소외,0.0011099396897989947
park_2013_2017,박근혜정부(2013-2017),소요,0.0008090944048445976
park_2013_2017,박근혜정부(2013-2017),소유,0.001615341827517155
park_2013_2017,박근혜정부(2013-2017),소음,0.0009595789169762811
park_2013_2017,박근혜정부(2013-2017),소지,0.0011028732144656187
park_2013_2017,박근혜정부(2013-2017),소집,0.0010266159207905055
park_2013_2017,박근혜정부(2013-2017),소통,0.00442968554445519
park_2013_2017,박근혜정부(2013-2017),소폭,0.0006563811685739357
park_2013_2017,박근혜정부(2013-2017),소프트웨어,0.0015151412128741274
park_2013_2017,박근혜정부(2013-2017),소형,0.0011969326024346314
park_2013_2017,박근혜정부(2013-2017),소화,0.0012488845854960416
park_2013_2017,박근혜정부(2013-2017),소환,0.0019160810179959875
park_2013_2017,박근혜정부(2013-2017),손님,0.0012202996782533985
park_2013_2017,박근혜정부(2013-2017),손상,0.0012920195658864759
park_2013_2017,박근혜정부(2013-2017),손실,0.0017791194828086312
park_2013_2017,박근혜정부(2013-2017),손학규,0.001043861068514488
park_2013_2017,박근혜정부(2013-2017),손해,0.002024943457924893
park_2013_2017,박근혜정부(2013-2017),솔루션,0.0007369086430524176
park_2013_2017,박근혜정부(2013-2017),송파구,0.0008209746692231459
park_2013_2017,박근혜정부(2013-2017),쇄신,0.0016613359615511368
park_2013_2017,박근혜정부(2013-2017),쇼핑,0.0011137854901835489
park_2013_2017,박근혜정부(2013-2017),쇼핑몰,0.0013921953841793976
park_2013_2017,박근혜정부(2013-2017),수급,0.00085505692474652
park_2013_2017,박근혜정부(2013-2017),수급자,0.0009807164707562749
park_2013_2017,박근혜정부(2013-2017),수년,0.001165692249742729
park_2013_2017,박근혜정부(2013-2017),수단,0.002274792549480344
park_2013_2017,박근혜정부(2013-2017),수당,0.0014310553187117114
park_2013_2017,박근혜정부(2013-2017),수렴,0.0014065643310932064
park_2013_2017,박근혜정부(2013-2017),수령,0.0007137253953449732
park_2013_2017,박근혜정부(2013-2017),수리,0.0013702709214824312
park_2013_2017,박근혜정부(2013-2017),수립,0.0019594779143248687
park_2013_2017,박근혜정부(2013-2017),수면,0.0009324778483019249
park_2013_2017,박근혜정부(2013-2017),수명,0.0008288691475984691
park_2013_2017,박근혜정부(2013-2017),수비,0.001699809793011713
park_2013_2017,박근혜정부(2013-2017),수사관,0.0007483956034245469
park_2013_2017,박근혜정부(2013-2017),수사권,0.0005077072619220846
park_2013_2017,박근혜정부(2013-2017),수사기관,0.000589234417331213
park_2013_2017,박근혜정부(2013-2017),수사팀,0.0006367577205745926
park_2013_2017,박근혜정부(2013-2017),수산,0.001028109804053347
park_2013_2017,박근혜정부(2013-2017),수상자,0.0023605516015150455
park_2013_2017,박근혜정부(2013-2017),수색,0.0022332485309879365
park_2013_2017,박근혜정부(2013-2017),수소,0.00027588720388504307
park_2013_2017,박근혜정부(2013-2017),수수,0.001265776091666379
park_2013_2017,박근혜정부(2013-2017),수수료,0.0019442709042442015
park_2013_2017,박근혜정부(2013-2017),수습,0.0019146007693663604
park_2013_2017,박근혜정부(2013-2017),수시,0.0013633278540135343
park_2013_2017,박근혜정부(2013-2017),수여,0.0009699866704966752
park_2013_2017,박근혜정부(2013-2017),수요일,0.0007675746800039796
park_2013_2017,박근혜정부(2013-2017),수용,0.0028471089165520713
park_2013_2017,박근혜정부(2013-2017),수원,0.002012240028499298
park_2013_2017,박근혜정부(2013-2017),수위,0.0012703010290077569
park_2013_2017,박근혜정부(2013-2017),수익률,0.0012773802363151253
park_2013_2017,박근혜정부(2013-2017),수익성,0.000860030344931647
park_2013_2017,박근혜정부(2013-2017),수장,0.0013302885940394953
park_2013_2017,박근혜정부(2013-2017),수정,0.0022476535968680316
park_2013_2017,박근혜정부(2013-2017),수주,0.001295233341576525
park_2013_2017,박근혜정부(2013-2017),수집,0.0016775101288091
park_2013_2017,박근혜정부(2013-2017),수차례,0.001106265885929242
park_2013_2017,박근혜정부(2013-2017),수치,0.001958992929619854
park_2013_2017,박근혜정부(2013-2017),수험생,0.0016212472009310016
park_2013_2017,박근혜정부(2013-2017),숙소,0.0006628561585970848
park_2013_2017,박근혜정부(2013-2017),순방,0.0014935919875165846
park_2013_2017,박근혜정부(2013-2017),순서,0.0009705658125332498
park_2013_2017,박근혜정부(2013-2017),순수,0.0012222871913902436
park_2013_2017,박근혜정부(2013-2017),순환,0.0008430553925458461
park_2013_2017,박근혜정부(2013-2017),숫자,0.0016487372358981055
park_2013_2017,박근혜정부(2013-2017),슈퍼,0.0008728151641867492
park_2013_2017,박근혜정부(2013-2017),스님,0.0009949939181392628
park_2013_2017,박근혜정부(2013-2017),스스로,0.00210486511344584
park_2013_2017,박근혜정부(2013-2017),스웨덴,0.001494840353077806
park_2013_2017,박근혜정부(2013-2017),스위스,0.002174733569486869
park_2013_2017,박근혜정부(2013-2017),스크린,0.0009728348073196798
park_2013_2017,박근혜정부(2013-2017),스타일,0.002127853204037964
park_2013_2017,박근혜정부(2013-2017),스토리,0.001011794735927081
park_2013_2017,박근혜정부(2013-2017),스튜디오,0.0006635721198158312
park_2013_2017,박근혜정부(2013-2017),스트레스,0.001845944177041944
park_2013_2017,박근혜정부(2013-2017),스티븐,0.0005789413623107187
park_2013_2017,박근혜정부(2013-2017),스페인,0.002506752624233271
park_2013_2017,박근혜정부(2013-2017),스펙,0.0013026143369639785
park_2013_2017,박근혜정부(2013-2017),습관,0.0008401872221276575
park_2013_2017,박근혜정부(2013-2017),승객,0.0012338780384746318
park_2013_2017,박근혜정부(2013-2017),승계,0.0007395049447004241
park_2013_2017,박근혜정부(2013-2017),승부,0.0018985773087125696
park_2013_2017,박근혜정부(2013-2017),승용차,0.0014244087372628652
park_2013_2017,박근혜정부(2013-2017),승진,0.00394436562059571
park_2013_2017,박근혜정부(2013-2017),시가,0.0006200794712049353
park_2013_2017,박근혜정부(2013-2017),시공,0.0007733017991766982
park_2013_2017,박근혜정부(2013-2017),시나리오,0.0010696092452821045
park_2013_2017,박근혜정부(2013-2017),시내,0.0015933919190806204
park_2013_2017,박근혜정부(2013-2017),시너지,0.0008289368634843392
park_2013_2017,박근혜정부(2013-2017),시민단체,0.001583349407622491
park_2013_2017,박근혜정부(2013-2017),시민사회,0.0010058152963903651
park_2013_2017,박근혜정부(2013-2017),시범,0.0015126597731090045
park_2013_2017,박근혜정부(2013-2017),시비,0.0009158081302001674
park_2013_2017,박근혜정부(2013-2017),시사,0.0020434282417457626
park_2013_2017,박근혜정부(2013-2017),시상식,0.002052527453882171
park_2013_2017,박근혜정부(2013-2017),시선,0.00207709606856044
park_2013_2017,박근혜정부(2013-2017),시세,0.0005940619411846262
park_2013_2017,박근혜정부(2013-2017),시속,0.0009635708361698201
park_2013_2017,박근혜정부(2013-2017),시술,0.0011295412452192995
park_2013_2017,박근혜정부(2013-2017),시신,0.0014256306233990429
park_2013_2017,박근혜정부(2013-2017),시위대,0.001368543310060633
park_2013_2017,박근혜정부(2013-2017),시인,0.0022480883611829296
park_2013_2017,박근혜정부(2013-2017),시일,0.000733287609870541
park_2013_2017,박근혜정부(2013-2017),시정,0.0013723270975545003
park_2013_2017,박근혜정부(2013-2017),시중,0.0010409118191291433
park_2013_2017,박근혜정부(2013-2017),시청,0.001879967196616184
park_2013_2017,박근혜정부(2013-2017),시청자,0.001715214035904935
park_2013_2017,박근혜정부(2013-2017),시청자들,0.0012774464572877478
park_2013_2017,박근혜정부(2013-2017),시한,0.0009878776598126792
park_2013_2017,박근혜정부(2013-2017),식당,0.002078165049639763
park_2013_2017,박근혜정부(2013-2017),식량,0.0006535848808138606
park_2013_2017,박근혜정부(2013-2017),식물,0.0008385757255184621
park_2013_2017,박근혜정부(2013-2017),식민지,0.0011048151834390134
park_2013_2017,박근혜정부(2013-2017),식사,0.0015177938690116293
park_2013_2017,박근혜정부(2013-2017),식약처,0.0006454326516347737
park_2013_2017,박근혜정부(2013-2017),식품,0.0025503765034646624
park_2013_2017,박근혜정부(2013-2017),신경,0.0019799378028648017
park_2013_2017,박근혜정부(2013-2017),신경전,0.0008244791485561498
park_2013_2017,박근혜정부(2013-2017),신기술,0.0005739232998030948
park_2013_2017,박근혜정부(2013-2017),신년,0.0012089945804173068
park_2013_2017,박근혜정부(2013-2017),신년사,0.0008189108366482186
park_2013_2017,박근혜정부(2013-2017),신념,0.0008471654933113557
park_2013_2017,박근혜정부(2013-2017),신도시,0.0005711940614051221
park_2013_2017,박근혜정부(2013-2017),신뢰,0.004521140474154655
park_2013_2017,박근혜정부(2013-2017),신뢰도,0.0008698789837347704
park_2013_2017,박근혜정부(2013-2017),신부,0.0011930728960484322
park_2013_2017,박근혜정부(2013-2017),신분,0.0017869795421182608
park_2013_2017,박근혜정부(2013-2017),신세계,0.0008316834751555757
park_2013_2017,박근혜정부(2013-2017),신속,0.0015333098905718483
park_2013_2017,박근혜정부(2013-2017),신용,0.0025103059609226904
park_2013_2017,박근혜정부(2013-2017),신인,0.0012539068911432958
park_2013_2017,박근혜정부(2013-2017),신입,0.0014980550484837703
park_2013_2017,박근혜정부(2013-2017),신장,0.0008076867040064859
park_2013_2017,박근혜정부(2013-2017),신조,0.0019156988979711677
park_2013_2017,박근혜정부(2013-2017),신중,0.0013840880512927328
park_2013_2017,박근혜정부(2013-2017),신청자,0.0007701611911758127
park_2013_2017,박근혜정부(2013-2017),신체,0.001149655768617067
park_2013_2017,박근혜정부(2013-2017),신한은행,0.0008249224438964982
park_2013_2017,박근혜정부(2013-2017),신형,0.001423020742102293
park_2013_2017,박근혜정부(2013-2017),신호,0.0013075259857484194
park_2013_2017,박근혜정부(2013-2017),신혼부부,0.0004722127560475342
park_2013_2017,박근혜정부(2013-2017),신화,0.0011109657013321807
park_2013_2017,박근혜정부(2013-2017),신흥국,0.001419760642783344
park_2013_2017,박근혜정부(2013-2017),실내,0.0007946026607691544
park_2013_2017,박근혜정부(2013-2017),실력,0.0024740480943808998
park_2013_2017,박근혜정부(2013-2017),실리콘밸리,0.0007528471227360198
park_2013_2017,박근혜정부(2013-2017),실망,0.0015354018981242298
park_2013_2017,박근혜정부(2013-2017),실명,0.0007863680728439075
park_2013_2017,박근혜정부(2013-2017),실무,0.0016518633864540451
park_2013_2017,박근혜정부(2013-2017),실세,0.0013999046636833665
park_2013_2017,박근혜정부(2013-2017),실수,0.0018772854813863368
park_2013_2017,박근혜정부(2013-2017),실습,0.000664180111832814
park_2013_2017,박근혜정부(2013-2017),실업,0.001890662712436017
park_2013_2017,박근혜정부(2013-2017),실업률,0.0010291644887670448
park_2013_2017,박근혜정부(2013-2017),실업자,0.0007543418053306797
park_2013_2017,박근혜정부(2013-2017),실정,0.0010125721228173917
park_2013_2017,박근혜정부(2013-2017),실종,0.0014802879358490977
park_2013_2017,박근혜정부(2013-2017),실종자,0.0016346856403865104
park_2013_2017,박근혜정부(2013-2017),실질,0.0012496775167977594
park_2013_2017,박근혜정부(2013-2017),실질적,0.002080984140180337
park_2013_2017,박근혜정부(2013-2017),실체,0.0012996653840777626
park_2013_2017,박근혜정부(2013-2017),실태,0.0016060949209510205
park_2013_2017,박근혜정부(2013-2017),실행,0.001624887200419219
park_2013_2017,박근혜정부(2013-2017),실형,0.0006251501899076343
park_2013_2017,박근혜정부(2013-2017),실효성,0.0012718719206685199
park_2013_2017,박근혜정부(2013-2017),심리,0.0021973387283035716
park_2013_2017,박근혜정부(2013-2017),심장,0.001131667311013743
park_2013_2017,박근혜정부(2013-2017),심정,0.0010093519672473023
park_2013_2017,박근혜정부(2013-2017),심화,0.0015215893588203585
park_2013_2017,박근혜정부(2013-2017),싱크탱크,0.0009421470660772565
park_2013_2017,박근혜정부(2013-2017),싸움,0.002179335897824864
park_2013_2017,박근혜정부(2013-2017),쌍용차,0.000903646439497928
park_2013_2017,박근혜정부(2013-2017),쓰레기,0.0011126445120065453
park_2013_2017,박근혜정부(2013-2017),씨가,0.0011969900595163905
park_2013_2017,박근혜정부(2013-2017),씨는,0.0016943953757000874
park_2013_2017,박근혜정부(2013-2017),아기,0.000987881762106397
park_2013_2017,박근혜정부(2013-2017),아나운서,0.0011161554617635243
park_2013_2017,박근혜정부(2013-2017),아니다,0.0012357904829827702
park_2013_2017,박근혜정부(2013-2017),아니라,0.0016444848752474085
park_2013_2017,박근혜정부(2013-2017),아닌,0.00115574585221084
park_2013_2017,박근혜정부(2013-2017),아르바이트,0.0009813479471577828
park_2013_2017,박근혜정부(2013-2017),아르헨티나,0.001117878398276233
park_2013_2017,박근혜정부(2013-2017),아무것,0.0009078505636674202
park_2013_2017,박근혜정부(2013-2017),아빠,0.0015988495726789312
park_2013_2017,박근혜정부(2013-2017),아산,0.0006339703320646406
park_2013_2017,박근혜정부(2013-2017),아세안,0.0007955884779492371
park_2013_2017,박근혜정부(2013-2017),아쉬움,0.001072996755999218
park_2013_2017,박근혜정부(2013-2017),아시안,0.0019825536615955862
park_2013_2017,박근혜정부(2013-2017),아이돌,0.0013554006792162148
park_2013_2017,박근혜정부(2013-2017),아이디어,0.002788703999071195
park_2013_2017,박근혜정부(2013-2017),아이템,0.0009560993010650712
park_2013_2017,박근혜정부(2013-2017),아이폰,0.001464704389272476
park_2013_2017,박근혜정부(2013-2017),아직,0.0009098578891959643
park_2013_2017,박근혜정부(2013-2017),아카데미,0.0008831641199181161
park_2013_2017,박근혜정부(2013-2017),아프리카,0.002541802184326844
park_2013_2017,박근혜정부(2013-2017),아픔,0.001043983574189869
park_2013_2017,박근혜정부(2013-2017),악용,0.001102285290972041
park_2013_2017,박근혜정부(2013-2017),악재,0.0007893158028912709
park_2013_2017,박근혜정부(2013-2017),악화,0.0023368798653113864
park_2013_2017,박근혜정부(2013-2017),안건,0.0009010946886929069
park_2013_2017,박근혜정부(2013-2017),안내,0.0012826729804936037
park_2013_2017,박근혜정부(2013-2017),안녕,0.002080088298654556
park_2013_2017,박근혜정부(2013-2017),안산,0.0011079818062348533
park_2013_2017,박근혜정부(2013-2017),안심,0.001247050435837113
park_2013_2017,박근혜정부(2013-2017),안전망,0.000440908686803737
park_2013_2017,박근혜정부(2013-2017),안전성,0.001311200375555847
park_2013_2017,박근혜정부(2013-2017),안정성,0.0007950666717158382
park_2013_2017,박근혜정부(2013-2017),안정적,0.0018809855192775302
park_2013_2017,박근혜정부(2013-2017),안팎,0.0020901603204890374
park_2013_2017,박근혜정부(2013-2017),않고,0.0015795095001669482
park_2013_2017,박근혜정부(2013-2017),않는,0.0013260140671566057
park_2013_2017,박근혜정부(2013-2017),않았다,0.0009832449145585629
park_2013_2017,박근혜정부(2013-2017),않은,0.0015460466646450425
park_2013_2017,박근혜정부(2013-2017),암호,0.000211754469914216
park_2013_2017,박근혜정부(2013-2017),압도,0.0008378597702126534
park_2013_2017,박근혜정부(2013-2017),압도적,0.001022488953831196
park_2013_2017,박근혜정부(2013-2017),압력,0.0014178358225051364
park_2013_2017,박근혜정부(2013-2017),압수,0.0012134085266643536
park_2013_2017,박근혜정부(2013-2017),압수수색,0.0020164775385710498
park_2013_2017,박근혜정부(2013-2017),앞두고,0.0017478319195250607
park_2013_2017,박근혜정부(2013-2017),앞서,0.001202141808488833
park_2013_2017,박근혜정부(2013-2017),앞으로,0.0016158521454559354
park_2013_2017,박근혜정부(2013-2017),애초,0.0019835789324067835
park_2013_2017,박근혜정부(2013-2017),애플리케이션,0.00065249986143102
park_2013_2017,박근혜정부(2013-2017),액수,0.000988986275544638
park_2013_2017,박근혜정부(2013-2017),앨범,0.001975686839492637
park_2013_2017,박근혜정부(2013-2017),야간,0.0008037447892512155
park_2013_2017,박근혜정부(2013-2017),약물,0.0007041243606526597
park_2013_2017,박근혜정부(2013-2017),약속,0.0041881168854576226
park_2013_2017,박근혜정부(2013-2017),약자,0.0011540745544544075
park_2013_2017,박근혜정부(2013-2017),약점,0.0009331516635341916
park_2013_2017,박근혜정부(2013-2017),약화,0.0010250870988827905
park_2013_2017,박근혜정부(2013-2017),양극화,0.0008988360506283859
park_2013_2017,박근혜정부(2013-2017),양당,0.0009973685912523288
park_2013_2017,박근혜정부(2013-2017),양도,0.00051883009568028
park_2013_2017,박근혜정부(2013-2017),양보,0.0014892271192222671
park_2013_2017,박근혜정부(2013-2017),양산,0.0012803059986408875
park_2013_2017,박근혜정부(2013-2017),양상,0.0011984554135177497
park_2013_2017,박근혜정부(2013-2017),양식,0.0008335877329401478
park_2013_2017,박근혜정부(2013-2017),양심,0.0008805398399483792
park_2013_2017,박근혜정부(2013-2017),양자,0.000728432946832179
park_2013_2017,박근혜정부(2013-2017),양쪽,0.0010493207693918051
park_2013_2017,박근혜정부(2013-2017),양측,0.0013675218785832027
park_2013_2017,박근혜정부(2013-2017),어깨,0.0013243161585487775
park_2013_2017,박근혜정부(2013-2017),어느,0.0010440074738946338
park_2013_2017,박근혜정부(2013-2017),어떤,0.0017595760080715767
park_2013_2017,박근혜정부(2013-2017),어르신,0.0007260053939248477
park_2013_2017,박근혜정부(2013-2017),어른,0.0010788349987090444
park_2013_2017,박근혜정부(2013-2017),어린이,0.0024159935831663945
park_2013_2017,박근혜정부(2013-2017),어린이집,0.0024957240828999
park_2013_2017,박근혜정부(2013-2017),억원,0.0012302762569604128
park_2013_2017,박근혜정부(2013-2017),억제,0.0010227355528818476
park_2013_2017,박근혜정부(2013-2017),언론사,0.0017141044146584637
park_2013_2017,박근혜정부(2013-2017),언론인,0.0012586765610189266
park_2013_2017,박근혜정부(2013-2017),언어,0.0018708055408542799
park_2013_2017,박근혜정부(2013-2017),업무,0.006664045182084237
park_2013_2017,박근혜정부(2013-2017),업무협약,0.0006350946999456383
park_2013_2017,박근혜정부(2013-2017),업적,0.0010816970716424456
park_2013_2017,박근혜정부(2013-2017),업종,0.0016081236131390297
park_2013_2017,박근혜정부(2013-2017),업체들,0.001108146849111584
park_2013_2017,박근혜정부(2013-2017),없는,0.0023835935398281516
park_2013_2017,박근혜정부(2013-2017),없다,0.0021433002905013277
park_2013_2017,박근혜정부(2013-2017),없어,0.0008457601731884296
park_2013_2017,박근혜정부(2013-2017),없이,0.0016601329719314324
park_2013_2017,박근혜정부(2013-2017),엔진,0.0017084288395426011
park_2013_2017,박근혜정부(2013-2017),엔터테인먼트,0.0009145296763758062
park_2013_2017,박근혜정부(2013-2017),엘리트,0.0009216691384556061
park_2013_2017,박근혜정부(2013-2017),여건,0.0018330284789910725
park_2013_2017,박근혜정부(2013-2017),여권,0.0017358599944196074
park_2013_2017,박근혜정부(2013-2017),여년,0.001512625162416195
park_2013_2017,박근혜정부(2013-2017),여러,0.001191863151785231
park_2013_2017,박근혜정부(2013-2017),여력,0.0004951783696821752
park_2013_2017,박근혜정부(2013-2017),여름,0.0019758429694637356
park_2013_2017,박근혜정부(2013-2017),여명,0.0028993292458192963
park_2013_2017,박근혜정부(2013-2017),여사,0.0009318722603672137
park_2013_2017,박근혜정부(2013-2017),여성,0.010659065352401624
park_2013_2017,박근혜정부(2013-2017),여성들,0.0018886860469340915
park_2013_2017,박근혜정부(2013-2017),여수,0.0015322907611570787
park_2013_2017,박근혜정부(2013-2017),여유,0.0014488188735219236
park_2013_2017,박근혜정부(2013-2017),여전히,0.0009335507753200631
park_2013_2017,박근혜정부(2013-2017),여지,0.0013431177076663066
park_2013_2017,박근혜정부(2013-2017),여파,0.000908698454360383
park_2013_2017,박근혜정부(2013-2017),역사적,0.001137217701821707
park_2013_2017,박근혜정부(2013-2017),역임,0.000943036851200478
park_2013_2017,박근혜정부(2013-2017),역전,0.0007359796337245438
park_2013_2017,박근혜정부(2013-2017),역할,0.00739185070029197
park_2013_2017,박근혜정부(2013-2017),연계,0.0031515297300270225
park_2013_2017,박근혜정부(2013-2017),연관,0.0010527446453578273
park_2013_2017,박근혜정부(2013-2017),연구개발,0.0013532327822884523
park_2013_2017,박근혜정부(2013-2017),연구소장,0.001145025834772771
park_2013_2017,박근혜정부(2013-2017),연구위원,0.001060560990073097
park_2013_2017,박근혜정부(2013-2017),연구자,0.0010761519988590465
park_2013_2017,박근혜정부(2013-2017),연구진,0.0011132318280381143
park_2013_2017,박근혜정부(2013-2017),연구팀,0.0010688493612731073
park_2013_2017,박근혜정부(2013-2017),연극,0.001448864954573459
park_2013_2017,박근혜정부(2013-2017),연금,0.008080104815626333
park_2013_2017,박근혜정부(2013-2017),연내,0.0011629709959480555
park_2013_2017,박근혜정부(2013-2017),연동,0.000618993682825583
park_2013_2017,박근혜정부(2013-2017),연락,0.0014249220113891157
park_2013_2017,박근혜정부(2013-2017),연령,0.0013625344778410776
park_2013_2017,박근혜정부(2013-2017),연령대,0.0008249118049306904
park_2013_2017,박근혜정부(2013-2017),연료,0.00090259279006895
park_2013_2017,박근혜정부(2013-2017),연루,0.0011422387913188794
park_2013_2017,박근혜정부(2013-2017),연말,0.0022161602316839242
park_2013_2017,박근혜정부(2013-2017),연방,0.0020499795463976653
park_2013_2017,박근혜정부(2013-2017),연봉,0.0027977515867778956
park_2013_2017,박근혜정부(2013-2017),연상,0.000843041230405836
park_2013_2017,박근혜정부(2013-2017),연세대,0.0025081481535749787
park_2013_2017,박근혜정부(2013-2017),연수,0.0012889850411416345
park_2013_2017,박근혜정부(2013-2017),연애,0.0012333360453260843
park_2013_2017,박근혜정부(2013-2017),연예인,0.0012018477393085328
park_2013_2017,박근혜정부(2013-2017),연일,0.0012256435723420065
park_2013_2017,박근혜정부(2013-2017),연임,0.0007779303843245504
park_2013_2017,박근혜정부(2013-2017),연주,0.0015764841817955324
park_2013_2017,박근혜정부(2013-2017),연출,0.0019640887347273824
park_2013_2017,박근혜정부(2013-2017),연평균,0.0011194154533382722
park_2013_2017,박근혜정부(2013-2017),연휴,0.0013378307047022006
park_2013_2017,박근혜정부(2013-2017),열고,0.0018965689684067436
park_2013_2017,박근혜정부(2013-2017),열기,0.0009545464941902176
park_2013_2017,박근혜정부(2013-2017),열리는,0.0011746882905212133
park_2013_2017,박근혜정부(2013-2017),열병식,0.0007403917714724983
park_2013_2017,박근혜정부(2013-2017),열어,0.0016048790688040185
park_2013_2017,박근혜정부(2013-2017),열정,0.0018525550934808174
park_2013_2017,박근혜정부(2013-2017),열차,0.0010714649413544155
park_2013_2017,박근혜정부(2013-2017),열풍,0.0011710942167625301
park_2013_2017,박근혜정부(2013-2017),열흘,0.0007688565250394789
park_2013_2017,박근혜정부(2013-2017),염두,0.0010832644371472258
park_2013_2017,박근혜정부(2013-2017),영광,0.0013136341465147532
park_2013_2017,박근혜정부(2013-2017),영남,0.001263550564947176
park_2013_2017,박근혜정부(2013-2017),영상취재,0.00203312810239374
park_2013_2017,박근혜정부(2013-2017),영업이익,0.0010779149267579541
park_2013_2017,박근혜정부(2013-2017),영역,0.002969359309538169
park_2013_2017,박근혜정부(2013-2017),영웅,0.0012422362259650879
park_2013_2017,박근혜정부(2013-2017),영입,0.002733138003218731
park_2013_2017,박근혜정부(2013-2017),영토,0.0010664233453711429
park_2013_2017,박근혜정부(2013-2017),영향력,0.0027741045565035996
park_2013_2017,박근혜정부(2013-2017),영화제,0.0019314757430783553
park_2013_2017,박근혜정부(2013-2017),예고,0.002539826990790866
park_2013_2017,박근혜정부(2013-2017),예능,0.0015351588963909816
park_2013_2017,박근혜정부(2013-2017),예비,0.002162617698962469
park_2013_2017,박근혜정부(2013-2017),예산안,0.0021703591640467143
park_2013_2017,박근혜정부(2013-2017),예술가,0.0010593152023621799
park_2013_2017,박근혜정부(2013-2017),예약,0.0010052511885060083
park_2013_2017,박근혜정부(2013-2017),예외,0.001078975246595049
park_2013_2017,박근혜정부(2013-2017),예전,0.0019824874048938626
park_2013_2017,박근혜정부(2013-2017),옛날,0.0010650942607935534
park_2013_2017,박근혜정부(2013-2017),오는,0.002159176062235743
park_2013_2017,박근혜정부(2013-2017),오늘날,0.001373184332976472
park_2013_2017,박근혜정부(2013-2017),오래전,0.0008343339115366977
park_2013_2017,박근혜정부(2013-2017),오랫동안,0.0018930132395081555
park_2013_2017,박근혜정부(2013-2017),오류,0.0012028584678166153
park_2013_2017,박근혜정부(2013-2017),오른쪽,0.0018150388343906362
park_2013_2017,박근혜정부(2013-2017),오염,0.0010656949029892073
park_2013_2017,박근혜정부(2013-2017),오찬,0.0010696448192672224
park_2013_2017,박근혜정부(2013-2017),오픈,0.001638106985295259
park_2013_2017,박근혜정부(2013-2017),오피스텔,0.0010907761554015852
park_2013_2017,박근혜정부(2013-2017),오해,0.0013787759075890645
park_2013_2017,박근혜정부(2013-2017),온도,0.0008315585917936165
park_2013_2017,박근혜정부(2013-2017),온실,0.0007084866464634468
park_2013_2017,박근혜정부(2013-2017),옹호,0.000819777110496398
park_2013_2017,박근혜정부(2013-2017),와인,0.0007868216556044202
park_2013_2017,박근혜정부(2013-2017),와중,0.0007822888270272769
park_2013_2017,박근혜정부(2013-2017),완공,0.001107435657668761
park_2013_2017,박근혜정부(2013-2017),완벽,0.0017034033344685928
park_2013_2017,박근혜정부(2013-2017),완성,0.0021376897548761407
park_2013_2017,박근혜정부(2013-2017),왜곡,0.0020702491360344304
park_2013_2017,박근혜정부(2013-2017),외교관,0.0010360307757856665
park_2013_2017,박근혜정부(2013-2017),외교부,0.0020935698138230823
park_2013_2017,박근혜정부(2013-2017),외국어,0.0010185589313669086
park_2013_2017,박근혜정부(2013-2017),외면,0.0016945781397975574
park_2013_2017,박근혜정부(2013-2017),외모,0.0011432007658110782
park_2013_2017,박근혜정부(2013-2017),외신,0.0006904753513127448
park_2013_2017,박근혜정부(2013-2017),외환,0.0012293888905892587
park_2013_2017,박근혜정부(2013-2017),외환위기,0.0009232825526199602
park_2013_2017,박근혜정부(2013-2017),왼쪽,0.0017721715087922869
park_2013_2017,박근혜정부(2013-2017),요건,0.0014160905504354726
park_2013_2017,박근혜정부(2013-2017),요금,0.0025134721937765184
park_2013_2017,박근혜정부(2013-2017),요리,0.001658245583466766
park_2013_2017,박근혜정부(2013-2017),요소,0.0020056733775097113
park_2013_2017,박근혜정부(2013-2017),요약,0.0006575634585907868
park_2013_2017,박근혜정부(2013-2017),요양,0.0005704948421690327
park_2013_2017,박근혜정부(2013-2017),요원,0.001182686184084553
park_2013_2017,박근혜정부(2013-2017),요인,0.0023524212809739133
park_2013_2017,박근혜정부(2013-2017),욕망,0.0010512945381520038
park_2013_2017,박근혜정부(2013-2017),욕심,0.0009080473781468589
park_2013_2017,박근혜정부(2013-2017),용기,0.0015384715971289307
park_2013_2017,박근혜정부(2013-2017),용도,0.0007766463770224428
park_2013_2017,박근혜정부(2013-2017),용산,0.0009121692774825256
park_2013_2017,박근혜정부(2013-2017),용어,0.0013022298255296473
park_2013_2017,박근혜정부(2013-2017),용역,0.0012825481040334933
park_2013_2017,박근혜정부(2013-2017),용의자,0.0015276985801260547
park_2013_2017,박근혜정부(2013-2017),용인,0.0014169922122167927
park_2013_2017,박근혜정부(2013-2017),우리은행,0.0009374860502745899
park_2013_2017,박근혜정부(2013-2017),우상호,0.0009099211665480958
park_2013_2017,박근혜정부(2013-2017),우선,0.0019519076664865176
park_2013_2017,박근혜정부(2013-2017),우세,0.0008633663354703121
park_2013_2017,박근혜정부(2013-2017),우울증,0.000847186680985396
park_2013_2017,박근혜정부(2013-2017),우위,0.0007407197414726846
park_2013_2017,박근혜정부(2013-2017),우주,0.001427416963890464
park_2013_2017,박근혜정부(2013-2017),우파,0.000649980586003209
park_2013_2017,박근혜정부(2013-2017),운명,0.0014469936396775884
park_2013_2017,박근혜정부(2013-2017),운송,0.0005339842149283484
park_2013_2017,박근혜정부(2013-2017),운영,0.010718189526538097
park_2013_2017,박근혜정부(2013-2017),운전,0.0016837466229655757
park_2013_2017,박근혜정부(2013-2017),운전자,0.001635511215518059
park_2013_2017,박근혜정부(2013-2017),운항,0.0007139068824384012
park_2013_2017,박근혜정부(2013-2017),운행,0.0014841827042857457
park_2013_2017,박근혜정부(2013-2017),울산시,0.0009545795689356684
park_2013_2017,박근혜정부(2013-2017),움직,0.0011824551583146763
park_2013_2017,박근혜정부(2013-2017),움직임,0.0019924744506479857
park_2013_2017,박근혜정부(2013-2017),워싱턴포스트,0.0007366607939624341
park_2013_2017,박근혜정부(2013-2017),원가,0.0005228584328547124
park_2013_2017,박근혜정부(2013-2017),원격,0.0005659052072341409
park_2013_2017,박근혜정부(2013-2017),원고,0.001029565947007672
park_2013_2017,박근혜정부(2013-2017),원대,0.0015303750088283348
park_2013_2017,박근혜정부(2013-2017),원래,0.002346413313639799
park_2013_2017,박근혜정부(2013-2017),원료,0.0008898942685123798
park_2013_2017,박근혜정부(2013-2017),원리,0.000978111456357756
park_2013_2017,박근혜정부(2013-2017),원씩,0.001282776018817944
park_2013_2017,박근혜정부(2013-2017),원유,0.0008095783136904588
park_2013_2017,박근혜정부(2013-2017),원을,0.001364063510640193
park_2013_2017,박근혜정부(2013-2017),원자력,0.00155710708856728
park_2013_2017,박근혜정부(2013-2017),원조,0.0010254799565443927
park_2013_2017,박근혜정부(2013-2017),원천,0.0007682409740767115
park_2013_2017,박근혜정부(2013-2017),원칙,0.0038901358346302515
park_2013_2017,박근혜정부(2013-2017),원칙적,0.0005542478494959017
park_2013_2017,박근혜정부(2013-2017),원활,0.0007704191270484304
park_2013_2017,박근혜정부(2013-2017),원희룡,0.0006269314118298131
park_2013_2017,박근혜정부(2013-2017),월급,0.0015073654647652494
park_2013_2017,박근혜정부(2013-2017),월드,0.00105112188674731
park_2013_2017,박근혜정부(2013-2017),월부터,0.0013573705746837688
park_2013_2017,박근혜정부(2013-2017),월성,0.000429454836980201
park_2013_2017,박근혜정부(2013-2017),월세,0.0014227659993179685
park_2013_2017,박근혜정부(2013-2017),월요일,0.0009292774975932301
park_2013_2017,박근혜정부(2013-2017),월평균,0.0007575565339936893
park_2013_2017,박근혜정부(2013-2017),웹툰,0.0007930653916854047
park_2013_2017,박근혜정부(2013-2017),위력,0.0006114998871712732
park_2013_2017,박근혜정부(2013-2017),위로,0.001592161563719683
park_2013_2017,박근혜정부(2013-2017),위법,0.0008285356311085825
park_2013_2017,박근혜정부(2013-2017),위상,0.0015216365036806712
park_2013_2017,박근혜정부(2013-2017),위성,0.0008334333977067701
park_2013_2017,박근혜정부(2013-2017),위안,0.0011542596954992517
park_2013_2017,박근혜정부(2013-2017),위장,0.0007560333927434728
park_2013_2017,박근혜정부(2013-2017),위주,0.0020088539714961068
park_2013_2017,박근혜정부(2013-2017),위축,0.0014107102241533484
park_2013_2017,박근혜정부(2013-2017),위탁,0.000811214522263913
park_2013_2017,박근혜정부(2013-2017),위헌,0.0014039732283305788
park_2013_2017,박근혜정부(2013-2017),위험성,0.0008682957752016812
park_2013_2017,박근혜정부(2013-2017),유가,0.0008052330607335753
park_2013_2017,박근혜정부(2013-2017),유감,0.0014608518192772081
park_2013_2017,박근혜정부(2013-2017),유권자,0.002535849700940108
park_2013_2017,박근혜정부(2013-2017),유권자들,0.00128396023868575
park_2013_2017,박근혜정부(2013-2017),유네스코,0.0014550906209448312
park_2013_2017,박근혜정부(2013-2017),유도,0.002067752170613042
park_2013_2017,박근혜정부(2013-2017),유럽연합,0.0017470415954453102
park_2013_2017,박근혜정부(2013-2017),유력,0.002016028826136537
park_2013_2017,박근혜정부(2013-2017),유로,0.0015719655141817194
park_2013_2017,박근혜정부(2013-2017),유리,0.0025788881466532417
park_2013_2017,박근혜정부(2013-2017),유망,0.0007240623419748361
park_2013_2017,박근혜정부(2013-2017),유발,0.0012913033372541334
park_2013_2017,박근혜정부(2013-2017),유사,0.0013302112050350874
park_2013_2017,박근혜정부(2013-2017),유산,0.0012915195748479705
park_2013_2017,박근혜정부(2013-2017),유세,0.0007523580223066966
park_2013_2017,박근혜정부(2013-2017),유시민,0.00023498078220314812
park_2013_2017,박근혜정부(2013-2017),유예,0.0012285677425061398
park_2013_2017,박근혜정부(2013-2017),유용,0.0007776262357295943
park_2013_2017,박근혜정부(2013-2017),유입,0.0010234643156471137
park_2013_2017,박근혜정부(2013-2017),유전자,0.0016559707666193527
park_2013_2017,박근혜정부(2013-2017),유족,0.0015201164792096196
park_2013_2017,박근혜정부(2013-2017),유죄,0.001214541094695925
park_2013_2017,박근혜정부(2013-2017),유착,0.0006219177810003522
park_2013_2017,박근혜정부(2013-2017),유포,0.000642468332686892
park_2013_2017,박근혜정부(2013-2017),유플러스,0.0007706218250147727
park_2013_2017,박근혜정부(2013-2017),유학,0.0016134891376819443
park_2013_2017,박근혜정부(2013-2017),유해,0.0009111827041321434
park_2013_2017,박근혜정부(2013-2017),유행,0.0011827920771939851
park_2013_2017,박근혜정부(2013-2017),유형,0.0013272131214552203
park_2013_2017,박근혜정부(2013-2017),유효,0.0006318227358577962
park_2013_2017,박근혜정부(2013-2017),육군,0.0016511321885886471
park_2013_2017,박근혜정부(2013-2017),육박,0.0009026649953941558
park_2013_2017,박근혜정부(2013-2017),육성,0.0032073257950882422
park_2013_2017,박근혜정부(2013-2017),육아,0.0014998439538279435
park_2013_2017,박근혜정부(2013-2017),육아휴직,0.0007302886242422468
park_2013_2017,박근혜정부(2013-2017),윤리,0.0014439676021389028
park_2013_2017,박근혜정부(2013-2017),융합,0.0020450150040857437
park_2013_2017,박근혜정부(2013-2017),으로,0.0021983157008907167
park_2013_2017,박근혜정부(2013-2017),은퇴,0.002315385446584892
park_2013_2017,박근혜정부(2013-2017),은폐,0.0009795299318161481
park_2013_2017,박근혜정부(2013-2017),음성,0.0007778361893964099
park_2013_2017,박근혜정부(2013-2017),음성변조,0.0003111260771828671
park_2013_2017,박근혜정부(2013-2017),음식점,0.0011047885169561393
park_2013_2017,박근혜정부(2013-2017),음주,0.0009067285191316946
park_2013_2017,박근혜정부(2013-2017),응답,0.0024565137813321006
park_2013_2017,박근혜정부(2013-2017),응답자,0.0017033391959359622
park_2013_2017,박근혜정부(2013-2017),응시,0.0010482612444506878
park_2013_2017,박근혜정부(2013-2017),의결,0.0020478571947147826
park_2013_2017,박근혜정부(2013-2017),의구심,0.0008548150476363249
park_2013_2017,박근혜정부(2013-2017),의대,0.0008606013329473627
park_2013_2017,박근혜정부(2013-2017),의도,0.0026295824864781196
park_2013_2017,박근혜정부(2013-2017),의뢰,0.0012594009787224873
park_2013_2017,박근혜정부(2013-2017),의료,0.004551292456433641
park_2013_2017,박근혜정부(2013-2017),의료비,0.0009591860539209944
park_2013_2017,박근혜정부(2013-2017),의료진,0.0011205246108201199
park_2013_2017,박근혜정부(2013-2017),의류,0.0007583413138024769
park_2013_2017,박근혜정부(2013-2017),의무화,0.0012408195567551997
park_2013_2017,박근혜정부(2013-2017),의문,0.002256343310590654
park_2013_2017,박근혜정부(2013-2017),의미,0.007779059180755469
park_2013_2017,박근혜정부(2013-2017),의사결정,0.0006465354739989875
park_2013_2017,박근혜정부(2013-2017),의석,0.0010881322470853699
park_2013_2017,박근혜정부(2013-2017),의식,0.002594076535727919
park_2013_2017,박근혜정부(2013-2017),의약품,0.0012718882680982366
park_2013_2017,박근혜정부(2013-2017),의원님,0.0005040662906693632
park_2013_2017,박근혜정부(2013-2017),의원실,0.0006823733913091843
park_2013_2017,박근혜정부(2013-2017),의원은,0.002009375293212899
park_2013_2017,박근혜정부(2013-2017),의원이,0.0015404185530039523
park_2013_2017,박근혜정부(2013-2017),의제,0.0014080925227278932
park_2013_2017,박근혜정부(2013-2017),의존,0.0014185050158249755
park_2013_2017,박근혜정부(2013-2017),의학,0.0011930816929470295
park_2013_2017,박근혜정부(2013-2017),이같이,0.0018129205092474662
park_2013_2017,박근혜정부(2013-2017),이건희,0.0011843680402223074
park_2013_2017,박근혜정부(2013-2017),이견,0.001284231649108372
park_2013_2017,박근혜정부(2013-2017),이념,0.0018437573465070697
park_2013_2017,박근혜정부(2013-2017),이노베이션,0.0005571579953169072
park_2013_2017,박근혜정부(2013-2017),이는,0.0011381979045546936
park_2013_2017,박근혜정부(2013-2017),이다,0.0009640266588984794
park_2013_2017,박근혜정부(2013-2017),이득,0.0007093782147792069
park_2013_2017,박근혜정부(2013-2017),이들은,0.0010043660960697295
park_2013_2017,박근혜정부(2013-2017),이듬해,0.0015064280755659196
park_2013_2017,박근혜정부(2013-2017),이라고,0.0018638465579217034
park_2013_2017,박근혜정부(2013-2017),이라는,0.0013097631260142676
park_2013_2017,박근혜정부(2013-2017),이라며,0.0009022423604883636
park_2013_2017,박근혜정부(2013-2017),이래,0.0019724457351875313
park_2013_2017,박근혜정부(2013-2017),이런,0.0024816838572874287
park_2013_2017,박근혜정부(2013-2017),이렇게,0.001487857751502282
park_2013_2017,박근혜정부(2013-2017),이력,0.0007282227943376142
park_2013_2017,박근혜정부(2013-2017),이례적,0.0013164366684343459
park_2013_2017,박근혜정부(2013-2017),이론,0.0014984603809727534
park_2013_2017,박근혜정부(2013-2017),이른바,0.0014994001938307803
park_2013_2017,박근혜정부(2013-2017),이를,0.0016748486029534151
park_2013_2017,박근혜정부(2013-2017),이마트,0.0009182780066502652
park_2013_2017,박근혜정부(2013-2017),이메일,0.0007821888815864487
park_2013_2017,박근혜정부(2013-2017),이미,0.0010762565511764075
park_2013_2017,박근혜정부(2013-2017),이민,0.0009550725902550854
park_2013_2017,박근혜정부(2013-2017),이벤트,0.0015516759421738125
park_2013_2017,박근혜정부(2013-2017),이성,0.0008436757587576816
park_2013_2017,박근혜정부(2013-2017),이수,0.0008246520481761791
park_2013_2017,박근혜정부(2013-2017),이식,0.000826973237513899
park_2013_2017,박근혜정부(2013-2017),이씨,0.0017919140759988217
park_2013_2017,박근혜정부(2013-2017),이어,0.0025277340771133684
park_2013_2017,박근혜정부(2013-2017),이에,0.0015288350437140947
park_2013_2017,박근혜정부(2013-2017),이외,0.0013632839914501627
park_2013_2017,박근혜정부(2013-2017),이웃,0.0015842974057106698
park_2013_2017,박근혜정부(2013-2017),이인영,0.00028933999172595483
park_2013_2017,박근혜정부(2013-2017),이자,0.001427979024826532
park_2013_2017,박근혜정부(2013-2017),이제,0.001123278508189562
park_2013_2017,박근혜정부(2013-2017),이젠,0.0016536671164860469
park_2013_2017,박근혜정부(2013-2017),이종훈,0.0004501064836628038
park_2013_2017,박근혜정부(2013-2017),이주,0.0010229249353378674
park_2013_2017,박근혜정부(2013-2017),이중,0.0007258942244854652
park_2013_2017,박근혜정부(2013-2017),이집트,0.0013486438357935835
park_2013_2017,박근혜정부(2013-2017),이탈,0.0010787048666439554
park_2013_2017,박근혜정부(2013-2017),이틀,0.0022786033742376245
park_2013_2017,박근혜정부(2013-2017),이틀간,0.0009132032075914664
park_2013_2017,박근혜정부(2013-2017),이하,0.0012605355813114407
park_2013_2017,박근혜정부(2013-2017),이해,0.005082436744019522
park_2013_2017,박근혜정부(2013-2017),이해관계,0.0011747758781663622
park_2013_2017,박근혜정부(2013-2017),이혼,0.0013482470049847497
park_2013_2017,박근혜정부(2013-2017),이화여대,0.001624350077350511
park_2013_2017,박근혜정부(2013-2017),익명,0.0006279725589033985
park_2013_2017,박근혜정부(2013-2017),인건비,0.0012953470212254767
park_2013_2017,박근혜정부(2013-2017),인공,0.0009460266683950879
park_2013_2017,박근혜정부(2013-2017),인공지능,0.001118181221771777
park_2013_2017,박근혜정부(2013-2017),인권,0.004168070287736645
park_2013_2017,박근혜정부(2013-2017),인권위,0.0006908577767099536
park_2013_2017,박근혜정부(2013-2017),인도네시아,0.0016665692323537557
park_2013_2017,박근혜정부(2013-2017),인력,0.0038904838700213303
park_2013_2017,박근혜정부(2013-2017),인류,0.0016249163987033242
park_2013_2017,박근혜정부(2013-2017),인문,0.001143461637853405
park_2013_2017,박근혜정부(2013-2017),인문학,0.0014364157688916612
park_2013_2017,박근혜정부(2013-2017),인물들,0.0009764363226936969
park_2013_2017,박근혜정부(2013-2017),인민,0.0013475505294228982
park_2013_2017,박근혜정부(2013-2017),인사,0.011249830239118937
park_2013_2017,박근혜정부(2013-2017),인사들,0.0016606154215785172
park_2013_2017,박근혜정부(2013-2017),인사청문회,0.0011479938134734493
park_2013_2017,박근혜정부(2013-2017),인선,0.0015748974139757554
park_2013_2017,박근혜정부(2013-2017),인성,0.0011658424676701537
park_2013_2017,박근혜정부(2013-2017),인센티브,0.0008566725981559188
park_2013_2017,박근혜정부(2013-2017),인스타그램,0.0003494175216908776
park_2013_2017,박근혜정부(2013-2017),인식,0.004764441251074794
park_2013_2017,박근혜정부(2013-2017),인연,0.0013865581871875068
park_2013_2017,박근혜정부(2013-2017),인용,0.0017201477461175347
park_2013_2017,박근혜정부(2013-2017),인원,0.0019042642549264297
park_2013_2017,박근혜정부(2013-2017),인재,0.003708334045301579
park_2013_2017,박근혜정부(2013-2017),인적,0.0009325733576571121
park_2013_2017,박근혜정부(2013-2017),인접,0.000733713684925829
park_2013_2017,박근혜정부(2013-2017),인종,0.0008267281213718184
park_2013_2017,박근혜정부(2013-2017),인지도,0.0010436844851191888
park_2013_2017,박근혜정부(2013-2017),인천공항,0.0011103975054484081
park_2013_2017,박근혜정부(2013-2017),인천시,0.0015957090157973158
park_2013_2017,박근혜정부(2013-2017),인체,0.0009045039626641055
park_2013_2017,박근혜정부(2013-2017),인치,0.0007494819093285554
park_2013_2017,박근혜정부(2013-2017),인턴,0.0013905774409490815
park_2013_2017,박근혜정부(2013-2017),인테리어,0.0006296976004797344
park_2013_2017,박근혜정부(2013-2017),인프라,0.001806024232254744
park_2013_2017,박근혜정부(2013-2017),인플레이션,0.0004234055241634197
park_2013_2017,박근혜정부(2013-2017),인하,0.0018785507949809247
park_2013_2017,박근혜정부(2013-2017),일가,0.0012950704177307525
park_2013_2017,박근혜정부(2013-2017),일각,0.0016593614167202794
park_2013_2017,박근혜정부(2013-2017),일간,0.0010078500591753675
park_2013_2017,박근혜정부(2013-2017),일감,0.000715328826853722
park_2013_2017,박근혜정부(2013-2017),일관,0.0011993690807604574
park_2013_2017,박근혜정부(2013-2017),일괄,0.0007775348988308994
park_2013_2017,박근혜정부(2013-2017),일까지,0.0014779524909304116
park_2013_2017,박근혜정부(2013-2017),일당,0.0012217316913513525
park_2013_2017,박근혜정부(2013-2017),일대,0.0018789890499001653
park_2013_2017,박근혜정부(2013-2017),일들,0.001290566168982892
park_2013_2017,박근혜정부(2013-2017),일명,0.0010880151809439902
park_2013_2017,박근혜정부(2013-2017),일반고,0.0007109999692050037
park_2013_2017,박근혜정부(2013-2017),일반인,0.0011894784679780221
park_2013_2017,박근혜정부(2013-2017),일반적,0.0013717160088579368
park_2013_2017,박근혜정부(2013-2017),일방적,0.0014618895535668515
park_2013_2017,박근혜정부(2013-2017),일본군,0.002557746579121946
park_2013_2017,박근혜정부(2013-2017),일본인,0.0016771292476254246
park_2013_2017,박근혜정부(2013-2017),일부,0.0015072691043058629
park_2013_2017,박근혜정부(2013-2017),일부터,0.0020044438566402755
park_2013_2017,박근혜정부(2013-2017),일상,0.0018015625955124144
park_2013_2017,박근혜정부(2013-2017),일상생활,0.0007823396278188223
park_2013_2017,박근혜정부(2013-2017),일선,0.0010932149159419552
park_2013_2017,박근혜정부(2013-2017),일시,0.0006285426575621857
park_2013_2017,박근혜정부(2013-2017),일시적,0.0005874452617513479
park_2013_2017,박근혜정부(2013-2017),일요일,0.0013227731036260047
park_2013_2017,박근혜정부(2013-2017),일원,0.0008652394790466024
park_2013_2017,박근혜정부(2013-2017),일이,0.000996738167316333
park_2013_2017,박근혜정부(2013-2017),일자,0.0012681550458452076
park_2013_2017,박근혜정부(2013-2017),일자리,0.009542990872389393
park_2013_2017,박근혜정부(2013-2017),일제,0.0017927948997685742
park_2013_2017,박근혜정부(2013-2017),일종,0.0016340833776342736
park_2013_2017,박근혜정부(2013-2017),일주일,0.002033620384052997
park_2013_2017,박근혜정부(2013-2017),일치,0.0013590417618944853
park_2013_2017,박근혜정부(2013-2017),일환,0.0008691479069541456
park_2013_2017,박근혜정부(2013-2017),임금,0.005133451155286632
park_2013_2017,박근혜정부(2013-2017),임대료,0.00104248696383918
park_2013_2017,박근혜정부(2013-2017),임대주택,0.0005479502848055603
park_2013_2017,박근혜정부(2013-2017),임대차,0.00034820210544874027
park_2013_2017,박근혜정부(2013-2017),임무,0.0012491366635138895
park_2013_2017,박근혜정부(2013-2017),임시,0.0020709063083591567
park_2013_2017,박근혜정부(2013-2017),임신,0.0010353579266105535
park_2013_2017,박근혜정부(2013-2017),임용,0.001542894024238591
park_2013_2017,박근혜정부(2013-2017),입건,0.0016204893155040455
park_2013_2017,박근혜정부(2013-2017),입구,0.0008037894423985712
park_2013_2017,박근혜정부(2013-2017),입당,0.0006522400918339646
park_2013_2017,박근혜정부(2013-2017),입력,0.0006237108967397501
park_2013_2017,박근혜정부(2013-2017),입사,0.0013942547030628045
park_2013_2017,박근혜정부(2013-2017),입수,0.0010203523096241353
park_2013_2017,박근혜정부(2013-2017),입시,0.0019364490486071585
park_2013_2017,박근혜정부(2013-2017),입양,0.00048692598690716323
park_2013_2017,박근혜정부(2013-2017),입원,0.001174090836920928
park_2013_2017,박근혜정부(2013-2017),입장을,0.0009473487199658978
park_2013_2017,박근혜정부(2013-2017),입주자,0.0006831411863283894
park_2013_2017,박근혜정부(2013-2017),입증,0.0019026043730725182
park_2013_2017,박근혜정부(2013-2017),입지,0.0014833673787535695
park_2013_2017,박근혜정부(2013-2017),입찰,0.0015663442780811758
park_2013_2017,박근혜정부(2013-2017),있게,0.0009263528766990186
park_2013_2017,박근혜정부(2013-2017),있고,0.0009310548857529142
park_2013_2017,박근혜정부(2013-2017),있다고,0.0017830658099777818
park_2013_2017,박근혜정부(2013-2017),있다는,0.0017083438674178242
park_2013_2017,박근혜정부(2013-2017),있도록,0.0011434725365029462
park_2013_2017,박근혜정부(2013-2017),있어,0.001201401287648159
park_2013_2017,박근혜정부(2013-2017),있었다,0.001389678349973118
park_2013_2017,박근혜정부(2013-2017),있지만,0.0011391269165884515
park_2013_2017,박근혜정부(2013-2017),자격증,0.0013463890814773543
park_2013_2017,박근혜정부(2013-2017),자국,0.0012875030462186528
park_2013_2017,박근혜정부(2013-2017),자극,0.0015331335439131585
park_2013_2017,박근혜정부(2013-2017),자녀들,0.0008123411192300021
park_2013_2017,박근혜정부(2013-2017),자동,0.0016190895584817994
park_2013_2017,박근혜정부(2013-2017),자랑,0.002364776698740815
park_2013_2017,박근혜정부(2013-2017),자리매김,0.0008628377627191864
park_2013_2017,박근혜정부(2013-2017),자립,0.0007042147282538965
park_2013_2017,박근혜정부(2013-2017),자문,0.001505966584925382
park_2013_2017,박근혜정부(2013-2017),자민당,0.001220626974448086
park_2013_2017,박근혜정부(2013-2017),자발적,0.0009387465068875231
park_2013_2017,박근혜정부(2013-2017),자본,0.002571156713409005
park_2013_2017,박근혜정부(2013-2017),자부심,0.0010211019548969202
park_2013_2017,박근혜정부(2013-2017),자사,0.0008286339308645122
park_2013_2017,박근혜정부(2013-2017),자사고,0.0016248059220572075
park_2013_2017,박근혜정부(2013-2017),자세,0.0023236368133319574
park_2013_2017,박근혜정부(2013-2017),자식,0.0014040250994264145
park_2013_2017,박근혜정부(2013-2017),자신감,0.002466898768418767
park_2013_2017,박근혜정부(2013-2017),자신들,0.002817219844399057
park_2013_2017,박근혜정부(2013-2017),자신의,0.0016333919346574266
park_2013_2017,박근혜정부(2013-2017),자영업,0.0005361690669027967
park_2013_2017,박근혜정부(2013-2017),자원,0.0032244126883103443
park_2013_2017,박근혜정부(2013-2017),자원부,0.0009482946330062711
park_2013_2017,박근혜정부(2013-2017),자율,0.001538147233973723
park_2013_2017,박근혜정부(2013-2017),자율주행,0.0001942685651712958
park_2013_2017,박근혜정부(2013-2017),자전거,0.0011134897252081631
park_2013_2017,박근혜정부(2013-2017),자제,0.00123518014829563
park_2013_2017,박근혜정부(2013-2017),자존심,0.0011013884477425236
park_2013_2017,박근혜정부(2013-2017),자진,0.0009233508043986747
park_2013_2017,박근혜정부(2013-2017),자치,0.0025254385208943603
park_2013_2017,박근혜정부(2013-2017),자치구,0.000843083768544592
park_2013_2017,박근혜정부(2013-2017),자택,0.000933594284069245
park_2013_2017,박근혜정부(2013-2017),자회사,0.0014810263971536256
park_2013_2017,박근혜정부(2013-2017),작동,0.0015360949518300295
park_2013_2017,박근혜정부(2013-2017),작용,0.002181710391298899
park_2013_2017,박근혜정부(2013-2017),작전,0.0022985659629213635
park_2013_2017,박근혜정부(2013-2017),잠재,0.0007403294728862128
park_2013_2017,박근혜정부(2013-2017),잠재력,0.0011370481398810632
park_2013_2017,박근혜정부(2013-2017),잠정,0.0009095320757317846
park_2013_2017,박근혜정부(2013-2017),잡지,0.0011316382120371191
park_2013_2017,박근혜정부(2013-2017),잣대,0.0006988017041879439
park_2013_2017,박근혜정부(2013-2017),장거리,0.0015111229337558575
park_2013_2017,박근혜정부(2013-2017),장관은,0.0010293118127824921
park_2013_2017,박근혜정부(2013-2017),장관이,0.0006043443026279061
park_2013_2017,박근혜정부(2013-2017),장군,0.0009236532471051916
park_2013_2017,박근혜정부(2013-2017),장기간,0.0009759114517268212
park_2013_2017,박근혜정부(2013-2017),장기적,0.0013041491937716408
park_2013_2017,박근혜정부(2013-2017),장기화,0.0007271280376883536
park_2013_2017,박근혜정부(2013-2017),장르,0.0012273706005457511
park_2013_2017,박근혜정부(2013-2017),장벽,0.0008488957669224063
park_2013_2017,박근혜정부(2013-2017),장사,0.0008905729480018971
park_2013_2017,박근혜정부(2013-2017),장소,0.0023749340200684113
park_2013_2017,박근혜정부(2013-2017),장악,0.0017766877690773774
park_2013_2017,박근혜정부(2013-2017),장애,0.001697178183873717
park_2013_2017,박근혜정부(2013-2017),장애인,0.003234294955811466
park_2013_2017,박근혜정부(2013-2017),장점,0.0020936675421714276
park_2013_2017,박근혜정부(2013-2017),장착,0.0010559753480743114
park_2013_2017,박근혜정부(2013-2017),장치,0.002011915444632357
park_2013_2017,박근혜정부(2013-2017),장학금,0.0017053574965693293
park_2013_2017,박근혜정부(2013-2017),재개발,0.0005027616578150454
park_2013_2017,박근혜정부(2013-2017),재건축,0.0007015805499559375
park_2013_2017,박근혜정부(2013-2017),재검토,0.0008659332040035047
park_2013_2017,박근혜정부(2013-2017),재계,0.0014551599494232585
park_2013_2017,박근혜정부(2013-2017),재능,0.0012185960319757738
park_2013_2017,박근혜정부(2013-2017),재단,0.0029090122489353926
park_2013_2017,박근혜정부(2013-2017),재료,0.001155840112284658
park_2013_2017,박근혜정부(2013-2017),재무,0.0014684187964425143
park_2013_2017,박근혜정부(2013-2017),재미,0.0015024813804728407
park_2013_2017,박근혜정부(2013-2017),재발,0.0013925806628134563
park_2013_2017,박근혜정부(2013-2017),재배,0.0008905557300364007
park_2013_2017,박근혜정부(2013-2017),재생,0.001128624455248905
park_2013_2017,박근혜정부(2013-2017),재선,0.0011989527371047883
park_2013_2017,박근혜정부(2013-2017),재원,0.0014295084483101825
park_2013_2017,박근혜정부(2013-2017),재임,0.000972952602020893
park_2013_2017,박근혜정부(2013-2017),재정부,0.0018882407379898134
park_2013_2017,박근혜정부(2013-2017),재직,0.0013346497096188188
park_2013_2017,박근혜정부(2013-2017),재택근무,0.00013663097743848226
park_2013_2017,박근혜정부(2013-2017),재판관,0.0013040800306772244
park_2013_2017,박근혜정부(2013-2017),재판소,0.0011752963235649564
park_2013_2017,박근혜정부(2013-2017),재판장,0.0006853280855324506
park_2013_2017,박근혜정부(2013-2017),재편,0.0009911170279076071
park_2013_2017,박근혜정부(2013-2017),재학,0.000997979835819329
park_2013_2017,박근혜정부(2013-2017),재해,0.0007531708608410945
park_2013_2017,박근혜정부(2013-2017),재현,0.0008632974335657583
park_2013_2017,박근혜정부(2013-2017),재확인,0.001671607400637714
park_2013_2017,박근혜정부(2013-2017),쟁점,0.002230798074691809
park_2013_2017,박근혜정부(2013-2017),저소득층,0.0011208863766406516
park_2013_2017,박근혜정부(2013-2017),저장,0.0009543622611018323
park_2013_2017,박근혜정부(2013-2017),저지,0.0010782672749492309
park_2013_2017,박근혜정부(2013-2017),저축,0.001022939275306577
park_2013_2017,박근혜정부(2013-2017),저출산,0.0009279938611913102
park_2013_2017,박근혜정부(2013-2017),저하,0.0007862181986820054
park_2013_2017,박근혜정부(2013-2017),저항,0.0017550317586459204
park_2013_2017,박근혜정부(2013-2017),적응,0.001364214729417414
park_2013_2017,박근혜정부(2013-2017),적임자,0.0007720757915606372
park_2013_2017,박근혜정부(2013-2017),적자,0.0018286660090133051
park_2013_2017,박근혜정부(2013-2017),적정,0.0009587130581896144
park_2013_2017,박근혜정부(2013-2017),적합,0.0015999977959429536
park_2013_2017,박근혜정부(2013-2017),전개,0.0016614977072688458
park_2013_2017,박근혜정부(2013-2017),전격,0.0015352648611024076
park_2013_2017,박근혜정부(2013-2017),전공,0.0021375426144480867
park_2013_2017,박근혜정부(2013-2017),전국적,0.0008621865387555586
park_2013_2017,박근혜정부(2013-2017),전기,0.002782013546293422
park_2013_2017,박근혜정부(2013-2017),전담,0.0017231842683229734
park_2013_2017,박근혜정부(2013-2017),전당,0.0018488437808111752
park_2013_2017,박근혜정부(2013-2017),전당대회,0.0019299003152588787
park_2013_2017,박근혜정부(2013-2017),전두환,0.0018661920057003048
park_2013_2017,박근혜정부(2013-2017),전락,0.0010750289819215755
park_2013_2017,박근혜정부(2013-2017),전략,0.007155856613397687
park_2013_2017,박근혜정부(2013-2017),전략적,0.0007802690803818236
park_2013_2017,박근혜정부(2013-2017),전례,0.0007110623830732965
park_2013_2017,박근혜정부(2013-2017),전무,0.0012274011330542214
park_2013_2017,박근혜정부(2013-2017),전문성,0.0018020787544030968
park_2013_2017,박근혜정부(2013-2017),전문의,0.0009123974431377319
park_2013_2017,박근혜정부(2013-2017),전반,0.0024375822633154165
park_2013_2017,박근혜정부(2013-2017),전반적,0.0012466689553664342
park_2013_2017,박근혜정부(2013-2017),전선,0.000978893330605521
park_2013_2017,박근혜정부(2013-2017),전세,0.0015785253453144716
park_2013_2017,박근혜정부(2013-2017),전수,0.0007285762925975771
park_2013_2017,박근혜정부(2013-2017),전수조사,0.0003146773624163497
park_2013_2017,박근혜정부(2013-2017),전술,0.000942983530476472
park_2013_2017,박근혜정부(2013-2017),전시회,0.0016631096486793022
park_2013_2017,박근혜정부(2013-2017),전신,0.0006522523820945625
park_2013_2017,박근혜정부(2013-2017),전액,0.0011164733603790341
park_2013_2017,박근혜정부(2013-2017),전역,0.001289254372951089
park_2013_2017,박근혜정부(2013-2017),전염병,0.0004254167314999288
park_2013_2017,박근혜정부(2013-2017),전용면적,0.0007533882707013968
park_2013_2017,박근혜정부(2013-2017),전원,0.0017256095502374078
park_2013_2017,박근혜정부(2013-2017),전임,0.0009006213723824817
park_2013_2017,박근혜정부(2013-2017),전적,0.000966008669496281
park_2013_2017,박근혜정부(2013-2017),전제,0.0015785036860857487
park_2013_2017,박근혜정부(2013-2017),전주,0.0017254906168905134
park_2013_2017,박근혜정부(2013-2017),전지,0.000434407888676671
park_2013_2017,박근혜정부(2013-2017),전직,0.001858265823439562
park_2013_2017,박근혜정부(2013-2017),전체적,0.0010729974269817165
park_2013_2017,박근혜정부(2013-2017),전통적,0.0009753079316005743
park_2013_2017,박근혜정부(2013-2017),전투,0.0013783764123755842
park_2013_2017,박근혜정부(2013-2017),전투기,0.001795242646658977
park_2013_2017,박근혜정부(2013-2017),전파,0.0011757411078280576
park_2013_2017,박근혜정부(2013-2017),전후,0.0017834815564778492
park_2013_2017,박근혜정부(2013-2017),절감,0.0016636468365965691
park_2013_2017,박근혜정부(2013-2017),절대,0.0009704218330567063
park_2013_2017,박근혜정부(2013-2017),절차,0.004107258645767372
park_2013_2017,박근혜정부(2013-2017),젊은이,0.0010729921973824878
park_2013_2017,박근혜정부(2013-2017),젊은이들,0.0020892649819163217
park_2013_2017,박근혜정부(2013-2017),점유,0.0011251906592252361
park_2013_2017,박근혜정부(2013-2017),점유율,0.000759983924579301
park_2013_2017,박근혜정부(2013-2017),점포,0.0009830725897130512
park_2013_2017,박근혜정부(2013-2017),접목,0.0008866408992361359
park_2013_2017,박근혜정부(2013-2017),접속,0.0007485464849685894
park_2013_2017,박근혜정부(2013-2017),접종,0.00023911020330230168
park_2013_2017,박근혜정부(2013-2017),접촉,0.002286933627067946
park_2013_2017,박근혜정부(2013-2017),정국,0.0024780950431082713
park_2013_2017,박근혜정부(2013-2017),정권교체,0.000955872186068764
park_2013_2017,박근혜정부(2013-2017),정규,0.0032598038458655676
park_2013_2017,박근혜정부(2013-2017),정규직,0.0020307862933626043
park_2013_2017,박근혜정부(2013-2017),정기,0.0015438336718335132
park_2013_2017,박근혜정부(2013-2017),정년,0.0016029265608461202
park_2013_2017,박근혜정부(2013-2017),정례,0.0007653072421403617
park_2013_2017,박근혜정부(2013-2017),정면,0.0014063197018953097
park_2013_2017,박근혜정부(2013-2017),정무,0.001265367158911038
park_2013_2017,박근혜정부(2013-2017),정밀,0.0009527760735563947
park_2013_2017,박근혜정부(2013-2017),정보,0.009576443029618076
park_2013_2017,박근혜정부(2013-2017),정보기관,0.0010902728847873976
park_2013_2017,박근혜정부(2013-2017),정보기술,0.0011257299946944967
park_2013_2017,박근혜정부(2013-2017),정보원,0.001441151017494592
park_2013_2017,박근혜정부(2013-2017),정부는,0.001767058459366895
park_2013_2017,박근혜정부(2013-2017),정부의,0.0017712807405595606
park_2013_2017,박근혜정부(2013-2017),정비,0.002009762788402053
park_2013_2017,박근혜정부(2013-2017),정상적,0.0012756680546960508
park_2013_2017,박근혜정부(2013-2017),정상화,0.002083628773703617
park_2013_2017,박근혜정부(2013-2017),정상회의,0.0009598558350838744
park_2013_2017,박근혜정부(2013-2017),정서,0.0012867933032335412
park_2013_2017,박근혜정부(2013-2017),정세,0.0011671609136053862
park_2013_2017,박근혜정부(2013-2017),정시,0.0007309544110495602
park_2013_2017,박근혜정부(2013-2017),정식,0.0016588223153947623
park_2013_2017,박근혜정부(2013-2017),정원,0.002201204119320591
park_2013_2017,박근혜정부(2013-2017),정작,0.002483773811575536
park_2013_2017,박근혜정부(2013-2017),정전,0.000834227839336205
park_2013_2017,박근혜정부(2013-2017),정점,0.0006406201100265183
park_2013_2017,박근혜정부(2013-2017),정지,0.001753490489846324
park_2013_2017,박근혜정부(2013-2017),정직,0.0008896687064759829
park_2013_2017,박근혜정부(2013-2017),정착,0.0017007710169045437
park_2013_2017,박근혜정부(2013-2017),정책,0.013200209283118231
park_2013_2017,박근혜정부(2013-2017),정책위,0.0012869530197157839
park_2013_2017,박근혜정부(2013-2017),정체,0.0015416225739029693
park_2013_2017,박근혜정부(2013-2017),정체성,0.0014745255564231105
park_2013_2017,박근혜정부(2013-2017),정치인들,0.0012564484771834547
park_2013_2017,박근혜정부(2013-2017),정치적,0.002676776700943206
park_2013_2017,박근혜정부(2013-2017),정확,0.002535447093768109
park_2013_2017,박근혜정부(2013-2017),정황,0.001413650383042783
park_2013_2017,박근혜정부(2013-2017),제거,0.0019435420955461935
park_2013_2017,박근혜정부(2013-2017),제대로,0.0010190293970712642
park_2013_2017,박근혜정부(2013-2017),제도적,0.0006641337672450353
park_2013_2017,박근혜정부(2013-2017),제동,0.0008152829550687124
park_2013_2017,박근혜정부(2013-2017),제로,0.0005797621996813348
park_2013_2017,박근혜정부(2013-2017),제목,0.002318792274022629
park_2013_2017,박근혜정부(2013-2017),제보,0.00094607928648338
park_2013_2017,박근혜정부(2013-2017),제안,0.005859496056069842
park_2013_2017,박근혜정부(2013-2017),제약,0.0011729210231290932
park_2013_2017,박근혜정부(2013-2017),제어,0.0007011705558614994
park_2013_2017,박근혜정부(2013-2017),제임스,0.0011467070746163043
park_2013_2017,박근혜정부(2013-2017),제작진,0.000966249247664522
park_2013_2017,박근혜정부(2013-2017),제정,0.0023416332762740137
park_2013_2017,박근혜정부(2013-2017),제조,0.001980087540901723
park_2013_2017,박근혜정부(2013-2017),제조사,0.0007594888436507342
park_2013_2017,박근혜정부(2013-2017),제조업,0.0020017873918106895
park_2013_2017,박근혜정부(2013-2017),제한적,0.0006312112019135785
park_2013_2017,박근혜정부(2013-2017),조각,0.0007997259469727472
park_2013_2017,박근혜정부(2013-2017),조금,0.0021389711117395494
park_2013_2017,박근혜정부(2013-2017),조금씩,0.0011923044896577197
park_2013_2017,박근혜정부(2013-2017),조달,0.0010747100115788661
park_2013_2017,박근혜정부(2013-2017),조례,0.0012865426645836272
park_2013_2017,박근혜정부(2013-2017),조명,0.001258655255874068
park_2013_2017,박근혜정부(2013-2017),조사단,0.00041885687226902893
park_2013_2017,박근혜정부(2013-2017),조선일보,0.0006887063600314347
park_2013_2017,박근혜정부(2013-2017),조세,0.0011093993827013245
park_2013_2017,박근혜정부(2013-2017),조심,0.0012135894462344645
park_2013_2017,박근혜정부(2013-2017),조언,0.0020377001585777112
park_2013_2017,박근혜정부(2013-2017),조율,0.0012986538179133068
park_2013_2017,박근혜정부(2013-2017),조절,0.0012717568283486943
park_2013_2017,박근혜정부(2013-2017),조지,0.0012160150236503722
park_2013_2017,박근혜정부(2013-2017),조직,0.012083745932455092
park_2013_2017,박근혜정부(2013-2017),조직원,0.00181854202577316
park_2013_2017,박근혜정부(2013-2017),조짐,0.0009506419041976663
park_2013_2017,박근혜정부(2013-2017),조처,0.0011617807618648128
park_2013_2017,박근혜정부(2013-2017),조합,0.0013968496644998932
park_2013_2017,박근혜정부(2013-2017),조합원,0.0022573332048243635
park_2013_2017,박근혜정부(2013-2017),조항,0.0017250542480854601
park_2013_2017,박근혜정부(2013-2017),조화,0.0011031107800434923
park_2013_2017,박근혜정부(2013-2017),조회,0.0007974459588022293
park_2013_2017,박근혜정부(2013-2017),조희연,0.0008304612079017103
park_2013_2017,박근혜정부(2013-2017),존경,0.00112989760623319
park_2013_2017,박근혜정부(2013-2017),존재감,0.0010459322872980888
park_2013_2017,박근혜정부(2013-2017),존중,0.0018784238331990659
park_2013_2017,박근혜정부(2013-2017),졸업생,0.0008070612752857469
park_2013_2017,박근혜정부(2013-2017),종교,0.0017710761732995944
park_2013_2017,박근혜정부(2013-2017),종로,0.0007907179909901312
park_2013_2017,박근혜정부(2013-2017),종로구,0.001377239363521863
park_2013_2017,박근혜정부(2013-2017),종료,0.001638104314279918
park_2013_2017,박근혜정부(2013-2017),종류,0.001398676986920284
park_2013_2017,박근혜정부(2013-2017),종부세,6.8401722709749e-05
park_2013_2017,박근혜정부(2013-2017),종사자,0.0010681492586299781
park_2013_2017,박근혜정부(2013-2017),종식,0.0006015716440362844
park_2013_2017,박근혜정부(2013-2017),종전,0.0009172228014285175
park_2013_2017,박근혜정부(2013-2017),종합적,0.0010213124232265397
park_2013_2017,박근혜정부(2013-2017),좋은,0.0015033033576601624
park_2013_2017,박근혜정부(2013-2017),좌우,0.0013631115566550274
park_2013_2017,박근혜정부(2013-2017),좌절,0.0009841495046281786
park_2013_2017,박근혜정부(2013-2017),좌파,0.001279883275922617
park_2013_2017,박근혜정부(2013-2017),주간,0.0011029412244656575
park_2013_2017,박근혜정부(2013-2017),주관,0.0017552646570491565
park_2013_2017,박근혜정부(2013-2017),주기,0.0012635873896372429
park_2013_2017,박근혜정부(2013-2017),주도,0.004497848370566748
park_2013_2017,박근혜정부(2013-2017),주도권,0.0007948034026203712
park_2013_2017,박근혜정부(2013-2017),주력,0.0019882933757977067
park_2013_2017,박근혜정부(2013-2017),주류,0.0020048794310183076
park_2013_2017,박근혜정부(2013-2017),주말,0.002521804412870413
park_2013_2017,박근혜정부(2013-2017),주문,0.002517125716041574
park_2013_2017,박근혜정부(2013-2017),주소,0.0009956174934710315
park_2013_2017,박근혜정부(2013-2017),주역,0.0009245151050419438
park_2013_2017,박근혜정부(2013-2017),주영진,0.0002979180576359103
park_2013_2017,박근혜정부(2013-2017),주위,0.0010349509829267003
park_2013_2017,박근혜정부(2013-2017),주의,0.0019583027941314
park_2013_2017,박근혜정부(2013-2017),주인,0.0018430694390564703
park_2013_2017,박근혜정부(2013-2017),주일,0.0011807011328253281
park_2013_2017,박근혜정부(2013-2017),주자,0.0022976297299573648
park_2013_2017,박근혜정부(2013-2017),주재,0.0019866983892042637
park_2013_2017,박근혜정부(2013-2017),주주,0.001461860800408385
park_2013_2017,박근혜정부(2013-2017),주차,0.0009071395724996211
park_2013_2017,박근혜정부(2013-2017),주차장,0.0013210028563580146
park_2013_2017,박근혜정부(2013-2017),주체,0.0017284110843102205
park_2013_2017,박근혜정부(2013-2017),주최,0.0022083059358688696
park_2013_2017,박근혜정부(2013-2017),주택,0.005244714154756026
park_2013_2017,박근혜정부(2013-2017),주한,0.0014706850027857356
park_2013_2017,박근혜정부(2013-2017),주한미군,0.0005869609785098337
park_2013_2017,박근혜정부(2013-2017),주행,0.0011870013815807748
park_2013_2017,박근혜정부(2013-2017),주호영,0.0006780758334898801
park_2013_2017,박근혜정부(2013-2017),준공,0.0007589941465531777
park_2013_2017,박근혜정부(2013-2017),준수,0.0008443473562504698
park_2013_2017,박근혜정부(2013-2017),중간,0.002115506081863949
park_2013_2017,박근혜정부(2013-2017),중계,0.0007749647574432667
park_2013_2017,박근혜정부(2013-2017),중구,0.002147632395966775
park_2013_2017,박근혜정부(2013-2017),중국인,0.002113082487237319
park_2013_2017,박근혜정부(2013-2017),중대,0.0015735759170431819
park_2013_2017,박근혜정부(2013-2017),중도,0.0013212929294652608
park_2013_2017,박근혜정부(2013-2017),중립,0.0011470268513650188
park_2013_2017,박근혜정부(2013-2017),중반,0.0015640654059198035
park_2013_2017,박근혜정부(2013-2017),중복,0.0007884068748284737
park_2013_2017,박근혜정부(2013-2017),중산층,0.001597118657272486
park_2013_2017,박근혜정부(2013-2017),중소,0.0017108791602045213
park_2013_2017,박근혜정부(2013-2017),중순,0.0010984579508828232
park_2013_2017,박근혜정부(2013-2017),중시,0.001413634544769136
park_2013_2017,박근혜정부(2013-2017),중심으로,0.0008053486902071846
park_2013_2017,박근혜정부(2013-2017),중앙은행,0.0011031998331376904
park_2013_2017,박근혜정부(2013-2017),중앙정부,0.0012302677184517778
park_2013_2017,박근혜정부(2013-2017),중요성,0.0015754930649268944
park_2013_2017,박근혜정부(2013-2017),중인,0.0013808237347339523
park_2013_2017,박근혜정부(2013-2017),중재,0.0008410165595735881
park_2013_2017,박근혜정부(2013-2017),중점,0.0012110784525850681
park_2013_2017,박근혜정부(2013-2017),중증,0.0005614329982439406
park_2013_2017,박근혜정부(2013-2017),중지,0.0007074783451587682
park_2013_2017,박근혜정부(2013-2017),중진,0.0010947495184840395
park_2013_2017,박근혜정부(2013-2017),중징계,0.0010371085266954816
park_2013_2017,박근혜정부(2013-2017),중학교,0.0025236007356317955
park_2013_2017,박근혜정부(2013-2017),즉시,0.0011453999748142986
park_2013_2017,박근혜정부(2013-2017),증가세,0.000642115377914079
park_2013_2017,박근혜정부(2013-2017),증권사,0.001276983303457969
park_2013_2017,박근혜정부(2013-2017),증대,0.0009180470525398696
park_2013_2017,박근혜정부(2013-2017),증명,0.001228723701921765
park_2013_2017,박근혜정부(2013-2017),증상,0.001729481199907475
park_2013_2017,박근혜정부(2013-2017),증세,0.0017890376100483175
park_2013_2017,박근혜정부(2013-2017),증액,0.0005794184954844789
park_2013_2017,박근혜정부(2013-2017),증언,0.0015267398897268023
park_2013_2017,박근혜정부(2013-2017),증여,0.00038721219463490596
park_2013_2017,박근혜정부(2013-2017),증인,0.0016904538697370566
park_2013_2017,박근혜정부(2013-2017),증진,0.000991450065955305
park_2013_2017,박근혜정부(2013-2017),지검장,0.00034421956389789154
park_2013_2017,박근혜정부(2013-2017),지금,0.0013575406889292632
park_2013_2017,박근혜정부(2013-2017),지난주,0.0016181458911629836
park_2013_2017,박근혜정부(2013-2017),지능,0.0009869800460200406
park_2013_2017,박근혜정부(2013-2017),지대,0.0010711499630981637
park_2013_2017,박근혜정부(2013-2017),지도,0.002437985847356216
park_2013_2017,박근혜정부(2013-2017),지명,0.0018980101065328664
park_2013_2017,박근혜정부(2013-2017),지목,0.0016019461856226133
park_2013_2017,박근혜정부(2013-2017),지방선거,0.0022304651364894856
park_2013_2017,박근혜정부(2013-2017),지방자치단체,0.0014605316953505794
park_2013_2017,박근혜정부(2013-2017),지배,0.0024734442288146126
park_2013_2017,박근혜정부(2013-2017),지배구조,0.0006355753187439919
park_2013_2017,박근혜정부(2013-2017),지분,0.0022916210482503982
park_2013_2017,박근혜정부(2013-2017),지불,0.000671603103172686
park_2013_2017,박근혜정부(2013-2017),지상,0.001592774158091997
park_2013_2017,박근혜정부(2013-2017),지상파,0.0013606692403817166
park_2013_2017,박근혜정부(2013-2017),지속가능,0.0008592305576262721
park_2013_2017,박근혜정부(2013-2017),지식,0.002343043570189606
park_2013_2017,박근혜정부(2013-2017),지식인,0.001053755453196471
park_2013_2017,박근혜정부(2013-2017),지역별,0.0007748440995755703
park_2013_2017,박근혜정부(2013-2017),지역사회,0.0009677345408287989
park_2013_2017,박근혜정부(2013-2017),지연,0.0014009886655107521
park_2013_2017,박근혜정부(2013-2017),지원자,0.0015794297882814662
park_2013_2017,박근혜정부(2013-2017),지위,0.0016536355045549088
park_2013_2017,박근혜정부(2013-2017),지인,0.00084663713733201
park_2013_2017,박근혜정부(2013-2017),지점,0.0017126607592534292
park_2013_2017,박근혜정부(2013-2017),지주,0.000937592645889768
park_2013_2017,박근혜정부(2013-2017),지지도,0.0010912112224438953
park_2013_2017,박근혜정부(2013-2017),지지자,0.0012271259733731522
park_2013_2017,박근혜정부(2013-2017),지지자들,0.0006131473889155104
park_2013_2017,박근혜정부(2013-2017),지지층,0.000658313763557963
park_2013_2017,박근혜정부(2013-2017),지출,0.0018523310829834348
park_2013_2017,박근혜정부(2013-2017),지침,0.0015585444067557324
park_2013_2017,박근혜정부(2013-2017),지표,0.0017415148764897122
park_2013_2017,박근혜정부(2013-2017),지하,0.0021191691833928987
park_2013_2017,박근혜정부(2013-2017),지향,0.0014541156073848353
park_2013_2017,박근혜정부(2013-2017),지혜,0.0011898231858010486
park_2013_2017,박근혜정부(2013-2017),지휘,0.0016596508206005167
park_2013_2017,박근혜정부(2013-2017),직권,0.0006751564171503183
park_2013_2017,박근혜정부(2013-2017),직권남용,0.0004027537838292575
park_2013_2017,박근혜정부(2013-2017),직면,0.001084347055713968
park_2013_2017,박근혜정부(2013-2017),직무,0.002766306514590826
park_2013_2017,박근혜정부(2013-2017),직속,0.0007943315724843152
park_2013_2017,박근혜정부(2013-2017),직업,0.002391756879527569
park_2013_2017,박근혜정부(2013-2017),직원,0.00776943602608364
park_2013_2017,박근혜정부(2013-2017),직장,0.002441787608794084
park_2013_2017,박근혜정부(2013-2017),직장인,0.0021630816957758777
park_2013_2017,박근혜정부(2013-2017),직전,0.002113860944700967
park_2013_2017,박근혜정부(2013-2017),직접적,0.0012007524763669915
park_2013_2017,박근혜정부(2013-2017),진로,0.001274065982902623
park_2013_2017,박근혜정부(2013-2017),진료,0.0018317637807480375
park_2013_2017,박근혜정부(2013-2017),진상,0.001974216569973153
park_2013_2017,박근혜정부(2013-2017),진상규명,0.0009661613999726721
park_2013_2017,박근혜정부(2013-2017),진술,0.0021252975301869286
park_2013_2017,박근혜정부(2013-2017),진실,0.002695924526085251
park_2013_2017,박근혜정부(2013-2017),진심,0.0011773230851669372
park_2013_2017,박근혜정부(2013-2017),진압,0.0008136212483973499
park_2013_2017,박근혜정부(2013-2017),진영,0.0025287645641825503
park_2013_2017,박근혜정부(2013-2017),진입,0.002143201276235426
park_2013_2017,박근혜정부(2013-2017),진전,0.0014693480068298868
park_2013_2017,박근혜정부(2013-2017),진정,0.0009765373964809711
park_2013_2017,박근혜정부(2013-2017),진정성,0.0017754807388332043
park_2013_2017,박근혜정부(2013-2017),진짜,0.0024052124541641515
park_2013_2017,박근혜정부(2013-2017),진학,0.001311445222719681
park_2013_2017,박근혜정부(2013-2017),진화,0.0017910612262052308
park_2013_2017,박근혜정부(2013-2017),진흥,0.001185132346895815
park_2013_2017,박근혜정부(2013-2017),질병,0.0015284978336406305
park_2013_2017,박근혜정부(2013-2017),질서,0.0017056736823464248
park_2013_2017,박근혜정부(2013-2017),질의,0.0007215103245744567
park_2013_2017,박근혜정부(2013-2017),질환,0.002222788703863193
park_2013_2017,박근혜정부(2013-2017),짐작,0.0007725807658774575
park_2013_2017,박근혜정부(2013-2017),집계,0.0018020827704923533
park_2013_2017,박근혜정부(2013-2017),집무실,0.0004830226491855294
park_2013_2017,박근혜정부(2013-2017),집안,0.0012248119435904494
park_2013_2017,박근혜정부(2013-2017),집중적,0.0010508582755283493
park_2013_2017,박근혜정부(2013-2017),차단,0.0019043280601998896
park_2013_2017,박근혜정부(2013-2017),차별,0.002357559756771853
park_2013_2017,박근혜정부(2013-2017),차별화,0.0017319103626852242
park_2013_2017,박근혜정부(2013-2017),차세대,0.001971571977905074
park_2013_2017,박근혜정부(2013-2017),차장,0.0018647828553728584
park_2013_2017,박근혜정부(2013-2017),차질,0.001066074515523007
park_2013_2017,박근혜정부(2013-2017),차트,0.0007136271530926089
park_2013_2017,박근혜정부(2013-2017),착공,0.0006362194709522669
park_2013_2017,박근혜정부(2013-2017),착수,0.0018644484945041081
park_2013_2017,박근혜정부(2013-2017),착용,0.000712762483404535
park_2013_2017,박근혜정부(2013-2017),찬반,0.0009349364836531842
park_2013_2017,박근혜정부(2013-2017),찬성,0.0024370729552732418
park_2013_2017,박근혜정부(2013-2017),참가자,0.002079377391671717
park_2013_2017,박근혜정부(2013-2017),참고,0.0010653718855473005
park_2013_2017,박근혜정부(2013-2017),참모,0.000850592216287954
park_2013_2017,박근혜정부(2013-2017),참배,0.0012220278657807601
park_2013_2017,박근혜정부(2013-2017),참석자,0.0010500257570768118
park_2013_2017,박근혜정부(2013-2017),참여,0.009609330165319273
park_2013_2017,박근혜정부(2013-2017),참여연대,0.0006531217585609829
park_2013_2017,박근혜정부(2013-2017),참패,0.0009161726847692469
park_2013_2017,박근혜정부(2013-2017),창구,0.0007235366010658733
park_2013_2017,박근혜정부(2013-2017),창당,0.002252192281247341
park_2013_2017,박근혜정부(2013-2017),창립,0.0014414759257841154
park_2013_2017,박근혜정부(2013-2017),창업자,0.0014615365056356185
park_2013_2017,박근혜정부(2013-2017),창원,0.0009889771279239883
park_2013_2017,박근혜정부(2013-2017),창의,0.0012574224759954965
park_2013_2017,박근혜정부(2013-2017),창의적,0.0010093652155069653
park_2013_2017,박근혜정부(2013-2017),창작,0.0008690251912239818
park_2013_2017,박근혜정부(2013-2017),채권,0.0017355675753879258
park_2013_2017,박근혜정부(2013-2017),채무,0.0012983975388399004
park_2013_2017,박근혜정부(2013-2017),채택,0.0028072033551030983
park_2013_2017,박근혜정부(2013-2017),책임,0.008165236949701903
park_2013_2017,박근혜정부(2013-2017),책임감,0.001167904777858196
park_2013_2017,박근혜정부(2013-2017),책임자,0.0021961913842556613
park_2013_2017,박근혜정부(2013-2017),책정,0.000808515345722121
park_2013_2017,박근혜정부(2013-2017),처방,0.0010029153892189351
park_2013_2017,박근혜정부(2013-2017),처우,0.0006423506335510191
park_2013_2017,박근혜정부(2013-2017),처음,0.0013583294421223363
park_2013_2017,박근혜정부(2013-2017),처음으로,0.0016155953094904947
park_2013_2017,박근혜정부(2013-2017),처장,0.0011759000036854733
park_2013_2017,박근혜정부(2013-2017),처지,0.001178796273148106
park_2013_2017,박근혜정부(2013-2017),천만,0.00204561000617926
park_2013_2017,박근혜정부(2013-2017),천안,0.0012081005911850492
park_2013_2017,박근혜정부(2013-2017),천억,0.0012375540769929416
park_2013_2017,박근혜정부(2013-2017),철강,0.0006937918202471146
park_2013_2017,박근혜정부(2013-2017),철거,0.0011697558308539238
park_2013_2017,박근혜정부(2013-2017),철수,0.0010333423321347655
park_2013_2017,박근혜정부(2013-2017),철저,0.0020528843312327644
park_2013_2017,박근혜정부(2013-2017),철학,0.0019901391577799793
park_2013_2017,박근혜정부(2013-2017),철회,0.0018075180520457355
park_2013_2017,박근혜정부(2013-2017),첨단,0.0017053793480722905
park_2013_2017,박근혜정부(2013-2017),첫날,0.0015417059085548717
park_2013_2017,박근혜정부(2013-2017),청년,0.011988270755581606
park_2013_2017,박근혜정부(2013-2017),청년층,0.0008971464827022633
park_2013_2017,박근혜정부(2013-2017),청문,0.0006275296154801876
park_2013_2017,박근혜정부(2013-2017),청사,0.001477687781866659
park_2013_2017,박근혜정부(2013-2017),청산,0.001389407818981178
park_2013_2017,박근혜정부(2013-2017),청소,0.0009256285015239349
park_2013_2017,박근혜정부(2013-2017),청소년,0.003121179867469712
park_2013_2017,박근혜정부(2013-2017),청소년들,0.0010552378502045486
park_2013_2017,박근혜정부(2013-2017),청장,0.0010670580419598506
park_2013_2017,박근혜정부(2013-2017),청주,0.0011539371070648603
park_2013_2017,박근혜정부(2013-2017),청춘,0.0012146624983960627
park_2013_2017,박근혜정부(2013-2017),청탁,0.0014273937487198904
park_2013_2017,박근혜정부(2013-2017),체감,0.000871205810829974
park_2013_2017,박근혜정부(2013-2017),체결,0.00269133845768783
park_2013_2017,박근혜정부(2013-2017),체계,0.0033199579765401696
park_2013_2017,박근혜정부(2013-2017),체계적,0.001205915147368936
park_2013_2017,박근혜정부(2013-2017),체력,0.0011041744376336026
park_2013_2017,박근혜정부(2013-2017),체류,0.0007404649842481886
park_2013_2017,박근혜정부(2013-2017),체육,0.0022846576220043728
park_2013_2017,박근혜정부(2013-2017),체크,0.0005899488995603578
park_2013_2017,박근혜정부(2013-2017),체포,0.0025899309421531856
park_2013_2017,박근혜정부(2013-2017),체험,0.0027309166147288294
park_2013_2017,박근혜정부(2013-2017),초과,0.0012533230491175605
park_2013_2017,박근혜정부(2013-2017),초대,0.0016503966366001456
park_2013_2017,박근혜정부(2013-2017),초등학교,0.00205253842168488
park_2013_2017,박근혜정부(2013-2017),초래,0.0013222503627526854
park_2013_2017,박근혜정부(2013-2017),초반,0.0022746690836580007
park_2013_2017,박근혜정부(2013-2017),초선,0.0006609047722707952
park_2013_2017,박근혜정부(2013-2017),초점,0.001836659206618783
park_2013_2017,박근혜정부(2013-2017),초청,0.002329298020073932
park_2013_2017,박근혜정부(2013-2017),촉발,0.0006805268998583363
park_2013_2017,박근혜정부(2013-2017),촉진,0.0012164406679233692
park_2013_2017,박근혜정부(2013-2017),총기,0.0012260280462668492
park_2013_2017,박근혜정부(2013-2017),총력,0.0008432788088540751
park_2013_2017,박근혜정부(2013-2017),총수,0.0014963782618723379
park_2013_2017,박근혜정부(2013-2017),총액,0.0010159135654489214
park_2013_2017,박근혜정부(2013-2017),총재,0.0021191011182617476
park_2013_2017,박근혜정부(2013-2017),총파업,0.0009385302919374956
park_2013_2017,박근혜정부(2013-2017),총회,0.0021127996006368352
park_2013_2017,박근혜정부(2013-2017),최고경영자,0.0012467054739822027
park_2013_2017,박근혜정부(2013-2017),최고위원,0.0018584868356284843
park_2013_2017,박근혜정부(2013-2017),최다,0.0011787160563265292
park_2013_2017,박근혜정부(2013-2017),최소화,0.0018536879262552714
park_2013_2017,박근혜정부(2013-2017),최신,0.0011541794816087852
park_2013_2017,박근혜정부(2013-2017),최씨,0.0013527463440967508
park_2013_2017,박근혜정부(2013-2017),최악,0.0016850579407182303
park_2013_2017,박근혜정부(2013-2017),최우선,0.0009953261983586918
park_2013_2017,박근혜정부(2013-2017),최장,0.0007568710319514875
park_2013_2017,박근혜정부(2013-2017),최저임금,0.0010312587755686659
park_2013_2017,박근혜정부(2013-2017),최적,0.0007428511130983647
park_2013_2017,박근혜정부(2013-2017),최종적,0.0006337108595243226
park_2013_2017,박근혜정부(2013-2017),최초로,0.0008550999641003082
park_2013_2017,박근혜정부(2013-2017),최태원,0.0006246467110799661
park_2013_2017,박근혜정부(2013-2017),추가적,0.0005351291262300393
park_2013_2017,박근혜정부(2013-2017),추구,0.0025018958466688536
park_2013_2017,박근혜정부(2013-2017),추락,0.0017098838683709293
park_2013_2017,박근혜정부(2013-2017),추모,0.0012730076506255559
park_2013_2017,박근혜정부(2013-2017),추산,0.0011274263538817492
park_2013_2017,박근혜정부(2013-2017),추석,0.001621917492030636
park_2013_2017,박근혜정부(2013-2017),추세,0.0017491941164980112
park_2013_2017,박근혜정부(2013-2017),추억,0.0012996313943161775
park_2013_2017,박근혜정부(2013-2017),추적,0.0017636464650640695
park_2013_2017,박근혜정부(2013-2017),추진,0.010624647497834169
park_2013_2017,박근혜정부(2013-2017),추측,0.0006844845832119857
park_2013_2017,박근혜정부(2013-2017),추후,0.0005804678837555581
park_2013_2017,박근혜정부(2013-2017),축적,0.0009184837660162935
park_2013_2017,박근혜정부(2013-2017),축하,0.0013348269548561643
park_2013_2017,박근혜정부(2013-2017),춘천,0.0008138960341758748
park_2013_2017,박근혜정부(2013-2017),출간,0.0016528320288941244
park_2013_2017,박근혜정부(2013-2017),출구,0.0008519299342306054
park_2013_2017,박근혜정부(2013-2017),출국,0.0010559250270896854
park_2013_2017,박근혜정부(2013-2017),출근,0.0011981767747039098
park_2013_2017,박근혜정부(2013-2017),출동,0.0008934931678328911
park_2013_2017,박근혜정부(2013-2017),출발,0.0027502631297083757
park_2013_2017,박근혜정부(2013-2017),출산,0.0019407248761865714
park_2013_2017,박근혜정부(2013-2017),출생,0.000640129382259322
park_2013_2017,박근혜정부(2013-2017),출석,0.0019690060392155203
park_2013_2017,박근혜정부(2013-2017),출연자,0.0008138254884074844
park_2013_2017,박근혜정부(2013-2017),출입,0.0010743172931013563
park_2013_2017,박근혜정부(2013-2017),출자,0.0008578388679642696
park_2013_2017,박근혜정부(2013-2017),출장,0.0009969526992687598
park_2013_2017,박근혜정부(2013-2017),출제,0.0014522335131239518
park_2013_2017,박근혜정부(2013-2017),출퇴근,0.000641422669310018
park_2013_2017,박근혜정부(2013-2017),출판,0.001417842559414582
park_2013_2017,박근혜정부(2013-2017),출판사,0.0014186148960473144
park_2013_2017,박근혜정부(2013-2017),충격,0.00245733346287445
park_2013_2017,박근혜정부(2013-2017),충돌,0.002419110163679253
park_2013_2017,박근혜정부(2013-2017),충실,0.0010105645977653837
park_2013_2017,박근혜정부(2013-2017),충전,0.000682436529478054
park_2013_2017,박근혜정부(2013-2017),충족,0.001141125769877124
park_2013_2017,박근혜정부(2013-2017),충청,0.0012112562421548935
park_2013_2017,박근혜정부(2013-2017),취급,0.0010225153531078096
park_2013_2017,박근혜정부(2013-2017),취득,0.001230449335359754
park_2013_2017,박근혜정부(2013-2017),취약,0.0014483521326233812
park_2013_2017,박근혜정부(2013-2017),취약계층,0.0004624115422133559
park_2013_2017,박근혜정부(2013-2017),취업,0.00606457449186242
park_2013_2017,박근혜정부(2013-2017),취업자,0.0012132859761631346
park_2013_2017,박근혜정부(2013-2017),취임식,0.0008361637391749633
park_2013_2017,박근혜정부(2013-2017),취재기자,0.0008313935612762928
park_2013_2017,박근혜정부(2013-2017),취재진,0.0008961001156065253
park_2013_2017,박근혜정부(2013-2017),취향,0.0006756397962064462
park_2013_2017,박근혜정부(2013-2017),측근,0.0018084466932781816
park_2013_2017,박근혜정부(2013-2017),측정,0.0013156984553645771
park_2013_2017,박근혜정부(2013-2017),치매,0.0009495824379040072
park_2013_2017,박근혜정부(2013-2017),치열,0.0025017282891634765
park_2013_2017,박근혜정부(2013-2017),치유,0.0011780816773854467
park_2013_2017,박근혜정부(2013-2017),친환경,0.0007154392997776241
park_2013_2017,박근혜정부(2013-2017),침묵,0.0012142269596061186
park_2013_2017,박근혜정부(2013-2017),침체,0.001588877169798326
park_2013_2017,박근혜정부(2013-2017),침해,0.0021341387756132852
park_2013_2017,박근혜정부(2013-2017),칭찬,0.0012707874036119065
park_2013_2017,박근혜정부(2013-2017),카메라,0.0019053242864122027
park_2013_2017,박근혜정부(2013-2017),카카오톡,0.0008263718362402253
park_2013_2017,박근혜정부(2013-2017),카페,0.0014763855347862496
park_2013_2017,박근혜정부(2013-2017),칼럼,0.0014053720407113735
park_2013_2017,박근혜정부(2013-2017),캐나다,0.0025314824449926402
park_2013_2017,박근혜정부(2013-2017),캠퍼스,0.0014876265181475244
park_2013_2017,박근혜정부(2013-2017),캠페인,0.0017496759647943885
park_2013_2017,박근혜정부(2013-2017),커피,0.001383962982249994
park_2013_2017,박근혜정부(2013-2017),컨설팅,0.0014265434998983583
park_2013_2017,박근혜정부(2013-2017),컴퓨터,0.0022610102644675003
park_2013_2017,박근혜정부(2013-2017),케어,0.0005038044783074472
park_2013_2017,박근혜정부(2013-2017),코너,0.0008243177656404668
park_2013_2017,박근혜정부(2013-2017),코드,0.0007880074802321031
park_2013_2017,박근혜정부(2013-2017),코로나,1.7665242169960464e-05
park_2013_2017,박근혜정부(2013-2017),코리아,0.0020719651120671306
park_2013_2017,박근혜정부(2013-2017),코스,0.0011604854542640018
park_2013_2017,박근혜정부(2013-2017),코스닥,0.0008815159932309232
park_2013_2017,박근혜정부(2013-2017),코치,0.0013744829952818157
park_2013_2017,박근혜정부(2013-2017),콘서트,0.0015708560607100351
park_2013_2017,박근혜정부(2013-2017),콘텐트,0.0007068926340752186
park_2013_2017,박근혜정부(2013-2017),콜센터,0.0005804645599433667
park_2013_2017,박근혜정부(2013-2017),쿠데타,0.0011382591419534702
park_2013_2017,박근혜정부(2013-2017),크게,0.00136970030827183
park_2013_2017,박근혜정부(2013-2017),크기,0.0017161763183798444
park_2013_2017,박근혜정부(2013-2017),클라우드,0.00047736351492633206
park_2013_2017,박근혜정부(2013-2017),클럽,0.0013444228631797179
park_2013_2017,박근혜정부(2013-2017),키워드,0.0006654969272779196
park_2013_2017,박근혜정부(2013-2017),타격,0.0020770425957985696
park_2013_2017,박근혜정부(2013-2017),타결,0.0019051779570538653
park_2013_2017,박근혜정부(2013-2017),타워,0.0008468140029589299
park_2013_2017,박근혜정부(2013-2017),타인,0.0008820881956896549
park_2013_2017,박근혜정부(2013-2017),타협,0.0014708704477224203
park_2013_2017,박근혜정부(2013-2017),탄도,0.0008820128034567965
park_2013_2017,박근혜정부(2013-2017),탄도미사일,0.000620604509686436
park_2013_2017,박근혜정부(2013-2017),탄력,0.0008472463585305857
park_2013_2017,박근혜정부(2013-2017),탄생,0.002376102126751157
park_2013_2017,박근혜정부(2013-2017),탄압,0.0009658669060588015
park_2013_2017,박근혜정부(2013-2017),탈당,0.0021211440025351307
park_2013_2017,박근혜정부(2013-2017),탈락,0.001657883786818875
park_2013_2017,박근혜정부(2013-2017),탈출,0.0011929631393694153
park_2013_2017,박근혜정부(2013-2017),탈퇴,0.001191558416239064
park_2013_2017,박근혜정부(2013-2017),탑재,0.0011237067458244702
park_2013_2017,박근혜정부(2013-2017),태국,0.001384309048901004
park_2013_2017,박근혜정부(2013-2017),태도,0.003455112216887138
park_2013_2017,박근혜정부(2013-2017),태블릿,0.0009876580822418156
park_2013_2017,박근혜정부(2013-2017),태스크포스,0.0007531421788213533
park_2013_2017,박근혜정부(2013-2017),태양,0.0008240859709303754
park_2013_2017,박근혜정부(2013-2017),태양광,0.0011327424664999237
park_2013_2017,박근혜정부(2013-2017),태평양,0.0013475211481074492
park_2013_2017,박근혜정부(2013-2017),태풍,0.0010826384877112444
park_2013_2017,박근혜정부(2013-2017),택배,0.0004967762243268014
park_2013_2017,박근혜정부(2013-2017),테마,0.0005129333360879675
park_2013_2017,박근혜정부(2013-2017),테스트,0.0011417699670515874
park_2013_2017,박근혜정부(2013-2017),테이블,0.0007289460603554552
park_2013_2017,박근혜정부(2013-2017),텍스트는,1.834038277339645e-06
park_2013_2017,박근혜정부(2013-2017),토대,0.002049227231613911
park_2013_2017,박근혜정부(2013-2017),토로,0.000712137129182869
park_2013_2017,박근혜정부(2013-2017),토요일,0.0009942987784004973
park_2013_2017,박근혜정부(2013-2017),토지,0.0012785774879870493
park_2013_2017,박근혜정부(2013-2017),토크,0.0010091826145880636
park_2013_2017,박근혜정부(2013-2017),통계,0.0017791014614124358
park_2013_2017,박근혜정부(2013-2017),통계청,0.0012460441774073297
park_2013_2017,박근혜정부(2013-2017),통보,0.0019900055331142585
park_2013_2017,박근혜정부(2013-2017),통상,0.0014890665272699365
park_2013_2017,박근혜정부(2013-2017),통신사,0.0009901114228684908
park_2013_2017,박근혜정부(2013-2017),통일부,0.0023294230545968355
park_2013_2017,박근혜정부(2013-2017),통장,0.0011540144532098452
park_2013_2017,박근혜정부(2013-2017),통제,0.0025540056666716535
park_2013_2017,박근혜정부(2013-2017),통증,0.0014108527935223463
park_2013_2017,박근혜정부(2013-2017),통치,0.001167532693247263
park_2013_2017,박근혜정부(2013-2017),퇴근,0.0008398960649398453
park_2013_2017,박근혜정부(2013-2017),퇴임,0.0011798288153402284
park_2013_2017,박근혜정부(2013-2017),퇴직,0.0022606589362163913
park_2013_2017,박근혜정부(2013-2017),퇴직금,0.0008640025027731336
park_2013_2017,박근혜정부(2013-2017),퇴출,0.0011454544981583023
park_2013_2017,박근혜정부(2013-2017),투명,0.00172039971606155
park_2013_2017,박근혜정부(2013-2017),투명성,0.0010299102414649058
park_2013_2017,박근혜정부(2013-2017),투어,0.0014613958493059646
park_2013_2017,박근혜정부(2013-2017),투자자들,0.0010131230633294807
park_2013_2017,박근혜정부(2013-2017),투쟁,0.0026752815243985153
park_2013_2017,박근혜정부(2013-2017),투표율,0.0009391996985876933
park_2013_2017,박근혜정부(2013-2017),트랙,0.000810831294489082
park_2013_2017,박근혜정부(2013-2017),트럭,0.0008458742561425023
park_2013_2017,박근혜정부(2013-2017),트위,0.001185609421475826
park_2013_2017,박근혜정부(2013-2017),트위터,0.0016788942450388432
park_2013_2017,박근혜정부(2013-2017),특권,0.0010637132763557519
park_2013_2017,박근혜정부(2013-2017),특례,0.0003173731136566684
park_2013_2017,박근혜정부(2013-2017),특별법,0.002491430030151094
park_2013_2017,박근혜정부(2013-2017),특사,0.0007005106612303144
park_2013_2017,박근혜정부(2013-2017),특성,0.0023740186414818567
park_2013_2017,박근혜정부(2013-2017),특성화,0.0009373860218623492
park_2013_2017,박근혜정부(2013-2017),특수,0.0019688004592696147
park_2013_2017,박근혜정부(2013-2017),특유,0.0011891750856496462
park_2013_2017,박근혜정부(2013-2017),특징,0.002345223638430608
park_2013_2017,박근혜정부(2013-2017),특파원,0.0020504652002413587
park_2013_2017,박근혜정부(2013-2017),특허,0.0019410867881624765
park_2013_2017,박근혜정부(2013-2017),특혜,0.0017764135004799887
park_2013_2017,박근혜정부(2013-2017),특화,0.0009873389491161868
park_2013_2017,박근혜정부(2013-2017),특히,0.0021326696598481815
park_2013_2017,박근혜정부(2013-2017),파괴,0.0018737157388285974
park_2013_2017,박근혜정부(2013-2017),파기,0.0008815437153589363
park_2013_2017,박근혜정부(2013-2017),파문,0.0017146420741789487
park_2013_2017,박근혜정부(2013-2017),파산,0.0009242710401097276
park_2013_2017,박근혜정부(2013-2017),파업,0.0022921835625082493
park_2013_2017,박근혜정부(2013-2017),파워,0.0010401878610110738
park_2013_2017,박근혜정부(2013-2017),파일,0.0007505261265192563
park_2013_2017,박근혜정부(2013-2017),파장,0.0011540157316940955
park_2013_2017,박근혜정부(2013-2017),파주,0.0008552558679524402
park_2013_2017,박근혜정부(2013-2017),파트너,0.0010575451152562301
park_2013_2017,박근혜정부(2013-2017),판교,0.0007460746418297623
park_2013_2017,박근혜정부(2013-2017),판단,0.006578972068968805
park_2013_2017,박근혜정부(2013-2017),판매량,0.0014013905782557306
park_2013_2017,박근혜정부(2013-2017),패널,0.0007608849709138025
park_2013_2017,박근혜정부(2013-2017),패러다임,0.0009609640533679117
park_2013_2017,박근혜정부(2013-2017),패배,0.002162748713570808
park_2013_2017,박근혜정부(2013-2017),패스,0.0007232561535070397
park_2013_2017,박근혜정부(2013-2017),패키지,0.0005839600420934329
park_2013_2017,박근혜정부(2013-2017),패턴,0.0007368749663896863
park_2013_2017,박근혜정부(2013-2017),팬데믹,2.039093932090927e-06
park_2013_2017,박근혜정부(2013-2017),페미니즘,0.0002509806972673934
park_2013_2017,박근혜정부(2013-2017),페스티벌,0.0011614250094694628
park_2013_2017,박근혜정부(2013-2017),편견,0.0008379866150039066
park_2013_2017,박근혜정부(2013-2017),편리,0.0012499879048757153
park_2013_2017,박근혜정부(2013-2017),편성,0.0021066201035551866
park_2013_2017,박근혜정부(2013-2017),편안,0.001051944288632855
park_2013_2017,박근혜정부(2013-2017),편의,0.0012707286695549922
park_2013_2017,박근혜정부(2013-2017),편의점,0.0010950750449666867
park_2013_2017,박근혜정부(2013-2017),편입,0.0009108306006830757
park_2013_2017,박근혜정부(2013-2017),편지,0.0014081805323470603
park_2013_2017,박근혜정부(2013-2017),편집,0.0013909099275237577
park_2013_2017,박근혜정부(2013-2017),편향,0.0008567847268056663
park_2013_2017,박근혜정부(2013-2017),평가,0.021891332876131077
park_2013_2017,박근혜정부(2013-2017),평가를,0.0012857163368630731
park_2013_2017,박근혜정부(2013-2017),평등,0.0012511134303535261
park_2013_2017,박근혜정부(2013-2017),평론가,0.0019970117533867388
park_2013_2017,박근혜정부(2013-2017),평생,0.002018315691909305
park_2013_2017,박근혜정부(2013-2017),평소,0.0026700217697836425
park_2013_2017,박근혜정부(2013-2017),평택,0.001107973835885892
park_2013_2017,박근혜정부(2013-2017),폐기,0.001338701550816301
park_2013_2017,박근혜정부(2013-2017),폐기물,0.0006487760619412526
park_2013_2017,박근혜정부(2013-2017),폐쇄,0.0014814129620335263
park_2013_2017,박근혜정부(2013-2017),폐지,0.00456954884005604
park_2013_2017,박근혜정부(2013-2017),포괄,0.0006016204132297648
park_2013_2017,박근혜정부(2013-2017),포럼,0.002383874022393621
park_2013_2017,박근혜정부(2013-2017),포스코,0.0021326984421218323
park_2013_2017,박근혜정부(2013-2017),포스트,0.0006816496272391252
park_2013_2017,박근혜정부(2013-2017),포용,0.0005722560735399379
park_2013_2017,박근혜정부(2013-2017),포장,0.0010308665767299033
park_2013_2017,박근혜정부(2013-2017),포착,0.001387688958220302
park_2013_2017,박근혜정부(2013-2017),포털,0.0013956109641065817
park_2013_2017,박근혜정부(2013-2017),포퓰리즘,0.0006946306817692814
park_2013_2017,박근혜정부(2013-2017),포항,0.0012034374081693485
park_2013_2017,박근혜정부(2013-2017),폭로,0.0012419888402138296
park_2013_2017,박근혜정부(2013-2017),폭발,0.0017575495468539531
park_2013_2017,박근혜정부(2013-2017),폭탄,0.0017593655295238947
park_2013_2017,박근혜정부(2013-2017),폴란드,0.000734996058843161
park_2013_2017,박근혜정부(2013-2017),표결,0.0011825729903447036
park_2013_2017,박근혜정부(2013-2017),표명,0.0019424824034371027
park_2013_2017,박근혜정부(2013-2017),표시,0.0021046760881610186
park_2013_2017,박근혜정부(2013-2017),표심,0.000700168103179293
park_2013_2017,박근혜정부(2013-2017),표정,0.001787543555627707
park_2013_2017,박근혜정부(2013-2017),표준,0.0012050138632192266
park_2013_2017,박근혜정부(2013-2017),표출,0.0007157145480375959
park_2013_2017,박근혜정부(2013-2017),풀이,0.0016478696808669114
park_2013_2017,박근혜정부(2013-2017),품목,0.0011322803893292629
park_2013_2017,박근혜정부(2013-2017),품질,0.0025556144343316925
park_2013_2017,박근혜정부(2013-2017),풍경,0.0013307426500236274
park_2013_2017,박근혜정부(2013-2017),프랜차이즈,0.0006168340440664002
park_2013_2017,박근혜정부(2013-2017),프레임,0.0008168560340908752
park_2013_2017,박근혜정부(2013-2017),프로세스,0.0008416086234931769
park_2013_2017,박근혜정부(2013-2017),프리미엄,0.0017008264436284078
park_2013_2017,박근혜정부(2013-2017),플라스틱,0.0005092160724236216
park_2013_2017,박근혜정부(2013-2017),플랫폼,0.0012044311410532177
park_2013_2017,박근혜정부(2013-2017),플러스,0.0009222521518043232
park_2013_2017,박근혜정부(2013-2017),플레이,0.0010345398938409027
park_2013_2017,박근혜정부(2013-2017),피고인,0.0010927161575471575
park_2013_2017,박근혜정부(2013-2017),피의자,0.001779918648967673
park_2013_2017,박근혜정부(2013-2017),피해자들,0.001247476811975928
park_2013_2017,박근혜정부(2013-2017),핀란드,0.0008209103834852775
park_2013_2017,박근혜정부(2013-2017),핀테크,0.000754131569333651
park_2013_2017,박근혜정부(2013-2017),필리핀,0.0019714392240524643
park_2013_2017,박근혜정부(2013-2017),필수,0.001390259846133238
park_2013_2017,박근혜정부(2013-2017),필수적,0.0007086053097043687
park_2013_2017,박근혜정부(2013-2017),필요성,0.0021950447585771587
park_2013_2017,박근혜정부(2013-2017),필요한,0.0008250518960977696
park_2013_2017,박근혜정부(2013-2017),필자,0.0009338538964444594
park_2013_2017,박근혜정부(2013-2017),하고,0.0022084562444071795
park_2013_2017,박근혜정부(2013-2017),하나은행,0.0006742048225878063
park_2013_2017,박근혜정부(2013-2017),하늘,0.00182518376373133
park_2013_2017,박근혜정부(2013-2017),하우스,0.0008227146476135976
park_2013_2017,박근혜정부(2013-2017),하원,0.0013289814529372128
park_2013_2017,박근혜정부(2013-2017),하위,0.001301716163357124
park_2013_2017,박근혜정부(2013-2017),하이닉스,0.0005233123776604905
park_2013_2017,박근혜정부(2013-2017),하이브리드,0.0008574446617626428
park_2013_2017,박근혜정부(2013-2017),하지만,0.0029135123550945007
park_2013_2017,박근혜정부(2013-2017),하태경,0.0003485091729681795
park_2013_2017,박근혜정부(2013-2017),학계,0.001058029967919686
park_2013_2017,박근혜정부(2013-2017),학과,0.0017524748603010812
park_2013_2017,박근혜정부(2013-2017),학기,0.001445533419603067
park_2013_2017,박근혜정부(2013-2017),학년,0.0023244715966842795
park_2013_2017,박근혜정부(2013-2017),학력,0.0013806265523279278
park_2013_2017,박근혜정부(2013-2017),학문,0.0012134866910891492
park_2013_2017,박근혜정부(2013-2017),학부,0.0009812777402517685
park_2013_2017,박근혜정부(2013-2017),학부모들,0.0009372260999535021
park_2013_2017,박근혜정부(2013-2017),학살,0.0009251579539247475
park_2013_2017,박근혜정부(2013-2017),학생부,0.002020376300982345
park_2013_2017,박근혜정부(2013-2017),학술,0.0010616205922188622
park_2013_2017,박근혜정부(2013-2017),학술지,0.0007277541480721196
park_2013_2017,박근혜정부(2013-2017),학습,0.002190938387006006
park_2013_2017,박근혜정부(2013-2017),학업,0.0009608907994709408
park_2013_2017,박근혜정부(2013-2017),학원,0.0016052301350214136
park_2013_2017,박근혜정부(2013-2017),학위,0.001114415508945466
park_2013_2017,박근혜정부(2013-2017),학자,0.0012975955961781343
park_2013_2017,박근혜정부(2013-2017),학점,0.0010794182128698805
park_2013_2017,박근혜정부(2013-2017),한강,0.0015804779258966662
park_2013_2017,박근혜정부(2013-2017),한겨레,0.0014924832946296728
park_2013_2017,박근혜정부(2013-2017),한계,0.002751688121699793
park_2013_2017,박근혜정부(2013-2017),한국어,0.0010616256562054666
park_2013_2017,박근혜정부(2013-2017),한국은행,0.0017104245580606009
park_2013_2017,박근혜정부(2013-2017),한국의,0.0013454515031567063
park_2013_2017,박근혜정부(2013-2017),한국전쟁,0.0009129212844613537
park_2013_2017,박근혜정부(2013-2017),한국토지주택공사,0.0005176559224175085
park_2013_2017,박근혜정부(2013-2017),한국판,0.00045234961199587016
park_2013_2017,박근혜정부(2013-2017),한나라당,0.0017696492435628017
park_2013_2017,박근혜정부(2013-2017),한다,0.002704838304945808
park_2013_2017,박근혜정부(2013-2017),한다는,0.001024824445065641
park_2013_2017,박근혜정부(2013-2017),한도,0.0013288970989692203
park_2013_2017,박근혜정부(2013-2017),한동안,0.0010550108069452549
park_2013_2017,박근혜정부(2013-2017),한류,0.0015554007233824886
park_2013_2017,박근혜정부(2013-2017),한마디,0.002118524727511021
park_2013_2017,박근혜정부(2013-2017),한수원,0.0007321490782350721
park_2013_2017,박근혜정부(2013-2017),한양대,0.00127471702723136
park_2013_2017,박근혜정부(2013-2017),한은,0.0011348230530532405
park_2013_2017,박근혜정부(2013-2017),한인,0.0010314679158623691
park_2013_2017,박근혜정부(2013-2017),한전,0.001359385119546397
park_2013_2017,박근혜정부(2013-2017),한정,0.0010532084755323307
park_2013_2017,박근혜정부(2013-2017),한쪽,0.0012823743977258475
park_2013_2017,박근혜정부(2013-2017),한참,0.0009133368127962786
park_2013_2017,박근혜정부(2013-2017),한편,0.0023026325918600187
park_2013_2017,박근혜정부(2013-2017),한화,0.002230674165636291
park_2013_2017,박근혜정부(2013-2017),할리우드,0.0011327015907922381
park_2013_2017,박근혜정부(2013-2017),할아버지,0.0010907508595634043
park_2013_2017,박근혜정부(2013-2017),할인,0.0021560141953919604
park_2013_2017,박근혜정부(2013-2017),합격,0.0019558694435285644
park_2013_2017,박근혜정부(2013-2017),합격자,0.001501944728862916
park_2013_2017,박근혜정부(2013-2017),합동,0.0018058092178728237
park_2013_2017,박근혜정부(2013-2017),합류,0.0018067483300193764
park_2013_2017,박근혜정부(2013-2017),합리,0.00098476307446184
park_2013_2017,박근혜정부(2013-2017),합리적,0.0013583856559520597
park_2013_2017,박근혜정부(2013-2017),합병,0.0018776809996397992
park_2013_2017,박근혜정부(2013-2017),합산,0.0006043699618319363
park_2013_2017,박근혜정부(2013-2017),합의문,0.0007505894592003117
park_2013_2017,박근혜정부(2013-2017),합참,0.0006603145165276445
park_2013_2017,박근혜정부(2013-2017),항공,0.0013235687481921495
park_2013_2017,박근혜정부(2013-2017),항공기,0.001628302327967528
park_2013_2017,박근혜정부(2013-2017),항공사,0.0009312947402800627
park_2013_2017,박근혜정부(2013-2017),항목,0.002085840980187053
park_2013_2017,박근혜정부(2013-2017),항소심,0.001308982678543538
park_2013_2017,박근혜정부(2013-2017),항의,0.0016899280743838552
park_2013_2017,박근혜정부(2013-2017),항쟁,0.0006877658951010052
park_2013_2017,박근혜정부(2013-2017),해결책,0.0012131634252826962
park_2013_2017,박근혜정부(2013-2017),해경,0.0017780024465527044
park_2013_2017,박근혜정부(2013-2017),해고,0.002388024550896301
park_2013_2017,박근혜정부(2013-2017),해군,0.0018565562531707147
park_2013_2017,박근혜정부(2013-2017),해당,0.0007340701045459544
park_2013_2017,박근혜정부(2013-2017),해명,0.0021437410659573704
park_2013_2017,박근혜정부(2013-2017),해방,0.0013606249385909308
park_2013_2017,박근혜정부(2013-2017),해법,0.001868863642466648
park_2013_2017,박근혜정부(2013-2017),해상,0.001068306018820908
park_2013_2017,박근혜정부(2013-2017),해설,0.0012287556311950773
park_2013_2017,박근혜정부(2013-2017),해수부,0.0011198345752320728
park_2013_2017,박근혜정부(2013-2017),해양,0.0021677071187943173
park_2013_2017,박근혜정부(2013-2017),해임,0.0019550710487035395
park_2013_2017,박근혜정부(2013-2017),해제,0.0014601699235628081
park_2013_2017,박근혜정부(2013-2017),해체,0.001897616708636963
park_2013_2017,박근혜정부(2013-2017),해킹,0.002051685651544147
park_2013_2017,박근혜정부(2013-2017),핵무기,0.0020499300295311073
park_2013_2017,박근혜정부(2013-2017),핵심적,0.0005522940904573968
park_2013_2017,박근혜정부(2013-2017),했습니다,0.0018886882271467336
park_2013_2017,박근혜정부(2013-2017),행동,0.004192529661283565
park_2013_2017,박근혜정부(2013-2017),행운,0.0007050332800362407
park_2013_2017,박근혜정부(2013-2017),행위,0.004519655861730393
park_2013_2017,박근혜정부(2013-2017),행정,0.004546227724518207
park_2013_2017,박근혜정부(2013-2017),행정관,0.0008500802104250715
park_2013_2017,박근혜정부(2013-2017),행진,0.001240410816142371
park_2013_2017,박근혜정부(2013-2017),행태,0.0016367711930469285
park_2013_2017,박근혜정부(2013-2017),향상,0.002527315983580225
park_2013_2017,박근혜정부(2013-2017),허가,0.002004351239241654
park_2013_2017,박근혜정부(2013-2017),허리,0.0009680052725965751
park_2013_2017,박근혜정부(2013-2017),허브,0.0006586788272427166
park_2013_2017,박근혜정부(2013-2017),허용,0.0032575331886599817
park_2013_2017,박근혜정부(2013-2017),허위,0.0016420792524333167
park_2013_2017,박근혜정부(2013-2017),헌법재판소,0.001780724416645015
park_2013_2017,박근혜정부(2013-2017),헌신,0.0009465160207291789
park_2013_2017,박근혜정부(2013-2017),헬기,0.0009500043866249488
park_2013_2017,박근혜정부(2013-2017),헬스,0.0004895381276596405
park_2013_2017,박근혜정부(2013-2017),혁신,0.012183534377587594
park_2013_2017,박근혜정부(2013-2017),혁신성장,2.1930583023857205e-05
park_2013_2017,박근혜정부(2013-2017),혁신적,0.0008192723634945285
park_2013_2017,박근혜정부(2013-2017),현금,0.0018480825796401569
park_2013_2017,박근혜정부(2013-2017),현대자동차,0.0014614379875875119
park_2013_2017,박근혜정부(2013-2017),현대중공업,0.0010835378514659107
park_2013_2017,박근혜정부(2013-2017),현대차그룹,0.0008332931297184749
park_2013_2017,박근혜정부(2013-2017),현실,0.005655735871452523
park_2013_2017,박근혜정부(2013-2017),현실적,0.0014637519338229375
park_2013_2017,박근혜정부(2013-2017),현실화,0.0010110743139651655
park_2013_2017,박근혜정부(2013-2017),현역,0.002494625197110093
park_2013_2017,박근혜정부(2013-2017),현지시각,0.0013300388275292526
park_2013_2017,박근혜정부(2013-2017),현직,0.002407386028096289
park_2013_2017,박근혜정부(2013-2017),혐오,0.0007165453391659328
park_2013_2017,박근혜정부(2013-2017),혐의로,0.001972512844412065
park_2013_2017,박근혜정부(2013-2017),협력사,0.0010620111289653409
park_2013_2017,박근혜정부(2013-2017),협박,0.0013202295681134756
park_2013_2017,박근혜정부(2013-2017),협약,0.001848476461637837
park_2013_2017,박근혜정부(2013-2017),협업,0.001061935312301552
park_2013_2017,박근혜정부(2013-2017),협의체,0.001240217898652426
park_2013_2017,박근혜정부(2013-2017),협의회,0.0019082459276641662
park_2013_2017,박근혜정부(2013-2017),협정,0.0018338023055873203
park_2013_2017,박근혜정부(2013-2017),협조,0.002151707611509778
park_2013_2017,박근혜정부(2013-2017),협치,0.0006960865106687766
park_2013_2017,박근혜정부(2013-2017),협회,0.0018739575701475272
park_2013_2017,박근혜정부(2013-2017),형성,0.0026890154386703786
park_2013_2017,박근혜정부(2013-2017),형식,0.001977282557822693
park_2013_2017,박근혜정부(2013-2017),형제,0.001142484673942028
park_2013_2017,박근혜정부(2013-2017),형평성,0.0006410634431407918
park_2013_2017,박근혜정부(2013-2017),호기,0.00043336031990518083
park_2013_2017,박근혜정부(2013-2017),호소,0.0020053694924254705
park_2013_2017,박근혜정부(2013-2017),호응,0.001099770448217929
park_2013_2017,박근혜정부(2013-2017),호텔,0.00262469854241654
park_2013_2017,박근혜정부(2013-2017),호평,0.0010524433553806918
park_2013_2017,박근혜정부(2013-2017),호흡,0.0012800899616455792
park_2013_2017,박근혜정부(2013-2017),혼란,0.0023409161964142353
park_2013_2017,박근혜정부(2013-2017),혼자,0.002562015176179212
park_2013_2017,박근혜정부(2013-2017),화두,0.0010137445901816208
park_2013_2017,박근혜정부(2013-2017),화상,0.0005388766290152078
park_2013_2017,박근혜정부(2013-2017),화성,0.000954726408290821
park_2013_2017,박근혜정부(2013-2017),화장실,0.0012523190892849132
park_2013_2017,박근혜정부(2013-2017),화제,0.0029264598058522007
park_2013_2017,박근혜정부(2013-2017),화폐,0.00046718596007943355
park_2013_2017,박근혜정부(2013-2017),화학,0.0020320794882728505
park_2013_2017,박근혜정부(2013-2017),화합,0.0011582463193803582
park_2013_2017,박근혜정부(2013-2017),화해,0.0012724533654983237
park_2013_2017,박근혜정부(2013-2017),확률,0.000978726343419306
park_2013_2017,박근혜정부(2013-2017),확립,0.0011431158030703464
park_2013_2017,박근혜정부(2013-2017),확신,0.0012472912896436413
park_2013_2017,박근혜정부(2013-2017),확진자,0.0002518606336307646
park_2013_2017,박근혜정부(2013-2017),확충,0.0013548369453669662
park_2013_2017,박근혜정부(2013-2017),환수,0.0009833031021355295
park_2013_2017,박근혜정부(2013-2017),환영,0.0018301525495795102
park_2013_2017,박근혜정부(2013-2017),환율,0.001943809280830533
park_2013_2017,박근혜정부(2013-2017),환자들,0.0012734786811779933
park_2013_2017,박근혜정부(2013-2017),활동가,0.000914262124176481
park_2013_2017,박근혜정부(2013-2017),활력,0.0010410402645751656
park_2013_2017,박근혜정부(2013-2017),활약,0.0024416016666977724
park_2013_2017,박근혜정부(2013-2017),활용,0.0061865416137560905
park_2013_2017,박근혜정부(2013-2017),회견,0.002822598548352181
park_2013_2017,박근혜정부(2013-2017),회계,0.001317047854347021
park_2013_2017,박근혜정부(2013-2017),회수,0.0009185091117358925
park_2013_2017,박근혜정부(2013-2017),회원,0.002597326980612812
park_2013_2017,박근혜정부(2013-2017),회원국,0.0017411884746826563
park_2013_2017,박근혜정부(2013-2017),회피,0.001003981837192979
park_2013_2017,박근혜정부(2013-2017),획기적,0.0008751686064248726
park_2013_2017,박근혜정부(2013-2017),획득,0.001368830471849773
park_2013_2017,박근혜정부(2013-2017),횟수,0.0007930085759036079
park_2013_2017,박근혜정부(2013-2017),횡령,0.0013181368330723404
park_2013_2017,박근혜정부(2013-2017),효과적,0.0014673298509467793
park_2013_2017,박근혜정부(2013-2017),효력,0.0005517474962300264
park_2013_2017,박근혜정부(2013-2017),효율,0.0014742432026862739
park_2013_2017,박근혜정부(2013-2017),효율성,0.0010536320542180832
park_2013_2017,박근혜정부(2013-2017),효율적,0.0011672346728707945
park_2013_2017,박근혜정부(2013-2017),후반,0.0022214657700029387
park_2013_2017,박근혜정부(2013-2017),후배,0.001231508504618006
park_2013_2017,박근혜정부(2013-2017),후배들,0.0009523942042998408
park_2013_2017,박근혜정부(2013-2017),후보가,0.0005323093669206724
park_2013_2017,박근혜정부(2013-2017),후보들,0.0012709139100749133
park_2013_2017,박근혜정부(2013-2017),후속,0.001435638437995193
park_2013_2017,박근혜정부(2013-2017),후원,0.0015961638498571576
park_2013_2017,박근혜정부(2013-2017),후원금,0.0006807925194293482
park_2013_2017,박근혜정부(2013-2017),후임,0.0010043209182901698
park_2013_2017,박근혜정부(2013-2017),후쿠시마,0.0009676015582302358
park_2013_2017,박근혜정부(2013-2017),후퇴,0.001380566406387366
park_2013_2017,박근혜정부(2013-2017),훼손,0.002360917303433943
park_2013_2017,박근혜정부(2013-2017),휴가,0.0014162973738410423
park_2013_2017,박근혜정부(2013-2017),휴대,0.0015196358003640438
park_2013_2017,박근혜정부(2013-2017),휴대전화,0.0018281939335758344
park_2013_2017,박근혜정부(2013-2017),휴대폰,0.0010214063898423542
park_2013_2017,박근혜정부(2013-2017),휴식,0.0008245065827771354
park_2013_2017,박근혜정부(2013-2017),휴일,0.000892958110305674
park_2013_2017,박근혜정부(2013-2017),휴직,0.0007656111585101993
park_2013_2017,박근혜정부(2013-2017),흐름,0.002613928927189548
park_2013_2017,박근혜정부(2013-2017),흑인,0.0019695880071643177
park_2013_2017,박근혜정부(2013-2017),흑자,0.000930390396019278
park_2013_2017,박근혜정부(2013-2017),흔적,0.001162632078590996
park_2013_2017,박근혜정부(2013-2017),흡수,0.0009939358261735547
park_2013_2017,박근혜정부(2013-2017),흥미,0.0014544879864352167
park_2013_2017,박근혜정부(2013-2017),흥행,0.0013650372902771538
park_2013_2017,박근혜정부(2013-2017),희망,0.004609435817597489
park_2013_2017,박근혜정부(2013-2017),희생자,0.0022748164197167633
moon_pre_covid_2017_2019,문재인 전기/코로나 이전(2017-2019),가계,0.0015884487792407066
moon_pre_covid_2017_2019,문재인 전기/코로나 이전(2017-2019),가계부채,0.000588223225160981
moon_pre_covid_2017_2019,문재인 전기/코로나 이전(2017-2019),가공,0.0007978116575077223
moon_pre_covid_2017_2019,문재인 전기/코로나 이전(2017-2019),가까이,0.0008622388505699436
moon_pre_covid_2017_2019,문재인 전기/코로나 이전(2017-2019),가난,0.0010846898230006906
moon_pre_covid_2017_2019,문재인 전기/코로나 이전(2017-2019),가능성이,0.0008668043912779548
moon_pre_covid_2017_2019,문재인 전기/코로나 이전(2017-2019),가담,0.0006631835616891829
moon_pre_covid_2017_2019,문재인 전기/코로나 이전(2017-2019),가동,0.0022360480804907265
moon_pre_covid_2017_2019,문재인 전기/코로나 이전(2017-2019),가량,0.002613872992618135
moon_pre_covid_2017_2019,문재인 전기/코로나 이전(2017-2019),가맹점,0.0013082417550763538
moon_pre_covid_2017_2019,문재인 전기/코로나 이전(2017-2019),가사,0.0009769258838127973
moon_pre_covid_2017_2019,문재인 전기/코로나 이전(2017-2019),가상,0.0015833346909179212
moon_pre_covid_2017_2019,문재인 전기/코로나 이전(2017-2019),가속화,0.0008988590404389915
moon_pre_covid_2017_2019,문재인 전기/코로나 이전(2017-2019),가스,0.0015407537924985706
moon_pre_covid_2017_2019,문재인 전기/코로나 이전(2017-2019),가슴,0.0018221100034763944
moon_pre_covid_2017_2019,문재인 전기/코로나 이전(2017-2019),가을,0.0013257503172568095
moon_pre_covid_2017_2019,문재인 전기/코로나 이전(2017-2019),가입자,0.0022587073805753477
moon_pre_covid_2017_2019,문재인 전기/코로나 이전(2017-2019),가전,0.0012145932539787178
moon_pre_covid_2017_2019,문재인 전기/코로나 이전(2017-2019),가족들,0.0015204926152478802
moon_pre_covid_2017_2019,문재인 전기/코로나 이전(2017-2019),가중,0.0008462455202530654
moon_pre_covid_2017_2019,문재인 전기/코로나 이전(2017-2019),가짜,0.0017184708055962333
moon_pre_covid_2017_2019,문재인 전기/코로나 이전(2017-2019),가치,0.0073451842012791325
moon_pre_covid_2017_2019,문재인 전기/코로나 이전(2017-2019),가해자,0.0021245860044920356
moon_pre_covid_2017_2019,문재인 전기/코로나 이전(2017-2019),각각,0.0009233246661075569
moon_pre_covid_2017_2019,문재인 전기/코로나 이전(2017-2019),각국,0.002110473340290502
moon_pre_covid_2017_2019,문재인 전기/코로나 이전(2017-2019),각오,0.0012410997239654046
moon_pre_covid_2017_2019,문재인 전기/코로나 이전(2017-2019),각자,0.0009038095252825675
moon_pre_covid_2017_2019,문재인 전기/코로나 이전(2017-2019),간사,0.0011172525424123798
moon_pre_covid_2017_2019,문재인 전기/코로나 이전(2017-2019),간주,0.0006365349469849981
moon_pre_covid_2017_2019,문재인 전기/코로나 이전(2017-2019),간판,0.0009752929791306941
moon_pre_covid_2017_2019,문재인 전기/코로나 이전(2017-2019),간호사,0.0010321847944188283
moon_pre_covid_2017_2019,문재인 전기/코로나 이전(2017-2019),갈등,0.005702948178994948
moon_pre_covid_2017_2019,문재인 전기/코로나 이전(2017-2019),감각,0.0009847555502946728
moon_pre_covid_2017_2019,문재인 전기/코로나 이전(2017-2019),감당,0.0009292730845419025
moon_pre_covid_2017_2019,문재인 전기/코로나 이전(2017-2019),감동,0.0011960740520694142
moon_pre_covid_2017_2019,문재인 전기/코로나 이전(2017-2019),감면,0.0010476644526141565
moon_pre_covid_2017_2019,문재인 전기/코로나 이전(2017-2019),감사원장,0.00021356433097705318
moon_pre_covid_2017_2019,문재인 전기/코로나 이전(2017-2019),감성,0.0009614837965017813
moon_pre_covid_2017_2019,문재인 전기/코로나 이전(2017-2019),감수,0.0007961931223057476
moon_pre_covid_2017_2019,문재인 전기/코로나 이전(2017-2019),감시,0.001897164584371222
moon_pre_covid_2017_2019,문재인 전기/코로나 이전(2017-2019),감안,0.0020233857171602283
moon_pre_covid_2017_2019,문재인 전기/코로나 이전(2017-2019),감염병,0.0003249011467919509
moon_pre_covid_2017_2019,문재인 전기/코로나 이전(2017-2019),감염자,8.220274207850139e-05
moon_pre_covid_2017_2019,문재인 전기/코로나 이전(2017-2019),감옥,0.0006654518882256445
moon_pre_covid_2017_2019,문재인 전기/코로나 이전(2017-2019),감정,0.002232456674140389
moon_pre_covid_2017_2019,문재인 전기/코로나 이전(2017-2019),감지,0.0008972099535211658
moon_pre_covid_2017_2019,문재인 전기/코로나 이전(2017-2019),감축,0.001432044867097461
moon_pre_covid_2017_2019,문재인 전기/코로나 이전(2017-2019),갑질,0.0025984199929198004
moon_pre_covid_2017_2019,문재인 전기/코로나 이전(2017-2019),강경,0.0011162175819577568
moon_pre_covid_2017_2019,문재인 전기/코로나 이전(2017-2019),강국,0.0008309065109270747
moon_pre_covid_2017_2019,문재인 전기/코로나 이전(2017-2019),강남구,0.0017283845684823397
moon_pre_covid_2017_2019,문재인 전기/코로나 이전(2017-2019),강도,0.001708398037888032
moon_pre_covid_2017_2019,문재인 전기/코로나 이전(2017-2019),강릉,0.0014608942567873675
moon_pre_covid_2017_2019,문재인 전기/코로나 이전(2017-2019),강사,0.0013296800217223658
moon_pre_covid_2017_2019,문재인 전기/코로나 이전(2017-2019),강세,0.0008437404284870786
moon_pre_covid_2017_2019,문재인 전기/코로나 이전(2017-2019),강연,0.001665460206976128
moon_pre_covid_2017_2019,문재인 전기/코로나 이전(2017-2019),강요,0.001354773158179938
moon_pre_covid_2017_2019,문재인 전기/코로나 이전(2017-2019),강의,0.0017033498645610268
moon_pre_covid_2017_2019,문재인 전기/코로나 이전(2017-2019),강제,0.002884612268846578
moon_pre_covid_2017_2019,문재인 전기/코로나 이전(2017-2019),강행,0.0015976605669198978
moon_pre_covid_2017_2019,문재인 전기/코로나 이전(2017-2019),갖고,0.0010027494806158985
moon_pre_covid_2017_2019,문재인 전기/코로나 이전(2017-2019),개각,0.0010237508724608335
moon_pre_covid_2017_2019,문재인 전기/코로나 이전(2017-2019),개념,0.002183181438542107
moon_pre_covid_2017_2019,문재인 전기/코로나 이전(2017-2019),개막,0.0018626992393604733
moon_pre_covid_2017_2019,문재인 전기/코로나 이전(2017-2019),개발,0.0011513155851959407
moon_pre_covid_2017_2019,문재인 전기/코로나 이전(2017-2019),개방,0.002557843486916739
moon_pre_covid_2017_2019,문재인 전기/코로나 이전(2017-2019),개봉,0.002279311106116387
moon_pre_covid_2017_2019,문재인 전기/코로나 이전(2017-2019),개선,0.010020555984058077
moon_pre_covid_2017_2019,문재인 전기/코로나 이전(2017-2019),개설,0.0015159067381878206
moon_pre_covid_2017_2019,문재인 전기/코로나 이전(2017-2019),개성,0.0015331192515330174
moon_pre_covid_2017_2019,문재인 전기/코로나 이전(2017-2019),개시,0.0011317478253510035
moon_pre_covid_2017_2019,문재인 전기/코로나 이전(2017-2019),개인,0.0060228997741342254
moon_pre_covid_2017_2019,문재인 전기/코로나 이전(2017-2019),개인적,0.0017088448619572581
moon_pre_covid_2017_2019,문재인 전기/코로나 이전(2017-2019),개인정보,0.0007729544912821276
moon_pre_covid_2017_2019,문재인 전기/코로나 이전(2017-2019),개척,0.001166859325776424
moon_pre_covid_2017_2019,문재인 전기/코로나 이전(2017-2019),개통,0.001417184260863746
moon_pre_covid_2017_2019,문재인 전기/코로나 이전(2017-2019),개편,0.005209996007536035
moon_pre_covid_2017_2019,문재인 전기/코로나 이전(2017-2019),개편안,0.0011972654756579723
moon_pre_covid_2017_2019,문재인 전기/코로나 이전(2017-2019),개혁,0.01061148871111436
moon_pre_covid_2017_2019,문재인 전기/코로나 이전(2017-2019),객관적,0.0009864369415179006
moon_pre_covid_2017_2019,문재인 전기/코로나 이전(2017-2019),거대,0.0017357336015535966
moon_pre_covid_2017_2019,문재인 전기/코로나 이전(2017-2019),거래소,0.0015272656645174722
moon_pre_covid_2017_2019,문재인 전기/코로나 이전(2017-2019),거절,0.0010809611131904029
moon_pre_covid_2017_2019,문재인 전기/코로나 이전(2017-2019),거점,0.0011635360277315483
moon_pre_covid_2017_2019,문재인 전기/코로나 이전(2017-2019),거주,0.0018313604178995554
moon_pre_covid_2017_2019,문재인 전기/코로나 이전(2017-2019),거짓,0.0008989204335508543
moon_pre_covid_2017_2019,문재인 전기/코로나 이전(2017-2019),거짓말,0.0013171800946006642
moon_pre_covid_2017_2019,문재인 전기/코로나 이전(2017-2019),거취,0.0007388757125392097
moon_pre_covid_2017_2019,문재인 전기/코로나 이전(2017-2019),건강보험,0.000895005010264303
moon_pre_covid_2017_2019,문재인 전기/코로나 이전(2017-2019),건국대,0.0011482815880861203
moon_pre_covid_2017_2019,문재인 전기/코로나 이전(2017-2019),건립,0.001335046336845679
moon_pre_covid_2017_2019,문재인 전기/코로나 이전(2017-2019),건설사,0.0013588674195063853
moon_pre_covid_2017_2019,문재인 전기/코로나 이전(2017-2019),건수,0.001115947849617229
moon_pre_covid_2017_2019,문재인 전기/코로나 이전(2017-2019),건의,0.0011942833428207678
moon_pre_covid_2017_2019,문재인 전기/코로나 이전(2017-2019),건전,0.0009471123205074024
moon_pre_covid_2017_2019,문재인 전기/코로나 이전(2017-2019),건축,0.002107812811751157
moon_pre_covid_2017_2019,문재인 전기/코로나 이전(2017-2019),건축물,0.0010563098056580638
moon_pre_covid_2017_2019,문재인 전기/코로나 이전(2017-2019),걸림돌,0.0007779334881445359
moon_pre_covid_2017_2019,문재인 전기/코로나 이전(2017-2019),걸음,0.0010047764214230564
moon_pre_covid_2017_2019,문재인 전기/코로나 이전(2017-2019),검거,0.0008913782784098348
moon_pre_covid_2017_2019,문재인 전기/코로나 이전(2017-2019),검사들,0.0007858808533479591
moon_pre_covid_2017_2019,문재인 전기/코로나 이전(2017-2019),검사장,0.0011321151892929723
moon_pre_covid_2017_2019,문재인 전기/코로나 이전(2017-2019),검색,0.0013552927032382564
moon_pre_covid_2017_2019,문재인 전기/코로나 이전(2017-2019),검찰이,0.0009292598890696096
moon_pre_covid_2017_2019,문재인 전기/코로나 이전(2017-2019),검찰청,0.0009090976023561077
moon_pre_covid_2017_2019,문재인 전기/코로나 이전(2017-2019),것은,0.0023717574222625235
moon_pre_covid_2017_2019,문재인 전기/코로나 이전(2017-2019),것을,0.0017677745545133631
moon_pre_covid_2017_2019,문재인 전기/코로나 이전(2017-2019),것이,0.001623149863816309
moon_pre_covid_2017_2019,문재인 전기/코로나 이전(2017-2019),것이다,0.0023011913353984522
moon_pre_covid_2017_2019,문재인 전기/코로나 이전(2017-2019),게시판,0.0014270672899442743
moon_pre_covid_2017_2019,문재인 전기/코로나 이전(2017-2019),게이트,0.0007362083809147569
moon_pre_covid_2017_2019,문재인 전기/코로나 이전(2017-2019),게재,0.0009813338923854555
moon_pre_covid_2017_2019,문재인 전기/코로나 이전(2017-2019),겨냥,0.0019753666958721387
moon_pre_covid_2017_2019,문재인 전기/코로나 이전(2017-2019),겨울,0.002426897813697197
moon_pre_covid_2017_2019,문재인 전기/코로나 이전(2017-2019),격려,0.0012809612530804949
moon_pre_covid_2017_2019,문재인 전기/코로나 이전(2017-2019),격차,0.0021564777759912404
moon_pre_covid_2017_2019,문재인 전기/코로나 이전(2017-2019),견제,0.001983463919353504
moon_pre_covid_2017_2019,문재인 전기/코로나 이전(2017-2019),견해,0.001090401104760187
moon_pre_covid_2017_2019,문재인 전기/코로나 이전(2017-2019),결과를,0.001160315876079501
moon_pre_covid_2017_2019,문재인 전기/코로나 이전(2017-2019),결과적,0.0011128975512843013
moon_pre_covid_2017_2019,문재인 전기/코로나 이전(2017-2019),결단,0.0016233708425854377
moon_pre_covid_2017_2019,문재인 전기/코로나 이전(2017-2019),결렬,0.0016031344584584851
moon_pre_covid_2017_2019,문재인 전기/코로나 이전(2017-2019),결성,0.0007573962730853484
moon_pre_covid_2017_2019,문재인 전기/코로나 이전(2017-2019),결심,0.0011932798850370504
moon_pre_covid_2017_2019,문재인 전기/코로나 이전(2017-2019),결의,0.0016682799763923966
moon_pre_covid_2017_2019,문재인 전기/코로나 이전(2017-2019),결의안,0.0013405452288854666
moon_pre_covid_2017_2019,문재인 전기/코로나 이전(2017-2019),결정적,0.001117948716156912
moon_pre_covid_2017_2019,문재인 전기/코로나 이전(2017-2019),결제,0.001861234855116537
moon_pre_covid_2017_2019,문재인 전기/코로나 이전(2017-2019),결합,0.0017778460390184252
moon_pre_covid_2017_2019,문재인 전기/코로나 이전(2017-2019),경계,0.001786358214799156
moon_pre_covid_2017_2019,문재인 전기/코로나 이전(2017-2019),경남도,0.0008144192808072933
moon_pre_covid_2017_2019,문재인 전기/코로나 이전(2017-2019),경력,0.0021609484377172914
moon_pre_covid_2017_2019,문재인 전기/코로나 이전(2017-2019),경로,0.0009608447596533589
moon_pre_covid_2017_2019,문재인 전기/코로나 이전(2017-2019),경매,0.0008015380944787858
moon_pre_covid_2017_2019,문재인 전기/코로나 이전(2017-2019),경비,0.0010958894159898988
moon_pre_covid_2017_2019,문재인 전기/코로나 이전(2017-2019),경영,0.006467174783565553
moon_pre_covid_2017_2019,문재인 전기/코로나 이전(2017-2019),경영자,0.0015004549763501583
moon_pre_covid_2017_2019,문재인 전기/코로나 이전(2017-2019),경영진,0.0015496810754022515
moon_pre_covid_2017_2019,문재인 전기/코로나 이전(2017-2019),경영학,0.0008630291933259633
moon_pre_covid_2017_2019,문재인 전기/코로나 이전(2017-2019),경위,0.001119284811392658
moon_pre_covid_2017_2019,문재인 전기/코로나 이전(2017-2019),경쟁,0.005369371958080347
moon_pre_covid_2017_2019,문재인 전기/코로나 이전(2017-2019),경쟁력,0.005589627856555209
moon_pre_covid_2017_2019,문재인 전기/코로나 이전(2017-2019),경쟁률,0.0009112974869531641
moon_pre_covid_2017_2019,문재인 전기/코로나 이전(2017-2019),경쟁자,0.0006893598434242705
moon_pre_covid_2017_2019,문재인 전기/코로나 이전(2017-2019),경제부총리,0.0011300400381696494
moon_pre_covid_2017_2019,문재인 전기/코로나 이전(2017-2019),경제성,0.0006518094875567048
moon_pre_covid_2017_2019,문재인 전기/코로나 이전(2017-2019),경제성장,0.0007288733045923652
moon_pre_covid_2017_2019,문재인 전기/코로나 이전(2017-2019),경제적,0.0019182016813158803
moon_pre_covid_2017_2019,문재인 전기/코로나 이전(2017-2019),경제정책,0.0012405316874770085
moon_pre_covid_2017_2019,문재인 전기/코로나 이전(2017-2019),경제학,0.001485070588938404
moon_pre_covid_2017_2019,문재인 전기/코로나 이전(2017-2019),경제협력개발기구,0.0008821431186325535
moon_pre_covid_2017_2019,문재인 전기/코로나 이전(2017-2019),경주,0.0011811076809793179
moon_pre_covid_2017_2019,문재인 전기/코로나 이전(2017-2019),경찰관,0.0017026513515639434
moon_pre_covid_2017_2019,문재인 전기/코로나 이전(2017-2019),경찰서,0.0008287806065896293
moon_pre_covid_2017_2019,문재인 전기/코로나 이전(2017-2019),경찰청,0.002526519241220147
moon_pre_covid_2017_2019,문재인 전기/코로나 이전(2017-2019),경찰청장,0.001278942159757068
moon_pre_covid_2017_2019,문재인 전기/코로나 이전(2017-2019),경향,0.0018104450040415437
moon_pre_covid_2017_2019,문재인 전기/코로나 이전(2017-2019),경향신문,0.0017042499257435611
moon_pre_covid_2017_2019,문재인 전기/코로나 이전(2017-2019),경험,0.006032081875619094
moon_pre_covid_2017_2019,문재인 전기/코로나 이전(2017-2019),경희대,0.0010817265153476511
moon_pre_covid_2017_2019,문재인 전기/코로나 이전(2017-2019),계급,0.0005919877402354826
moon_pre_covid_2017_2019,문재인 전기/코로나 이전(2017-2019),계단,0.0010324763051710528
moon_pre_covid_2017_2019,문재인 전기/코로나 이전(2017-2019),계산,0.0017344788971093042
moon_pre_covid_2017_2019,문재인 전기/코로나 이전(2017-2019),계속,0.000929315192850268
moon_pre_covid_2017_2019,문재인 전기/코로나 이전(2017-2019),계승,0.0007418205901361302
moon_pre_covid_2017_2019,문재인 전기/코로나 이전(2017-2019),계약,0.004908846213214339
moon_pre_covid_2017_2019,문재인 전기/코로나 이전(2017-2019),계열,0.001142115912174597
moon_pre_covid_2017_2019,문재인 전기/코로나 이전(2017-2019),계정,0.0009490919143795675
moon_pre_covid_2017_2019,문재인 전기/코로나 이전(2017-2019),계좌,0.001318542840686327
moon_pre_covid_2017_2019,문재인 전기/코로나 이전(2017-2019),계층,0.0018464119721195707
moon_pre_covid_2017_2019,문재인 전기/코로나 이전(2017-2019),고가,0.0008098075590987398
moon_pre_covid_2017_2019,문재인 전기/코로나 이전(2017-2019),고개,0.0012115290871981665
moon_pre_covid_2017_2019,문재인 전기/코로나 이전(2017-2019),고객들,0.0013727864860829315
moon_pre_covid_2017_2019,문재인 전기/코로나 이전(2017-2019),고교,0.00273900503763375
moon_pre_covid_2017_2019,문재인 전기/코로나 이전(2017-2019),고급,0.0016842050163046695
moon_pre_covid_2017_2019,문재인 전기/코로나 이전(2017-2019),고기,0.0007938257962490494
moon_pre_covid_2017_2019,문재인 전기/코로나 이전(2017-2019),고대,0.000886610489637933
moon_pre_covid_2017_2019,문재인 전기/코로나 이전(2017-2019),고도,0.0012897884357941087
moon_pre_covid_2017_2019,문재인 전기/코로나 이전(2017-2019),고등학교,0.002353848130843431
moon_pre_covid_2017_2019,문재인 전기/코로나 이전(2017-2019),고등학생,0.0009471272760217682
moon_pre_covid_2017_2019,문재인 전기/코로나 이전(2017-2019),고려대,0.0024621998718909513
moon_pre_covid_2017_2019,문재인 전기/코로나 이전(2017-2019),고령,0.0015731288229844226
moon_pre_covid_2017_2019,문재인 전기/코로나 이전(2017-2019),고령자,0.0009040476819850623
moon_pre_covid_2017_2019,문재인 전기/코로나 이전(2017-2019),고령화,0.0013821349850506866
moon_pre_covid_2017_2019,문재인 전기/코로나 이전(2017-2019),고리,0.0007464020381214129
moon_pre_covid_2017_2019,문재인 전기/코로나 이전(2017-2019),고립,0.0007898301149156974
moon_pre_covid_2017_2019,문재인 전기/코로나 이전(2017-2019),고문,0.0015726350613126602
moon_pre_covid_2017_2019,문재인 전기/코로나 이전(2017-2019),고백,0.0007667866158078205
moon_pre_covid_2017_2019,문재인 전기/코로나 이전(2017-2019),고사,0.0007976732844008414
moon_pre_covid_2017_2019,문재인 전기/코로나 이전(2017-2019),고생,0.0008521144236071905
moon_pre_covid_2017_2019,문재인 전기/코로나 이전(2017-2019),고소,0.0012299686286719015
moon_pre_covid_2017_2019,문재인 전기/코로나 이전(2017-2019),고속도로,0.001093641206556009
moon_pre_covid_2017_2019,문재인 전기/코로나 이전(2017-2019),고수,0.0010611671304574899
moon_pre_covid_2017_2019,문재인 전기/코로나 이전(2017-2019),고시,0.0010695707825061726
moon_pre_covid_2017_2019,문재인 전기/코로나 이전(2017-2019),고심,0.0007871739205285382
moon_pre_covid_2017_2019,문재인 전기/코로나 이전(2017-2019),고양,0.0010604467649991285
moon_pre_covid_2017_2019,문재인 전기/코로나 이전(2017-2019),고양시,0.0010788038128851187
moon_pre_covid_2017_2019,문재인 전기/코로나 이전(2017-2019),고용,0.006788770827282568
moon_pre_covid_2017_2019,문재인 전기/코로나 이전(2017-2019),고용노동부,0.0015645099496492555
moon_pre_covid_2017_2019,문재인 전기/코로나 이전(2017-2019),고위급,0.0027934864535170715
moon_pre_covid_2017_2019,문재인 전기/코로나 이전(2017-2019),고유,0.000778943895884947
moon_pre_covid_2017_2019,문재인 전기/코로나 이전(2017-2019),고인,0.0013144398931267034
moon_pre_covid_2017_2019,문재인 전기/코로나 이전(2017-2019),고전,0.0008077046606783263
moon_pre_covid_2017_2019,문재인 전기/코로나 이전(2017-2019),고정,0.000782124056460655
moon_pre_covid_2017_2019,문재인 전기/코로나 이전(2017-2019),고조,0.0011067790134694814
moon_pre_covid_2017_2019,문재인 전기/코로나 이전(2017-2019),고집,0.0008265423348657107
moon_pre_covid_2017_2019,문재인 전기/코로나 이전(2017-2019),고통,0.0024059379721337163
moon_pre_covid_2017_2019,문재인 전기/코로나 이전(2017-2019),고향,0.0015572481018838946
moon_pre_covid_2017_2019,문재인 전기/코로나 이전(2017-2019),곤란,0.0008366879004487711
moon_pre_covid_2017_2019,문재인 전기/코로나 이전(2017-2019),골목,0.0007513349231120368
moon_pre_covid_2017_2019,문재인 전기/코로나 이전(2017-2019),골프장,0.0008557397067614791
moon_pre_covid_2017_2019,문재인 전기/코로나 이전(2017-2019),공감,0.002961373885224678
moon_pre_covid_2017_2019,문재인 전기/코로나 이전(2017-2019),공감대,0.0015212326772632665
moon_pre_covid_2017_2019,문재인 전기/코로나 이전(2017-2019),공개적,0.0013914012930217325
moon_pre_covid_2017_2019,문재인 전기/코로나 이전(2017-2019),공격,0.004287326042396022
moon_pre_covid_2017_2019,문재인 전기/코로나 이전(2017-2019),공격적,0.0008700302270603528
moon_pre_covid_2017_2019,문재인 전기/코로나 이전(2017-2019),공고,0.0007889272861958465
moon_pre_covid_2017_2019,문재인 전기/코로나 이전(2017-2019),공공,0.004758283357218728
moon_pre_covid_2017_2019,문재인 전기/코로나 이전(2017-2019),공공기관,0.002810090747420658
moon_pre_covid_2017_2019,문재인 전기/코로나 이전(2017-2019),공군,0.0012499320881075935
moon_pre_covid_2017_2019,문재인 전기/코로나 이전(2017-2019),공급망,0.00026867131074200906
moon_pre_covid_2017_2019,문재인 전기/코로나 이전(2017-2019),공기,0.0014217260858553319
moon_pre_covid_2017_2019,문재인 전기/코로나 이전(2017-2019),공기업,0.0014554541175901175
moon_pre_covid_2017_2019,문재인 전기/코로나 이전(2017-2019),공단,0.001758192401202236
moon_pre_covid_2017_2019,문재인 전기/코로나 이전(2017-2019),공동대표,0.0007537783650718552
moon_pre_covid_2017_2019,문재인 전기/코로나 이전(2017-2019),공동체,0.002238893325842089
moon_pre_covid_2017_2019,문재인 전기/코로나 이전(2017-2019),공략,0.0012902265821113411
moon_pre_covid_2017_2019,문재인 전기/코로나 이전(2017-2019),공론화,0.0017756362609357968
moon_pre_covid_2017_2019,문재인 전기/코로나 이전(2017-2019),공매도,0.0005821696946857267
moon_pre_covid_2017_2019,문재인 전기/코로나 이전(2017-2019),공모,0.0020666195228554157
moon_pre_covid_2017_2019,문재인 전기/코로나 이전(2017-2019),공모전,0.000985162677104723
moon_pre_covid_2017_2019,문재인 전기/코로나 이전(2017-2019),공무원,0.012222716452829659
moon_pre_covid_2017_2019,문재인 전기/코로나 이전(2017-2019),공무원들,0.0012507324682198547
moon_pre_covid_2017_2019,문재인 전기/코로나 이전(2017-2019),공방,0.0016207138460255215
moon_pre_covid_2017_2019,문재인 전기/코로나 이전(2017-2019),공백,0.0009144734368419756
moon_pre_covid_2017_2019,문재인 전기/코로나 이전(2017-2019),공사,0.003843737234055112
moon_pre_covid_2017_2019,문재인 전기/코로나 이전(2017-2019),공산당,0.0017484691505735425
moon_pre_covid_2017_2019,문재인 전기/코로나 이전(2017-2019),공세,0.0015047031965194026
moon_pre_covid_2017_2019,문재인 전기/코로나 이전(2017-2019),공식적,0.0013389381310458309
moon_pre_covid_2017_2019,문재인 전기/코로나 이전(2017-2019),공원,0.0018152763405448033
moon_pre_covid_2017_2019,문재인 전기/코로나 이전(2017-2019),공익,0.0012646852590534677
moon_pre_covid_2017_2019,문재인 전기/코로나 이전(2017-2019),공인,0.0008451605552886961
moon_pre_covid_2017_2019,문재인 전기/코로나 이전(2017-2019),공작,0.000987964763115526
moon_pre_covid_2017_2019,문재인 전기/코로나 이전(2017-2019),공적,0.0008086594959373931
moon_pre_covid_2017_2019,문재인 전기/코로나 이전(2017-2019),공정,0.005541615649720087
moon_pre_covid_2017_2019,문재인 전기/코로나 이전(2017-2019),공정성,0.002733309664132138
moon_pre_covid_2017_2019,문재인 전기/코로나 이전(2017-2019),공정위,0.0026901190449424434
moon_pre_covid_2017_2019,문재인 전기/코로나 이전(2017-2019),공제,0.001458009910692267
moon_pre_covid_2017_2019,문재인 전기/코로나 이전(2017-2019),공조,0.002244571234440623
moon_pre_covid_2017_2019,문재인 전기/코로나 이전(2017-2019),공존,0.0008572727414386561
moon_pre_covid_2017_2019,문재인 전기/코로나 이전(2017-2019),공직,0.0014893995222671004
moon_pre_covid_2017_2019,문재인 전기/코로나 이전(2017-2019),공직선거법,0.001242416310848573
moon_pre_covid_2017_2019,문재인 전기/코로나 이전(2017-2019),공직자,0.0026256688419206155
moon_pre_covid_2017_2019,문재인 전기/코로나 이전(2017-2019),공채,0.0008699444323215765
moon_pre_covid_2017_2019,문재인 전기/코로나 이전(2017-2019),공청회,0.0008960861837537488
moon_pre_covid_2017_2019,문재인 전기/코로나 이전(2017-2019),공통,0.0008579341048245574
moon_pre_covid_2017_2019,문재인 전기/코로나 이전(2017-2019),공통점,0.0007298251666506795
moon_pre_covid_2017_2019,문재인 전기/코로나 이전(2017-2019),공판,0.0007814696225543976
moon_pre_covid_2017_2019,문재인 전기/코로나 이전(2017-2019),공포,0.0014290471300799463
moon_pre_covid_2017_2019,문재인 전기/코로나 이전(2017-2019),공표,0.0009441522655351399
moon_pre_covid_2017_2019,문재인 전기/코로나 이전(2017-2019),공학,0.0013059372569498224
moon_pre_covid_2017_2019,문재인 전기/코로나 이전(2017-2019),공헌,0.0013525974642979457
moon_pre_covid_2017_2019,문재인 전기/코로나 이전(2017-2019),공화국,0.0007630750021519928
moon_pre_covid_2017_2019,문재인 전기/코로나 이전(2017-2019),과거사,0.0012073699476222656
moon_pre_covid_2017_2019,문재인 전기/코로나 이전(2017-2019),과도,0.0017598229606008563
moon_pre_covid_2017_2019,문재인 전기/코로나 이전(2017-2019),과목,0.001770398885108124
moon_pre_covid_2017_2019,문재인 전기/코로나 이전(2017-2019),과반,0.0008061132995476881
moon_pre_covid_2017_2019,문재인 전기/코로나 이전(2017-2019),과세,0.00113146218111666
moon_pre_covid_2017_2019,문재인 전기/코로나 이전(2017-2019),과시,0.0012528576049599994
moon_pre_covid_2017_2019,문재인 전기/코로나 이전(2017-2019),과열,0.0009797212482683954
moon_pre_covid_2017_2019,문재인 전기/코로나 이전(2017-2019),과잉,0.0006703431847146169
moon_pre_covid_2017_2019,문재인 전기/코로나 이전(2017-2019),과정에서,0.0010001360193163374
moon_pre_covid_2017_2019,문재인 전기/코로나 이전(2017-2019),과징금,0.0009392435296404147
moon_pre_covid_2017_2019,문재인 전기/코로나 이전(2017-2019),과태료,0.0012261366866989616
moon_pre_covid_2017_2019,문재인 전기/코로나 이전(2017-2019),과학기술,0.0008470582405611553
moon_pre_covid_2017_2019,문재인 전기/코로나 이전(2017-2019),과학자,0.0010571921948959802
moon_pre_covid_2017_2019,문재인 전기/코로나 이전(2017-2019),관객들,0.0010882011341547117
moon_pre_covid_2017_2019,문재인 전기/코로나 이전(2017-2019),관계자는,0.0012149855243453259
moon_pre_covid_2017_2019,문재인 전기/코로나 이전(2017-2019),관계자들,0.0009933220512831934
moon_pre_covid_2017_2019,문재인 전기/코로나 이전(2017-2019),관광지,0.0007978263496448707
moon_pre_covid_2017_2019,문재인 전기/코로나 이전(2017-2019),관람,0.001192018294032483
moon_pre_covid_2017_2019,문재인 전기/코로나 이전(2017-2019),관련자,0.0009643568283892473
moon_pre_covid_2017_2019,문재인 전기/코로나 이전(2017-2019),관련해,0.0021676182419261237
moon_pre_covid_2017_2019,문재인 전기/코로나 이전(2017-2019),관료,0.001528047426883703
moon_pre_covid_2017_2019,문재인 전기/코로나 이전(2017-2019),관리,0.008876551953543876
moon_pre_covid_2017_2019,문재인 전기/코로나 이전(2017-2019),관리자,0.0007578692037268606
moon_pre_covid_2017_2019,문재인 전기/코로나 이전(2017-2019),관세,0.0028509764768654966
moon_pre_covid_2017_2019,문재인 전기/코로나 이전(2017-2019),관심사,0.001206490332154961
moon_pre_covid_2017_2019,문재인 전기/코로나 이전(2017-2019),관심이,0.0009331238362574078
moon_pre_covid_2017_2019,문재인 전기/코로나 이전(2017-2019),관여,0.0020650665116053626
moon_pre_covid_2017_2019,문재인 전기/코로나 이전(2017-2019),관장,0.0007191116870153133
moon_pre_covid_2017_2019,문재인 전기/코로나 이전(2017-2019),관점,0.001773364793069812
moon_pre_covid_2017_2019,문재인 전기/코로나 이전(2017-2019),관찰,0.0010320980904634004
moon_pre_covid_2017_2019,문재인 전기/코로나 이전(2017-2019),관측,0.002766379679652661
moon_pre_covid_2017_2019,문재인 전기/코로나 이전(2017-2019),관한,0.0008451436064980226
moon_pre_covid_2017_2019,문재인 전기/코로나 이전(2017-2019),관할,0.0007150334214710243
moon_pre_covid_2017_2019,문재인 전기/코로나 이전(2017-2019),관행,0.0020065251891263946
moon_pre_covid_2017_2019,문재인 전기/코로나 이전(2017-2019),광범위,0.0008881865618179502
moon_pre_covid_2017_2019,문재인 전기/코로나 이전(2017-2019),광역,0.0014739239779538596
moon_pre_covid_2017_2019,문재인 전기/코로나 이전(2017-2019),광장,0.0017226212178844075
moon_pre_covid_2017_2019,문재인 전기/코로나 이전(2017-2019),광주시,0.0010007807502590707
moon_pre_covid_2017_2019,문재인 전기/코로나 이전(2017-2019),광화문,0.00228831865943064
moon_pre_covid_2017_2019,문재인 전기/코로나 이전(2017-2019),교도소,0.0007400262268442373
moon_pre_covid_2017_2019,문재인 전기/코로나 이전(2017-2019),교류,0.0032437768069651543
moon_pre_covid_2017_2019,문재인 전기/코로나 이전(2017-2019),교사들,0.0008185407296449669
moon_pre_covid_2017_2019,문재인 전기/코로나 이전(2017-2019),교섭,0.0018090034403073212
moon_pre_covid_2017_2019,문재인 전기/코로나 이전(2017-2019),교수님,0.0009625817533338532
moon_pre_covid_2017_2019,문재인 전기/코로나 이전(2017-2019),교실,0.0011083613503754149
moon_pre_covid_2017_2019,문재인 전기/코로나 이전(2017-2019),교원,0.0010839087322895716
moon_pre_covid_2017_2019,문재인 전기/코로나 이전(2017-2019),교육,0.012424053717602856
moon_pre_covid_2017_2019,문재인 전기/코로나 이전(2017-2019),교육과정,0.0010377268552356907
moon_pre_covid_2017_2019,문재인 전기/코로나 이전(2017-2019),교육청,0.002039605759666634
moon_pre_covid_2017_2019,문재인 전기/코로나 이전(2017-2019),교장,0.0010132723173426545
moon_pre_covid_2017_2019,문재인 전기/코로나 이전(2017-2019),교통,0.0026724065800103635
moon_pre_covid_2017_2019,문재인 전기/코로나 이전(2017-2019),교통부,0.0014797072496915194
moon_pre_covid_2017_2019,문재인 전기/코로나 이전(2017-2019),교통사고,0.0013023137687058484
moon_pre_covid_2017_2019,문재인 전기/코로나 이전(2017-2019),교환,0.0015237363840377685
moon_pre_covid_2017_2019,문재인 전기/코로나 이전(2017-2019),교회,0.0008853528472313237
moon_pre_covid_2017_2019,문재인 전기/코로나 이전(2017-2019),교훈,0.0007259240526890642
moon_pre_covid_2017_2019,문재인 전기/코로나 이전(2017-2019),구간,0.0015437914988349517
moon_pre_covid_2017_2019,문재인 전기/코로나 이전(2017-2019),구도,0.001278325366404948
moon_pre_covid_2017_2019,문재인 전기/코로나 이전(2017-2019),구멍,0.0007859526452289742
moon_pre_covid_2017_2019,문재인 전기/코로나 이전(2017-2019),구분,0.001701533806218316
moon_pre_covid_2017_2019,문재인 전기/코로나 이전(2017-2019),구상,0.002143490293843084
moon_pre_covid_2017_2019,문재인 전기/코로나 이전(2017-2019),구성원,0.0019228874911059847
moon_pre_covid_2017_2019,문재인 전기/코로나 이전(2017-2019),구속영장,0.0017381827850351515
moon_pre_covid_2017_2019,문재인 전기/코로나 이전(2017-2019),구역,0.0019053739362359008
moon_pre_covid_2017_2019,문재인 전기/코로나 이전(2017-2019),구입,0.0016306509370736608
moon_pre_covid_2017_2019,문재인 전기/코로나 이전(2017-2019),구제,0.0009594448245867768
moon_pre_covid_2017_2019,문재인 전기/코로나 이전(2017-2019),구조적,0.0007384753468898871
moon_pre_covid_2017_2019,문재인 전기/코로나 이전(2017-2019),구조조정,0.0012143056639288663
moon_pre_covid_2017_2019,문재인 전기/코로나 이전(2017-2019),구직자,0.0007821099963451522
moon_pre_covid_2017_2019,문재인 전기/코로나 이전(2017-2019),구청,0.0008118121815867986
moon_pre_covid_2017_2019,문재인 전기/코로나 이전(2017-2019),구청장,0.0008789505414756129
moon_pre_covid_2017_2019,문재인 전기/코로나 이전(2017-2019),구체,0.0016399156093849525
moon_pre_covid_2017_2019,문재인 전기/코로나 이전(2017-2019),구체화,0.0009183491238990975
moon_pre_covid_2017_2019,문재인 전기/코로나 이전(2017-2019),구형,0.0009352998633640808
moon_pre_covid_2017_2019,문재인 전기/코로나 이전(2017-2019),구호,0.0011619162038966559
moon_pre_covid_2017_2019,문재인 전기/코로나 이전(2017-2019),국가들,0.0007569132157560461
moon_pre_covid_2017_2019,문재인 전기/코로나 이전(2017-2019),국가주석,0.0018380124500034431
moon_pre_covid_2017_2019,문재인 전기/코로나 이전(2017-2019),국감,0.0011702722518681082
moon_pre_covid_2017_2019,문재인 전기/코로나 이전(2017-2019),국경,0.0012051207880655727
moon_pre_covid_2017_2019,문재인 전기/코로나 이전(2017-2019),국립,0.0012536896826332846
moon_pre_covid_2017_2019,문재인 전기/코로나 이전(2017-2019),국면,0.0021503865009915263
moon_pre_covid_2017_2019,문재인 전기/코로나 이전(2017-2019),국무부,0.002906420375805692
moon_pre_covid_2017_2019,문재인 전기/코로나 이전(2017-2019),국무회의,0.0011435774931561947
moon_pre_covid_2017_2019,문재인 전기/코로나 이전(2017-2019),국민은행,0.0011789010380675148
moon_pre_covid_2017_2019,문재인 전기/코로나 이전(2017-2019),국민의,0.0009346814510569348
moon_pre_covid_2017_2019,문재인 전기/코로나 이전(2017-2019),국방,0.0022441760656740696
moon_pre_covid_2017_2019,문재인 전기/코로나 이전(2017-2019),국방장관,0.001732423417140918
moon_pre_covid_2017_2019,문재인 전기/코로나 이전(2017-2019),국산,0.0012028197697971153
moon_pre_covid_2017_2019,문재인 전기/코로나 이전(2017-2019),국세청,0.0016511731829206761
moon_pre_covid_2017_2019,문재인 전기/코로나 이전(2017-2019),국어,0.0012102113963145613
moon_pre_covid_2017_2019,문재인 전기/코로나 이전(2017-2019),국적,0.0009809433626298148
moon_pre_covid_2017_2019,문재인 전기/코로나 이전(2017-2019),국정감사,0.0012178388395325806
moon_pre_covid_2017_2019,문재인 전기/코로나 이전(2017-2019),국정운영,0.0007112130344337366
moon_pre_covid_2017_2019,문재인 전기/코로나 이전(2017-2019),국정원장,0.0011757386220587268
moon_pre_covid_2017_2019,문재인 전기/코로나 이전(2017-2019),국정조사,0.000751179365441548
moon_pre_covid_2017_2019,문재인 전기/코로나 이전(2017-2019),국제적,0.0007810590346500118
moon_pre_covid_2017_2019,문재인 전기/코로나 이전(2017-2019),국채,0.0008090300115072887
moon_pre_covid_2017_2019,문재인 전기/코로나 이전(2017-2019),국토,0.0016554955238396918
moon_pre_covid_2017_2019,문재인 전기/코로나 이전(2017-2019),국토교통부,0.0019594587118850057
moon_pre_covid_2017_2019,문재인 전기/코로나 이전(2017-2019),국회법,0.0005456438022347713
moon_pre_covid_2017_2019,문재인 전기/코로나 이전(2017-2019),국회에서,0.0012044393218026898
moon_pre_covid_2017_2019,문재인 전기/코로나 이전(2017-2019),국회의원들,0.0007381510962169716
moon_pre_covid_2017_2019,문재인 전기/코로나 이전(2017-2019),국회의장,0.0009966844438967651
moon_pre_covid_2017_2019,문재인 전기/코로나 이전(2017-2019),군대,0.0013100096035793885
moon_pre_covid_2017_2019,문재인 전기/코로나 이전(2017-2019),군부,0.0005454908878529915
moon_pre_covid_2017_2019,문재인 전기/코로나 이전(2017-2019),군수,0.0010373540064588442
moon_pre_covid_2017_2019,문재인 전기/코로나 이전(2017-2019),군인,0.00123313092143544
moon_pre_covid_2017_2019,문재인 전기/코로나 이전(2017-2019),권리,0.0026213204843575496
moon_pre_covid_2017_2019,문재인 전기/코로나 이전(2017-2019),권역,0.0007453837852987814
moon_pre_covid_2017_2019,문재인 전기/코로나 이전(2017-2019),권위,0.0009663464840517717
moon_pre_covid_2017_2019,문재인 전기/코로나 이전(2017-2019),권유,0.0007772793328649009
moon_pre_covid_2017_2019,문재인 전기/코로나 이전(2017-2019),권한,0.0034624844201565953
moon_pre_covid_2017_2019,문재인 전기/코로나 이전(2017-2019),귀국,0.0019185632062570994
moon_pre_covid_2017_2019,문재인 전기/코로나 이전(2017-2019),규명,0.0016866273245134708
moon_pre_covid_2017_2019,문재인 전기/코로나 이전(2017-2019),규제,0.00987148417965622
moon_pre_covid_2017_2019,문재인 전기/코로나 이전(2017-2019),규칙,0.0012016957235075358
moon_pre_covid_2017_2019,문재인 전기/코로나 이전(2017-2019),규탄,0.0010820303793893599
moon_pre_covid_2017_2019,문재인 전기/코로나 이전(2017-2019),균형,0.002535791392128177
moon_pre_covid_2017_2019,문재인 전기/코로나 이전(2017-2019),그날,0.0010378811838360241
moon_pre_covid_2017_2019,문재인 전기/코로나 이전(2017-2019),그는,0.0020699558669012323
moon_pre_covid_2017_2019,문재인 전기/코로나 이전(2017-2019),그래픽,0.0007973115439426959
moon_pre_covid_2017_2019,문재인 전기/코로나 이전(2017-2019),그러나,0.0011195966104574106
moon_pre_covid_2017_2019,문재인 전기/코로나 이전(2017-2019),그런데,0.0010324359062343525
moon_pre_covid_2017_2019,문재인 전기/코로나 이전(2017-2019),그리고,0.000990109113260649
moon_pre_covid_2017_2019,문재인 전기/코로나 이전(2017-2019),그의,0.0008680045003466558
moon_pre_covid_2017_2019,문재인 전기/코로나 이전(2017-2019),그중,0.0018885649435962306
moon_pre_covid_2017_2019,문재인 전기/코로나 이전(2017-2019),그해,0.0014783863248677143
moon_pre_covid_2017_2019,문재인 전기/코로나 이전(2017-2019),극단,0.0008970158432168375
moon_pre_covid_2017_2019,문재인 전기/코로나 이전(2017-2019),극대화,0.0014337625199833635
moon_pre_covid_2017_2019,문재인 전기/코로나 이전(2017-2019),극우,0.0009556240742841835
moon_pre_covid_2017_2019,문재인 전기/코로나 이전(2017-2019),극장,0.0008801963003997758
moon_pre_covid_2017_2019,문재인 전기/코로나 이전(2017-2019),근대,0.0008531955255741392
moon_pre_covid_2017_2019,문재인 전기/코로나 이전(2017-2019),근로,0.003816373665229366
moon_pre_covid_2017_2019,문재인 전기/코로나 이전(2017-2019),근로자,0.004091272138641132
moon_pre_covid_2017_2019,문재인 전기/코로나 이전(2017-2019),근무,0.004965686251473748
moon_pre_covid_2017_2019,문재인 전기/코로나 이전(2017-2019),근본,0.0010998119520333382
moon_pre_covid_2017_2019,문재인 전기/코로나 이전(2017-2019),근본적,0.001787924913264012
moon_pre_covid_2017_2019,문재인 전기/코로나 이전(2017-2019),근육,0.0007389310605169018
moon_pre_covid_2017_2019,문재인 전기/코로나 이전(2017-2019),근절,0.0012288097026523226
moon_pre_covid_2017_2019,문재인 전기/코로나 이전(2017-2019),근처,0.0011982778754437745
moon_pre_covid_2017_2019,문재인 전기/코로나 이전(2017-2019),금감원,0.0025623820073830583
moon_pre_covid_2017_2019,문재인 전기/코로나 이전(2017-2019),금강산,0.0015450773242638091
moon_pre_covid_2017_2019,문재인 전기/코로나 이전(2017-2019),금속,0.0006678655723721219
moon_pre_covid_2017_2019,문재인 전기/코로나 이전(2017-2019),금요일,0.0009407686024244656
moon_pre_covid_2017_2019,문재인 전기/코로나 이전(2017-2019),금융감독원,0.0009816544039503048
moon_pre_covid_2017_2019,문재인 전기/코로나 이전(2017-2019),금융권,0.0008389303527183965
moon_pre_covid_2017_2019,문재인 전기/코로나 이전(2017-2019),금융당국,0.0011598401486638606
moon_pre_covid_2017_2019,문재인 전기/코로나 이전(2017-2019),금융사,0.0008791429698157341
moon_pre_covid_2017_2019,문재인 전기/코로나 이전(2017-2019),금융위,0.002218375192956807
moon_pre_covid_2017_2019,문재인 전기/코로나 이전(2017-2019),금융위기,0.0007079582383745922
moon_pre_covid_2017_2019,문재인 전기/코로나 이전(2017-2019),금융위원회,0.0010909461385360754
moon_pre_covid_2017_2019,문재인 전기/코로나 이전(2017-2019),금융회사,0.0008581212171142276
moon_pre_covid_2017_2019,문재인 전기/코로나 이전(2017-2019),금지법,0.0008578047863168997
moon_pre_covid_2017_2019,문재인 전기/코로나 이전(2017-2019),급등,0.0008626216737552185
moon_pre_covid_2017_2019,문재인 전기/코로나 이전(2017-2019),급락,0.000724929400814244
moon_pre_covid_2017_2019,문재인 전기/코로나 이전(2017-2019),급여,0.0019210627077268893
moon_pre_covid_2017_2019,문재인 전기/코로나 이전(2017-2019),급증,0.0015201930124609457
moon_pre_covid_2017_2019,문재인 전기/코로나 이전(2017-2019),긍정,0.0025196324344352234
moon_pre_covid_2017_2019,문재인 전기/코로나 이전(2017-2019),기각,0.0016519455682360736
moon_pre_covid_2017_2019,문재인 전기/코로나 이전(2017-2019),기계,0.0016900466570813986
moon_pre_covid_2017_2019,문재인 전기/코로나 이전(2017-2019),기관장,0.0007782932170688503
moon_pre_covid_2017_2019,문재인 전기/코로나 이전(2017-2019),기금,0.001917230360526055
moon_pre_covid_2017_2019,문재인 전기/코로나 이전(2017-2019),기기,0.0019336573594427027
moon_pre_covid_2017_2019,문재인 전기/코로나 이전(2017-2019),기념,0.00239593946714538
moon_pre_covid_2017_2019,문재인 전기/코로나 이전(2017-2019),기념식,0.0017704279269306635
moon_pre_covid_2017_2019,문재인 전기/코로나 이전(2017-2019),기대감,0.0023549573000194815
moon_pre_covid_2017_2019,문재인 전기/코로나 이전(2017-2019),기도,0.0005986018139579715
moon_pre_covid_2017_2019,문재인 전기/코로나 이전(2017-2019),기독교,0.0006923662789435392
moon_pre_covid_2017_2019,문재인 전기/코로나 이전(2017-2019),기득,0.0005901079222788884
moon_pre_covid_2017_2019,문재인 전기/코로나 이전(2017-2019),기득권,0.0010323765723581778
moon_pre_covid_2017_2019,문재인 전기/코로나 이전(2017-2019),기무사,0.0016152055323292486
moon_pre_covid_2017_2019,문재인 전기/코로나 이전(2017-2019),기본소득,0.00037504966789621833
moon_pre_covid_2017_2019,문재인 전기/코로나 이전(2017-2019),기부,0.0017693250624445187
moon_pre_covid_2017_2019,문재인 전기/코로나 이전(2017-2019),기부금,0.0006182573604717448
moon_pre_covid_2017_2019,문재인 전기/코로나 이전(2017-2019),기쁨,0.0007329174454482168
moon_pre_covid_2017_2019,문재인 전기/코로나 이전(2017-2019),기술,0.0012995783375026563
moon_pre_covid_2017_2019,문재인 전기/코로나 이전(2017-2019),기아차,0.0018186011855568032
moon_pre_covid_2017_2019,문재인 전기/코로나 이전(2017-2019),기업가,0.0008622230809270353
moon_pre_covid_2017_2019,문재인 전기/코로나 이전(2017-2019),기업인,0.0013336181396178997
moon_pre_covid_2017_2019,문재인 전기/코로나 이전(2017-2019),기원,0.0010095075636864844
moon_pre_covid_2017_2019,문재인 전기/코로나 이전(2017-2019),기자간담회,0.001662827195935807
moon_pre_covid_2017_2019,문재인 전기/코로나 이전(2017-2019),기자의,0.0013071245898172565
moon_pre_covid_2017_2019,문재인 전기/코로나 이전(2017-2019),기자회견을,0.0009638083797061951
moon_pre_covid_2017_2019,문재인 전기/코로나 이전(2017-2019),기재,0.0009155988365226937
moon_pre_covid_2017_2019,문재인 전기/코로나 이전(2017-2019),기재부,0.0023134567797710027
moon_pre_covid_2017_2019,문재인 전기/코로나 이전(2017-2019),기적,0.0009342359676024853
moon_pre_covid_2017_2019,문재인 전기/코로나 이전(2017-2019),기조,0.0023091756311087075
moon_pre_covid_2017_2019,문재인 전기/코로나 이전(2017-2019),기존,0.001191492161183081
moon_pre_covid_2017_2019,문재인 전기/코로나 이전(2017-2019),기준금리,0.0012676991867316032
moon_pre_covid_2017_2019,문재인 전기/코로나 이전(2017-2019),기증,0.0007548987511931678
moon_pre_covid_2017_2019,문재인 전기/코로나 이전(2017-2019),기지,0.0018153456513047346
moon_pre_covid_2017_2019,문재인 전기/코로나 이전(2017-2019),기타,0.0009678551991078563
moon_pre_covid_2017_2019,문재인 전기/코로나 이전(2017-2019),기한,0.0007349364752328748
moon_pre_covid_2017_2019,문재인 전기/코로나 이전(2017-2019),기획재정부,0.0019387060139351726
moon_pre_covid_2017_2019,문재인 전기/코로나 이전(2017-2019),기후,0.0012410651412963006
moon_pre_covid_2017_2019,문재인 전기/코로나 이전(2017-2019),기후변화,0.0009682959611130457
moon_pre_covid_2017_2019,문재인 전기/코로나 이전(2017-2019),긴장,0.0025758668150733057
moon_pre_covid_2017_2019,문재인 전기/코로나 이전(2017-2019),긴장감,0.0008615505769529602
moon_pre_covid_2017_2019,문재인 전기/코로나 이전(2017-2019),길이,0.0009627074055960018
moon_pre_covid_2017_2019,문재인 전기/코로나 이전(2017-2019),김기현,0.0009503928246008577
moon_pre_covid_2017_2019,문재인 전기/코로나 이전(2017-2019),김대중,0.002137628755033767
moon_pre_covid_2017_2019,문재인 전기/코로나 이전(2017-2019),김명수,0.0015897027152673871
moon_pre_covid_2017_2019,문재인 전기/코로나 이전(2017-2019),김부겸,0.0008784343795718303
moon_pre_covid_2017_2019,문재인 전기/코로나 이전(2017-2019),김상조,0.002096262428504508
moon_pre_covid_2017_2019,문재인 전기/코로나 이전(2017-2019),김성태,0.002982419476328614
moon_pre_covid_2017_2019,문재인 전기/코로나 이전(2017-2019),김영철,0.0022870219336582325
moon_pre_covid_2017_2019,문재인 전기/코로나 이전(2017-2019),김우성,0.0008491131163739181
moon_pre_covid_2017_2019,문재인 전기/코로나 이전(2017-2019),김치,0.0006459374960130663
moon_pre_covid_2017_2019,문재인 전기/코로나 이전(2017-2019),까닭,0.0006943607500955806
moon_pre_covid_2017_2019,문재인 전기/코로나 이전(2017-2019),꼼수,0.0008116970012404126
moon_pre_covid_2017_2019,문재인 전기/코로나 이전(2017-2019),나는,0.0008394100203652741
moon_pre_covid_2017_2019,문재인 전기/코로나 이전(2017-2019),나라들,0.0006541274198300826
moon_pre_covid_2017_2019,문재인 전기/코로나 이전(2017-2019),나름,0.0016759785646688677
moon_pre_covid_2017_2019,문재인 전기/코로나 이전(2017-2019),나무,0.0016789769118041517
moon_pre_covid_2017_2019,문재인 전기/코로나 이전(2017-2019),나선,0.0008625607022199492
moon_pre_covid_2017_2019,문재인 전기/코로나 이전(2017-2019),나섰다,0.0009187169620042031
moon_pre_covid_2017_2019,문재인 전기/코로나 이전(2017-2019),나오고,0.0007685467914970193
moon_pre_covid_2017_2019,문재인 전기/코로나 이전(2017-2019),나온,0.0009217628625975409
moon_pre_covid_2017_2019,문재인 전기/코로나 이전(2017-2019),나온다,0.0009988671529956635
moon_pre_covid_2017_2019,문재인 전기/코로나 이전(2017-2019),나왔다,0.001429682369371308
moon_pre_covid_2017_2019,문재인 전기/코로나 이전(2017-2019),나중,0.0016388869900499745
moon_pre_covid_2017_2019,문재인 전기/코로나 이전(2017-2019),나타났다,0.0012599987543366615
moon_pre_covid_2017_2019,문재인 전기/코로나 이전(2017-2019),나흘,0.0009222982717510986
moon_pre_covid_2017_2019,문재인 전기/코로나 이전(2017-2019),난민,0.0019525345905674148
moon_pre_covid_2017_2019,문재인 전기/코로나 이전(2017-2019),날씨,0.0011583969432529826
moon_pre_covid_2017_2019,문재인 전기/코로나 이전(2017-2019),날짜,0.0010961700835811674
moon_pre_covid_2017_2019,문재인 전기/코로나 이전(2017-2019),남녀,0.0017940035488057653
moon_pre_covid_2017_2019,문재인 전기/코로나 이전(2017-2019),남들,0.0007241511807675999
moon_pre_covid_2017_2019,문재인 전기/코로나 이전(2017-2019),남부,0.0009912845486464727
moon_pre_covid_2017_2019,문재인 전기/코로나 이전(2017-2019),남북관계,0.002108017916105043
moon_pre_covid_2017_2019,문재인 전기/코로나 이전(2017-2019),남북정상회담,0.0039500883560642285
moon_pre_covid_2017_2019,문재인 전기/코로나 이전(2017-2019),남용,0.0018022365265445899
moon_pre_covid_2017_2019,문재인 전기/코로나 이전(2017-2019),남짓,0.0006472409269815965
moon_pre_covid_2017_2019,문재인 전기/코로나 이전(2017-2019),남쪽,0.001262907406101643
moon_pre_covid_2017_2019,문재인 전기/코로나 이전(2017-2019),남측,0.0017156542221061213
moon_pre_covid_2017_2019,문재인 전기/코로나 이전(2017-2019),남한,0.0014330610086509047
moon_pre_covid_2017_2019,문재인 전기/코로나 이전(2017-2019),납득,0.0008839914841239897
moon_pre_covid_2017_2019,문재인 전기/코로나 이전(2017-2019),납부,0.0009988249578398987
moon_pre_covid_2017_2019,문재인 전기/코로나 이전(2017-2019),납치,0.0008708771335310554
moon_pre_covid_2017_2019,문재인 전기/코로나 이전(2017-2019),납품,0.0009195441089237926
moon_pre_covid_2017_2019,문재인 전기/코로나 이전(2017-2019),낭비,0.0008237543146521274
moon_pre_covid_2017_2019,문재인 전기/코로나 이전(2017-2019),내각,0.0016202153761862169
moon_pre_covid_2017_2019,문재인 전기/코로나 이전(2017-2019),내년도,0.0025344299509919505
moon_pre_covid_2017_2019,문재인 전기/코로나 이전(2017-2019),내달,0.0011477465871421182
moon_pre_covid_2017_2019,문재인 전기/코로나 이전(2017-2019),내수,0.0009926993511140938
moon_pre_covid_2017_2019,문재인 전기/코로나 이전(2017-2019),내역,0.0009473767965369476
moon_pre_covid_2017_2019,문재인 전기/코로나 이전(2017-2019),내용을,0.001226565484754346
moon_pre_covid_2017_2019,문재인 전기/코로나 이전(2017-2019),내용의,0.0008009338856003722
moon_pre_covid_2017_2019,문재인 전기/코로나 이전(2017-2019),내전,0.0006687212833514204
moon_pre_covid_2017_2019,문재인 전기/코로나 이전(2017-2019),내정,0.001282110037883346
moon_pre_covid_2017_2019,문재인 전기/코로나 이전(2017-2019),내정자,0.001021325126392867
moon_pre_covid_2017_2019,문재인 전기/코로나 이전(2017-2019),냄새,0.0007075051215364264
moon_pre_covid_2017_2019,문재인 전기/코로나 이전(2017-2019),냉장고,0.0009389806557357736
moon_pre_covid_2017_2019,문재인 전기/코로나 이전(2017-2019),냉전,0.0008300377245433067
moon_pre_covid_2017_2019,문재인 전기/코로나 이전(2017-2019),넘는,0.0008044792294261709
moon_pre_covid_2017_2019,문재인 전기/코로나 이전(2017-2019),네덜란드,0.0012816068411324504
moon_pre_covid_2017_2019,문재인 전기/코로나 이전(2017-2019),네트워크,0.003282934755464719
moon_pre_covid_2017_2019,문재인 전기/코로나 이전(2017-2019),년간,0.002226704534659286
moon_pre_covid_2017_2019,문재인 전기/코로나 이전(2017-2019),년까지,0.0010107569670940407
moon_pre_covid_2017_2019,문재인 전기/코로나 이전(2017-2019),년도,0.0010538452800546566
moon_pre_covid_2017_2019,문재인 전기/코로나 이전(2017-2019),년부터,0.0011862949736448924
moon_pre_covid_2017_2019,문재인 전기/코로나 이전(2017-2019),노동,0.005148269112919863
moon_pre_covid_2017_2019,문재인 전기/코로나 이전(2017-2019),노동계,0.0014381932155681971
moon_pre_covid_2017_2019,문재인 전기/코로나 이전(2017-2019),노동부,0.0018706191170804872
moon_pre_covid_2017_2019,문재인 전기/코로나 이전(2017-2019),노동시장,0.0006860789974340614
moon_pre_covid_2017_2019,문재인 전기/코로나 이전(2017-2019),노동자,0.005831784114866371
moon_pre_covid_2017_2019,문재인 전기/코로나 이전(2017-2019),노동자들,0.001258992833183442
moon_pre_covid_2017_2019,문재인 전기/코로나 이전(2017-2019),노동조합,0.00106520852919758
moon_pre_covid_2017_2019,문재인 전기/코로나 이전(2017-2019),노르웨이,0.0008797332693009848
moon_pre_covid_2017_2019,문재인 전기/코로나 이전(2017-2019),노벨,0.0010095781332866481
moon_pre_covid_2017_2019,문재인 전기/코로나 이전(2017-2019),노사,0.002148462117738422
moon_pre_covid_2017_2019,문재인 전기/코로나 이전(2017-2019),노선,0.002237391385927018
moon_pre_covid_2017_2019,문재인 전기/코로나 이전(2017-2019),노인들,0.0007221171177733238
moon_pre_covid_2017_2019,문재인 전기/코로나 이전(2017-2019),노조,0.005215984099500399
moon_pre_covid_2017_2019,문재인 전기/코로나 이전(2017-2019),노출,0.0018625825183868317
moon_pre_covid_2017_2019,문재인 전기/코로나 이전(2017-2019),노트북,0.0007337254679786076
moon_pre_covid_2017_2019,문재인 전기/코로나 이전(2017-2019),노하우,0.001275240204150016
moon_pre_covid_2017_2019,문재인 전기/코로나 이전(2017-2019),노회찬,0.0012400579249386813
moon_pre_covid_2017_2019,문재인 전기/코로나 이전(2017-2019),노후,0.0017935728861610246
moon_pre_covid_2017_2019,문재인 전기/코로나 이전(2017-2019),녹색,0.0004747508256413281
moon_pre_covid_2017_2019,문재인 전기/코로나 이전(2017-2019),녹취,0.0012177893677469893
moon_pre_covid_2017_2019,문재인 전기/코로나 이전(2017-2019),녹취록,0.0003947377537372608
moon_pre_covid_2017_2019,문재인 전기/코로나 이전(2017-2019),논란,0.00895455836068908
moon_pre_covid_2017_2019,문재인 전기/코로나 이전(2017-2019),논란이,0.0011885226904031808
moon_pre_covid_2017_2019,문재인 전기/코로나 이전(2017-2019),논리,0.0018778215564328555
moon_pre_covid_2017_2019,문재인 전기/코로나 이전(2017-2019),논설위원,0.0009158691510970891
moon_pre_covid_2017_2019,문재인 전기/코로나 이전(2017-2019),논술,0.000588666412624753
moon_pre_covid_2017_2019,문재인 전기/코로나 이전(2017-2019),논쟁,0.0014982304434388027
moon_pre_covid_2017_2019,문재인 전기/코로나 이전(2017-2019),논평,0.0017508052975966017
moon_pre_covid_2017_2019,문재인 전기/코로나 이전(2017-2019),농가,0.0014666906259092033
moon_pre_covid_2017_2019,문재인 전기/코로나 이전(2017-2019),농구,0.0009213081368003805
moon_pre_covid_2017_2019,문재인 전기/코로나 이전(2017-2019),농단,0.0019159100459850836
moon_pre_covid_2017_2019,문재인 전기/코로나 이전(2017-2019),농민,0.0008871514439318845
moon_pre_covid_2017_2019,문재인 전기/코로나 이전(2017-2019),농사,0.0006443741734194668
moon_pre_covid_2017_2019,문재인 전기/코로나 이전(2017-2019),농산물,0.0013285176033321449
moon_pre_covid_2017_2019,문재인 전기/코로나 이전(2017-2019),농성,0.0007621480440826681
moon_pre_covid_2017_2019,문재인 전기/코로나 이전(2017-2019),농업,0.001991808569800083
moon_pre_covid_2017_2019,문재인 전기/코로나 이전(2017-2019),농장,0.001094976552590884
moon_pre_covid_2017_2019,문재인 전기/코로나 이전(2017-2019),농촌,0.0013408345009485567
moon_pre_covid_2017_2019,문재인 전기/코로나 이전(2017-2019),농협,0.0007837049528264742
moon_pre_covid_2017_2019,문재인 전기/코로나 이전(2017-2019),높은,0.0014596993044362452
moon_pre_covid_2017_2019,문재인 전기/코로나 이전(2017-2019),높이,0.001156118507090951
moon_pre_covid_2017_2019,문재인 전기/코로나 이전(2017-2019),놓고,0.0011490680908320134
moon_pre_covid_2017_2019,문재인 전기/코로나 이전(2017-2019),누리집,0.0008564908695603261
moon_pre_covid_2017_2019,문재인 전기/코로나 이전(2017-2019),누적,0.0016884703616701314
moon_pre_covid_2017_2019,문재인 전기/코로나 이전(2017-2019),눈길,0.0019029916477806108
moon_pre_covid_2017_2019,문재인 전기/코로나 이전(2017-2019),눈높이,0.0011545121889360987
moon_pre_covid_2017_2019,문재인 전기/코로나 이전(2017-2019),눈물,0.0020088013795053878
moon_pre_covid_2017_2019,문재인 전기/코로나 이전(2017-2019),눈앞,0.0009511637534462539
moon_pre_covid_2017_2019,문재인 전기/코로나 이전(2017-2019),눈치,0.0012264374726128145
moon_pre_covid_2017_2019,문재인 전기/코로나 이전(2017-2019),뉴딜,0.0004523637655703514
moon_pre_covid_2017_2019,문재인 전기/코로나 이전(2017-2019),뉴욕타임스,0.0015495173344321162
moon_pre_covid_2017_2019,문재인 전기/코로나 이전(2017-2019),뉴질랜드,0.000903385793959266
moon_pre_covid_2017_2019,문재인 전기/코로나 이전(2017-2019),느낌,0.002411002093520634
moon_pre_covid_2017_2019,문재인 전기/코로나 이전(2017-2019),능력,0.005207448300299178
moon_pre_covid_2017_2019,문재인 전기/코로나 이전(2017-2019),다른,0.0020238165446357244
moon_pre_covid_2017_2019,문재인 전기/코로나 이전(2017-2019),다리,0.0013526450884086114
moon_pre_covid_2017_2019,문재인 전기/코로나 이전(2017-2019),다수,0.0023057836820184977
moon_pre_covid_2017_2019,문재인 전기/코로나 이전(2017-2019),다시,0.002350723776741643
moon_pre_covid_2017_2019,문재인 전기/코로나 이전(2017-2019),다양성,0.0008621772746826697
moon_pre_covid_2017_2019,문재인 전기/코로나 이전(2017-2019),다양한,0.0015851448049120148
moon_pre_covid_2017_2019,문재인 전기/코로나 이전(2017-2019),다음,0.0016789518230546565
moon_pre_covid_2017_2019,문재인 전기/코로나 이전(2017-2019),다음날,0.001139456232156489
moon_pre_covid_2017_2019,문재인 전기/코로나 이전(2017-2019),다음달,0.001856966920917957
moon_pre_covid_2017_2019,문재인 전기/코로나 이전(2017-2019),다주택자,0.0009131726450300914
moon_pre_covid_2017_2019,문재인 전기/코로나 이전(2017-2019),다짐,0.0012604775171161755
moon_pre_covid_2017_2019,문재인 전기/코로나 이전(2017-2019),다큐멘터리,0.0007692427679179832
moon_pre_covid_2017_2019,문재인 전기/코로나 이전(2017-2019),다툼,0.0007089731099488704
moon_pre_covid_2017_2019,문재인 전기/코로나 이전(2017-2019),다행,0.0009688082568005314
moon_pre_covid_2017_2019,문재인 전기/코로나 이전(2017-2019),단거리,0.0016942758918248554
moon_pre_covid_2017_2019,문재인 전기/코로나 이전(2017-2019),단계적,0.0012226841072494206
moon_pre_covid_2017_2019,문재인 전기/코로나 이전(2017-2019),단기,0.0013129979309969464
moon_pre_covid_2017_2019,문재인 전기/코로나 이전(2017-2019),단기간,0.0007197574837943982
moon_pre_covid_2017_2019,문재인 전기/코로나 이전(2017-2019),단말기,0.0008882814020162561
moon_pre_covid_2017_2019,문재인 전기/코로나 이전(2017-2019),단백질,0.0007671329014094359
moon_pre_covid_2017_2019,문재인 전기/코로나 이전(2017-2019),단순,0.0020665660309737714
moon_pre_covid_2017_2019,문재인 전기/코로나 이전(2017-2019),단식,0.0013829179725925423
moon_pre_covid_2017_2019,문재인 전기/코로나 이전(2017-2019),단어,0.0018808259722568488
moon_pre_covid_2017_2019,문재인 전기/코로나 이전(2017-2019),단일,0.0012686609663627392
moon_pre_covid_2017_2019,문재인 전기/코로나 이전(2017-2019),단장,0.002086317339641396
moon_pre_covid_2017_2019,문재인 전기/코로나 이전(2017-2019),단절,0.0008315735955113767
moon_pre_covid_2017_2019,문재인 전기/코로나 이전(2017-2019),단체장,0.0011214662315158447
moon_pre_covid_2017_2019,문재인 전기/코로나 이전(2017-2019),단축,0.002362862279401962
moon_pre_covid_2017_2019,문재인 전기/코로나 이전(2017-2019),단행,0.0011976880112408753
moon_pre_covid_2017_2019,문재인 전기/코로나 이전(2017-2019),담당관,0.0010828777071488903
moon_pre_covid_2017_2019,문재인 전기/코로나 이전(2017-2019),담배,0.0012469433269879117
moon_pre_covid_2017_2019,문재인 전기/코로나 이전(2017-2019),담보,0.0014561521655796442
moon_pre_covid_2017_2019,문재인 전기/코로나 이전(2017-2019),담은,0.0009402517122338332
moon_pre_covid_2017_2019,문재인 전기/코로나 이전(2017-2019),당국자,0.001741369176891159
moon_pre_covid_2017_2019,문재인 전기/코로나 이전(2017-2019),당대표,0.0008573111621229247
moon_pre_covid_2017_2019,문재인 전기/코로나 이전(2017-2019),당론,0.0006680249696306482
moon_pre_covid_2017_2019,문재인 전기/코로나 이전(2017-2019),당사자,0.0023116647745495046
moon_pre_covid_2017_2019,문재인 전기/코로나 이전(2017-2019),당선자,0.0006108412365249508
moon_pre_covid_2017_2019,문재인 전기/코로나 이전(2017-2019),당원,0.0016465634889229765
moon_pre_covid_2017_2019,문재인 전기/코로나 이전(2017-2019),당원들,0.0005112228186203231
moon_pre_covid_2017_2019,문재인 전기/코로나 이전(2017-2019),당일,0.0014274243460286372
moon_pre_covid_2017_2019,문재인 전기/코로나 이전(2017-2019),당정,0.0008656618915016887
moon_pre_covid_2017_2019,문재인 전기/코로나 이전(2017-2019),당황,0.0008509856013513806
moon_pre_covid_2017_2019,문재인 전기/코로나 이전(2017-2019),대가,0.0018222336024385053
moon_pre_covid_2017_2019,문재인 전기/코로나 이전(2017-2019),대검찰청,0.0013639310603332014
moon_pre_covid_2017_2019,문재인 전기/코로나 이전(2017-2019),대결,0.0017596736237435546
moon_pre_covid_2017_2019,문재인 전기/코로나 이전(2017-2019),대구시,0.001158625244918346
moon_pre_covid_2017_2019,문재인 전기/코로나 이전(2017-2019),대국민,0.0012583091907139529
moon_pre_covid_2017_2019,문재인 전기/코로나 이전(2017-2019),대권,0.0005155070210191289
moon_pre_covid_2017_2019,문재인 전기/코로나 이전(2017-2019),대규모,0.0012795323212262026
moon_pre_covid_2017_2019,문재인 전기/코로나 이전(2017-2019),대기,0.001608918157614255
moon_pre_covid_2017_2019,문재인 전기/코로나 이전(2017-2019),대남,0.0005529614703366902
moon_pre_covid_2017_2019,문재인 전기/코로나 이전(2017-2019),대다수,0.001368080406313331
moon_pre_covid_2017_2019,문재인 전기/코로나 이전(2017-2019),대담,0.001270937035286618
moon_pre_covid_2017_2019,문재인 전기/코로나 이전(2017-2019),대답,0.0012205364278118816
moon_pre_covid_2017_2019,문재인 전기/코로나 이전(2017-2019),대대적,0.0010558677737421535
moon_pre_covid_2017_2019,문재인 전기/코로나 이전(2017-2019),대량,0.0009116739220479293
moon_pre_covid_2017_2019,문재인 전기/코로나 이전(2017-2019),대로,0.002869534200305413
moon_pre_covid_2017_2019,문재인 전기/코로나 이전(2017-2019),대리,0.0010694931236956016
moon_pre_covid_2017_2019,문재인 전기/코로나 이전(2017-2019),대립,0.0013369336990356445
moon_pre_covid_2017_2019,문재인 전기/코로나 이전(2017-2019),대면,0.0005040748136341564
moon_pre_covid_2017_2019,문재인 전기/코로나 이전(2017-2019),대목,0.0017856718307598218
moon_pre_covid_2017_2019,문재인 전기/코로나 이전(2017-2019),대법관,0.001470822206161654
moon_pre_covid_2017_2019,문재인 전기/코로나 이전(2017-2019),대변,0.0018749107792280198
moon_pre_covid_2017_2019,문재인 전기/코로나 이전(2017-2019),대사관,0.0015527701283701149
moon_pre_covid_2017_2019,문재인 전기/코로나 이전(2017-2019),대상으로,0.0015790925421917317
moon_pre_covid_2017_2019,문재인 전기/코로나 이전(2017-2019),대상자,0.002158448584759681
moon_pre_covid_2017_2019,문재인 전기/코로나 이전(2017-2019),대선후보,0.00018282560504436426
moon_pre_covid_2017_2019,문재인 전기/코로나 이전(2017-2019),대세,0.0007455337434318336
moon_pre_covid_2017_2019,문재인 전기/코로나 이전(2017-2019),대신,0.0009757782756064885
moon_pre_covid_2017_2019,문재인 전기/코로나 이전(2017-2019),대외,0.0015073324113126017
moon_pre_covid_2017_2019,문재인 전기/코로나 이전(2017-2019),대우,0.0012323633533814166
moon_pre_covid_2017_2019,문재인 전기/코로나 이전(2017-2019),대입,0.002099610295916511
moon_pre_covid_2017_2019,문재인 전기/코로나 이전(2017-2019),대장,0.0010189092574712942
moon_pre_covid_2017_2019,문재인 전기/코로나 이전(2017-2019),대전시,0.0008153097954223082
moon_pre_covid_2017_2019,문재인 전기/코로나 이전(2017-2019),대주주,0.0009954239535259531
moon_pre_covid_2017_2019,문재인 전기/코로나 이전(2017-2019),대중,0.0019357706250023492
moon_pre_covid_2017_2019,문재인 전기/코로나 이전(2017-2019),대중교통,0.001000288432569651
moon_pre_covid_2017_2019,문재인 전기/코로나 이전(2017-2019),대처,0.0018215150459155245
moon_pre_covid_2017_2019,문재인 전기/코로나 이전(2017-2019),대체,0.0020240297297239745
moon_pre_covid_2017_2019,문재인 전기/코로나 이전(2017-2019),대치,0.00087848607134659
moon_pre_covid_2017_2019,문재인 전기/코로나 이전(2017-2019),대통령과,0.001808514260851915
moon_pre_covid_2017_2019,문재인 전기/코로나 이전(2017-2019),대통령의,0.0028614392434077257
moon_pre_covid_2017_2019,문재인 전기/코로나 이전(2017-2019),대표가,0.0013082498844813344
moon_pre_covid_2017_2019,문재인 전기/코로나 이전(2017-2019),대표는,0.002075622111476613
moon_pre_covid_2017_2019,문재인 전기/코로나 이전(2017-2019),대표단,0.002329460640587133
moon_pre_covid_2017_2019,문재인 전기/코로나 이전(2017-2019),대표이사,0.0017904392870021805
moon_pre_covid_2017_2019,문재인 전기/코로나 이전(2017-2019),대피,0.0009506266630623747
moon_pre_covid_2017_2019,문재인 전기/코로나 이전(2017-2019),대학교,0.0010530529433542724
moon_pre_covid_2017_2019,문재인 전기/코로나 이전(2017-2019),대학생,0.0021153367842427872
moon_pre_covid_2017_2019,문재인 전기/코로나 이전(2017-2019),대학원,0.002858147660815587
moon_pre_covid_2017_2019,문재인 전기/코로나 이전(2017-2019),대한항공,0.001992745751896207
moon_pre_covid_2017_2019,문재인 전기/코로나 이전(2017-2019),대행,0.0015374658523182238
moon_pre_covid_2017_2019,문재인 전기/코로나 이전(2017-2019),대형,0.0019702096124197053
moon_pre_covid_2017_2019,문재인 전기/코로나 이전(2017-2019),댓글,0.003394318773295431
moon_pre_covid_2017_2019,문재인 전기/코로나 이전(2017-2019),덕분,0.0021355493313911854
moon_pre_covid_2017_2019,문재인 전기/코로나 이전(2017-2019),데뷔,0.0020076407869938978
moon_pre_covid_2017_2019,문재인 전기/코로나 이전(2017-2019),데이비드,0.0008508532567130007
moon_pre_covid_2017_2019,문재인 전기/코로나 이전(2017-2019),데이터,0.004183868233125864
moon_pre_covid_2017_2019,문재인 전기/코로나 이전(2017-2019),덴마크,0.0008008568533442161
moon_pre_covid_2017_2019,문재인 전기/코로나 이전(2017-2019),도구,0.0009894250133670988
moon_pre_covid_2017_2019,문재인 전기/코로나 이전(2017-2019),도달,0.0010408911709362653
moon_pre_covid_2017_2019,문재인 전기/코로나 이전(2017-2019),도덕,0.0008347776503916124
moon_pre_covid_2017_2019,문재인 전기/코로나 이전(2017-2019),도덕성,0.0007326639445822187
moon_pre_covid_2017_2019,문재인 전기/코로나 이전(2017-2019),도모,0.0007842153253218458
moon_pre_covid_2017_2019,문재인 전기/코로나 이전(2017-2019),도박,0.000732932995235713
moon_pre_covid_2017_2019,문재인 전기/코로나 이전(2017-2019),도서,0.0006493662458065526
moon_pre_covid_2017_2019,문재인 전기/코로나 이전(2017-2019),도서관,0.0014664624663050985
moon_pre_covid_2017_2019,문재인 전기/코로나 이전(2017-2019),도심,0.0021733765334641755
moon_pre_covid_2017_2019,문재인 전기/코로나 이전(2017-2019),도약,0.0014520528390823914
moon_pre_covid_2017_2019,문재인 전기/코로나 이전(2017-2019),도입,0.0008373700253108456
moon_pre_covid_2017_2019,문재인 전기/코로나 이전(2017-2019),도중,0.0012616722260934948
moon_pre_covid_2017_2019,문재인 전기/코로나 이전(2017-2019),도지사,0.001104498212731788
moon_pre_covid_2017_2019,문재인 전기/코로나 이전(2017-2019),도착,0.0025651334224707605
moon_pre_covid_2017_2019,문재인 전기/코로나 이전(2017-2019),도출,0.0012219360235313317
moon_pre_covid_2017_2019,문재인 전기/코로나 이전(2017-2019),독도,0.0009824773404872851
moon_pre_covid_2017_2019,문재인 전기/코로나 이전(2017-2019),독려,0.0008466196150485347
moon_pre_covid_2017_2019,문재인 전기/코로나 이전(2017-2019),독립,0.00321162555137709
moon_pre_covid_2017_2019,문재인 전기/코로나 이전(2017-2019),독립성,0.0008911544385719639
moon_pre_covid_2017_2019,문재인 전기/코로나 이전(2017-2019),독서,0.0007203376388279917
moon_pre_covid_2017_2019,문재인 전기/코로나 이전(2017-2019),독자들,0.0005656182132672111
moon_pre_covid_2017_2019,문재인 전기/코로나 이전(2017-2019),독재,0.001113572643839604
moon_pre_covid_2017_2019,문재인 전기/코로나 이전(2017-2019),독점,0.001145882554457959
moon_pre_covid_2017_2019,문재인 전기/코로나 이전(2017-2019),독특,0.0010888501477276159
moon_pre_covid_2017_2019,문재인 전기/코로나 이전(2017-2019),돌입,0.0014252226277682253
moon_pre_covid_2017_2019,문재인 전기/코로나 이전(2017-2019),돌파,0.0025727106393700987
moon_pre_covid_2017_2019,문재인 전기/코로나 이전(2017-2019),돌파구,0.0011895147458463947
moon_pre_covid_2017_2019,문재인 전기/코로나 이전(2017-2019),동결,0.0015173255020470328
moon_pre_covid_2017_2019,문재인 전기/코로나 이전(2017-2019),동계,0.0019292865023708857
moon_pre_covid_2017_2019,문재인 전기/코로나 이전(2017-2019),동구,0.0007499424836988517
moon_pre_covid_2017_2019,문재인 전기/코로나 이전(2017-2019),동기,0.001798727274197157
moon_pre_covid_2017_2019,문재인 전기/코로나 이전(2017-2019),동남아,0.0010432186175403965
moon_pre_covid_2017_2019,문재인 전기/코로나 이전(2017-2019),동네,0.0015588307940072375
moon_pre_covid_2017_2019,문재인 전기/코로나 이전(2017-2019),동력,0.002108595718170047
moon_pre_covid_2017_2019,문재인 전기/코로나 이전(2017-2019),동료,0.0018562995124986627
moon_pre_covid_2017_2019,문재인 전기/코로나 이전(2017-2019),동료들,0.0008628809337202844
moon_pre_covid_2017_2019,문재인 전기/코로나 이전(2017-2019),동맹,0.0024849943280380576
moon_pre_covid_2017_2019,문재인 전기/코로나 이전(2017-2019),동물,0.0025475198634518697
moon_pre_covid_2017_2019,문재인 전기/코로나 이전(2017-2019),동반,0.0014685632007260974
moon_pre_covid_2017_2019,문재인 전기/코로나 이전(2017-2019),동반자,0.00097608830269494
moon_pre_covid_2017_2019,문재인 전기/코로나 이전(2017-2019),동부,0.0008699802586130947
moon_pre_covid_2017_2019,문재인 전기/코로나 이전(2017-2019),동생,0.0013724616090637718
moon_pre_covid_2017_2019,문재인 전기/코로나 이전(2017-2019),동아시아,0.0011711184638080198
moon_pre_covid_2017_2019,문재인 전기/코로나 이전(2017-2019),동아일보,0.0014920379421912437
moon_pre_covid_2017_2019,문재인 전기/코로나 이전(2017-2019),동안,0.001993723030575777
moon_pre_covid_2017_2019,문재인 전기/코로나 이전(2017-2019),동영,0.0008449589014751269
moon_pre_covid_2017_2019,문재인 전기/코로나 이전(2017-2019),동영상,0.0018308932145730604
moon_pre_covid_2017_2019,문재인 전기/코로나 이전(2017-2019),동원,0.0025217817104713908
moon_pre_covid_2017_2019,문재인 전기/코로나 이전(2017-2019),동일,0.001733367799899539
moon_pre_covid_2017_2019,문재인 전기/코로나 이전(2017-2019),동작,0.0007959173121679581
moon_pre_covid_2017_2019,문재인 전기/코로나 이전(2017-2019),동참,0.0015032262579782313
moon_pre_covid_2017_2019,문재인 전기/코로나 이전(2017-2019),동포,0.0009576413138477427
moon_pre_covid_2017_2019,문재인 전기/코로나 이전(2017-2019),동해,0.0010165189281744588
moon_pre_covid_2017_2019,문재인 전기/코로나 이전(2017-2019),동행,0.00107507055720657
moon_pre_covid_2017_2019,문재인 전기/코로나 이전(2017-2019),동향,0.0015933737481636187
moon_pre_covid_2017_2019,문재인 전기/코로나 이전(2017-2019),돼지,0.0008340781488928988
moon_pre_covid_2017_2019,문재인 전기/코로나 이전(2017-2019),됐다,0.0013821550334350574
moon_pre_covid_2017_2019,문재인 전기/코로나 이전(2017-2019),되는,0.0009747058492752624
moon_pre_covid_2017_2019,문재인 전기/코로나 이전(2017-2019),된다,0.0011929396366553624
moon_pre_covid_2017_2019,문재인 전기/코로나 이전(2017-2019),두고,0.0014230266359308529
moon_pre_covid_2017_2019,문재인 전기/코로나 이전(2017-2019),두려움,0.0007573439884019736
moon_pre_covid_2017_2019,문재인 전기/코로나 이전(2017-2019),두산,0.0011722613399448572
moon_pre_covid_2017_2019,문재인 전기/코로나 이전(2017-2019),둔화,0.0016025374459383813
moon_pre_covid_2017_2019,문재인 전기/코로나 이전(2017-2019),뒷받침,0.0019821503039941413
moon_pre_covid_2017_2019,문재인 전기/코로나 이전(2017-2019),드론,0.0019443794010926758
moon_pre_covid_2017_2019,문재인 전기/코로나 이전(2017-2019),득점,0.0010773794039317572
moon_pre_covid_2017_2019,문재인 전기/코로나 이전(2017-2019),득표,0.0008583016118030963
moon_pre_covid_2017_2019,문재인 전기/코로나 이전(2017-2019),들어,0.0008293968374209417
moon_pre_covid_2017_2019,문재인 전기/코로나 이전(2017-2019),등교,0.00016589303998930185
moon_pre_covid_2017_2019,문재인 전기/코로나 이전(2017-2019),등록금,0.0008376919043861789
moon_pre_covid_2017_2019,문재인 전기/코로나 이전(2017-2019),등에,0.0014673283083304351
moon_pre_covid_2017_2019,문재인 전기/코로나 이전(2017-2019),등으로,0.000986311636336017
moon_pre_covid_2017_2019,문재인 전기/코로나 이전(2017-2019),등의,0.0014078822113749894
moon_pre_covid_2017_2019,문재인 전기/코로나 이전(2017-2019),등이,0.0014352553846305638
moon_pre_covid_2017_2019,문재인 전기/코로나 이전(2017-2019),등재,0.0010626030034685484
moon_pre_covid_2017_2019,문재인 전기/코로나 이전(2017-2019),디자,0.0015948746207237684
moon_pre_covid_2017_2019,문재인 전기/코로나 이전(2017-2019),디자이너,0.0011548873386213934
moon_pre_covid_2017_2019,문재인 전기/코로나 이전(2017-2019),디지털,0.003998175384824209
moon_pre_covid_2017_2019,문재인 전기/코로나 이전(2017-2019),따라,0.0021592095119990244
moon_pre_covid_2017_2019,문재인 전기/코로나 이전(2017-2019),따른,0.0010517339118644724
moon_pre_covid_2017_2019,문재인 전기/코로나 이전(2017-2019),때문에,0.0013077314541207533
moon_pre_covid_2017_2019,문재인 전기/코로나 이전(2017-2019),때문이다,0.0011868253471243948
moon_pre_covid_2017_2019,문재인 전기/코로나 이전(2017-2019),라고,0.0015831447194134991
moon_pre_covid_2017_2019,문재인 전기/코로나 이전(2017-2019),라는,0.0016228056568199363
moon_pre_covid_2017_2019,문재인 전기/코로나 이전(2017-2019),라운드,0.0010186659564536875
moon_pre_covid_2017_2019,문재인 전기/코로나 이전(2017-2019),라이브,0.0007505747270759703
moon_pre_covid_2017_2019,문재인 전기/코로나 이전(2017-2019),라이프,0.0010542383930192782
moon_pre_covid_2017_2019,문재인 전기/코로나 이전(2017-2019),라인,0.002063592733146222
moon_pre_covid_2017_2019,문재인 전기/코로나 이전(2017-2019),랭킹,0.0010886598409682554
moon_pre_covid_2017_2019,문재인 전기/코로나 이전(2017-2019),런던,0.0016803365136263636
moon_pre_covid_2017_2019,문재인 전기/코로나 이전(2017-2019),로드맵,0.0017763229514188247
moon_pre_covid_2017_2019,문재인 전기/코로나 이전(2017-2019),로버트,0.0012377595735869296
moon_pre_covid_2017_2019,문재인 전기/코로나 이전(2017-2019),로비,0.0007510113596607904
moon_pre_covid_2017_2019,문재인 전기/코로나 이전(2017-2019),로스쿨,0.0007476311808032943
moon_pre_covid_2017_2019,문재인 전기/코로나 이전(2017-2019),로켓,0.0006170119330757379
moon_pre_covid_2017_2019,문재인 전기/코로나 이전(2017-2019),롯데그룹,0.0008633462746054088
moon_pre_covid_2017_2019,문재인 전기/코로나 이전(2017-2019),리더,0.0015592594415290936
moon_pre_covid_2017_2019,문재인 전기/코로나 이전(2017-2019),리더십,0.0020933523748763025
moon_pre_covid_2017_2019,문재인 전기/코로나 이전(2017-2019),리모델링,0.0006276695576283933
moon_pre_covid_2017_2019,문재인 전기/코로나 이전(2017-2019),리스크,0.0014844796483822916
moon_pre_covid_2017_2019,문재인 전기/코로나 이전(2017-2019),리스트,0.0011835483585488384
moon_pre_covid_2017_2019,문재인 전기/코로나 이전(2017-2019),리얼미터,0.0010402990864668926
moon_pre_covid_2017_2019,문재인 전기/코로나 이전(2017-2019),마감,0.0016774085660306464
moon_pre_covid_2017_2019,문재인 전기/코로나 이전(2017-2019),마당,0.0007549833317014177
moon_pre_covid_2017_2019,문재인 전기/코로나 이전(2017-2019),마약,0.0017526656591423263
moon_pre_covid_2017_2019,문재인 전기/코로나 이전(2017-2019),마음,0.00622909182420398
moon_pre_covid_2017_2019,문재인 전기/코로나 이전(2017-2019),마이너스,0.000991638299334934
moon_pre_covid_2017_2019,문재인 전기/코로나 이전(2017-2019),마이크,0.0022274122558160643
moon_pre_covid_2017_2019,문재인 전기/코로나 이전(2017-2019),마이클,0.000954936879868517
moon_pre_covid_2017_2019,문재인 전기/코로나 이전(2017-2019),마크,0.0010164069126385648
moon_pre_covid_2017_2019,문재인 전기/코로나 이전(2017-2019),마크롱,0.0014433076921289084
moon_pre_covid_2017_2019,문재인 전기/코로나 이전(2017-2019),마트,0.0009965168317522496
moon_pre_covid_2017_2019,문재인 전기/코로나 이전(2017-2019),마포구,0.0009504796477582077
moon_pre_covid_2017_2019,문재인 전기/코로나 이전(2017-2019),막말,0.0014865539302525337
moon_pre_covid_2017_2019,문재인 전기/코로나 이전(2017-2019),막판,0.0011808049758054622
moon_pre_covid_2017_2019,문재인 전기/코로나 이전(2017-2019),만기,0.0007579906046959806
moon_pre_covid_2017_2019,문재인 전기/코로나 이전(2017-2019),만나,0.0015719167930474441
moon_pre_covid_2017_2019,문재인 전기/코로나 이전(2017-2019),만남,0.0029558528689268473
moon_pre_covid_2017_2019,문재인 전기/코로나 이전(2017-2019),만든,0.0009905107684641176
moon_pre_covid_2017_2019,문재인 전기/코로나 이전(2017-2019),만원,0.0012669885430142015
moon_pre_covid_2017_2019,문재인 전기/코로나 이전(2017-2019),만일,0.0007346255658617654
moon_pre_covid_2017_2019,문재인 전기/코로나 이전(2017-2019),만점,0.0009046174333584619
moon_pre_covid_2017_2019,문재인 전기/코로나 이전(2017-2019),만족,0.00227905986067211
moon_pre_covid_2017_2019,문재인 전기/코로나 이전(2017-2019),만족도,0.0018821575708155463
moon_pre_covid_2017_2019,문재인 전기/코로나 이전(2017-2019),만찬,0.0019071076719677704
moon_pre_covid_2017_2019,문재인 전기/코로나 이전(2017-2019),만화,0.0008052657164611698
moon_pre_covid_2017_2019,문재인 전기/코로나 이전(2017-2019),많은,0.0017651333193150689
moon_pre_covid_2017_2019,문재인 전기/코로나 이전(2017-2019),많이,0.0013771643009449458
moon_pre_covid_2017_2019,문재인 전기/코로나 이전(2017-2019),말레이시아,0.0010290159506219903
moon_pre_covid_2017_2019,문재인 전기/코로나 이전(2017-2019),말했습니다,0.0014241840030727836
moon_pre_covid_2017_2019,문재인 전기/코로나 이전(2017-2019),맞아,0.0011144989424293292
moon_pre_covid_2017_2019,문재인 전기/코로나 이전(2017-2019),맞춤,0.002073379593931096
moon_pre_covid_2017_2019,문재인 전기/코로나 이전(2017-2019),매각,0.001753769995084312
moon_pre_covid_2017_2019,문재인 전기/코로나 이전(2017-2019),매뉴얼,0.0006074403328973776
moon_pre_covid_2017_2019,문재인 전기/코로나 이전(2017-2019),매력,0.0013531812632731116
moon_pre_covid_2017_2019,문재인 전기/코로나 이전(2017-2019),매력적,0.0008250417562272488
moon_pre_covid_2017_2019,문재인 전기/코로나 이전(2017-2019),매매,0.0011056269845476894
moon_pre_covid_2017_2019,문재인 전기/코로나 이전(2017-2019),매수,0.001025002244537581
moon_pre_covid_2017_2019,문재인 전기/코로나 이전(2017-2019),매입,0.001418565536346598
moon_pre_covid_2017_2019,문재인 전기/코로나 이전(2017-2019),매진,0.0009768931714972836
moon_pre_covid_2017_2019,문재인 전기/코로나 이전(2017-2019),매출액,0.001818160567099164
moon_pre_covid_2017_2019,문재인 전기/코로나 이전(2017-2019),맥락,0.0011918920234086838
moon_pre_covid_2017_2019,문재인 전기/코로나 이전(2017-2019),맥주,0.0012371662507941934
moon_pre_covid_2017_2019,문재인 전기/코로나 이전(2017-2019),머리,0.0024647408196102377
moon_pre_covid_2017_2019,문재인 전기/코로나 이전(2017-2019),먹거리,0.0010017768561898857
moon_pre_covid_2017_2019,문재인 전기/코로나 이전(2017-2019),먼저,0.0016161153527940685
moon_pre_covid_2017_2019,문재인 전기/코로나 이전(2017-2019),먼지,0.0028997121003490525
moon_pre_covid_2017_2019,문재인 전기/코로나 이전(2017-2019),메뉴,0.0010503272858357394
moon_pre_covid_2017_2019,문재인 전기/코로나 이전(2017-2019),메달,0.0010438529837656025
moon_pre_covid_2017_2019,문재인 전기/코로나 이전(2017-2019),메르켈,0.0007295025124853612
moon_pre_covid_2017_2019,문재인 전기/코로나 이전(2017-2019),메일,0.0009039292296355567
moon_pre_covid_2017_2019,문재인 전기/코로나 이전(2017-2019),멕시코,0.001910230059408971
moon_pre_covid_2017_2019,문재인 전기/코로나 이전(2017-2019),멤버,0.001477042430473235
moon_pre_covid_2017_2019,문재인 전기/코로나 이전(2017-2019),며칠,0.0013185067894099349
moon_pre_covid_2017_2019,문재인 전기/코로나 이전(2017-2019),면담,0.0020736813954536065
moon_pre_covid_2017_2019,문재인 전기/코로나 이전(2017-2019),면세점,0.0012392074334797052
moon_pre_covid_2017_2019,문재인 전기/코로나 이전(2017-2019),면역,0.0004967610768002283
moon_pre_covid_2017_2019,문재인 전기/코로나 이전(2017-2019),면적,0.0019892297317335218
moon_pre_covid_2017_2019,문재인 전기/코로나 이전(2017-2019),면제,0.001979422057634221
moon_pre_covid_2017_2019,문재인 전기/코로나 이전(2017-2019),면허,0.001053829345360202
moon_pre_covid_2017_2019,문재인 전기/코로나 이전(2017-2019),명단,0.0019708148740166824
moon_pre_covid_2017_2019,문재인 전기/코로나 이전(2017-2019),명령,0.0015534425869166404
moon_pre_covid_2017_2019,문재인 전기/코로나 이전(2017-2019),명목,0.000903139312540356
moon_pre_covid_2017_2019,문재인 전기/코로나 이전(2017-2019),명분,0.0016406428200991985
moon_pre_covid_2017_2019,문재인 전기/코로나 이전(2017-2019),명성,0.0008322990080209577
moon_pre_covid_2017_2019,문재인 전기/코로나 이전(2017-2019),명시,0.0014362641397267601
moon_pre_covid_2017_2019,문재인 전기/코로나 이전(2017-2019),명예,0.002208482917022848
moon_pre_covid_2017_2019,문재인 전기/코로나 이전(2017-2019),명예교수,0.0007797207759793369
moon_pre_covid_2017_2019,문재인 전기/코로나 이전(2017-2019),명을,0.0019949171511702136
moon_pre_covid_2017_2019,문재인 전기/코로나 이전(2017-2019),명의,0.002227957372640572
moon_pre_covid_2017_2019,문재인 전기/코로나 이전(2017-2019),명절,0.0008800108734129664
moon_pre_covid_2017_2019,문재인 전기/코로나 이전(2017-2019),명칭,0.0011651696319500565
moon_pre_covid_2017_2019,문재인 전기/코로나 이전(2017-2019),모금,0.0005637606076441126
moon_pre_covid_2017_2019,문재인 전기/코로나 이전(2017-2019),모니터링,0.0010009770753287444
moon_pre_covid_2017_2019,문재인 전기/코로나 이전(2017-2019),모두,0.0022532472666135883
moon_pre_covid_2017_2019,문재인 전기/코로나 이전(2017-2019),모범,0.0007493914617961935
moon_pre_covid_2017_2019,문재인 전기/코로나 이전(2017-2019),모빌리티,0.0014517519821095656
moon_pre_covid_2017_2019,문재인 전기/코로나 이전(2017-2019),모색,0.0018681582914279833
moon_pre_covid_2017_2019,문재인 전기/코로나 이전(2017-2019),모순,0.0007305188606919747
moon_pre_covid_2017_2019,문재인 전기/코로나 이전(2017-2019),모양,0.0016587634352794034
moon_pre_covid_2017_2019,문재인 전기/코로나 이전(2017-2019),모양새,0.0012252909420351246
moon_pre_covid_2017_2019,문재인 전기/코로나 이전(2017-2019),모의,0.0005355798322462742
moon_pre_covid_2017_2019,문재인 전기/코로나 이전(2017-2019),목사,0.0008384235080448462
moon_pre_covid_2017_2019,문재인 전기/코로나 이전(2017-2019),목숨,0.0015274138197119492
moon_pre_covid_2017_2019,문재인 전기/코로나 이전(2017-2019),목요일,0.0006925212727226463
moon_pre_covid_2017_2019,문재인 전기/코로나 이전(2017-2019),목포,0.0010138128545533667
moon_pre_covid_2017_2019,문재인 전기/코로나 이전(2017-2019),못한,0.0008043703077342194
moon_pre_covid_2017_2019,문재인 전기/코로나 이전(2017-2019),묘사,0.0008934032532757441
moon_pre_covid_2017_2019,문재인 전기/코로나 이전(2017-2019),무게,0.0014523664110096938
moon_pre_covid_2017_2019,문재인 전기/코로나 이전(2017-2019),무기,0.0026874873606246826
moon_pre_covid_2017_2019,문재인 전기/코로나 이전(2017-2019),무능,0.0006829171205670665
moon_pre_covid_2017_2019,문재인 전기/코로나 이전(2017-2019),무력,0.0009938686851080909
moon_pre_covid_2017_2019,문재인 전기/코로나 이전(2017-2019),무력화,0.000669782990057889
moon_pre_covid_2017_2019,문재인 전기/코로나 이전(2017-2019),무렵,0.0008611707953915318
moon_pre_covid_2017_2019,문재인 전기/코로나 이전(2017-2019),무료,0.0019080398811242075
moon_pre_covid_2017_2019,문재인 전기/코로나 이전(2017-2019),무릎,0.000916617493814376
moon_pre_covid_2017_2019,문재인 전기/코로나 이전(2017-2019),무리,0.0017657649290754576
moon_pre_covid_2017_2019,문재인 전기/코로나 이전(2017-2019),무산,0.001732932116247929
moon_pre_covid_2017_2019,문재인 전기/코로나 이전(2017-2019),무상,0.0010389098922749837
moon_pre_covid_2017_2019,문재인 전기/코로나 이전(2017-2019),무선,0.0010501924911436407
moon_pre_covid_2017_2019,문재인 전기/코로나 이전(2017-2019),무소속,0.00045965366387259104
moon_pre_covid_2017_2019,문재인 전기/코로나 이전(2017-2019),무시,0.0017819853374360312
moon_pre_covid_2017_2019,문재인 전기/코로나 이전(2017-2019),무장,0.001351448500563687
moon_pre_covid_2017_2019,문재인 전기/코로나 이전(2017-2019),무죄,0.0016461924438315723
moon_pre_covid_2017_2019,문재인 전기/코로나 이전(2017-2019),무책임,0.0006911128247538501
moon_pre_covid_2017_2019,문재인 전기/코로나 이전(2017-2019),무효,0.0007987417388833016
moon_pre_covid_2017_2019,문재인 전기/코로나 이전(2017-2019),문건,0.0029458936338602358
moon_pre_covid_2017_2019,문재인 전기/코로나 이전(2017-2019),문구,0.0013464406389597677
moon_pre_covid_2017_2019,문재인 전기/코로나 이전(2017-2019),문명,0.0005792288214259017
moon_pre_covid_2017_2019,문재인 전기/코로나 이전(2017-2019),문서,0.0014449389867294798
moon_pre_covid_2017_2019,문재인 전기/코로나 이전(2017-2019),문의,0.0012061825314588937
moon_pre_covid_2017_2019,문재인 전기/코로나 이전(2017-2019),문자,0.00156670139004636
moon_pre_covid_2017_2019,문재인 전기/코로나 이전(2017-2019),문장,0.0009639672713035989
moon_pre_covid_2017_2019,문재인 전기/코로나 이전(2017-2019),문제,0.0015819062789173427
moon_pre_covid_2017_2019,문재인 전기/코로나 이전(2017-2019),문제가,0.0009512991699589892
moon_pre_covid_2017_2019,문재인 전기/코로나 이전(2017-2019),문제들,0.0010555878638131109
moon_pre_covid_2017_2019,문재인 전기/코로나 이전(2017-2019),문제를,0.0011635920837772976
moon_pre_covid_2017_2019,문재인 전기/코로나 이전(2017-2019),문제점,0.0019394600652119095
moon_pre_covid_2017_2019,문재인 전기/코로나 이전(2017-2019),문체부,0.0014501177670808542
moon_pre_covid_2017_2019,문재인 전기/코로나 이전(2017-2019),문턱,0.0008751367697329465
moon_pre_covid_2017_2019,문재인 전기/코로나 이전(2017-2019),문항,0.000708433521195698
moon_pre_covid_2017_2019,문재인 전기/코로나 이전(2017-2019),문화재청,0.0009354705696094821
moon_pre_covid_2017_2019,문재인 전기/코로나 이전(2017-2019),문희상,0.0013996708652771475
moon_pre_covid_2017_2019,문재인 전기/코로나 이전(2017-2019),물가,0.0012965035583803735
moon_pre_covid_2017_2019,문재인 전기/코로나 이전(2017-2019),물건,0.0013178204210142657
moon_pre_covid_2017_2019,문재인 전기/코로나 이전(2017-2019),물량,0.0016771504278022922
moon_pre_covid_2017_2019,문재인 전기/코로나 이전(2017-2019),물론,0.0018869283291259667
moon_pre_covid_2017_2019,문재인 전기/코로나 이전(2017-2019),물류,0.0010255909253648306
moon_pre_covid_2017_2019,문재인 전기/코로나 이전(2017-2019),물질,0.0022649004346604186
moon_pre_covid_2017_2019,문재인 전기/코로나 이전(2017-2019),물품,0.0008229523218533542
moon_pre_covid_2017_2019,문재인 전기/코로나 이전(2017-2019),뮤지컬,0.0010650641193424946
moon_pre_covid_2017_2019,문재인 전기/코로나 이전(2017-2019),미국의,0.0014801376539111965
moon_pre_covid_2017_2019,문재인 전기/코로나 이전(2017-2019),미국인,0.001244213164171044
moon_pre_covid_2017_2019,문재인 전기/코로나 이전(2017-2019),미니,0.000765850981761532
moon_pre_covid_2017_2019,문재인 전기/코로나 이전(2017-2019),미달,0.0007334573506411555
moon_pre_covid_2017_2019,문재인 전기/코로나 이전(2017-2019),미만,0.002203292431935033
moon_pre_covid_2017_2019,문재인 전기/코로나 이전(2017-2019),미세,0.0028056933618652745
moon_pre_covid_2017_2019,문재인 전기/코로나 이전(2017-2019),미술,0.001399593689275217
moon_pre_covid_2017_2019,문재인 전기/코로나 이전(2017-2019),미술관,0.0007812975595150995
moon_pre_covid_2017_2019,문재인 전기/코로나 이전(2017-2019),미안,0.0008689545326412488
moon_pre_covid_2017_2019,문재인 전기/코로나 이전(2017-2019),미얀마,0.0007018993119486633
moon_pre_covid_2017_2019,문재인 전기/코로나 이전(2017-2019),미터,0.00083906394372122
moon_pre_covid_2017_2019,문재인 전기/코로나 이전(2017-2019),미흡,0.0013337693175920976
moon_pre_covid_2017_2019,문재인 전기/코로나 이전(2017-2019),민간인,0.0012188446549557877
moon_pre_covid_2017_2019,문재인 전기/코로나 이전(2017-2019),민생,0.0023501892984074614
moon_pre_covid_2017_2019,문재인 전기/코로나 이전(2017-2019),민원,0.0014024462690209248
moon_pre_covid_2017_2019,문재인 전기/코로나 이전(2017-2019),민정,0.002270926277295016
moon_pre_covid_2017_2019,문재인 전기/코로나 이전(2017-2019),민정수석,0.0015923171198488643
moon_pre_covid_2017_2019,문재인 전기/코로나 이전(2017-2019),민족,0.0019664735834084316
moon_pre_covid_2017_2019,문재인 전기/코로나 이전(2017-2019),민주노총,0.001688327900642371
moon_pre_covid_2017_2019,문재인 전기/코로나 이전(2017-2019),민주주,0.00123016870925232
moon_pre_covid_2017_2019,문재인 전기/코로나 이전(2017-2019),민주화,0.0014793303358391276
moon_pre_covid_2017_2019,문재인 전기/코로나 이전(2017-2019),믿음,0.0009333937586609862
moon_pre_covid_2017_2019,문재인 전기/코로나 이전(2017-2019),밀레니얼,0.0013108348777178458
moon_pre_covid_2017_2019,문재인 전기/코로나 이전(2017-2019),밀접,0.0006004139202437838
moon_pre_covid_2017_2019,문재인 전기/코로나 이전(2017-2019),밀집,0.0007155262847912176
moon_pre_covid_2017_2019,문재인 전기/코로나 이전(2017-2019),바깥,0.000638524693060494
moon_pre_covid_2017_2019,문재인 전기/코로나 이전(2017-2019),바닥,0.0013183038489634942
moon_pre_covid_2017_2019,문재인 전기/코로나 이전(2017-2019),바로,0.0010784142105268696
moon_pre_covid_2017_2019,문재인 전기/코로나 이전(2017-2019),바이오,0.0023888283539904047
moon_pre_covid_2017_2019,문재인 전기/코로나 이전(2017-2019),박람회,0.0015296411186767633
moon_pre_covid_2017_2019,문재인 전기/코로나 이전(2017-2019),박물관,0.0012418280618165024
moon_pre_covid_2017_2019,문재인 전기/코로나 이전(2017-2019),박수,0.001064923172685217
moon_pre_covid_2017_2019,문재인 전기/코로나 이전(2017-2019),박씨,0.0008876958668706248
moon_pre_covid_2017_2019,문재인 전기/코로나 이전(2017-2019),박영선,0.0009508065158408493
moon_pre_covid_2017_2019,문재인 전기/코로나 이전(2017-2019),박용진,0.0006121839799049407
moon_pre_covid_2017_2019,문재인 전기/코로나 이전(2017-2019),박차,0.0008648429247105555
moon_pre_covid_2017_2019,문재인 전기/코로나 이전(2017-2019),박탈,0.0006557900671924816
moon_pre_covid_2017_2019,문재인 전기/코로나 이전(2017-2019),반등,0.0008611832955421835
moon_pre_covid_2017_2019,문재인 전기/코로나 이전(2017-2019),반박,0.0021030880139480453
moon_pre_covid_2017_2019,문재인 전기/코로나 이전(2017-2019),반발,0.0046128443950721595
moon_pre_covid_2017_2019,문재인 전기/코로나 이전(2017-2019),반복,0.0025277104639078456
moon_pre_covid_2017_2019,문재인 전기/코로나 이전(2017-2019),반성,0.0018166461504409302
moon_pre_covid_2017_2019,문재인 전기/코로나 이전(2017-2019),반전,0.0009333318815249462
moon_pre_covid_2017_2019,문재인 전기/코로나 이전(2017-2019),반환,0.0008165760192302945
moon_pre_covid_2017_2019,문재인 전기/코로나 이전(2017-2019),받고,0.001454834690489915
moon_pre_covid_2017_2019,문재인 전기/코로나 이전(2017-2019),받는,0.0010159147114483266
moon_pre_covid_2017_2019,문재인 전기/코로나 이전(2017-2019),받아,0.0007691215635409379
moon_pre_covid_2017_2019,문재인 전기/코로나 이전(2017-2019),받았다,0.0011108032856500033
moon_pre_covid_2017_2019,문재인 전기/코로나 이전(2017-2019),받은,0.001550104223361252
moon_pre_covid_2017_2019,문재인 전기/코로나 이전(2017-2019),발간,0.0011197818765724473
moon_pre_covid_2017_2019,문재인 전기/코로나 이전(2017-2019),발굴,0.0032163762277373745
moon_pre_covid_2017_2019,문재인 전기/코로나 이전(2017-2019),발급,0.0011521020311375757
moon_pre_covid_2017_2019,문재인 전기/코로나 이전(2017-2019),발달,0.0010405448323385622
moon_pre_covid_2017_2019,문재인 전기/코로나 이전(2017-2019),발동,0.0005668661242234251
moon_pre_covid_2017_2019,문재인 전기/코로나 이전(2017-2019),발령,0.0010196865340560382
moon_pre_covid_2017_2019,문재인 전기/코로나 이전(2017-2019),발목,0.001203284580650456
moon_pre_covid_2017_2019,문재인 전기/코로나 이전(2017-2019),발병,0.0008336019877944457
moon_pre_covid_2017_2019,문재인 전기/코로나 이전(2017-2019),발부,0.0009709039569041172
moon_pre_covid_2017_2019,문재인 전기/코로나 이전(2017-2019),발사체,0.0014513910653821472
moon_pre_covid_2017_2019,문재인 전기/코로나 이전(2017-2019),발상,0.0006126789098062098
moon_pre_covid_2017_2019,문재인 전기/코로나 이전(2017-2019),발의,0.0020874182936584805
moon_pre_covid_2017_2019,문재인 전기/코로나 이전(2017-2019),발전소,0.0016663814190235368
moon_pre_covid_2017_2019,문재인 전기/코로나 이전(2017-2019),발탁,0.001309792634108998
moon_pre_covid_2017_2019,문재인 전기/코로나 이전(2017-2019),발표한,0.001423422025112397
moon_pre_covid_2017_2019,문재인 전기/코로나 이전(2017-2019),발표했다,0.0013388388845716847
moon_pre_covid_2017_2019,문재인 전기/코로나 이전(2017-2019),발행,0.0016936117328536988
moon_pre_covid_2017_2019,문재인 전기/코로나 이전(2017-2019),발효,0.0007100375147467599
moon_pre_covid_2017_2019,문재인 전기/코로나 이전(2017-2019),발휘,0.0017192579744385547
moon_pre_covid_2017_2019,문재인 전기/코로나 이전(2017-2019),방북,0.003382592212180274
moon_pre_covid_2017_2019,문재인 전기/코로나 이전(2017-2019),방송사,0.0012200342401321703
moon_pre_covid_2017_2019,문재인 전기/코로나 이전(2017-2019),방송일시,0.0006419876016962131
moon_pre_covid_2017_2019,문재인 전기/코로나 이전(2017-2019),방안을,0.0012653116573356404
moon_pre_covid_2017_2019,문재인 전기/코로나 이전(2017-2019),방어,0.0015162634679600018
moon_pre_covid_2017_2019,문재인 전기/코로나 이전(2017-2019),방역,0.0003123771564511572
moon_pre_covid_2017_2019,문재인 전기/코로나 이전(2017-2019),방위,0.0011544206610064201
moon_pre_covid_2017_2019,문재인 전기/코로나 이전(2017-2019),방위비,0.0013943872680909231
moon_pre_covid_2017_2019,문재인 전기/코로나 이전(2017-2019),방치,0.0012686994343445977
moon_pre_covid_2017_2019,문재인 전기/코로나 이전(2017-2019),방통위,0.0008476241726006811
moon_pre_covid_2017_2019,문재인 전기/코로나 이전(2017-2019),방한,0.001973823574041626
moon_pre_covid_2017_2019,문재인 전기/코로나 이전(2017-2019),방해,0.0018969281253786896
moon_pre_covid_2017_2019,문재인 전기/코로나 이전(2017-2019),배당,0.0011839307313638223
moon_pre_covid_2017_2019,문재인 전기/코로나 이전(2017-2019),배려,0.0013139557675186956
moon_pre_covid_2017_2019,문재인 전기/코로나 이전(2017-2019),배분,0.0008400067622136706
moon_pre_covid_2017_2019,문재인 전기/코로나 이전(2017-2019),배상,0.00212683044266831
moon_pre_covid_2017_2019,문재인 전기/코로나 이전(2017-2019),배송,0.0007769695835030001
moon_pre_covid_2017_2019,문재인 전기/코로나 이전(2017-2019),배우자,0.0012159139619585782
moon_pre_covid_2017_2019,문재인 전기/코로나 이전(2017-2019),배정,0.001075015307566205
moon_pre_covid_2017_2019,문재인 전기/코로나 이전(2017-2019),배출,0.0018625642731817126
moon_pre_covid_2017_2019,문재인 전기/코로나 이전(2017-2019),배출량,0.0005570508911992691
moon_pre_covid_2017_2019,문재인 전기/코로나 이전(2017-2019),배후,0.000920125827874987
moon_pre_covid_2017_2019,문재인 전기/코로나 이전(2017-2019),백인,0.0005901259327474037
moon_pre_covid_2017_2019,문재인 전기/코로나 이전(2017-2019),백화점,0.0014379333272176544
moon_pre_covid_2017_2019,문재인 전기/코로나 이전(2017-2019),밴드,0.0008016583781116316
moon_pre_covid_2017_2019,문재인 전기/코로나 이전(2017-2019),번역,0.0010361801302783483
moon_pre_covid_2017_2019,문재인 전기/코로나 이전(2017-2019),번영,0.001622192596919343
moon_pre_covid_2017_2019,문재인 전기/코로나 이전(2017-2019),벌금,0.0018166014306667758
moon_pre_covid_2017_2019,문재인 전기/코로나 이전(2017-2019),범죄자,0.0006712684671175276
moon_pre_covid_2017_2019,문재인 전기/코로나 이전(2017-2019),법령,0.0010444844568615753
moon_pre_covid_2017_2019,문재인 전기/코로나 이전(2017-2019),법무,0.0017340916484653906
moon_pre_covid_2017_2019,문재인 전기/코로나 이전(2017-2019),법사위,0.00077237595508521
moon_pre_covid_2017_2019,문재인 전기/코로나 이전(2017-2019),법인,0.0027754615045264583
moon_pre_covid_2017_2019,문재인 전기/코로나 이전(2017-2019),법인세,0.0010573138322969404
moon_pre_covid_2017_2019,문재인 전기/코로나 이전(2017-2019),법적,0.001538756864958773
moon_pre_covid_2017_2019,문재인 전기/코로나 이전(2017-2019),법정,0.0022263925207930426
moon_pre_covid_2017_2019,문재인 전기/코로나 이전(2017-2019),법조,0.0006584577308972613
moon_pre_covid_2017_2019,문재인 전기/코로나 이전(2017-2019),법조계,0.0007814809271159571
moon_pre_covid_2017_2019,문재인 전기/코로나 이전(2017-2019),법학,0.0008171628458766318
moon_pre_covid_2017_2019,문재인 전기/코로나 이전(2017-2019),베를린,0.001261505884516381
moon_pre_covid_2017_2019,문재인 전기/코로나 이전(2017-2019),벤처,0.002917884948388028
moon_pre_covid_2017_2019,문재인 전기/코로나 이전(2017-2019),벤츠,0.0008767176055831219
moon_pre_covid_2017_2019,문재인 전기/코로나 이전(2017-2019),변경,0.0029454131917208883
moon_pre_covid_2017_2019,문재인 전기/코로나 이전(2017-2019),변동,0.0011419279223061777
moon_pre_covid_2017_2019,문재인 전기/코로나 이전(2017-2019),변수,0.0016704911624605215
moon_pre_covid_2017_2019,문재인 전기/코로나 이전(2017-2019),변신,0.001128497117181216
moon_pre_covid_2017_2019,문재인 전기/코로나 이전(2017-2019),변호인,0.001506870022635149
moon_pre_covid_2017_2019,문재인 전기/코로나 이전(2017-2019),별개,0.0009047825846846509
moon_pre_covid_2017_2019,문재인 전기/코로나 이전(2017-2019),별명,0.0007933372261126543
moon_pre_covid_2017_2019,문재인 전기/코로나 이전(2017-2019),별세,0.0019107127686597263
moon_pre_covid_2017_2019,문재인 전기/코로나 이전(2017-2019),병력,0.0007866950960328307
moon_pre_covid_2017_2019,문재인 전기/코로나 이전(2017-2019),병사,0.0009549395634547037
moon_pre_covid_2017_2019,문재인 전기/코로나 이전(2017-2019),병역,0.0017089248306609098
moon_pre_covid_2017_2019,문재인 전기/코로나 이전(2017-2019),병행,0.0011384715790575812
moon_pre_covid_2017_2019,문재인 전기/코로나 이전(2017-2019),보강,0.0008001914235319301
moon_pre_covid_2017_2019,문재인 전기/코로나 이전(2017-2019),보건,0.001935384229786346
moon_pre_covid_2017_2019,문재인 전기/코로나 이전(2017-2019),보건복지부,0.0014701313217082006
moon_pre_covid_2017_2019,문재인 전기/코로나 이전(2017-2019),보건소,0.0004219434900766303
moon_pre_covid_2017_2019,문재인 전기/코로나 이전(2017-2019),보관,0.0011842276868071512
moon_pre_covid_2017_2019,문재인 전기/코로나 이전(2017-2019),보궐,0.00035495969446686977
moon_pre_covid_2017_2019,문재인 전기/코로나 이전(2017-2019),보궐선거,0.0003545576789625537
moon_pre_covid_2017_2019,문재인 전기/코로나 이전(2017-2019),보급,0.00127674956757632
moon_pre_covid_2017_2019,문재인 전기/코로나 이전(2017-2019),보도입니다,0.0014083079424479991
moon_pre_covid_2017_2019,문재인 전기/코로나 이전(2017-2019),보도합니다,0.002195895084486249
moon_pre_covid_2017_2019,문재인 전기/코로나 이전(2017-2019),보도했다,0.0010869262783226325
moon_pre_covid_2017_2019,문재인 전기/코로나 이전(2017-2019),보면,0.0012975953906384776
moon_pre_covid_2017_2019,문재인 전기/코로나 이전(2017-2019),보복,0.002713695822509112
moon_pre_covid_2017_2019,문재인 전기/코로나 이전(2017-2019),보상,0.0023087736674027902
moon_pre_covid_2017_2019,문재인 전기/코로나 이전(2017-2019),보안,0.0022779722565641615
moon_pre_covid_2017_2019,문재인 전기/코로나 이전(2017-2019),보완,0.0022976864741611758
moon_pre_covid_2017_2019,문재인 전기/코로나 이전(2017-2019),보유세,0.0010111409202393528
moon_pre_covid_2017_2019,문재인 전기/코로나 이전(2017-2019),보육,0.0007931347715173267
moon_pre_covid_2017_2019,문재인 전기/코로나 이전(2017-2019),보이스피싱,0.0006991486080140436
moon_pre_covid_2017_2019,문재인 전기/코로나 이전(2017-2019),보인다,0.0009860867876768688
moon_pre_covid_2017_2019,문재인 전기/코로나 이전(2017-2019),보전,0.0010490061038387576
moon_pre_covid_2017_2019,문재인 전기/코로나 이전(2017-2019),보조,0.0010415074701638138
moon_pre_covid_2017_2019,문재인 전기/코로나 이전(2017-2019),보조금,0.0017280249550118182
moon_pre_covid_2017_2019,문재인 전기/코로나 이전(2017-2019),보존,0.0011026029745844635
moon_pre_covid_2017_2019,문재인 전기/코로나 이전(2017-2019),보증,0.0011390852333687767
moon_pre_covid_2017_2019,문재인 전기/코로나 이전(2017-2019),보증금,0.0011860662892879273
moon_pre_covid_2017_2019,문재인 전기/코로나 이전(2017-2019),보통,0.001805410277085654
moon_pre_covid_2017_2019,문재인 전기/코로나 이전(2017-2019),보편,0.0006059418050990791
moon_pre_covid_2017_2019,문재인 전기/코로나 이전(2017-2019),보험금,0.0007600971633570489
moon_pre_covid_2017_2019,문재인 전기/코로나 이전(2017-2019),보험료,0.0023553162230961875
moon_pre_covid_2017_2019,문재인 전기/코로나 이전(2017-2019),보험사,0.0010417127910604244
moon_pre_covid_2017_2019,문재인 전기/코로나 이전(2017-2019),복구,0.0013542891603755705
moon_pre_covid_2017_2019,문재인 전기/코로나 이전(2017-2019),복귀,0.002388227542377169
moon_pre_covid_2017_2019,문재인 전기/코로나 이전(2017-2019),복무,0.0014575455409540899
moon_pre_covid_2017_2019,문재인 전기/코로나 이전(2017-2019),복수,0.0009354219709028992
moon_pre_covid_2017_2019,문재인 전기/코로나 이전(2017-2019),복원,0.001980353497041696
moon_pre_covid_2017_2019,문재인 전기/코로나 이전(2017-2019),복지,0.00472099335390797
moon_pre_covid_2017_2019,문재인 전기/코로나 이전(2017-2019),복지부,0.0015419207474425829
moon_pre_covid_2017_2019,문재인 전기/코로나 이전(2017-2019),복합,0.001556540275686912
moon_pre_covid_2017_2019,문재인 전기/코로나 이전(2017-2019),본격화,0.0017660655288351643
moon_pre_covid_2017_2019,문재인 전기/코로나 이전(2017-2019),본선,0.000964346961472968
moon_pre_covid_2017_2019,문재인 전기/코로나 이전(2017-2019),본인들,0.0006230995354281073
moon_pre_covid_2017_2019,문재인 전기/코로나 이전(2017-2019),본질,0.0012429832844536289
moon_pre_covid_2017_2019,문재인 전기/코로나 이전(2017-2019),봉사,0.0013789385202500446
moon_pre_covid_2017_2019,문재인 전기/코로나 이전(2017-2019),봉쇄,0.0004846277500208366
moon_pre_covid_2017_2019,문재인 전기/코로나 이전(2017-2019),부각,0.0013467813393709808
moon_pre_covid_2017_2019,문재인 전기/코로나 이전(2017-2019),부과,0.0025667321783247286
moon_pre_covid_2017_2019,문재인 전기/코로나 이전(2017-2019),부당,0.0022834827945679434
moon_pre_covid_2017_2019,문재인 전기/코로나 이전(2017-2019),부대,0.001812791334938889
moon_pre_covid_2017_2019,문재인 전기/코로나 이전(2017-2019),부모님,0.0012200127197950791
moon_pre_covid_2017_2019,문재인 전기/코로나 이전(2017-2019),부부,0.0023880936141715274
moon_pre_covid_2017_2019,문재인 전기/코로나 이전(2017-2019),부부장,0.0010528697028363123
moon_pre_covid_2017_2019,문재인 전기/코로나 이전(2017-2019),부사장,0.0025999989900808806
moon_pre_covid_2017_2019,문재인 전기/코로나 이전(2017-2019),부산시,0.0018842445068445557
moon_pre_covid_2017_2019,문재인 전기/코로나 이전(2017-2019),부서,0.0014979016996369565
moon_pre_covid_2017_2019,문재인 전기/코로나 이전(2017-2019),부시,0.0008157931062784104
moon_pre_covid_2017_2019,문재인 전기/코로나 이전(2017-2019),부시장,0.0010893165547916743
moon_pre_covid_2017_2019,문재인 전기/코로나 이전(2017-2019),부실,0.0016864326781015414
moon_pre_covid_2017_2019,문재인 전기/코로나 이전(2017-2019),부양,0.0008848770351865819
moon_pre_covid_2017_2019,문재인 전기/코로나 이전(2017-2019),부위,0.0008956395807628284
moon_pre_covid_2017_2019,문재인 전기/코로나 이전(2017-2019),부위원장,0.002644172651834481
moon_pre_covid_2017_2019,문재인 전기/코로나 이전(2017-2019),부자,0.0010094071394736194
moon_pre_covid_2017_2019,문재인 전기/코로나 이전(2017-2019),부작용,0.0021842701000609572
moon_pre_covid_2017_2019,문재인 전기/코로나 이전(2017-2019),부장판사,0.0014117041682426541
moon_pre_covid_2017_2019,문재인 전기/코로나 이전(2017-2019),부재,0.0006545024328121362
moon_pre_covid_2017_2019,문재인 전기/코로나 이전(2017-2019),부정,0.0038032267099380383
moon_pre_covid_2017_2019,문재인 전기/코로나 이전(2017-2019),부정적,0.0019234547704255747
moon_pre_covid_2017_2019,문재인 전기/코로나 이전(2017-2019),부지,0.0018055398479488447
moon_pre_covid_2017_2019,문재인 전기/코로나 이전(2017-2019),부진,0.00247867507031589
moon_pre_covid_2017_2019,문재인 전기/코로나 이전(2017-2019),부채,0.001577416137004999
moon_pre_covid_2017_2019,문재인 전기/코로나 이전(2017-2019),부탁,0.001722160884631333
moon_pre_covid_2017_2019,문재인 전기/코로나 이전(2017-2019),부통령,0.0012785030562035412
moon_pre_covid_2017_2019,문재인 전기/코로나 이전(2017-2019),부패,0.0014516088030779974
moon_pre_covid_2017_2019,문재인 전기/코로나 이전(2017-2019),부합,0.0011364706814928245
moon_pre_covid_2017_2019,문재인 전기/코로나 이전(2017-2019),부활,0.0014366489266091822
moon_pre_covid_2017_2019,문재인 전기/코로나 이전(2017-2019),북부,0.001011294920936391
moon_pre_covid_2017_2019,문재인 전기/코로나 이전(2017-2019),북쪽,0.0009387532059777948
moon_pre_covid_2017_2019,문재인 전기/코로나 이전(2017-2019),북측,0.00244556874496861
moon_pre_covid_2017_2019,문재인 전기/코로나 이전(2017-2019),북한군,0.001066481912274901
moon_pre_covid_2017_2019,문재인 전기/코로나 이전(2017-2019),북한의,0.0021573492321639042
moon_pre_covid_2017_2019,문재인 전기/코로나 이전(2017-2019),북한이,0.0020321295161485693
moon_pre_covid_2017_2019,문재인 전기/코로나 이전(2017-2019),분노,0.0023405777068075295
moon_pre_covid_2017_2019,문재인 전기/코로나 이전(2017-2019),분단,0.0009375312693637394
moon_pre_covid_2017_2019,문재인 전기/코로나 이전(2017-2019),분담,0.000751283818859026
moon_pre_covid_2017_2019,문재인 전기/코로나 이전(2017-2019),분담금,0.0011561099024931356
moon_pre_covid_2017_2019,문재인 전기/코로나 이전(2017-2019),분당,0.0008874065145542215
moon_pre_covid_2017_2019,문재인 전기/코로나 이전(2017-2019),분량,0.0008119188055994431
moon_pre_covid_2017_2019,문재인 전기/코로나 이전(2017-2019),분류,0.0019251748935222442
moon_pre_covid_2017_2019,문재인 전기/코로나 이전(2017-2019),분리,0.002277316779402322
moon_pre_covid_2017_2019,문재인 전기/코로나 이전(2017-2019),분배,0.0010201321513181416
moon_pre_covid_2017_2019,문재인 전기/코로나 이전(2017-2019),분산,0.001117010604981289
moon_pre_covid_2017_2019,문재인 전기/코로나 이전(2017-2019),분양가,0.002169539439381696
moon_pre_covid_2017_2019,문재인 전기/코로나 이전(2017-2019),분열,0.0013697302100929899
moon_pre_covid_2017_2019,문재인 전기/코로나 이전(2017-2019),분쟁,0.0019816666646810402
moon_pre_covid_2017_2019,문재인 전기/코로나 이전(2017-2019),분할,0.0007246880059839425
moon_pre_covid_2017_2019,문재인 전기/코로나 이전(2017-2019),불가,0.0008480276764161891
moon_pre_covid_2017_2019,문재인 전기/코로나 이전(2017-2019),불가능,0.0025317566554152186
moon_pre_covid_2017_2019,문재인 전기/코로나 이전(2017-2019),불공정,0.0011220751439685113
moon_pre_covid_2017_2019,문재인 전기/코로나 이전(2017-2019),불교,0.000598782465768558
moon_pre_covid_2017_2019,문재인 전기/코로나 이전(2017-2019),불리,0.0009642413332133232
moon_pre_covid_2017_2019,문재인 전기/코로나 이전(2017-2019),불만,0.002533183186699999
moon_pre_covid_2017_2019,문재인 전기/코로나 이전(2017-2019),불신,0.0012855341555276496
moon_pre_covid_2017_2019,문재인 전기/코로나 이전(2017-2019),불안,0.0026515692304055383
moon_pre_covid_2017_2019,문재인 전기/코로나 이전(2017-2019),불안감,0.0012510417577464347
moon_pre_covid_2017_2019,문재인 전기/코로나 이전(2017-2019),불이익,0.0011020516387998305
moon_pre_covid_2017_2019,문재인 전기/코로나 이전(2017-2019),불참,0.0013105617262205791
moon_pre_covid_2017_2019,문재인 전기/코로나 이전(2017-2019),불투명,0.001018967372512424
moon_pre_covid_2017_2019,문재인 전기/코로나 이전(2017-2019),불평등,0.0012552389155354126
moon_pre_covid_2017_2019,문재인 전기/코로나 이전(2017-2019),불필요,0.0010235168062838736
moon_pre_covid_2017_2019,문재인 전기/코로나 이전(2017-2019),불행,0.0007440555905457919
moon_pre_covid_2017_2019,문재인 전기/코로나 이전(2017-2019),붕괴,0.001378092979715475
moon_pre_covid_2017_2019,문재인 전기/코로나 이전(2017-2019),블랙리스트,0.002748361805513576
moon_pre_covid_2017_2019,문재인 전기/코로나 이전(2017-2019),블로그,0.00071500882532033
moon_pre_covid_2017_2019,문재인 전기/코로나 이전(2017-2019),블록,0.0009627870856235591
moon_pre_covid_2017_2019,문재인 전기/코로나 이전(2017-2019),블록체인,0.001403342590696886
moon_pre_covid_2017_2019,문재인 전기/코로나 이전(2017-2019),비결,0.0009199885583159838
moon_pre_covid_2017_2019,문재인 전기/코로나 이전(2017-2019),비공개,0.0011767541873376828
moon_pre_covid_2017_2019,문재인 전기/코로나 이전(2017-2019),비극,0.0008231707067117272
moon_pre_covid_2017_2019,문재인 전기/코로나 이전(2017-2019),비대,0.0010043420437944534
moon_pre_covid_2017_2019,문재인 전기/코로나 이전(2017-2019),비대면,9.104673597851954e-05
moon_pre_covid_2017_2019,문재인 전기/코로나 이전(2017-2019),비대위,0.0010494956441890765
moon_pre_covid_2017_2019,문재인 전기/코로나 이전(2017-2019),비대위원장,0.000597977345093568
moon_pre_covid_2017_2019,문재인 전기/코로나 이전(2017-2019),비례,0.0023892246007586114
moon_pre_covid_2017_2019,문재인 전기/코로나 이전(2017-2019),비례대표,0.0008353158540653983
moon_pre_covid_2017_2019,문재인 전기/코로나 이전(2017-2019),비밀,0.0017291178993036468
moon_pre_covid_2017_2019,문재인 전기/코로나 이전(2017-2019),비상,0.001931937881745792
moon_pre_covid_2017_2019,문재인 전기/코로나 이전(2017-2019),비위,0.0011895246415311873
moon_pre_covid_2017_2019,문재인 전기/코로나 이전(2017-2019),비유,0.0007260259938149683
moon_pre_covid_2017_2019,문재인 전기/코로나 이전(2017-2019),비자,0.0007328463069211392
moon_pre_covid_2017_2019,문재인 전기/코로나 이전(2017-2019),비전,0.002236014525778989
moon_pre_covid_2017_2019,문재인 전기/코로나 이전(2017-2019),비정규직,0.0021576619690333596
moon_pre_covid_2017_2019,문재인 전기/코로나 이전(2017-2019),비준,0.001454921372327905
moon_pre_covid_2017_2019,문재인 전기/코로나 이전(2017-2019),비즈니스,0.002114587265915643
moon_pre_covid_2017_2019,문재인 전기/코로나 이전(2017-2019),비트코인,0.00074788221218501
moon_pre_covid_2017_2019,문재인 전기/코로나 이전(2017-2019),비판,0.009128041034576134
moon_pre_covid_2017_2019,문재인 전기/코로나 이전(2017-2019),비행,0.0013055534615670726
moon_pre_covid_2017_2019,문재인 전기/코로나 이전(2017-2019),비행기,0.0014234633357542653
moon_pre_covid_2017_2019,문재인 전기/코로나 이전(2017-2019),빈곤,0.00102508164745867
moon_pre_covid_2017_2019,문재인 전기/코로나 이전(2017-2019),빌딩,0.0007984565877398159
moon_pre_covid_2017_2019,문재인 전기/코로나 이전(2017-2019),뿌리,0.0013562843935908395
moon_pre_covid_2017_2019,문재인 전기/코로나 이전(2017-2019),사각지대,0.0010700578225093214
moon_pre_covid_2017_2019,문재인 전기/코로나 이전(2017-2019),사거리,0.0010833925217020057
moon_pre_covid_2017_2019,문재인 전기/코로나 이전(2017-2019),사교육,0.000906060128740138
moon_pre_covid_2017_2019,문재인 전기/코로나 이전(2017-2019),사기,0.0016184381001680458
moon_pre_covid_2017_2019,문재인 전기/코로나 이전(2017-2019),사내,0.0012319355965852619
moon_pre_covid_2017_2019,문재인 전기/코로나 이전(2017-2019),사는,0.0007938297052715854
moon_pre_covid_2017_2019,문재인 전기/코로나 이전(2017-2019),사단,0.0007219292115262765
moon_pre_covid_2017_2019,문재인 전기/코로나 이전(2017-2019),사람이,0.0008493159887954442
moon_pre_covid_2017_2019,문재인 전기/코로나 이전(2017-2019),사령관,0.001547776347176242
moon_pre_covid_2017_2019,문재인 전기/코로나 이전(2017-2019),사령부,0.001118201251823563
moon_pre_covid_2017_2019,문재인 전기/코로나 이전(2017-2019),사면,0.0005189711975352898
moon_pre_covid_2017_2019,문재인 전기/코로나 이전(2017-2019),사무,0.001024554451182727
moon_pre_covid_2017_2019,문재인 전기/코로나 이전(2017-2019),사무관,0.0012656554233479488
moon_pre_covid_2017_2019,문재인 전기/코로나 이전(2017-2019),사무국장,0.0008741354114110764
moon_pre_covid_2017_2019,문재인 전기/코로나 이전(2017-2019),사무소,0.0014678273184692671
moon_pre_covid_2017_2019,문재인 전기/코로나 이전(2017-2019),사무처장,0.0007591675418288945
moon_pre_covid_2017_2019,문재인 전기/코로나 이전(2017-2019),사물인터넷,0.0011592706282185403
moon_pre_covid_2017_2019,문재인 전기/코로나 이전(2017-2019),사법부,0.00273436930225373
moon_pre_covid_2017_2019,문재인 전기/코로나 이전(2017-2019),사생활,0.0007285770571037643
moon_pre_covid_2017_2019,문재인 전기/코로나 이전(2017-2019),사설,0.0017675640432871901
moon_pre_covid_2017_2019,문재인 전기/코로나 이전(2017-2019),사실관계,0.000768692193996139
moon_pre_covid_2017_2019,문재인 전기/코로나 이전(2017-2019),사실상,0.002777423842129312
moon_pre_covid_2017_2019,문재인 전기/코로나 이전(2017-2019),사업부,0.0009891930289837878
moon_pre_covid_2017_2019,문재인 전기/코로나 이전(2017-2019),사업비,0.0012108904556848083
moon_pre_covid_2017_2019,문재인 전기/코로나 이전(2017-2019),사업장,0.0021537763530802886
moon_pre_covid_2017_2019,문재인 전기/코로나 이전(2017-2019),사업주,0.0007157097431344609
moon_pre_covid_2017_2019,문재인 전기/코로나 이전(2017-2019),사연,0.0008822158882753416
moon_pre_covid_2017_2019,문재인 전기/코로나 이전(2017-2019),사우디,0.001353835636888515
moon_pre_covid_2017_2019,문재인 전기/코로나 이전(2017-2019),사원,0.001034774359997577
moon_pre_covid_2017_2019,문재인 전기/코로나 이전(2017-2019),사유,0.0017489172971801887
moon_pre_covid_2017_2019,문재인 전기/코로나 이전(2017-2019),사의,0.000821283473803112
moon_pre_covid_2017_2019,문재인 전기/코로나 이전(2017-2019),사이버,0.0014215601137508491
moon_pre_covid_2017_2019,문재인 전기/코로나 이전(2017-2019),사이트,0.0021049271634785848
moon_pre_covid_2017_2019,문재인 전기/코로나 이전(2017-2019),사임,0.0009730874679546778
moon_pre_covid_2017_2019,문재인 전기/코로나 이전(2017-2019),사적,0.0005947810637233431
moon_pre_covid_2017_2019,문재인 전기/코로나 이전(2017-2019),사죄,0.00073442084631303
moon_pre_covid_2017_2019,문재인 전기/코로나 이전(2017-2019),사찰,0.0019356975767589903
moon_pre_covid_2017_2019,문재인 전기/코로나 이전(2017-2019),사표,0.0008849583107930539
moon_pre_covid_2017_2019,문재인 전기/코로나 이전(2017-2019),사형,0.0006052473893896506
moon_pre_covid_2017_2019,문재인 전기/코로나 이전(2017-2019),사회주의,0.0010925075931831865
moon_pre_covid_2017_2019,문재인 전기/코로나 이전(2017-2019),사후,0.0009263958563195571
moon_pre_covid_2017_2019,문재인 전기/코로나 이전(2017-2019),사흘,0.0013182018293876015
moon_pre_covid_2017_2019,문재인 전기/코로나 이전(2017-2019),삭감,0.00092267241868315
moon_pre_covid_2017_2019,문재인 전기/코로나 이전(2017-2019),삭제,0.0014604897563398965
moon_pre_covid_2017_2019,문재인 전기/코로나 이전(2017-2019),산림,0.0007962035559079407
moon_pre_covid_2017_2019,문재인 전기/코로나 이전(2017-2019),산업,0.012223357226628902
moon_pre_covid_2017_2019,문재인 전기/코로나 이전(2017-2019),산업부,0.0015635393454707315
moon_pre_covid_2017_2019,문재인 전기/코로나 이전(2017-2019),산업은행,0.0007895747245137886
moon_pre_covid_2017_2019,문재인 전기/코로나 이전(2017-2019),산업통상자원부,0.00148537185186651
moon_pre_covid_2017_2019,문재인 전기/코로나 이전(2017-2019),산재,0.0007084233806086718
moon_pre_covid_2017_2019,문재인 전기/코로나 이전(2017-2019),산정,0.0011608570075234597
moon_pre_covid_2017_2019,문재인 전기/코로나 이전(2017-2019),산하,0.0029353526045556057
moon_pre_covid_2017_2019,문재인 전기/코로나 이전(2017-2019),산학,0.0008648617284429211
moon_pre_covid_2017_2019,문재인 전기/코로나 이전(2017-2019),살인,0.0014628122900484225
moon_pre_covid_2017_2019,문재인 전기/코로나 이전(2017-2019),살해,0.0011681366278616164
moon_pre_covid_2017_2019,문재인 전기/코로나 이전(2017-2019),삼성물산,0.0014147636365068122
moon_pre_covid_2017_2019,문재인 전기/코로나 이전(2017-2019),상가,0.0017114413065291165
moon_pre_covid_2017_2019,문재인 전기/코로나 이전(2017-2019),상관,0.0006222321212767632
moon_pre_covid_2017_2019,문재인 전기/코로나 이전(2017-2019),상권,0.0009820235502274396
moon_pre_covid_2017_2019,문재인 전기/코로나 이전(2017-2019),상금,0.0009661331703992086
moon_pre_covid_2017_2019,문재인 전기/코로나 이전(2017-2019),상담,0.0024213479655401642
moon_pre_covid_2017_2019,문재인 전기/코로나 이전(2017-2019),상대로,0.0008650530079238217
moon_pre_covid_2017_2019,문재인 전기/코로나 이전(2017-2019),상대방,0.0011541397271811107
moon_pre_covid_2017_2019,문재인 전기/코로나 이전(2017-2019),상대적,0.0023001661251116795
moon_pre_covid_2017_2019,문재인 전기/코로나 이전(2017-2019),상무,0.002251873346630008
moon_pre_covid_2017_2019,문재인 전기/코로나 이전(2017-2019),상봉,0.0008740321312266764
moon_pre_covid_2017_2019,문재인 전기/코로나 이전(2017-2019),상사,0.0008534702235430638
moon_pre_covid_2017_2019,문재인 전기/코로나 이전(2017-2019),상상,0.0016216647168963247
moon_pre_covid_2017_2019,문재인 전기/코로나 이전(2017-2019),상상력,0.0008294251035213708
moon_pre_covid_2017_2019,문재인 전기/코로나 이전(2017-2019),상생,0.0021931265141641306
moon_pre_covid_2017_2019,문재인 전기/코로나 이전(2017-2019),상속,0.0007814897865995667
moon_pre_covid_2017_2019,문재인 전기/코로나 이전(2017-2019),상승세,0.0012473207629918556
moon_pre_covid_2017_2019,문재인 전기/코로나 이전(2017-2019),상시,0.0008271701720263187
moon_pre_covid_2017_2019,문재인 전기/코로나 이전(2017-2019),상식,0.0009986028282782133
moon_pre_covid_2017_2019,문재인 전기/코로나 이전(2017-2019),상실,0.0009520571415430053
moon_pre_covid_2017_2019,문재인 전기/코로나 이전(2017-2019),상업,0.0010614427374141964
moon_pre_covid_2017_2019,문재인 전기/코로나 이전(2017-2019),상영,0.0008822892168791429
moon_pre_covid_2017_2019,문재인 전기/코로나 이전(2017-2019),상용화,0.0014221068448390152
moon_pre_covid_2017_2019,문재인 전기/코로나 이전(2017-2019),상원,0.0016926070977965255
moon_pre_covid_2017_2019,문재인 전기/코로나 이전(2017-2019),상위,0.002397410441790633
moon_pre_covid_2017_2019,문재인 전기/코로나 이전(2017-2019),상임,0.0016279304600043554
moon_pre_covid_2017_2019,문재인 전기/코로나 이전(2017-2019),상임위,0.0013026975167454698
moon_pre_covid_2017_2019,문재인 전기/코로나 이전(2017-2019),상정,0.0011031899257068656
moon_pre_covid_2017_2019,문재인 전기/코로나 이전(2017-2019),상징,0.002383400290580714
moon_pre_covid_2017_2019,문재인 전기/코로나 이전(2017-2019),상처,0.0017319719196685398
moon_pre_covid_2017_2019,문재인 전기/코로나 이전(2017-2019),상품권,0.0007259129575922906
moon_pre_covid_2017_2019,문재인 전기/코로나 이전(2017-2019),상하이,0.001254340088245013
moon_pre_covid_2017_2019,문재인 전기/코로나 이전(2017-2019),상한,0.0008385359935632847
moon_pre_covid_2017_2019,문재인 전기/코로나 이전(2017-2019),상향,0.0010388110824891962
moon_pre_covid_2017_2019,문재인 전기/코로나 이전(2017-2019),상호,0.0017213124404144608
moon_pre_covid_2017_2019,문재인 전기/코로나 이전(2017-2019),상환,0.0008926077639307514
moon_pre_covid_2017_2019,문재인 전기/코로나 이전(2017-2019),새로운,0.002257618634885775
moon_pre_covid_2017_2019,문재인 전기/코로나 이전(2017-2019),새해,0.001749731271916912
moon_pre_covid_2017_2019,문재인 전기/코로나 이전(2017-2019),색깔,0.0008075150787487424
moon_pre_covid_2017_2019,문재인 전기/코로나 이전(2017-2019),샌더스,0.0006860391892090045
moon_pre_covid_2017_2019,문재인 전기/코로나 이전(2017-2019),생계,0.0009266179897751547
moon_pre_covid_2017_2019,문재인 전기/코로나 이전(2017-2019),생산량,0.0008823390426937894
moon_pre_covid_2017_2019,문재인 전기/코로나 이전(2017-2019),생산성,0.0010879448976776319
moon_pre_covid_2017_2019,문재인 전기/코로나 이전(2017-2019),생애,0.0007482429257510275
moon_pre_covid_2017_2019,문재인 전기/코로나 이전(2017-2019),생존,0.0016651172424717278
moon_pre_covid_2017_2019,문재인 전기/코로나 이전(2017-2019),생태,0.002107251047558768
moon_pre_covid_2017_2019,문재인 전기/코로나 이전(2017-2019),생태계,0.0011056616090798985
moon_pre_covid_2017_2019,문재인 전기/코로나 이전(2017-2019),생활비,0.0007125298993787848
moon_pre_covid_2017_2019,문재인 전기/코로나 이전(2017-2019),서구,0.001000526490271986
moon_pre_covid_2017_2019,문재인 전기/코로나 이전(2017-2019),서로,0.002023584492780114
moon_pre_covid_2017_2019,문재인 전기/코로나 이전(2017-2019),서류,0.0020583377415992147
moon_pre_covid_2017_2019,문재인 전기/코로나 이전(2017-2019),서면,0.0009321232986305655
moon_pre_covid_2017_2019,문재인 전기/코로나 이전(2017-2019),서명,0.001740067731586608
moon_pre_covid_2017_2019,문재인 전기/코로나 이전(2017-2019),서민,0.0013037538662715486
moon_pre_covid_2017_2019,문재인 전기/코로나 이전(2017-2019),서방,0.0004269430815610033
moon_pre_covid_2017_2019,문재인 전기/코로나 이전(2017-2019),서부,0.0008814517899284936
moon_pre_covid_2017_2019,문재인 전기/코로나 이전(2017-2019),서비스업,0.0007070119357402151
moon_pre_covid_2017_2019,문재인 전기/코로나 이전(2017-2019),서울시교육청,0.0010360300442965684
moon_pre_covid_2017_2019,문재인 전기/코로나 이전(2017-2019),서울시장,0.0010454136861425298
moon_pre_covid_2017_2019,문재인 전기/코로나 이전(2017-2019),서울중앙지검,0.001858574896935419
moon_pre_covid_2017_2019,문재인 전기/코로나 이전(2017-2019),서울중앙지법,0.0015983509226824857
moon_pre_covid_2017_2019,문재인 전기/코로나 이전(2017-2019),서초구,0.0010516451932563392
moon_pre_covid_2017_2019,문재인 전기/코로나 이전(2017-2019),서해,0.0009988265519183383
moon_pre_covid_2017_2019,문재인 전기/코로나 이전(2017-2019),석방,0.0012597712754896491
moon_pre_covid_2017_2019,문재인 전기/코로나 이전(2017-2019),석유,0.0010343149723005885
moon_pre_covid_2017_2019,문재인 전기/코로나 이전(2017-2019),석탄,0.0010209517463508802
moon_pre_covid_2017_2019,문재인 전기/코로나 이전(2017-2019),선거법,0.0026643838874717894
moon_pre_covid_2017_2019,문재인 전기/코로나 이전(2017-2019),선거운동,0.0005810578184906347
moon_pre_covid_2017_2019,문재인 전기/코로나 이전(2017-2019),선관위,0.0008029948984790109
moon_pre_covid_2017_2019,문재인 전기/코로나 이전(2017-2019),선대,0.00030503176525866914
moon_pre_covid_2017_2019,문재인 전기/코로나 이전(2017-2019),선도,0.001967298184001038
moon_pre_covid_2017_2019,문재인 전기/코로나 이전(2017-2019),선두,0.0009386993459079272
moon_pre_covid_2017_2019,문재인 전기/코로나 이전(2017-2019),선물,0.0023711880887131585
moon_pre_covid_2017_2019,문재인 전기/코로나 이전(2017-2019),선박,0.0015649906047784173
moon_pre_covid_2017_2019,문재인 전기/코로나 이전(2017-2019),선배,0.0013783876741781918
moon_pre_covid_2017_2019,문재인 전기/코로나 이전(2017-2019),선별,0.0005695675582866715
moon_pre_covid_2017_2019,문재인 전기/코로나 이전(2017-2019),선사,0.000833089063042401
moon_pre_covid_2017_2019,문재인 전기/코로나 이전(2017-2019),선생,0.0022227112674620695
moon_pre_covid_2017_2019,문재인 전기/코로나 이전(2017-2019),선생님,0.00134322056594977
moon_pre_covid_2017_2019,문재인 전기/코로나 이전(2017-2019),선수단,0.0013773409693161364
moon_pre_covid_2017_2019,문재인 전기/코로나 이전(2017-2019),선전,0.0014857500330054737
moon_pre_covid_2017_2019,문재인 전기/코로나 이전(2017-2019),선제적,0.0008283512859058369
moon_pre_covid_2017_2019,문재인 전기/코로나 이전(2017-2019),선진,0.0007098842950627835
moon_pre_covid_2017_2019,문재인 전기/코로나 이전(2017-2019),선진국,0.0018507324844961384
moon_pre_covid_2017_2019,문재인 전기/코로나 이전(2017-2019),선포,0.001090928366807096
moon_pre_covid_2017_2019,문재인 전기/코로나 이전(2017-2019),선호,0.0016700147452056147
moon_pre_covid_2017_2019,문재인 전기/코로나 이전(2017-2019),선호도,0.0008765867990560701
moon_pre_covid_2017_2019,문재인 전기/코로나 이전(2017-2019),설득,0.0022341781601960117
moon_pre_covid_2017_2019,문재인 전기/코로나 이전(2017-2019),설명회,0.0014191654796933775
moon_pre_covid_2017_2019,문재인 전기/코로나 이전(2017-2019),설문,0.0011152430502351456
moon_pre_covid_2017_2019,문재인 전기/코로나 이전(2017-2019),설문조사,0.0009757777434617822
moon_pre_covid_2017_2019,문재인 전기/코로나 이전(2017-2019),설비,0.0017401582762590437
moon_pre_covid_2017_2019,문재인 전기/코로나 이전(2017-2019),설정,0.0020052587185840094
moon_pre_covid_2017_2019,문재인 전기/코로나 이전(2017-2019),섭취,0.0009363859468052787
moon_pre_covid_2017_2019,문재인 전기/코로나 이전(2017-2019),성격,0.0021583344933628606
moon_pre_covid_2017_2019,문재인 전기/코로나 이전(2017-2019),성공적,0.0020803361178916777
moon_pre_covid_2017_2019,문재인 전기/코로나 이전(2017-2019),성과,0.010338390318943833
moon_pre_covid_2017_2019,문재인 전기/코로나 이전(2017-2019),성과급,0.0006466377593678309
moon_pre_covid_2017_2019,문재인 전기/코로나 이전(2017-2019),성과를,0.0013437001825803187
moon_pre_covid_2017_2019,문재인 전기/코로나 이전(2017-2019),성균관대,0.0011650523458687837
moon_pre_covid_2017_2019,문재인 전기/코로나 이전(2017-2019),성남,0.0012582386603620962
moon_pre_covid_2017_2019,문재인 전기/코로나 이전(2017-2019),성남시,0.0010610574505761142
moon_pre_covid_2017_2019,문재인 전기/코로나 이전(2017-2019),성능,0.002280099254179764
moon_pre_covid_2017_2019,문재인 전기/코로나 이전(2017-2019),성립,0.0005993915980458498
moon_pre_covid_2017_2019,문재인 전기/코로나 이전(2017-2019),성매매,0.0009336878301997468
moon_pre_covid_2017_2019,문재인 전기/코로나 이전(2017-2019),성명,0.002412459778705363
moon_pre_covid_2017_2019,문재인 전기/코로나 이전(2017-2019),성범죄,0.00158817055954329
moon_pre_covid_2017_2019,문재인 전기/코로나 이전(2017-2019),성별,0.0008486326422184657
moon_pre_covid_2017_2019,문재인 전기/코로나 이전(2017-2019),성분,0.0014325877229186743
moon_pre_covid_2017_2019,문재인 전기/코로나 이전(2017-2019),성사,0.0017451608014059825
moon_pre_covid_2017_2019,문재인 전기/코로나 이전(2017-2019),성실,0.0008814502947407454
moon_pre_covid_2017_2019,문재인 전기/코로나 이전(2017-2019),성인,0.0016704941550989764
moon_pre_covid_2017_2019,문재인 전기/코로나 이전(2017-2019),성장,0.011305422820357897
moon_pre_covid_2017_2019,문재인 전기/코로나 이전(2017-2019),성장률,0.0013555516130059906
moon_pre_covid_2017_2019,문재인 전기/코로나 이전(2017-2019),성장세,0.0012665784099585473
moon_pre_covid_2017_2019,문재인 전기/코로나 이전(2017-2019),성찰,0.0009183938469273025
moon_pre_covid_2017_2019,문재인 전기/코로나 이전(2017-2019),성취,0.000812623540304452
moon_pre_covid_2017_2019,문재인 전기/코로나 이전(2017-2019),성폭행,0.001751944028079634
moon_pre_covid_2017_2019,문재인 전기/코로나 이전(2017-2019),성향,0.002475732462072197
moon_pre_covid_2017_2019,문재인 전기/코로나 이전(2017-2019),세금,0.003552435270477936
moon_pre_covid_2017_2019,문재인 전기/코로나 이전(2017-2019),세미나,0.0010791179992613587
moon_pre_covid_2017_2019,문재인 전기/코로나 이전(2017-2019),세수,0.0006851366007127354
moon_pre_covid_2017_2019,문재인 전기/코로나 이전(2017-2019),세율,0.0006626396531201643
moon_pre_covid_2017_2019,문재인 전기/코로나 이전(2017-2019),세입자,0.0005401371643184333
moon_pre_covid_2017_2019,문재인 전기/코로나 이전(2017-2019),세제,0.0011168777717985698
moon_pre_covid_2017_2019,문재인 전기/코로나 이전(2017-2019),세종,0.0017076442953238308
moon_pre_covid_2017_2019,문재인 전기/코로나 이전(2017-2019),세종시,0.0014577916763600836
moon_pre_covid_2017_2019,문재인 전기/코로나 이전(2017-2019),세트,0.0009166687706729158
moon_pre_covid_2017_2019,문재인 전기/코로나 이전(2017-2019),세포,0.0014456915463631284
moon_pre_covid_2017_2019,문재인 전기/코로나 이전(2017-2019),센서,0.0008672588642587554
moon_pre_covid_2017_2019,문재인 전기/코로나 이전(2017-2019),센터장,0.0026699915956035873
moon_pre_covid_2017_2019,문재인 전기/코로나 이전(2017-2019),소감,0.0011768203669206036
moon_pre_covid_2017_2019,문재인 전기/코로나 이전(2017-2019),소극적,0.0008064869608341241
moon_pre_covid_2017_2019,문재인 전기/코로나 이전(2017-2019),소녀,0.0009501511809124854
moon_pre_covid_2017_2019,문재인 전기/코로나 이전(2017-2019),소년,0.0009164276469966602
moon_pre_covid_2017_2019,문재인 전기/코로나 이전(2017-2019),소득세,0.0008504565933205018
moon_pre_covid_2017_2019,문재인 전기/코로나 이전(2017-2019),소련,0.0010664119269782658
moon_pre_covid_2017_2019,문재인 전기/코로나 이전(2017-2019),소명,0.0009691593704099238
moon_pre_covid_2017_2019,문재인 전기/코로나 이전(2017-2019),소문,0.0007571528346243169
moon_pre_covid_2017_2019,문재인 전기/코로나 이전(2017-2019),소방,0.0015110269195521707
moon_pre_covid_2017_2019,문재인 전기/코로나 이전(2017-2019),소방관,0.0012446735553697684
moon_pre_covid_2017_2019,문재인 전기/코로나 이전(2017-2019),소비자들,0.0020053668560983313
moon_pre_covid_2017_2019,문재인 전기/코로나 이전(2017-2019),소상공인,0.002249523985487339
moon_pre_covid_2017_2019,문재인 전기/코로나 이전(2017-2019),소설가,0.0009800679583173288
moon_pre_covid_2017_2019,문재인 전기/코로나 이전(2017-2019),소셜,0.001472840400980445
moon_pre_covid_2017_2019,문재인 전기/코로나 이전(2017-2019),소셜미디어,0.00109215942819738
moon_pre_covid_2017_2019,문재인 전기/코로나 이전(2017-2019),소속사,0.000829048670339954
moon_pre_covid_2017_2019,문재인 전기/코로나 이전(2017-2019),소수,0.0011283596232920822
moon_pre_covid_2017_2019,문재인 전기/코로나 이전(2017-2019),소식통,0.00141104547866944
moon_pre_covid_2017_2019,문재인 전기/코로나 이전(2017-2019),소신,0.0008783331151064914
moon_pre_covid_2017_2019,문재인 전기/코로나 이전(2017-2019),소외,0.0009837494138314976
moon_pre_covid_2017_2019,문재인 전기/코로나 이전(2017-2019),소요,0.0009062796824207218
moon_pre_covid_2017_2019,문재인 전기/코로나 이전(2017-2019),소유,0.0016442635442028342
moon_pre_covid_2017_2019,문재인 전기/코로나 이전(2017-2019),소음,0.0009493852550872837
moon_pre_covid_2017_2019,문재인 전기/코로나 이전(2017-2019),소지,0.000988151107737105
moon_pre_covid_2017_2019,문재인 전기/코로나 이전(2017-2019),소집,0.0012369765283947788
moon_pre_covid_2017_2019,문재인 전기/코로나 이전(2017-2019),소통,0.004975947168463644
moon_pre_covid_2017_2019,문재인 전기/코로나 이전(2017-2019),소폭,0.0008836286692053549
moon_pre_covid_2017_2019,문재인 전기/코로나 이전(2017-2019),소프트웨어,0.001658150274300262
moon_pre_covid_2017_2019,문재인 전기/코로나 이전(2017-2019),소형,0.0013661038236010142
moon_pre_covid_2017_2019,문재인 전기/코로나 이전(2017-2019),소화,0.001001287125802422
moon_pre_covid_2017_2019,문재인 전기/코로나 이전(2017-2019),소환,0.0020021271873737166
moon_pre_covid_2017_2019,문재인 전기/코로나 이전(2017-2019),손님,0.0011537583908017316
moon_pre_covid_2017_2019,문재인 전기/코로나 이전(2017-2019),손상,0.0010855061134645051
moon_pre_covid_2017_2019,문재인 전기/코로나 이전(2017-2019),손실,0.0016425230437078552
moon_pre_covid_2017_2019,문재인 전기/코로나 이전(2017-2019),손학규,0.002155403338083215
moon_pre_covid_2017_2019,문재인 전기/코로나 이전(2017-2019),손해,0.0019576301868756917
moon_pre_covid_2017_2019,문재인 전기/코로나 이전(2017-2019),솔루션,0.0015932835088497564
moon_pre_covid_2017_2019,문재인 전기/코로나 이전(2017-2019),송파구,0.0008991332025514256
moon_pre_covid_2017_2019,문재인 전기/코로나 이전(2017-2019),쇄신,0.0018150745510711556
moon_pre_covid_2017_2019,문재인 전기/코로나 이전(2017-2019),쇼핑,0.0014605548422587417
moon_pre_covid_2017_2019,문재인 전기/코로나 이전(2017-2019),쇼핑몰,0.0013463679839893332
moon_pre_covid_2017_2019,문재인 전기/코로나 이전(2017-2019),수급,0.0010927745953847325
moon_pre_covid_2017_2019,문재인 전기/코로나 이전(2017-2019),수급자,0.0008868064201278004
moon_pre_covid_2017_2019,문재인 전기/코로나 이전(2017-2019),수년,0.0011935894386027105
moon_pre_covid_2017_2019,문재인 전기/코로나 이전(2017-2019),수단,0.0022644907956419686
moon_pre_covid_2017_2019,문재인 전기/코로나 이전(2017-2019),수당,0.0017824288528311288
moon_pre_covid_2017_2019,문재인 전기/코로나 이전(2017-2019),수렴,0.0015029442682119977
moon_pre_covid_2017_2019,문재인 전기/코로나 이전(2017-2019),수령,0.0006337016996425131
moon_pre_covid_2017_2019,문재인 전기/코로나 이전(2017-2019),수리,0.0009320229538178365
moon_pre_covid_2017_2019,문재인 전기/코로나 이전(2017-2019),수립,0.0026978067126159533
moon_pre_covid_2017_2019,문재인 전기/코로나 이전(2017-2019),수면,0.0008093868470513669
moon_pre_covid_2017_2019,문재인 전기/코로나 이전(2017-2019),수명,0.0007055330307105911
moon_pre_covid_2017_2019,문재인 전기/코로나 이전(2017-2019),수비,0.0012221984964598657
moon_pre_covid_2017_2019,문재인 전기/코로나 이전(2017-2019),수사관,0.0016200928178678796
moon_pre_covid_2017_2019,문재인 전기/코로나 이전(2017-2019),수사권,0.0014195287151377337
moon_pre_covid_2017_2019,문재인 전기/코로나 이전(2017-2019),수사기관,0.0007138757400677557
moon_pre_covid_2017_2019,문재인 전기/코로나 이전(2017-2019),수사팀,0.0004815290028702694
moon_pre_covid_2017_2019,문재인 전기/코로나 이전(2017-2019),수산,0.0007024433588418202
moon_pre_covid_2017_2019,문재인 전기/코로나 이전(2017-2019),수상자,0.002040729730878994
moon_pre_covid_2017_2019,문재인 전기/코로나 이전(2017-2019),수색,0.0019074169848043896
moon_pre_covid_2017_2019,문재인 전기/코로나 이전(2017-2019),수소,0.0010497519198574346
moon_pre_covid_2017_2019,문재인 전기/코로나 이전(2017-2019),수수,0.0008940351997089662
moon_pre_covid_2017_2019,문재인 전기/코로나 이전(2017-2019),수수료,0.0022380088946164695
moon_pre_covid_2017_2019,문재인 전기/코로나 이전(2017-2019),수습,0.0009600553597489079
moon_pre_covid_2017_2019,문재인 전기/코로나 이전(2017-2019),수시,0.0014921579612850921
moon_pre_covid_2017_2019,문재인 전기/코로나 이전(2017-2019),수여,0.0011520452457379371
moon_pre_covid_2017_2019,문재인 전기/코로나 이전(2017-2019),수요일,0.0006979719294124685
moon_pre_covid_2017_2019,문재인 전기/코로나 이전(2017-2019),수용,0.002883156804747174
moon_pre_covid_2017_2019,문재인 전기/코로나 이전(2017-2019),수원,0.0014566638205060886
moon_pre_covid_2017_2019,문재인 전기/코로나 이전(2017-2019),수위,0.0015682044987943068
moon_pre_covid_2017_2019,문재인 전기/코로나 이전(2017-2019),수익률,0.0013269139235542976
moon_pre_covid_2017_2019,문재인 전기/코로나 이전(2017-2019),수익성,0.0008884182608905639
moon_pre_covid_2017_2019,문재인 전기/코로나 이전(2017-2019),수장,0.0012889500130881314
moon_pre_covid_2017_2019,문재인 전기/코로나 이전(2017-2019),수정,0.0018481694402109649
moon_pre_covid_2017_2019,문재인 전기/코로나 이전(2017-2019),수주,0.0014290692600040593
moon_pre_covid_2017_2019,문재인 전기/코로나 이전(2017-2019),수집,0.0016939801213993121
moon_pre_covid_2017_2019,문재인 전기/코로나 이전(2017-2019),수차례,0.0012746396503039515
moon_pre_covid_2017_2019,문재인 전기/코로나 이전(2017-2019),수치,0.002087251463452541
moon_pre_covid_2017_2019,문재인 전기/코로나 이전(2017-2019),수험생,0.0014014663856586188
moon_pre_covid_2017_2019,문재인 전기/코로나 이전(2017-2019),숙소,0.0009324378131511979
moon_pre_covid_2017_2019,문재인 전기/코로나 이전(2017-2019),순방,0.0015419852200442346
moon_pre_covid_2017_2019,문재인 전기/코로나 이전(2017-2019),순서,0.0009289472840313932
moon_pre_covid_2017_2019,문재인 전기/코로나 이전(2017-2019),순수,0.0009283210095111975
moon_pre_covid_2017_2019,문재인 전기/코로나 이전(2017-2019),순환,0.0008725486371568525
moon_pre_covid_2017_2019,문재인 전기/코로나 이전(2017-2019),숫자,0.0018322486070877818
moon_pre_covid_2017_2019,문재인 전기/코로나 이전(2017-2019),슈퍼,0.0008517109766562148
moon_pre_covid_2017_2019,문재인 전기/코로나 이전(2017-2019),스님,0.0006111940960375198
moon_pre_covid_2017_2019,문재인 전기/코로나 이전(2017-2019),스스로,0.0018281639149947528
moon_pre_covid_2017_2019,문재인 전기/코로나 이전(2017-2019),스웨덴,0.0025077688013201
moon_pre_covid_2017_2019,문재인 전기/코로나 이전(2017-2019),스위스,0.0018937555508961761
moon_pre_covid_2017_2019,문재인 전기/코로나 이전(2017-2019),스크린,0.0011758548172682596
moon_pre_covid_2017_2019,문재인 전기/코로나 이전(2017-2019),스타일,0.0020771426573667185
moon_pre_covid_2017_2019,문재인 전기/코로나 이전(2017-2019),스토리,0.0010364970470474973
moon_pre_covid_2017_2019,문재인 전기/코로나 이전(2017-2019),스튜디오,0.0009278622747374811
moon_pre_covid_2017_2019,문재인 전기/코로나 이전(2017-2019),스트레스,0.0012571303081996793
moon_pre_covid_2017_2019,문재인 전기/코로나 이전(2017-2019),스티븐,0.0017097328981306675
moon_pre_covid_2017_2019,문재인 전기/코로나 이전(2017-2019),스페인,0.0024998115170583326
moon_pre_covid_2017_2019,문재인 전기/코로나 이전(2017-2019),스펙,0.0008380401299372005
moon_pre_covid_2017_2019,문재인 전기/코로나 이전(2017-2019),습관,0.0006332200122374972
moon_pre_covid_2017_2019,문재인 전기/코로나 이전(2017-2019),승객,0.0010138262654628848
moon_pre_covid_2017_2019,문재인 전기/코로나 이전(2017-2019),승계,0.001014147698246081
moon_pre_covid_2017_2019,문재인 전기/코로나 이전(2017-2019),승부,0.0010162482549697853
moon_pre_covid_2017_2019,문재인 전기/코로나 이전(2017-2019),승용차,0.001255544463666262
moon_pre_covid_2017_2019,문재인 전기/코로나 이전(2017-2019),승진,0.003816463609045563
moon_pre_covid_2017_2019,문재인 전기/코로나 이전(2017-2019),시가,0.0007419420829124822
moon_pre_covid_2017_2019,문재인 전기/코로나 이전(2017-2019),시공,0.001062805630243469
moon_pre_covid_2017_2019,문재인 전기/코로나 이전(2017-2019),시나리오,0.0012012384649645821
moon_pre_covid_2017_2019,문재인 전기/코로나 이전(2017-2019),시내,0.0013270252125319973
moon_pre_covid_2017_2019,문재인 전기/코로나 이전(2017-2019),시너지,0.0009532485657499763
moon_pre_covid_2017_2019,문재인 전기/코로나 이전(2017-2019),시민단체,0.0016057542319434398
moon_pre_covid_2017_2019,문재인 전기/코로나 이전(2017-2019),시민사회,0.000684993640917271
moon_pre_covid_2017_2019,문재인 전기/코로나 이전(2017-2019),시범,0.0018365866841677382
moon_pre_covid_2017_2019,문재인 전기/코로나 이전(2017-2019),시비,0.0007661933538291408
moon_pre_covid_2017_2019,문재인 전기/코로나 이전(2017-2019),시사,0.0020977868101162618
moon_pre_covid_2017_2019,문재인 전기/코로나 이전(2017-2019),시상식,0.0020750191864330686
moon_pre_covid_2017_2019,문재인 전기/코로나 이전(2017-2019),시선,0.0019403996106265415
moon_pre_covid_2017_2019,문재인 전기/코로나 이전(2017-2019),시세,0.0013873525191267697
moon_pre_covid_2017_2019,문재인 전기/코로나 이전(2017-2019),시속,0.0009115835076902005
moon_pre_covid_2017_2019,문재인 전기/코로나 이전(2017-2019),시술,0.0008280834241296799
moon_pre_covid_2017_2019,문재인 전기/코로나 이전(2017-2019),시신,0.000960931915861029
moon_pre_covid_2017_2019,문재인 전기/코로나 이전(2017-2019),시위대,0.001472573587120014
moon_pre_covid_2017_2019,문재인 전기/코로나 이전(2017-2019),시인,0.0017100349349983839
moon_pre_covid_2017_2019,문재인 전기/코로나 이전(2017-2019),시일,0.0010053773603047693
moon_pre_covid_2017_2019,문재인 전기/코로나 이전(2017-2019),시정,0.001375437857481133
moon_pre_covid_2017_2019,문재인 전기/코로나 이전(2017-2019),시중,0.0009082003694948295
moon_pre_covid_2017_2019,문재인 전기/코로나 이전(2017-2019),시청,0.0015940188131981646
moon_pre_covid_2017_2019,문재인 전기/코로나 이전(2017-2019),시청자,0.0013908412184426072
moon_pre_covid_2017_2019,문재인 전기/코로나 이전(2017-2019),시청자들,0.0008031261867167075
moon_pre_covid_2017_2019,문재인 전기/코로나 이전(2017-2019),시한,0.0012380297081223202
moon_pre_covid_2017_2019,문재인 전기/코로나 이전(2017-2019),식당,0.0018222652661535063
moon_pre_covid_2017_2019,문재인 전기/코로나 이전(2017-2019),식량,0.0009437258295508118
moon_pre_covid_2017_2019,문재인 전기/코로나 이전(2017-2019),식물,0.0008331224353648016
moon_pre_covid_2017_2019,문재인 전기/코로나 이전(2017-2019),식민지,0.0007254589432045375
moon_pre_covid_2017_2019,문재인 전기/코로나 이전(2017-2019),식사,0.0015327739329023032
moon_pre_covid_2017_2019,문재인 전기/코로나 이전(2017-2019),식약처,0.0013403720225839972
moon_pre_covid_2017_2019,문재인 전기/코로나 이전(2017-2019),식품,0.002371883029432257
moon_pre_covid_2017_2019,문재인 전기/코로나 이전(2017-2019),신경,0.001914969840662283
moon_pre_covid_2017_2019,문재인 전기/코로나 이전(2017-2019),신경전,0.000635281027978397
moon_pre_covid_2017_2019,문재인 전기/코로나 이전(2017-2019),신기술,0.0010432521434996045
moon_pre_covid_2017_2019,문재인 전기/코로나 이전(2017-2019),신년,0.0008795893467405516
moon_pre_covid_2017_2019,문재인 전기/코로나 이전(2017-2019),신년사,0.00181164171744866
moon_pre_covid_2017_2019,문재인 전기/코로나 이전(2017-2019),신념,0.0007317588960015266
moon_pre_covid_2017_2019,문재인 전기/코로나 이전(2017-2019),신도시,0.000796694368934741
moon_pre_covid_2017_2019,문재인 전기/코로나 이전(2017-2019),신뢰,0.004836467899111501
moon_pre_covid_2017_2019,문재인 전기/코로나 이전(2017-2019),신뢰도,0.0008647082267448491
moon_pre_covid_2017_2019,문재인 전기/코로나 이전(2017-2019),신부,0.0006033564731279874
moon_pre_covid_2017_2019,문재인 전기/코로나 이전(2017-2019),신분,0.0015990961722491274
moon_pre_covid_2017_2019,문재인 전기/코로나 이전(2017-2019),신세계,0.0008816944309819288
moon_pre_covid_2017_2019,문재인 전기/코로나 이전(2017-2019),신속,0.0020876724544461336
moon_pre_covid_2017_2019,문재인 전기/코로나 이전(2017-2019),신용,0.0020513291095171794
moon_pre_covid_2017_2019,문재인 전기/코로나 이전(2017-2019),신인,0.0009521660985155353
moon_pre_covid_2017_2019,문재인 전기/코로나 이전(2017-2019),신입,0.0013689283205480678
moon_pre_covid_2017_2019,문재인 전기/코로나 이전(2017-2019),신장,0.0006637203882708787
moon_pre_covid_2017_2019,문재인 전기/코로나 이전(2017-2019),신조,0.0014587591010808228
moon_pre_covid_2017_2019,문재인 전기/코로나 이전(2017-2019),신중,0.001701470679555655
moon_pre_covid_2017_2019,문재인 전기/코로나 이전(2017-2019),신청자,0.000741605613432535
moon_pre_covid_2017_2019,문재인 전기/코로나 이전(2017-2019),신체,0.0012947657724382037
moon_pre_covid_2017_2019,문재인 전기/코로나 이전(2017-2019),신한은행,0.0008527360992371876
moon_pre_covid_2017_2019,문재인 전기/코로나 이전(2017-2019),신형,0.0018022615664637115
moon_pre_covid_2017_2019,문재인 전기/코로나 이전(2017-2019),신호,0.0019488249466760481
moon_pre_covid_2017_2019,문재인 전기/코로나 이전(2017-2019),신혼부부,0.0014998080903316827
moon_pre_covid_2017_2019,문재인 전기/코로나 이전(2017-2019),신화,0.0009783997542365092
moon_pre_covid_2017_2019,문재인 전기/코로나 이전(2017-2019),신흥국,0.000755413661994772
moon_pre_covid_2017_2019,문재인 전기/코로나 이전(2017-2019),실내,0.0010846929311522204
moon_pre_covid_2017_2019,문재인 전기/코로나 이전(2017-2019),실력,0.0018024711978334364
moon_pre_covid_2017_2019,문재인 전기/코로나 이전(2017-2019),실리콘밸리,0.0009888381971583991
moon_pre_covid_2017_2019,문재인 전기/코로나 이전(2017-2019),실망,0.001358476036022126
moon_pre_covid_2017_2019,문재인 전기/코로나 이전(2017-2019),실명,0.0007640733706054173
moon_pre_covid_2017_2019,문재인 전기/코로나 이전(2017-2019),실무,0.003005048753447019
moon_pre_covid_2017_2019,문재인 전기/코로나 이전(2017-2019),실세,0.0006471662319485062
moon_pre_covid_2017_2019,문재인 전기/코로나 이전(2017-2019),실수,0.0015633872468323656
moon_pre_covid_2017_2019,문재인 전기/코로나 이전(2017-2019),실습,0.0008911745561428722
moon_pre_covid_2017_2019,문재인 전기/코로나 이전(2017-2019),실업,0.0016650519645699103
moon_pre_covid_2017_2019,문재인 전기/코로나 이전(2017-2019),실업률,0.0009649000664077657
moon_pre_covid_2017_2019,문재인 전기/코로나 이전(2017-2019),실업자,0.0008526789918210157
moon_pre_covid_2017_2019,문재인 전기/코로나 이전(2017-2019),실정,0.0008624131734126144
moon_pre_covid_2017_2019,문재인 전기/코로나 이전(2017-2019),실종,0.0010409201945256123
moon_pre_covid_2017_2019,문재인 전기/코로나 이전(2017-2019),실종자,0.000642443549858611
moon_pre_covid_2017_2019,문재인 전기/코로나 이전(2017-2019),실질,0.0016276765495271664
moon_pre_covid_2017_2019,문재인 전기/코로나 이전(2017-2019),실질적,0.0025992720244967338
moon_pre_covid_2017_2019,문재인 전기/코로나 이전(2017-2019),실체,0.0009637865183429807
moon_pre_covid_2017_2019,문재인 전기/코로나 이전(2017-2019),실태,0.001833300964954263
moon_pre_covid_2017_2019,문재인 전기/코로나 이전(2017-2019),실행,0.002019040270659251
moon_pre_covid_2017_2019,문재인 전기/코로나 이전(2017-2019),실형,0.0009464398025286449
moon_pre_covid_2017_2019,문재인 전기/코로나 이전(2017-2019),실효성,0.001182583412393925
moon_pre_covid_2017_2019,문재인 전기/코로나 이전(2017-2019),심리,0.0020238891061452034
moon_pre_covid_2017_2019,문재인 전기/코로나 이전(2017-2019),심장,0.0009614847853545713
moon_pre_covid_2017_2019,문재인 전기/코로나 이전(2017-2019),심정,0.000794436441683734
moon_pre_covid_2017_2019,문재인 전기/코로나 이전(2017-2019),심화,0.001457474988429809
moon_pre_covid_2017_2019,문재인 전기/코로나 이전(2017-2019),싱크탱크,0.0009498791333285195
moon_pre_covid_2017_2019,문재인 전기/코로나 이전(2017-2019),싸움,0.00166670544137898
moon_pre_covid_2017_2019,문재인 전기/코로나 이전(2017-2019),쌍용차,0.0005591634691426186
moon_pre_covid_2017_2019,문재인 전기/코로나 이전(2017-2019),쓰레기,0.0012802616389054533
moon_pre_covid_2017_2019,문재인 전기/코로나 이전(2017-2019),씨가,0.000935917093250097
moon_pre_covid_2017_2019,문재인 전기/코로나 이전(2017-2019),씨는,0.001477941321604577
moon_pre_covid_2017_2019,문재인 전기/코로나 이전(2017-2019),아기,0.000839729278671806
moon_pre_covid_2017_2019,문재인 전기/코로나 이전(2017-2019),아나운서,0.0009882301986586038
moon_pre_covid_2017_2019,문재인 전기/코로나 이전(2017-2019),아니다,0.0010729334300255697
moon_pre_covid_2017_2019,문재인 전기/코로나 이전(2017-2019),아니라,0.0014746781581093957
moon_pre_covid_2017_2019,문재인 전기/코로나 이전(2017-2019),아닌,0.0012020895146110239
moon_pre_covid_2017_2019,문재인 전기/코로나 이전(2017-2019),아르바이트,0.0007985130077801773
moon_pre_covid_2017_2019,문재인 전기/코로나 이전(2017-2019),아르헨티나,0.0011076666263842292
moon_pre_covid_2017_2019,문재인 전기/코로나 이전(2017-2019),아무것,0.0009230328974921035
moon_pre_covid_2017_2019,문재인 전기/코로나 이전(2017-2019),아빠,0.001287750564339294
moon_pre_covid_2017_2019,문재인 전기/코로나 이전(2017-2019),아산,0.0007325539636214906
moon_pre_covid_2017_2019,문재인 전기/코로나 이전(2017-2019),아세안,0.00230397023243455
moon_pre_covid_2017_2019,문재인 전기/코로나 이전(2017-2019),아쉬움,0.0010637821655208695
moon_pre_covid_2017_2019,문재인 전기/코로나 이전(2017-2019),아시안,0.001811785565177342
moon_pre_covid_2017_2019,문재인 전기/코로나 이전(2017-2019),아이돌,0.0015701667048129253
moon_pre_covid_2017_2019,문재인 전기/코로나 이전(2017-2019),아이디어,0.002399823625549614
moon_pre_covid_2017_2019,문재인 전기/코로나 이전(2017-2019),아이템,0.0012440666685122005
moon_pre_covid_2017_2019,문재인 전기/코로나 이전(2017-2019),아이폰,0.0011541634382122737
moon_pre_covid_2017_2019,문재인 전기/코로나 이전(2017-2019),아직,0.0009147516575679053
moon_pre_covid_2017_2019,문재인 전기/코로나 이전(2017-2019),아카데미,0.0008594111961512035
moon_pre_covid_2017_2019,문재인 전기/코로나 이전(2017-2019),아프리카,0.001920127242175333
moon_pre_covid_2017_2019,문재인 전기/코로나 이전(2017-2019),아픔,0.0008793303409818721
moon_pre_covid_2017_2019,문재인 전기/코로나 이전(2017-2019),악용,0.0008671920985140588
moon_pre_covid_2017_2019,문재인 전기/코로나 이전(2017-2019),악재,0.0007391623954626252
moon_pre_covid_2017_2019,문재인 전기/코로나 이전(2017-2019),악화,0.0026583540151594734
moon_pre_covid_2017_2019,문재인 전기/코로나 이전(2017-2019),안건,0.0015333247969422435
moon_pre_covid_2017_2019,문재인 전기/코로나 이전(2017-2019),안내,0.0015180267227769449
moon_pre_covid_2017_2019,문재인 전기/코로나 이전(2017-2019),안녕,0.002028038002779554
moon_pre_covid_2017_2019,문재인 전기/코로나 이전(2017-2019),안산,0.0006826927869703208
moon_pre_covid_2017_2019,문재인 전기/코로나 이전(2017-2019),안심,0.0009910174565285
moon_pre_covid_2017_2019,문재인 전기/코로나 이전(2017-2019),안전망,0.0008053467997245762
moon_pre_covid_2017_2019,문재인 전기/코로나 이전(2017-2019),안전성,0.0013638713759337147
moon_pre_covid_2017_2019,문재인 전기/코로나 이전(2017-2019),안정성,0.0008357068226197877
moon_pre_covid_2017_2019,문재인 전기/코로나 이전(2017-2019),안정적,0.002100124926690692
moon_pre_covid_2017_2019,문재인 전기/코로나 이전(2017-2019),안팎,0.002163810227285188
moon_pre_covid_2017_2019,문재인 전기/코로나 이전(2017-2019),않고,0.0013782507269689205
moon_pre_covid_2017_2019,문재인 전기/코로나 이전(2017-2019),않는,0.001087741999221422
moon_pre_covid_2017_2019,문재인 전기/코로나 이전(2017-2019),않았다,0.0009008451971823139
moon_pre_covid_2017_2019,문재인 전기/코로나 이전(2017-2019),않은,0.0013593416943180514
moon_pre_covid_2017_2019,문재인 전기/코로나 이전(2017-2019),암호,0.000769274631648313
moon_pre_covid_2017_2019,문재인 전기/코로나 이전(2017-2019),압도,0.0008100091038429183
moon_pre_covid_2017_2019,문재인 전기/코로나 이전(2017-2019),압도적,0.0009857186113164593
moon_pre_covid_2017_2019,문재인 전기/코로나 이전(2017-2019),압력,0.0014850973512891205
moon_pre_covid_2017_2019,문재인 전기/코로나 이전(2017-2019),압수,0.0014663146976409578
moon_pre_covid_2017_2019,문재인 전기/코로나 이전(2017-2019),압수수색,0.002077581050324033
moon_pre_covid_2017_2019,문재인 전기/코로나 이전(2017-2019),앞두고,0.00184378788456637
moon_pre_covid_2017_2019,문재인 전기/코로나 이전(2017-2019),앞서,0.0014231856358570326
moon_pre_covid_2017_2019,문재인 전기/코로나 이전(2017-2019),앞으로,0.0014237925134421017
moon_pre_covid_2017_2019,문재인 전기/코로나 이전(2017-2019),애초,0.0015256073481378376
moon_pre_covid_2017_2019,문재인 전기/코로나 이전(2017-2019),애플리케이션,0.0008736748583092094
moon_pre_covid_2017_2019,문재인 전기/코로나 이전(2017-2019),액수,0.0007835833304390013
moon_pre_covid_2017_2019,문재인 전기/코로나 이전(2017-2019),앨범,0.001587159198020907
moon_pre_covid_2017_2019,문재인 전기/코로나 이전(2017-2019),야간,0.0007208635303531273
moon_pre_covid_2017_2019,문재인 전기/코로나 이전(2017-2019),약물,0.0008765813989585906
moon_pre_covid_2017_2019,문재인 전기/코로나 이전(2017-2019),약속,0.004572081483338453
moon_pre_covid_2017_2019,문재인 전기/코로나 이전(2017-2019),약자,0.0010916154196175772
moon_pre_covid_2017_2019,문재인 전기/코로나 이전(2017-2019),약점,0.0006207885112648544
moon_pre_covid_2017_2019,문재인 전기/코로나 이전(2017-2019),약화,0.0010584463156932632
moon_pre_covid_2017_2019,문재인 전기/코로나 이전(2017-2019),양극화,0.0010286610403904587
moon_pre_covid_2017_2019,문재인 전기/코로나 이전(2017-2019),양당,0.0006863597038860222
moon_pre_covid_2017_2019,문재인 전기/코로나 이전(2017-2019),양도,0.00066628066790261
moon_pre_covid_2017_2019,문재인 전기/코로나 이전(2017-2019),양보,0.0017226841904316346
moon_pre_covid_2017_2019,문재인 전기/코로나 이전(2017-2019),양산,0.0015540312597143104
moon_pre_covid_2017_2019,문재인 전기/코로나 이전(2017-2019),양상,0.0010464886089883278
moon_pre_covid_2017_2019,문재인 전기/코로나 이전(2017-2019),양식,0.0007517028429565749
moon_pre_covid_2017_2019,문재인 전기/코로나 이전(2017-2019),양심,0.0010952909472858152
moon_pre_covid_2017_2019,문재인 전기/코로나 이전(2017-2019),양자,0.0009412810047002895
moon_pre_covid_2017_2019,문재인 전기/코로나 이전(2017-2019),양쪽,0.0011120904793748393
moon_pre_covid_2017_2019,문재인 전기/코로나 이전(2017-2019),양측,0.002087133292529599
moon_pre_covid_2017_2019,문재인 전기/코로나 이전(2017-2019),어깨,0.0009895254323023595
moon_pre_covid_2017_2019,문재인 전기/코로나 이전(2017-2019),어느,0.0008151590633914729
moon_pre_covid_2017_2019,문재인 전기/코로나 이전(2017-2019),어떤,0.0016081847563240432
moon_pre_covid_2017_2019,문재인 전기/코로나 이전(2017-2019),어르신,0.0007276230136047318
moon_pre_covid_2017_2019,문재인 전기/코로나 이전(2017-2019),어른,0.0007893045574014299
moon_pre_covid_2017_2019,문재인 전기/코로나 이전(2017-2019),어린이,0.001779960179928008
moon_pre_covid_2017_2019,문재인 전기/코로나 이전(2017-2019),어린이집,0.0019807581507495123
moon_pre_covid_2017_2019,문재인 전기/코로나 이전(2017-2019),억원,0.00171664522233024
moon_pre_covid_2017_2019,문재인 전기/코로나 이전(2017-2019),억제,0.0010648855150558858
moon_pre_covid_2017_2019,문재인 전기/코로나 이전(2017-2019),언론사,0.0012852259079716053
moon_pre_covid_2017_2019,문재인 전기/코로나 이전(2017-2019),언론인,0.0007035869869269143
moon_pre_covid_2017_2019,문재인 전기/코로나 이전(2017-2019),언어,0.001729722113138151
moon_pre_covid_2017_2019,문재인 전기/코로나 이전(2017-2019),업무,0.007313350922863919
moon_pre_covid_2017_2019,문재인 전기/코로나 이전(2017-2019),업무협약,0.0009387838381931062
moon_pre_covid_2017_2019,문재인 전기/코로나 이전(2017-2019),업적,0.0007809842472492162
moon_pre_covid_2017_2019,문재인 전기/코로나 이전(2017-2019),업종,0.0020297522848739427
moon_pre_covid_2017_2019,문재인 전기/코로나 이전(2017-2019),업체들,0.0010510603979004263
moon_pre_covid_2017_2019,문재인 전기/코로나 이전(2017-2019),없는,0.0021576312799340756
moon_pre_covid_2017_2019,문재인 전기/코로나 이전(2017-2019),없다,0.0020174987695613495
moon_pre_covid_2017_2019,문재인 전기/코로나 이전(2017-2019),없어,0.000865763929762236
moon_pre_covid_2017_2019,문재인 전기/코로나 이전(2017-2019),없이,0.0015828204189264623
moon_pre_covid_2017_2019,문재인 전기/코로나 이전(2017-2019),엔진,0.0019870738260337776
moon_pre_covid_2017_2019,문재인 전기/코로나 이전(2017-2019),엔터테인먼트,0.0009916734957798826
moon_pre_covid_2017_2019,문재인 전기/코로나 이전(2017-2019),엘리트,0.0007987296287232206
moon_pre_covid_2017_2019,문재인 전기/코로나 이전(2017-2019),여건,0.0022583457900211988
moon_pre_covid_2017_2019,문재인 전기/코로나 이전(2017-2019),여권,0.0015712800790173842
moon_pre_covid_2017_2019,문재인 전기/코로나 이전(2017-2019),여년,0.001264072241032839
moon_pre_covid_2017_2019,문재인 전기/코로나 이전(2017-2019),여러,0.0012416617089930449
moon_pre_covid_2017_2019,문재인 전기/코로나 이전(2017-2019),여력,0.0005907359001892647
moon_pre_covid_2017_2019,문재인 전기/코로나 이전(2017-2019),여름,0.0018473021728791779
moon_pre_covid_2017_2019,문재인 전기/코로나 이전(2017-2019),여명,0.002421712889622463
moon_pre_covid_2017_2019,문재인 전기/코로나 이전(2017-2019),여사,0.0017574668074741848
moon_pre_covid_2017_2019,문재인 전기/코로나 이전(2017-2019),여성,0.011606348029028674
moon_pre_covid_2017_2019,문재인 전기/코로나 이전(2017-2019),여성들,0.0019422394617425172
moon_pre_covid_2017_2019,문재인 전기/코로나 이전(2017-2019),여수,0.0007172205481081091
moon_pre_covid_2017_2019,문재인 전기/코로나 이전(2017-2019),여유,0.001377560451181639
moon_pre_covid_2017_2019,문재인 전기/코로나 이전(2017-2019),여전히,0.0009066403576092754
moon_pre_covid_2017_2019,문재인 전기/코로나 이전(2017-2019),여지,0.0015335253171508754
moon_pre_covid_2017_2019,문재인 전기/코로나 이전(2017-2019),여파,0.0009057266458954306
moon_pre_covid_2017_2019,문재인 전기/코로나 이전(2017-2019),역사적,0.0016631258563818427
moon_pre_covid_2017_2019,문재인 전기/코로나 이전(2017-2019),역임,0.001158808895366619
moon_pre_covid_2017_2019,문재인 전기/코로나 이전(2017-2019),역전,0.0008342072967837234
moon_pre_covid_2017_2019,문재인 전기/코로나 이전(2017-2019),역할,0.00864434569693986
moon_pre_covid_2017_2019,문재인 전기/코로나 이전(2017-2019),연계,0.002792262804153833
moon_pre_covid_2017_2019,문재인 전기/코로나 이전(2017-2019),연관,0.0015164489594596854
moon_pre_covid_2017_2019,문재인 전기/코로나 이전(2017-2019),연구개발,0.0017114391679923383
moon_pre_covid_2017_2019,문재인 전기/코로나 이전(2017-2019),연구소장,0.0009763657161945824
moon_pre_covid_2017_2019,문재인 전기/코로나 이전(2017-2019),연구위원,0.0008427978599438364
moon_pre_covid_2017_2019,문재인 전기/코로나 이전(2017-2019),연구자,0.0012312481103191903
moon_pre_covid_2017_2019,문재인 전기/코로나 이전(2017-2019),연구진,0.0011449247196930194
moon_pre_covid_2017_2019,문재인 전기/코로나 이전(2017-2019),연구팀,0.001022089393861896
moon_pre_covid_2017_2019,문재인 전기/코로나 이전(2017-2019),연극,0.0010784196897284852
moon_pre_covid_2017_2019,문재인 전기/코로나 이전(2017-2019),연금,0.004255359553238115
moon_pre_covid_2017_2019,문재인 전기/코로나 이전(2017-2019),연내,0.001842405376986128
moon_pre_covid_2017_2019,문재인 전기/코로나 이전(2017-2019),연동,0.0018444140030519174
moon_pre_covid_2017_2019,문재인 전기/코로나 이전(2017-2019),연락,0.0019668014078410303
moon_pre_covid_2017_2019,문재인 전기/코로나 이전(2017-2019),연령,0.0015524649501846156
moon_pre_covid_2017_2019,문재인 전기/코로나 이전(2017-2019),연령대,0.0008104136583306468
moon_pre_covid_2017_2019,문재인 전기/코로나 이전(2017-2019),연료,0.0009796506283707809
moon_pre_covid_2017_2019,문재인 전기/코로나 이전(2017-2019),연루,0.0013195629430859696
moon_pre_covid_2017_2019,문재인 전기/코로나 이전(2017-2019),연말,0.0023445628352151875
moon_pre_covid_2017_2019,문재인 전기/코로나 이전(2017-2019),연방,0.0016040453962013024
moon_pre_covid_2017_2019,문재인 전기/코로나 이전(2017-2019),연봉,0.0017743794717794885
moon_pre_covid_2017_2019,문재인 전기/코로나 이전(2017-2019),연상,0.0007499592303655646
moon_pre_covid_2017_2019,문재인 전기/코로나 이전(2017-2019),연세대,0.0022904444771306583
moon_pre_covid_2017_2019,문재인 전기/코로나 이전(2017-2019),연수,0.0011678309440837883
moon_pre_covid_2017_2019,문재인 전기/코로나 이전(2017-2019),연애,0.0006719494063551054
moon_pre_covid_2017_2019,문재인 전기/코로나 이전(2017-2019),연예인,0.0010774396901834064
moon_pre_covid_2017_2019,문재인 전기/코로나 이전(2017-2019),연일,0.0012548533362561822
moon_pre_covid_2017_2019,문재인 전기/코로나 이전(2017-2019),연임,0.00111146559116179
moon_pre_covid_2017_2019,문재인 전기/코로나 이전(2017-2019),연주,0.0010946960746489617
moon_pre_covid_2017_2019,문재인 전기/코로나 이전(2017-2019),연출,0.0019410454201580405
moon_pre_covid_2017_2019,문재인 전기/코로나 이전(2017-2019),연평균,0.0012286627680313763
moon_pre_covid_2017_2019,문재인 전기/코로나 이전(2017-2019),연휴,0.0012969581748299716
moon_pre_covid_2017_2019,문재인 전기/코로나 이전(2017-2019),열고,0.002053925474124626
moon_pre_covid_2017_2019,문재인 전기/코로나 이전(2017-2019),열기,0.0009192289474897652
moon_pre_covid_2017_2019,문재인 전기/코로나 이전(2017-2019),열리는,0.001175355208808479
moon_pre_covid_2017_2019,문재인 전기/코로나 이전(2017-2019),열병식,0.0006226455946221835
moon_pre_covid_2017_2019,문재인 전기/코로나 이전(2017-2019),열어,0.0011381031351515368
moon_pre_covid_2017_2019,문재인 전기/코로나 이전(2017-2019),열정,0.0012759445623000487
moon_pre_covid_2017_2019,문재인 전기/코로나 이전(2017-2019),열차,0.0012450046462527049
moon_pre_covid_2017_2019,문재인 전기/코로나 이전(2017-2019),열풍,0.0009773223039249732
moon_pre_covid_2017_2019,문재인 전기/코로나 이전(2017-2019),열흘,0.0007951437863070967
moon_pre_covid_2017_2019,문재인 전기/코로나 이전(2017-2019),염두,0.0012102085441798363
moon_pre_covid_2017_2019,문재인 전기/코로나 이전(2017-2019),영광,0.0013036977144116413
moon_pre_covid_2017_2019,문재인 전기/코로나 이전(2017-2019),영남,0.0007845921624594341
moon_pre_covid_2017_2019,문재인 전기/코로나 이전(2017-2019),영상취재,0.0017801674264656339
moon_pre_covid_2017_2019,문재인 전기/코로나 이전(2017-2019),영업이익,0.0016901299812121296
moon_pre_covid_2017_2019,문재인 전기/코로나 이전(2017-2019),영역,0.0029759134591482743
moon_pre_covid_2017_2019,문재인 전기/코로나 이전(2017-2019),영웅,0.0009510661545621193
moon_pre_covid_2017_2019,문재인 전기/코로나 이전(2017-2019),영입,0.0022546653278990273
moon_pre_covid_2017_2019,문재인 전기/코로나 이전(2017-2019),영토,0.0007206254669164069
moon_pre_covid_2017_2019,문재인 전기/코로나 이전(2017-2019),영향력,0.0026916426619644066
moon_pre_covid_2017_2019,문재인 전기/코로나 이전(2017-2019),영화제,0.0018928294203693409
moon_pre_covid_2017_2019,문재인 전기/코로나 이전(2017-2019),예고,0.0026545138772508083
moon_pre_covid_2017_2019,문재인 전기/코로나 이전(2017-2019),예능,0.0014329173229886676
moon_pre_covid_2017_2019,문재인 전기/코로나 이전(2017-2019),예비,0.0021054781061110852
moon_pre_covid_2017_2019,문재인 전기/코로나 이전(2017-2019),예산안,0.0036884675421549403
moon_pre_covid_2017_2019,문재인 전기/코로나 이전(2017-2019),예술가,0.0009337657348658938
moon_pre_covid_2017_2019,문재인 전기/코로나 이전(2017-2019),예약,0.001215551580199811
moon_pre_covid_2017_2019,문재인 전기/코로나 이전(2017-2019),예외,0.0011754093551113285
moon_pre_covid_2017_2019,문재인 전기/코로나 이전(2017-2019),예전,0.0017894070297762897
moon_pre_covid_2017_2019,문재인 전기/코로나 이전(2017-2019),옛날,0.0008128343120296028
moon_pre_covid_2017_2019,문재인 전기/코로나 이전(2017-2019),오는,0.0023179554446223325
moon_pre_covid_2017_2019,문재인 전기/코로나 이전(2017-2019),오늘날,0.0009753907131309711
moon_pre_covid_2017_2019,문재인 전기/코로나 이전(2017-2019),오래전,0.0008245317335953439
moon_pre_covid_2017_2019,문재인 전기/코로나 이전(2017-2019),오랫동안,0.0017758370528364194
moon_pre_covid_2017_2019,문재인 전기/코로나 이전(2017-2019),오류,0.0008415489386889412
moon_pre_covid_2017_2019,문재인 전기/코로나 이전(2017-2019),오른쪽,0.0011046825014669715
moon_pre_covid_2017_2019,문재인 전기/코로나 이전(2017-2019),오염,0.0012726521888395481
moon_pre_covid_2017_2019,문재인 전기/코로나 이전(2017-2019),오찬,0.0015423299255325972
moon_pre_covid_2017_2019,문재인 전기/코로나 이전(2017-2019),오픈,0.002191454024496668
moon_pre_covid_2017_2019,문재인 전기/코로나 이전(2017-2019),오피스텔,0.001771121235892831
moon_pre_covid_2017_2019,문재인 전기/코로나 이전(2017-2019),오해,0.0014051775782506347
moon_pre_covid_2017_2019,문재인 전기/코로나 이전(2017-2019),온도,0.0010144527832711395
moon_pre_covid_2017_2019,문재인 전기/코로나 이전(2017-2019),온실,0.0005369958615868236
moon_pre_covid_2017_2019,문재인 전기/코로나 이전(2017-2019),옹호,0.0007838454924747916
moon_pre_covid_2017_2019,문재인 전기/코로나 이전(2017-2019),와인,0.0007400717020786589
moon_pre_covid_2017_2019,문재인 전기/코로나 이전(2017-2019),와중,0.0007621543031691008
moon_pre_covid_2017_2019,문재인 전기/코로나 이전(2017-2019),완공,0.0009719110142788716
moon_pre_covid_2017_2019,문재인 전기/코로나 이전(2017-2019),완벽,0.001439840441120528
moon_pre_covid_2017_2019,문재인 전기/코로나 이전(2017-2019),완성,0.002824009059846303
moon_pre_covid_2017_2019,문재인 전기/코로나 이전(2017-2019),왜곡,0.0016728654296794534
moon_pre_covid_2017_2019,문재인 전기/코로나 이전(2017-2019),외교관,0.001178672249347265
moon_pre_covid_2017_2019,문재인 전기/코로나 이전(2017-2019),외교부,0.003114116377629162
moon_pre_covid_2017_2019,문재인 전기/코로나 이전(2017-2019),외국어,0.0008582615475358239
moon_pre_covid_2017_2019,문재인 전기/코로나 이전(2017-2019),외면,0.0012507906904077057
moon_pre_covid_2017_2019,문재인 전기/코로나 이전(2017-2019),외모,0.0008966814641609723
moon_pre_covid_2017_2019,문재인 전기/코로나 이전(2017-2019),외신,0.001043397253082146
moon_pre_covid_2017_2019,문재인 전기/코로나 이전(2017-2019),외환,0.0008720729043849835
moon_pre_covid_2017_2019,문재인 전기/코로나 이전(2017-2019),외환위기,0.0006935561450125315
moon_pre_covid_2017_2019,문재인 전기/코로나 이전(2017-2019),왼쪽,0.001115322417043539
moon_pre_covid_2017_2019,문재인 전기/코로나 이전(2017-2019),요건,0.0016357520064622165
moon_pre_covid_2017_2019,문재인 전기/코로나 이전(2017-2019),요금,0.002843887979415428
moon_pre_covid_2017_2019,문재인 전기/코로나 이전(2017-2019),요리,0.0012484398338681506
moon_pre_covid_2017_2019,문재인 전기/코로나 이전(2017-2019),요소,0.0022673572080377396
moon_pre_covid_2017_2019,문재인 전기/코로나 이전(2017-2019),요약,0.0005889576637278674
moon_pre_covid_2017_2019,문재인 전기/코로나 이전(2017-2019),요양,0.0006478585629452932
moon_pre_covid_2017_2019,문재인 전기/코로나 이전(2017-2019),요원,0.0008627881142083861
moon_pre_covid_2017_2019,문재인 전기/코로나 이전(2017-2019),요인,0.0024910319967689494
moon_pre_covid_2017_2019,문재인 전기/코로나 이전(2017-2019),욕망,0.0006706787974542431
moon_pre_covid_2017_2019,문재인 전기/코로나 이전(2017-2019),욕심,0.0007362921958888784
moon_pre_covid_2017_2019,문재인 전기/코로나 이전(2017-2019),용기,0.0015710177358875138
moon_pre_covid_2017_2019,문재인 전기/코로나 이전(2017-2019),용도,0.0007556327110828649
moon_pre_covid_2017_2019,문재인 전기/코로나 이전(2017-2019),용산,0.0010504868490805695
moon_pre_covid_2017_2019,문재인 전기/코로나 이전(2017-2019),용어,0.0012743473616444504
moon_pre_covid_2017_2019,문재인 전기/코로나 이전(2017-2019),용역,0.0011226896475417076
moon_pre_covid_2017_2019,문재인 전기/코로나 이전(2017-2019),용의자,0.0008624021764802745
moon_pre_covid_2017_2019,문재인 전기/코로나 이전(2017-2019),용인,0.0011828360141740676
moon_pre_covid_2017_2019,문재인 전기/코로나 이전(2017-2019),우리은행,0.0011708140050670627
moon_pre_covid_2017_2019,문재인 전기/코로나 이전(2017-2019),우상호,0.0004604310352369215
moon_pre_covid_2017_2019,문재인 전기/코로나 이전(2017-2019),우선,0.0018911403842559566
moon_pre_covid_2017_2019,문재인 전기/코로나 이전(2017-2019),우세,0.0007283796164576159
moon_pre_covid_2017_2019,문재인 전기/코로나 이전(2017-2019),우울증,0.0008229229845903327
moon_pre_covid_2017_2019,문재인 전기/코로나 이전(2017-2019),우위,0.0008397848522907905
moon_pre_covid_2017_2019,문재인 전기/코로나 이전(2017-2019),우주,0.0014735492910837229
moon_pre_covid_2017_2019,문재인 전기/코로나 이전(2017-2019),우파,0.0009848110221019175
moon_pre_covid_2017_2019,문재인 전기/코로나 이전(2017-2019),운명,0.0013813436543649164
moon_pre_covid_2017_2019,문재인 전기/코로나 이전(2017-2019),운송,0.0007520093154362046
moon_pre_covid_2017_2019,문재인 전기/코로나 이전(2017-2019),운영,0.01079253558448079
moon_pre_covid_2017_2019,문재인 전기/코로나 이전(2017-2019),운전,0.0020541590094714617
moon_pre_covid_2017_2019,문재인 전기/코로나 이전(2017-2019),운전자,0.002359438964128365
moon_pre_covid_2017_2019,문재인 전기/코로나 이전(2017-2019),운항,0.000688055135054737
moon_pre_covid_2017_2019,문재인 전기/코로나 이전(2017-2019),운행,0.0018662468979612095
moon_pre_covid_2017_2019,문재인 전기/코로나 이전(2017-2019),울산시,0.000952597415112207
moon_pre_covid_2017_2019,문재인 전기/코로나 이전(2017-2019),움직,0.001110355872340757
moon_pre_covid_2017_2019,문재인 전기/코로나 이전(2017-2019),움직임,0.001979926784542321
moon_pre_covid_2017_2019,문재인 전기/코로나 이전(2017-2019),워싱턴포스트,0.0011592005524262258
moon_pre_covid_2017_2019,문재인 전기/코로나 이전(2017-2019),원가,0.0008210805184433694
moon_pre_covid_2017_2019,문재인 전기/코로나 이전(2017-2019),원격,0.0006360723526905074
moon_pre_covid_2017_2019,문재인 전기/코로나 이전(2017-2019),원고,0.000837465962225226
moon_pre_covid_2017_2019,문재인 전기/코로나 이전(2017-2019),원대,0.0012429801063905588
moon_pre_covid_2017_2019,문재인 전기/코로나 이전(2017-2019),원래,0.0024083939301451068
moon_pre_covid_2017_2019,문재인 전기/코로나 이전(2017-2019),원료,0.0009238080044565852
moon_pre_covid_2017_2019,문재인 전기/코로나 이전(2017-2019),원리,0.0007899791012187655
moon_pre_covid_2017_2019,문재인 전기/코로나 이전(2017-2019),원씩,0.0011558121669740273
moon_pre_covid_2017_2019,문재인 전기/코로나 이전(2017-2019),원유,0.0009866712950982153
moon_pre_covid_2017_2019,문재인 전기/코로나 이전(2017-2019),원을,0.000880789808473144
moon_pre_covid_2017_2019,문재인 전기/코로나 이전(2017-2019),원자력,0.0013566853679011618
moon_pre_covid_2017_2019,문재인 전기/코로나 이전(2017-2019),원조,0.0007584560831750572
moon_pre_covid_2017_2019,문재인 전기/코로나 이전(2017-2019),원천,0.000854528761270543
moon_pre_covid_2017_2019,문재인 전기/코로나 이전(2017-2019),원칙,0.003987478134532492
moon_pre_covid_2017_2019,문재인 전기/코로나 이전(2017-2019),원칙적,0.0007455801656315395
moon_pre_covid_2017_2019,문재인 전기/코로나 이전(2017-2019),원활,0.0008412590266116829
moon_pre_covid_2017_2019,문재인 전기/코로나 이전(2017-2019),원희룡,0.0005336042875739462
moon_pre_covid_2017_2019,문재인 전기/코로나 이전(2017-2019),월급,0.0013915056816738765
moon_pre_covid_2017_2019,문재인 전기/코로나 이전(2017-2019),월드,0.0010857999404167574
moon_pre_covid_2017_2019,문재인 전기/코로나 이전(2017-2019),월부터,0.0012044360570312403
moon_pre_covid_2017_2019,문재인 전기/코로나 이전(2017-2019),월성,0.00035814683524793575
moon_pre_covid_2017_2019,문재인 전기/코로나 이전(2017-2019),월세,0.0009935967006240944
moon_pre_covid_2017_2019,문재인 전기/코로나 이전(2017-2019),월요일,0.0010144725176702187
moon_pre_covid_2017_2019,문재인 전기/코로나 이전(2017-2019),월평균,0.0008892630916413961
moon_pre_covid_2017_2019,문재인 전기/코로나 이전(2017-2019),웹툰,0.0008079608605423227
moon_pre_covid_2017_2019,문재인 전기/코로나 이전(2017-2019),위력,0.0008746602317227723
moon_pre_covid_2017_2019,문재인 전기/코로나 이전(2017-2019),위로,0.0014281045703534254
moon_pre_covid_2017_2019,문재인 전기/코로나 이전(2017-2019),위법,0.0011266031273791937
moon_pre_covid_2017_2019,문재인 전기/코로나 이전(2017-2019),위상,0.0013390227831335643
moon_pre_covid_2017_2019,문재인 전기/코로나 이전(2017-2019),위성,0.0007541914614522043
moon_pre_covid_2017_2019,문재인 전기/코로나 이전(2017-2019),위안,0.0008934514229833679
moon_pre_covid_2017_2019,문재인 전기/코로나 이전(2017-2019),위장,0.0009156275165445453
moon_pre_covid_2017_2019,문재인 전기/코로나 이전(2017-2019),위주,0.0019621705155790535
moon_pre_covid_2017_2019,문재인 전기/코로나 이전(2017-2019),위축,0.0012659671628794322
moon_pre_covid_2017_2019,문재인 전기/코로나 이전(2017-2019),위탁,0.0009631107350015741
moon_pre_covid_2017_2019,문재인 전기/코로나 이전(2017-2019),위헌,0.0008986574671765834
moon_pre_covid_2017_2019,문재인 전기/코로나 이전(2017-2019),위험성,0.0006954753710672543
moon_pre_covid_2017_2019,문재인 전기/코로나 이전(2017-2019),유가,0.00059559354216988
moon_pre_covid_2017_2019,문재인 전기/코로나 이전(2017-2019),유감,0.001485362121893382
moon_pre_covid_2017_2019,문재인 전기/코로나 이전(2017-2019),유권자,0.0015185679164391238
moon_pre_covid_2017_2019,문재인 전기/코로나 이전(2017-2019),유권자들,0.0006345599477350813
moon_pre_covid_2017_2019,문재인 전기/코로나 이전(2017-2019),유네스코,0.0010041278124556742
moon_pre_covid_2017_2019,문재인 전기/코로나 이전(2017-2019),유도,0.0018889845285950883
moon_pre_covid_2017_2019,문재인 전기/코로나 이전(2017-2019),유럽연합,0.0014399211485987648
moon_pre_covid_2017_2019,문재인 전기/코로나 이전(2017-2019),유력,0.001971036851338697
moon_pre_covid_2017_2019,문재인 전기/코로나 이전(2017-2019),유로,0.001210430817420082
moon_pre_covid_2017_2019,문재인 전기/코로나 이전(2017-2019),유리,0.002465670924638813
moon_pre_covid_2017_2019,문재인 전기/코로나 이전(2017-2019),유망,0.0008131225716885883
moon_pre_covid_2017_2019,문재인 전기/코로나 이전(2017-2019),유발,0.0012200318664954397
moon_pre_covid_2017_2019,문재인 전기/코로나 이전(2017-2019),유사,0.001238649259158429
moon_pre_covid_2017_2019,문재인 전기/코로나 이전(2017-2019),유산,0.0009745275925928188
moon_pre_covid_2017_2019,문재인 전기/코로나 이전(2017-2019),유세,0.0006356116444844628
moon_pre_covid_2017_2019,문재인 전기/코로나 이전(2017-2019),유시민,0.0012169663690702638
moon_pre_covid_2017_2019,문재인 전기/코로나 이전(2017-2019),유예,0.0018617240411782957
moon_pre_covid_2017_2019,문재인 전기/코로나 이전(2017-2019),유용,0.0007633249003913182
moon_pre_covid_2017_2019,문재인 전기/코로나 이전(2017-2019),유입,0.001121043284716653
moon_pre_covid_2017_2019,문재인 전기/코로나 이전(2017-2019),유전자,0.0017021089563636145
moon_pre_covid_2017_2019,문재인 전기/코로나 이전(2017-2019),유족,0.0011977350640104815
moon_pre_covid_2017_2019,문재인 전기/코로나 이전(2017-2019),유죄,0.0015888676595822199
moon_pre_covid_2017_2019,문재인 전기/코로나 이전(2017-2019),유착,0.0008816557184270783
moon_pre_covid_2017_2019,문재인 전기/코로나 이전(2017-2019),유포,0.0007694994465225151
moon_pre_covid_2017_2019,문재인 전기/코로나 이전(2017-2019),유플러스,0.0019507776746741606
moon_pre_covid_2017_2019,문재인 전기/코로나 이전(2017-2019),유학,0.0013491458233646576
moon_pre_covid_2017_2019,문재인 전기/코로나 이전(2017-2019),유해,0.0018371957374056487
moon_pre_covid_2017_2019,문재인 전기/코로나 이전(2017-2019),유행,0.0009082980101769569
moon_pre_covid_2017_2019,문재인 전기/코로나 이전(2017-2019),유형,0.0011211921611189125
moon_pre_covid_2017_2019,문재인 전기/코로나 이전(2017-2019),유효,0.000770423258402101
moon_pre_covid_2017_2019,문재인 전기/코로나 이전(2017-2019),육군,0.0014909470766913916
moon_pre_covid_2017_2019,문재인 전기/코로나 이전(2017-2019),육박,0.0007423998006321682
moon_pre_covid_2017_2019,문재인 전기/코로나 이전(2017-2019),육성,0.0035164422537768618
moon_pre_covid_2017_2019,문재인 전기/코로나 이전(2017-2019),육아,0.0014895309062977241
moon_pre_covid_2017_2019,문재인 전기/코로나 이전(2017-2019),육아휴직,0.0006907007063673916
moon_pre_covid_2017_2019,문재인 전기/코로나 이전(2017-2019),윤리,0.0013094472967083428
moon_pre_covid_2017_2019,문재인 전기/코로나 이전(2017-2019),융합,0.0018617045195138098
moon_pre_covid_2017_2019,문재인 전기/코로나 이전(2017-2019),으로,0.0021026493702118393
moon_pre_covid_2017_2019,문재인 전기/코로나 이전(2017-2019),은퇴,0.0018072381982800207
moon_pre_covid_2017_2019,문재인 전기/코로나 이전(2017-2019),은폐,0.0010362044350670347
moon_pre_covid_2017_2019,문재인 전기/코로나 이전(2017-2019),음성,0.0010870717793176434
moon_pre_covid_2017_2019,문재인 전기/코로나 이전(2017-2019),음성변조,0.0011752538247494187
moon_pre_covid_2017_2019,문재인 전기/코로나 이전(2017-2019),음식점,0.0009183142886898209
moon_pre_covid_2017_2019,문재인 전기/코로나 이전(2017-2019),음주,0.0013197329777316332
moon_pre_covid_2017_2019,문재인 전기/코로나 이전(2017-2019),응답,0.0023216065304207238
moon_pre_covid_2017_2019,문재인 전기/코로나 이전(2017-2019),응답자,0.0016375250282291965
moon_pre_covid_2017_2019,문재인 전기/코로나 이전(2017-2019),응시,0.0008045030740789552
moon_pre_covid_2017_2019,문재인 전기/코로나 이전(2017-2019),의결,0.002471034514361614
moon_pre_covid_2017_2019,문재인 전기/코로나 이전(2017-2019),의구심,0.0008310733286623345
moon_pre_covid_2017_2019,문재인 전기/코로나 이전(2017-2019),의대,0.000855870547426462
moon_pre_covid_2017_2019,문재인 전기/코로나 이전(2017-2019),의도,0.0029398696368410446
moon_pre_covid_2017_2019,문재인 전기/코로나 이전(2017-2019),의뢰,0.0016451870323458372
moon_pre_covid_2017_2019,문재인 전기/코로나 이전(2017-2019),의료,0.0038019832505117256
moon_pre_covid_2017_2019,문재인 전기/코로나 이전(2017-2019),의료비,0.0008265117706169384
moon_pre_covid_2017_2019,문재인 전기/코로나 이전(2017-2019),의료진,0.0010004077947765222
moon_pre_covid_2017_2019,문재인 전기/코로나 이전(2017-2019),의류,0.0009050193638911431
moon_pre_covid_2017_2019,문재인 전기/코로나 이전(2017-2019),의무화,0.001283237240451053
moon_pre_covid_2017_2019,문재인 전기/코로나 이전(2017-2019),의문,0.002012010072319507
moon_pre_covid_2017_2019,문재인 전기/코로나 이전(2017-2019),의미,0.008636535080440851
moon_pre_covid_2017_2019,문재인 전기/코로나 이전(2017-2019),의사결정,0.0007514470217720127
moon_pre_covid_2017_2019,문재인 전기/코로나 이전(2017-2019),의석,0.0011211492944279095
moon_pre_covid_2017_2019,문재인 전기/코로나 이전(2017-2019),의식,0.0023010818700289356
moon_pre_covid_2017_2019,문재인 전기/코로나 이전(2017-2019),의약품,0.0018672043633983595
moon_pre_covid_2017_2019,문재인 전기/코로나 이전(2017-2019),의원님,0.0007434304053608557
moon_pre_covid_2017_2019,문재인 전기/코로나 이전(2017-2019),의원실,0.000856985481255311
moon_pre_covid_2017_2019,문재인 전기/코로나 이전(2017-2019),의원은,0.0017704998890097597
moon_pre_covid_2017_2019,문재인 전기/코로나 이전(2017-2019),의원이,0.0013149335601971893
moon_pre_covid_2017_2019,문재인 전기/코로나 이전(2017-2019),의제,0.0020446500115664104
moon_pre_covid_2017_2019,문재인 전기/코로나 이전(2017-2019),의존,0.001267200529368294
moon_pre_covid_2017_2019,문재인 전기/코로나 이전(2017-2019),의학,0.0012691217678242655
moon_pre_covid_2017_2019,문재인 전기/코로나 이전(2017-2019),이같이,0.002518459218607396
moon_pre_covid_2017_2019,문재인 전기/코로나 이전(2017-2019),이건희,0.0006449717269091841
moon_pre_covid_2017_2019,문재인 전기/코로나 이전(2017-2019),이견,0.0016665683060615632
moon_pre_covid_2017_2019,문재인 전기/코로나 이전(2017-2019),이념,0.0016742614817074983
moon_pre_covid_2017_2019,문재인 전기/코로나 이전(2017-2019),이노베이션,0.0012326275787588289
moon_pre_covid_2017_2019,문재인 전기/코로나 이전(2017-2019),이는,0.0009810104230767794
moon_pre_covid_2017_2019,문재인 전기/코로나 이전(2017-2019),이다,0.0008086790821877634
moon_pre_covid_2017_2019,문재인 전기/코로나 이전(2017-2019),이득,0.000675324535221764
moon_pre_covid_2017_2019,문재인 전기/코로나 이전(2017-2019),이들은,0.000804328832816188
moon_pre_covid_2017_2019,문재인 전기/코로나 이전(2017-2019),이듬해,0.0014361055352422253
moon_pre_covid_2017_2019,문재인 전기/코로나 이전(2017-2019),이라고,0.0022957234037339264
moon_pre_covid_2017_2019,문재인 전기/코로나 이전(2017-2019),이라는,0.001219007668370006
moon_pre_covid_2017_2019,문재인 전기/코로나 이전(2017-2019),이라며,0.0011674843468686513
moon_pre_covid_2017_2019,문재인 전기/코로나 이전(2017-2019),이래,0.0017884533850198844
moon_pre_covid_2017_2019,문재인 전기/코로나 이전(2017-2019),이런,0.002314530863696341
moon_pre_covid_2017_2019,문재인 전기/코로나 이전(2017-2019),이렇게,0.0013744679955610588
moon_pre_covid_2017_2019,문재인 전기/코로나 이전(2017-2019),이력,0.0008825077751221814
moon_pre_covid_2017_2019,문재인 전기/코로나 이전(2017-2019),이례적,0.0015897934166242773
moon_pre_covid_2017_2019,문재인 전기/코로나 이전(2017-2019),이론,0.0011476159332382608
moon_pre_covid_2017_2019,문재인 전기/코로나 이전(2017-2019),이른바,0.0013292272510636264
moon_pre_covid_2017_2019,문재인 전기/코로나 이전(2017-2019),이를,0.0014869131879021711
moon_pre_covid_2017_2019,문재인 전기/코로나 이전(2017-2019),이마트,0.0013422738726874526
moon_pre_covid_2017_2019,문재인 전기/코로나 이전(2017-2019),이메일,0.0007965323965603656
moon_pre_covid_2017_2019,문재인 전기/코로나 이전(2017-2019),이미,0.0009649146602832243
moon_pre_covid_2017_2019,문재인 전기/코로나 이전(2017-2019),이민,0.0009239039615454199
moon_pre_covid_2017_2019,문재인 전기/코로나 이전(2017-2019),이벤트,0.0019068337390550476
moon_pre_covid_2017_2019,문재인 전기/코로나 이전(2017-2019),이성,0.0006695349463392027
moon_pre_covid_2017_2019,문재인 전기/코로나 이전(2017-2019),이수,0.0007933072500158631
moon_pre_covid_2017_2019,문재인 전기/코로나 이전(2017-2019),이식,0.0006962462724657806
moon_pre_covid_2017_2019,문재인 전기/코로나 이전(2017-2019),이씨,0.0012932187892849992
moon_pre_covid_2017_2019,문재인 전기/코로나 이전(2017-2019),이어,0.00253776321788834
moon_pre_covid_2017_2019,문재인 전기/코로나 이전(2017-2019),이에,0.001308060256596675
moon_pre_covid_2017_2019,문재인 전기/코로나 이전(2017-2019),이외,0.001543907915426277
moon_pre_covid_2017_2019,문재인 전기/코로나 이전(2017-2019),이웃,0.0013912536675778583
moon_pre_covid_2017_2019,문재인 전기/코로나 이전(2017-2019),이인영,0.0015157500377592852
moon_pre_covid_2017_2019,문재인 전기/코로나 이전(2017-2019),이자,0.0012031873466933987
moon_pre_covid_2017_2019,문재인 전기/코로나 이전(2017-2019),이제,0.0010082932474905328
moon_pre_covid_2017_2019,문재인 전기/코로나 이전(2017-2019),이젠,0.0013574594279967761
moon_pre_covid_2017_2019,문재인 전기/코로나 이전(2017-2019),이종훈,0.0005577848444193675
moon_pre_covid_2017_2019,문재인 전기/코로나 이전(2017-2019),이주,0.0011023712203203982
moon_pre_covid_2017_2019,문재인 전기/코로나 이전(2017-2019),이중,0.0007084176544639599
moon_pre_covid_2017_2019,문재인 전기/코로나 이전(2017-2019),이집트,0.0007069844574339669
moon_pre_covid_2017_2019,문재인 전기/코로나 이전(2017-2019),이탈,0.0010535039641593913
moon_pre_covid_2017_2019,문재인 전기/코로나 이전(2017-2019),이틀,0.0023551704929140756
moon_pre_covid_2017_2019,문재인 전기/코로나 이전(2017-2019),이틀간,0.0010384450579124108
moon_pre_covid_2017_2019,문재인 전기/코로나 이전(2017-2019),이하,0.001633964503829633
moon_pre_covid_2017_2019,문재인 전기/코로나 이전(2017-2019),이해,0.005091263495117966
moon_pre_covid_2017_2019,문재인 전기/코로나 이전(2017-2019),이해관계,0.0010692074106729659
moon_pre_covid_2017_2019,문재인 전기/코로나 이전(2017-2019),이혼,0.0010399789082444157
moon_pre_covid_2017_2019,문재인 전기/코로나 이전(2017-2019),이화여대,0.0009392944554751907
moon_pre_covid_2017_2019,문재인 전기/코로나 이전(2017-2019),익명,0.0009713147663967012
moon_pre_covid_2017_2019,문재인 전기/코로나 이전(2017-2019),인건비,0.001577075548751856
moon_pre_covid_2017_2019,문재인 전기/코로나 이전(2017-2019),인공,0.0019203474463716486
moon_pre_covid_2017_2019,문재인 전기/코로나 이전(2017-2019),인공지능,0.004475485222044399
moon_pre_covid_2017_2019,문재인 전기/코로나 이전(2017-2019),인권,0.004442686470055266
moon_pre_covid_2017_2019,문재인 전기/코로나 이전(2017-2019),인권위,0.0011579673670151958
moon_pre_covid_2017_2019,문재인 전기/코로나 이전(2017-2019),인도네시아,0.0019356337687651377
moon_pre_covid_2017_2019,문재인 전기/코로나 이전(2017-2019),인력,0.0041537835385990415
moon_pre_covid_2017_2019,문재인 전기/코로나 이전(2017-2019),인류,0.0014570560654394134
moon_pre_covid_2017_2019,문재인 전기/코로나 이전(2017-2019),인문,0.000676790698091018
moon_pre_covid_2017_2019,문재인 전기/코로나 이전(2017-2019),인문학,0.0007342105330312595
moon_pre_covid_2017_2019,문재인 전기/코로나 이전(2017-2019),인물들,0.0006942047113009339
moon_pre_covid_2017_2019,문재인 전기/코로나 이전(2017-2019),인민,0.0011317518765342723
moon_pre_covid_2017_2019,문재인 전기/코로나 이전(2017-2019),인사,0.01200451159627827
moon_pre_covid_2017_2019,문재인 전기/코로나 이전(2017-2019),인사들,0.0014476298394285462
moon_pre_covid_2017_2019,문재인 전기/코로나 이전(2017-2019),인사청문회,0.001975785186300033
moon_pre_covid_2017_2019,문재인 전기/코로나 이전(2017-2019),인선,0.0013505409083325488
moon_pre_covid_2017_2019,문재인 전기/코로나 이전(2017-2019),인성,0.000589641661062243
moon_pre_covid_2017_2019,문재인 전기/코로나 이전(2017-2019),인센티브,0.0008484218059664476
moon_pre_covid_2017_2019,문재인 전기/코로나 이전(2017-2019),인스타그램,0.0010554088213458452
moon_pre_covid_2017_2019,문재인 전기/코로나 이전(2017-2019),인식,0.005003935920863314
moon_pre_covid_2017_2019,문재인 전기/코로나 이전(2017-2019),인연,0.0012118669971089725
moon_pre_covid_2017_2019,문재인 전기/코로나 이전(2017-2019),인용,0.001788226287443925
moon_pre_covid_2017_2019,문재인 전기/코로나 이전(2017-2019),인원,0.0019355863010899106
moon_pre_covid_2017_2019,문재인 전기/코로나 이전(2017-2019),인재,0.004188176585064856
moon_pre_covid_2017_2019,문재인 전기/코로나 이전(2017-2019),인적,0.0010105527266391688
moon_pre_covid_2017_2019,문재인 전기/코로나 이전(2017-2019),인접,0.0009117166604708371
moon_pre_covid_2017_2019,문재인 전기/코로나 이전(2017-2019),인종,0.0006885404634832654
moon_pre_covid_2017_2019,문재인 전기/코로나 이전(2017-2019),인지도,0.0008656470768667867
moon_pre_covid_2017_2019,문재인 전기/코로나 이전(2017-2019),인천공항,0.0012165270336785409
moon_pre_covid_2017_2019,문재인 전기/코로나 이전(2017-2019),인천시,0.001372866685855825
moon_pre_covid_2017_2019,문재인 전기/코로나 이전(2017-2019),인체,0.0007638902889225355
moon_pre_covid_2017_2019,문재인 전기/코로나 이전(2017-2019),인치,0.0010633028676750485
moon_pre_covid_2017_2019,문재인 전기/코로나 이전(2017-2019),인턴,0.0012387418770317849
moon_pre_covid_2017_2019,문재인 전기/코로나 이전(2017-2019),인테리어,0.000814652965516435
moon_pre_covid_2017_2019,문재인 전기/코로나 이전(2017-2019),인프라,0.0027698758118180054
moon_pre_covid_2017_2019,문재인 전기/코로나 이전(2017-2019),인플레이션,0.0003864818748938228
moon_pre_covid_2017_2019,문재인 전기/코로나 이전(2017-2019),인하,0.0025366766005400897
moon_pre_covid_2017_2019,문재인 전기/코로나 이전(2017-2019),일가,0.0012385618398684792
moon_pre_covid_2017_2019,문재인 전기/코로나 이전(2017-2019),일각,0.0021886732437509156
moon_pre_covid_2017_2019,문재인 전기/코로나 이전(2017-2019),일간,0.0009791897295172362
moon_pre_covid_2017_2019,문재인 전기/코로나 이전(2017-2019),일감,0.0007437164333117498
moon_pre_covid_2017_2019,문재인 전기/코로나 이전(2017-2019),일관,0.0012045263855441153
moon_pre_covid_2017_2019,문재인 전기/코로나 이전(2017-2019),일괄,0.0008415209701592188
moon_pre_covid_2017_2019,문재인 전기/코로나 이전(2017-2019),일까지,0.0014517557324151232
moon_pre_covid_2017_2019,문재인 전기/코로나 이전(2017-2019),일당,0.0008406197096241889
moon_pre_covid_2017_2019,문재인 전기/코로나 이전(2017-2019),일대,0.002245226604623598
moon_pre_covid_2017_2019,문재인 전기/코로나 이전(2017-2019),일들,0.0014198145311227004
moon_pre_covid_2017_2019,문재인 전기/코로나 이전(2017-2019),일명,0.0009031412429732937
moon_pre_covid_2017_2019,문재인 전기/코로나 이전(2017-2019),일반고,0.0012423469761308034
moon_pre_covid_2017_2019,문재인 전기/코로나 이전(2017-2019),일반인,0.0008608259482890734
moon_pre_covid_2017_2019,문재인 전기/코로나 이전(2017-2019),일반적,0.0014989677129206395
moon_pre_covid_2017_2019,문재인 전기/코로나 이전(2017-2019),일방적,0.0013874115389120466
moon_pre_covid_2017_2019,문재인 전기/코로나 이전(2017-2019),일본군,0.001272449728586755
moon_pre_covid_2017_2019,문재인 전기/코로나 이전(2017-2019),일본인,0.0014405953972415307
moon_pre_covid_2017_2019,문재인 전기/코로나 이전(2017-2019),일부,0.001552404914515616
moon_pre_covid_2017_2019,문재인 전기/코로나 이전(2017-2019),일부터,0.002085700284079338
moon_pre_covid_2017_2019,문재인 전기/코로나 이전(2017-2019),일상,0.001989366316479262
moon_pre_covid_2017_2019,문재인 전기/코로나 이전(2017-2019),일상생활,0.0006856353183234354
moon_pre_covid_2017_2019,문재인 전기/코로나 이전(2017-2019),일선,0.0011201471068193521
moon_pre_covid_2017_2019,문재인 전기/코로나 이전(2017-2019),일시,0.0006659898504506864
moon_pre_covid_2017_2019,문재인 전기/코로나 이전(2017-2019),일시적,0.0006836707992564655
moon_pre_covid_2017_2019,문재인 전기/코로나 이전(2017-2019),일요일,0.0008670132975499847
moon_pre_covid_2017_2019,문재인 전기/코로나 이전(2017-2019),일원,0.001066312354038991
moon_pre_covid_2017_2019,문재인 전기/코로나 이전(2017-2019),일이,0.000862006527468864
moon_pre_covid_2017_2019,문재인 전기/코로나 이전(2017-2019),일자,0.001012293590385751
moon_pre_covid_2017_2019,문재인 전기/코로나 이전(2017-2019),일자리,0.014879869446903213
moon_pre_covid_2017_2019,문재인 전기/코로나 이전(2017-2019),일제,0.0018218020914870714
moon_pre_covid_2017_2019,문재인 전기/코로나 이전(2017-2019),일종,0.0017583622582073284
moon_pre_covid_2017_2019,문재인 전기/코로나 이전(2017-2019),일주일,0.002078479710184974
moon_pre_covid_2017_2019,문재인 전기/코로나 이전(2017-2019),일치,0.0011268907991597743
moon_pre_covid_2017_2019,문재인 전기/코로나 이전(2017-2019),일환,0.0011151974541857097
moon_pre_covid_2017_2019,문재인 전기/코로나 이전(2017-2019),임금,0.007698014410702979
moon_pre_covid_2017_2019,문재인 전기/코로나 이전(2017-2019),임대료,0.001567534706802878
moon_pre_covid_2017_2019,문재인 전기/코로나 이전(2017-2019),임대주택,0.0007374371055823188
moon_pre_covid_2017_2019,문재인 전기/코로나 이전(2017-2019),임대차,0.00047337786823175833
moon_pre_covid_2017_2019,문재인 전기/코로나 이전(2017-2019),임무,0.0012220723706103625
moon_pre_covid_2017_2019,문재인 전기/코로나 이전(2017-2019),임시,0.0025905220639808107
moon_pre_covid_2017_2019,문재인 전기/코로나 이전(2017-2019),임신,0.0010968578565013752
moon_pre_covid_2017_2019,문재인 전기/코로나 이전(2017-2019),임용,0.0013356695662992365
moon_pre_covid_2017_2019,문재인 전기/코로나 이전(2017-2019),입건,0.0010673561321198125
moon_pre_covid_2017_2019,문재인 전기/코로나 이전(2017-2019),입구,0.0008898397370728906
moon_pre_covid_2017_2019,문재인 전기/코로나 이전(2017-2019),입당,0.0006484152799358014
moon_pre_covid_2017_2019,문재인 전기/코로나 이전(2017-2019),입력,0.0006858730974254199
moon_pre_covid_2017_2019,문재인 전기/코로나 이전(2017-2019),입사,0.0015053201709552596
moon_pre_covid_2017_2019,문재인 전기/코로나 이전(2017-2019),입수,0.000792772544825056
moon_pre_covid_2017_2019,문재인 전기/코로나 이전(2017-2019),입시,0.0024883162135377512
moon_pre_covid_2017_2019,문재인 전기/코로나 이전(2017-2019),입양,0.00042719981175992893
moon_pre_covid_2017_2019,문재인 전기/코로나 이전(2017-2019),입원,0.0012948418204203102
moon_pre_covid_2017_2019,문재인 전기/코로나 이전(2017-2019),입장을,0.001294105915004947
moon_pre_covid_2017_2019,문재인 전기/코로나 이전(2017-2019),입주자,0.0010022398712545568
moon_pre_covid_2017_2019,문재인 전기/코로나 이전(2017-2019),입증,0.0018972687815757173
moon_pre_covid_2017_2019,문재인 전기/코로나 이전(2017-2019),입지,0.0016405076727279938
moon_pre_covid_2017_2019,문재인 전기/코로나 이전(2017-2019),입찰,0.0012381944323974173
moon_pre_covid_2017_2019,문재인 전기/코로나 이전(2017-2019),있게,0.000851903435504086
moon_pre_covid_2017_2019,문재인 전기/코로나 이전(2017-2019),있고,0.000827611730992863
moon_pre_covid_2017_2019,문재인 전기/코로나 이전(2017-2019),있다고,0.0017221911388742212
moon_pre_covid_2017_2019,문재인 전기/코로나 이전(2017-2019),있다는,0.0016577680634054393
moon_pre_covid_2017_2019,문재인 전기/코로나 이전(2017-2019),있도록,0.0011133560227369619
moon_pre_covid_2017_2019,문재인 전기/코로나 이전(2017-2019),있어,0.0011665821587495105
moon_pre_covid_2017_2019,문재인 전기/코로나 이전(2017-2019),있었다,0.001207565565481802
moon_pre_covid_2017_2019,문재인 전기/코로나 이전(2017-2019),있지만,0.001011205213029581
moon_pre_covid_2017_2019,문재인 전기/코로나 이전(2017-2019),자격증,0.0011035237992495458
moon_pre_covid_2017_2019,문재인 전기/코로나 이전(2017-2019),자국,0.0014613150111817568
moon_pre_covid_2017_2019,문재인 전기/코로나 이전(2017-2019),자극,0.0012928807240834498
moon_pre_covid_2017_2019,문재인 전기/코로나 이전(2017-2019),자녀들,0.0007187215810081747
moon_pre_covid_2017_2019,문재인 전기/코로나 이전(2017-2019),자동,0.002019461710852348
moon_pre_covid_2017_2019,문재인 전기/코로나 이전(2017-2019),자랑,0.0020877717141896965
moon_pre_covid_2017_2019,문재인 전기/코로나 이전(2017-2019),자리매김,0.0009070140370124401
moon_pre_covid_2017_2019,문재인 전기/코로나 이전(2017-2019),자립,0.0007396051196129249
moon_pre_covid_2017_2019,문재인 전기/코로나 이전(2017-2019),자문,0.0019465951795711977
moon_pre_covid_2017_2019,문재인 전기/코로나 이전(2017-2019),자민당,0.0010577855716003065
moon_pre_covid_2017_2019,문재인 전기/코로나 이전(2017-2019),자발적,0.0009396584342617529
moon_pre_covid_2017_2019,문재인 전기/코로나 이전(2017-2019),자본,0.002158053154720654
moon_pre_covid_2017_2019,문재인 전기/코로나 이전(2017-2019),자부심,0.0009195783514423075
moon_pre_covid_2017_2019,문재인 전기/코로나 이전(2017-2019),자사,0.001123445930342925
moon_pre_covid_2017_2019,문재인 전기/코로나 이전(2017-2019),자사고,0.00368115041851137
moon_pre_covid_2017_2019,문재인 전기/코로나 이전(2017-2019),자세,0.0020978221638342565
moon_pre_covid_2017_2019,문재인 전기/코로나 이전(2017-2019),자식,0.0009722581679994555
moon_pre_covid_2017_2019,문재인 전기/코로나 이전(2017-2019),자신감,0.0021276232738867613
moon_pre_covid_2017_2019,문재인 전기/코로나 이전(2017-2019),자신들,0.0022519331923497223
moon_pre_covid_2017_2019,문재인 전기/코로나 이전(2017-2019),자신의,0.0015544960895793518
moon_pre_covid_2017_2019,문재인 전기/코로나 이전(2017-2019),자영업,0.0009289116942856468
moon_pre_covid_2017_2019,문재인 전기/코로나 이전(2017-2019),자원,0.0023253132845824083
moon_pre_covid_2017_2019,문재인 전기/코로나 이전(2017-2019),자원부,0.0012340786758421487
moon_pre_covid_2017_2019,문재인 전기/코로나 이전(2017-2019),자율,0.0025411007398629527
moon_pre_covid_2017_2019,문재인 전기/코로나 이전(2017-2019),자율주행,0.0012430922438968438
moon_pre_covid_2017_2019,문재인 전기/코로나 이전(2017-2019),자전거,0.0009460843612845447
moon_pre_covid_2017_2019,문재인 전기/코로나 이전(2017-2019),자제,0.001228283499635404
moon_pre_covid_2017_2019,문재인 전기/코로나 이전(2017-2019),자존심,0.0007831856939316337
moon_pre_covid_2017_2019,문재인 전기/코로나 이전(2017-2019),자진,0.0010341593335974801
moon_pre_covid_2017_2019,문재인 전기/코로나 이전(2017-2019),자치,0.002009386688091208
moon_pre_covid_2017_2019,문재인 전기/코로나 이전(2017-2019),자치구,0.0006841389099631383
moon_pre_covid_2017_2019,문재인 전기/코로나 이전(2017-2019),자택,0.0009042212466840904
moon_pre_covid_2017_2019,문재인 전기/코로나 이전(2017-2019),자회사,0.00199979958368321
moon_pre_covid_2017_2019,문재인 전기/코로나 이전(2017-2019),작동,0.0015312803848452907
moon_pre_covid_2017_2019,문재인 전기/코로나 이전(2017-2019),작용,0.002067863377236601
moon_pre_covid_2017_2019,문재인 전기/코로나 이전(2017-2019),작전,0.0020065926414204152
moon_pre_covid_2017_2019,문재인 전기/코로나 이전(2017-2019),잠재,0.0006489097702075736
moon_pre_covid_2017_2019,문재인 전기/코로나 이전(2017-2019),잠재력,0.0011421912922347983
moon_pre_covid_2017_2019,문재인 전기/코로나 이전(2017-2019),잠정,0.0008901041597097857
moon_pre_covid_2017_2019,문재인 전기/코로나 이전(2017-2019),잡지,0.0007354527257977351
moon_pre_covid_2017_2019,문재인 전기/코로나 이전(2017-2019),잣대,0.0006307903621031523
moon_pre_covid_2017_2019,문재인 전기/코로나 이전(2017-2019),장거리,0.0009877362560016204
moon_pre_covid_2017_2019,문재인 전기/코로나 이전(2017-2019),장관은,0.0016065066296827271
moon_pre_covid_2017_2019,문재인 전기/코로나 이전(2017-2019),장관이,0.001005809942758247
moon_pre_covid_2017_2019,문재인 전기/코로나 이전(2017-2019),장군,0.0008044204384260537
moon_pre_covid_2017_2019,문재인 전기/코로나 이전(2017-2019),장기간,0.0010194335353907436
moon_pre_covid_2017_2019,문재인 전기/코로나 이전(2017-2019),장기적,0.0013776784274161834
moon_pre_covid_2017_2019,문재인 전기/코로나 이전(2017-2019),장기화,0.0007662794706764906
moon_pre_covid_2017_2019,문재인 전기/코로나 이전(2017-2019),장르,0.0011744383771015842
moon_pre_covid_2017_2019,문재인 전기/코로나 이전(2017-2019),장벽,0.0011950522927100938
moon_pre_covid_2017_2019,문재인 전기/코로나 이전(2017-2019),장사,0.0008068904590246236
moon_pre_covid_2017_2019,문재인 전기/코로나 이전(2017-2019),장소,0.0032099396087848777
moon_pre_covid_2017_2019,문재인 전기/코로나 이전(2017-2019),장악,0.0014948399488805735
moon_pre_covid_2017_2019,문재인 전기/코로나 이전(2017-2019),장애,0.0017868251401710635
moon_pre_covid_2017_2019,문재인 전기/코로나 이전(2017-2019),장애인,0.0034879266785920347
moon_pre_covid_2017_2019,문재인 전기/코로나 이전(2017-2019),장점,0.0020084160284362454
moon_pre_covid_2017_2019,문재인 전기/코로나 이전(2017-2019),장착,0.0010997438148311323
moon_pre_covid_2017_2019,문재인 전기/코로나 이전(2017-2019),장치,0.0020902965117117396
moon_pre_covid_2017_2019,문재인 전기/코로나 이전(2017-2019),장학금,0.0018229488979509332
moon_pre_covid_2017_2019,문재인 전기/코로나 이전(2017-2019),재개발,0.0008693589742007795
moon_pre_covid_2017_2019,문재인 전기/코로나 이전(2017-2019),재건축,0.0014677147506565959
moon_pre_covid_2017_2019,문재인 전기/코로나 이전(2017-2019),재검토,0.0010007759303340875
moon_pre_covid_2017_2019,문재인 전기/코로나 이전(2017-2019),재계,0.0016842997784141112
moon_pre_covid_2017_2019,문재인 전기/코로나 이전(2017-2019),재능,0.000905454267634013
moon_pre_covid_2017_2019,문재인 전기/코로나 이전(2017-2019),재단,0.002226544805671094
moon_pre_covid_2017_2019,문재인 전기/코로나 이전(2017-2019),재료,0.001107098803305922
moon_pre_covid_2017_2019,문재인 전기/코로나 이전(2017-2019),재무,0.0015745241822124286
moon_pre_covid_2017_2019,문재인 전기/코로나 이전(2017-2019),재미,0.0012134883407209467
moon_pre_covid_2017_2019,문재인 전기/코로나 이전(2017-2019),재발,0.0011021387867042893
moon_pre_covid_2017_2019,문재인 전기/코로나 이전(2017-2019),재배,0.0007783120949779439
moon_pre_covid_2017_2019,문재인 전기/코로나 이전(2017-2019),재생,0.0019454795563272527
moon_pre_covid_2017_2019,문재인 전기/코로나 이전(2017-2019),재선,0.0013950935783214157
moon_pre_covid_2017_2019,문재인 전기/코로나 이전(2017-2019),재원,0.0010494526553032953
moon_pre_covid_2017_2019,문재인 전기/코로나 이전(2017-2019),재임,0.0009785229136596572
moon_pre_covid_2017_2019,문재인 전기/코로나 이전(2017-2019),재정부,0.0019457588273771925
moon_pre_covid_2017_2019,문재인 전기/코로나 이전(2017-2019),재직,0.0014560201455595914
moon_pre_covid_2017_2019,문재인 전기/코로나 이전(2017-2019),재택근무,8.509909761238757e-05
moon_pre_covid_2017_2019,문재인 전기/코로나 이전(2017-2019),재판관,0.001176826066799432
moon_pre_covid_2017_2019,문재인 전기/코로나 이전(2017-2019),재판소,0.0006310090400428286
moon_pre_covid_2017_2019,문재인 전기/코로나 이전(2017-2019),재판장,0.0012298202487455577
moon_pre_covid_2017_2019,문재인 전기/코로나 이전(2017-2019),재편,0.000753325138951151
moon_pre_covid_2017_2019,문재인 전기/코로나 이전(2017-2019),재학,0.0010454596766708484
moon_pre_covid_2017_2019,문재인 전기/코로나 이전(2017-2019),재해,0.0008094155378224761
moon_pre_covid_2017_2019,문재인 전기/코로나 이전(2017-2019),재현,0.0008252855053600971
moon_pre_covid_2017_2019,문재인 전기/코로나 이전(2017-2019),재확인,0.0014943873647324853
moon_pre_covid_2017_2019,문재인 전기/코로나 이전(2017-2019),쟁점,0.0018621953105666777
moon_pre_covid_2017_2019,문재인 전기/코로나 이전(2017-2019),저소득층,0.0010277402159420978
moon_pre_covid_2017_2019,문재인 전기/코로나 이전(2017-2019),저장,0.0010499341098266972
moon_pre_covid_2017_2019,문재인 전기/코로나 이전(2017-2019),저지,0.0009877476780631384
moon_pre_covid_2017_2019,문재인 전기/코로나 이전(2017-2019),저축,0.0007335834131595435
moon_pre_covid_2017_2019,문재인 전기/코로나 이전(2017-2019),저출산,0.0013417860689643078
moon_pre_covid_2017_2019,문재인 전기/코로나 이전(2017-2019),저하,0.0007717308408644642
moon_pre_covid_2017_2019,문재인 전기/코로나 이전(2017-2019),저항,0.0013901236667691124
moon_pre_covid_2017_2019,문재인 전기/코로나 이전(2017-2019),적응,0.0009961322012196564
moon_pre_covid_2017_2019,문재인 전기/코로나 이전(2017-2019),적임자,0.0010949396822717977
moon_pre_covid_2017_2019,문재인 전기/코로나 이전(2017-2019),적자,0.0018730353902370871
moon_pre_covid_2017_2019,문재인 전기/코로나 이전(2017-2019),적정,0.0011467029052006786
moon_pre_covid_2017_2019,문재인 전기/코로나 이전(2017-2019),적합,0.0014881882037037194
moon_pre_covid_2017_2019,문재인 전기/코로나 이전(2017-2019),전개,0.001639362169413277
moon_pre_covid_2017_2019,문재인 전기/코로나 이전(2017-2019),전격,0.0012986805083089028
moon_pre_covid_2017_2019,문재인 전기/코로나 이전(2017-2019),전공,0.002089330159656739
moon_pre_covid_2017_2019,문재인 전기/코로나 이전(2017-2019),전국적,0.0007068904807351961
moon_pre_covid_2017_2019,문재인 전기/코로나 이전(2017-2019),전기,0.0032163655807226866
moon_pre_covid_2017_2019,문재인 전기/코로나 이전(2017-2019),전담,0.0017999110194634013
moon_pre_covid_2017_2019,문재인 전기/코로나 이전(2017-2019),전당,0.0013264059332125026
moon_pre_covid_2017_2019,문재인 전기/코로나 이전(2017-2019),전당대회,0.0014947957518672615
moon_pre_covid_2017_2019,문재인 전기/코로나 이전(2017-2019),전두환,0.0011768216883847097
moon_pre_covid_2017_2019,문재인 전기/코로나 이전(2017-2019),전락,0.0007576026127717216
moon_pre_covid_2017_2019,문재인 전기/코로나 이전(2017-2019),전략,0.008344000644573213
moon_pre_covid_2017_2019,문재인 전기/코로나 이전(2017-2019),전략적,0.0008815502246900479
moon_pre_covid_2017_2019,문재인 전기/코로나 이전(2017-2019),전례,0.0009215407622159239
moon_pre_covid_2017_2019,문재인 전기/코로나 이전(2017-2019),전무,0.0016074968371973686
moon_pre_covid_2017_2019,문재인 전기/코로나 이전(2017-2019),전문성,0.0018122394829523842
moon_pre_covid_2017_2019,문재인 전기/코로나 이전(2017-2019),전문의,0.0007201318090594066
moon_pre_covid_2017_2019,문재인 전기/코로나 이전(2017-2019),전반,0.0025446269764557573
moon_pre_covid_2017_2019,문재인 전기/코로나 이전(2017-2019),전반적,0.0014570609000826818
moon_pre_covid_2017_2019,문재인 전기/코로나 이전(2017-2019),전선,0.0008141941773515251
moon_pre_covid_2017_2019,문재인 전기/코로나 이전(2017-2019),전세,0.000977557883190741
moon_pre_covid_2017_2019,문재인 전기/코로나 이전(2017-2019),전수,0.0009239943040029223
moon_pre_covid_2017_2019,문재인 전기/코로나 이전(2017-2019),전수조사,0.0007984794130032167
moon_pre_covid_2017_2019,문재인 전기/코로나 이전(2017-2019),전술,0.001291153406017162
moon_pre_covid_2017_2019,문재인 전기/코로나 이전(2017-2019),전시회,0.0018233229747971272
moon_pre_covid_2017_2019,문재인 전기/코로나 이전(2017-2019),전신,0.0006997933719264426
moon_pre_covid_2017_2019,문재인 전기/코로나 이전(2017-2019),전액,0.0008873401610877951
moon_pre_covid_2017_2019,문재인 전기/코로나 이전(2017-2019),전역,0.0013397739438891544
moon_pre_covid_2017_2019,문재인 전기/코로나 이전(2017-2019),전염병,0.00029337512753634695
moon_pre_covid_2017_2019,문재인 전기/코로나 이전(2017-2019),전용면적,0.0010785925741281417
moon_pre_covid_2017_2019,문재인 전기/코로나 이전(2017-2019),전원,0.0020516867458622834
moon_pre_covid_2017_2019,문재인 전기/코로나 이전(2017-2019),전임,0.0010361868361946707
moon_pre_covid_2017_2019,문재인 전기/코로나 이전(2017-2019),전적,0.0009731268342088378
moon_pre_covid_2017_2019,문재인 전기/코로나 이전(2017-2019),전제,0.001615288346291231
moon_pre_covid_2017_2019,문재인 전기/코로나 이전(2017-2019),전주,0.001720063950781292
moon_pre_covid_2017_2019,문재인 전기/코로나 이전(2017-2019),전지,0.000784847135968634
moon_pre_covid_2017_2019,문재인 전기/코로나 이전(2017-2019),전직,0.002161435308046175
moon_pre_covid_2017_2019,문재인 전기/코로나 이전(2017-2019),전체적,0.0011656768072667778
moon_pre_covid_2017_2019,문재인 전기/코로나 이전(2017-2019),전통적,0.0008896568387938464
moon_pre_covid_2017_2019,문재인 전기/코로나 이전(2017-2019),전투,0.0011750832471321359
moon_pre_covid_2017_2019,문재인 전기/코로나 이전(2017-2019),전투기,0.0011097322122039204
moon_pre_covid_2017_2019,문재인 전기/코로나 이전(2017-2019),전파,0.0009527113698237202
moon_pre_covid_2017_2019,문재인 전기/코로나 이전(2017-2019),전후,0.0014519233566796005
moon_pre_covid_2017_2019,문재인 전기/코로나 이전(2017-2019),절감,0.0013636813901993867
moon_pre_covid_2017_2019,문재인 전기/코로나 이전(2017-2019),절대,0.0011951254691767409
moon_pre_covid_2017_2019,문재인 전기/코로나 이전(2017-2019),절차,0.005120143710867356
moon_pre_covid_2017_2019,문재인 전기/코로나 이전(2017-2019),젊은이,0.0006924228103115636
moon_pre_covid_2017_2019,문재인 전기/코로나 이전(2017-2019),젊은이들,0.0012677513620228792
moon_pre_covid_2017_2019,문재인 전기/코로나 이전(2017-2019),점유,0.001399869010899065
moon_pre_covid_2017_2019,문재인 전기/코로나 이전(2017-2019),점유율,0.0010164157862661575
moon_pre_covid_2017_2019,문재인 전기/코로나 이전(2017-2019),점포,0.0011965614245271782
moon_pre_covid_2017_2019,문재인 전기/코로나 이전(2017-2019),접목,0.0011303944797844499
moon_pre_covid_2017_2019,문재인 전기/코로나 이전(2017-2019),접속,0.0006784948137198262
moon_pre_covid_2017_2019,문재인 전기/코로나 이전(2017-2019),접종,0.0002118225448105112
moon_pre_covid_2017_2019,문재인 전기/코로나 이전(2017-2019),접촉,0.002070610978594974
moon_pre_covid_2017_2019,문재인 전기/코로나 이전(2017-2019),정국,0.0016360943539400453
moon_pre_covid_2017_2019,문재인 전기/코로나 이전(2017-2019),정권교체,0.00035345226485138624
moon_pre_covid_2017_2019,문재인 전기/코로나 이전(2017-2019),정규,0.002979141442899098
moon_pre_covid_2017_2019,문재인 전기/코로나 이전(2017-2019),정규직,0.002435442354189753
moon_pre_covid_2017_2019,문재인 전기/코로나 이전(2017-2019),정기,0.0016956805212552059
moon_pre_covid_2017_2019,문재인 전기/코로나 이전(2017-2019),정년,0.000928358623253417
moon_pre_covid_2017_2019,문재인 전기/코로나 이전(2017-2019),정례,0.0010182629177018384
moon_pre_covid_2017_2019,문재인 전기/코로나 이전(2017-2019),정면,0.0011479593109870363
moon_pre_covid_2017_2019,문재인 전기/코로나 이전(2017-2019),정무,0.001289373542846438
moon_pre_covid_2017_2019,문재인 전기/코로나 이전(2017-2019),정밀,0.0010788971743729734
moon_pre_covid_2017_2019,문재인 전기/코로나 이전(2017-2019),정보,0.009252951357090393
moon_pre_covid_2017_2019,문재인 전기/코로나 이전(2017-2019),정보기관,0.0007891891864304788
moon_pre_covid_2017_2019,문재인 전기/코로나 이전(2017-2019),정보기술,0.0010447243526621802
moon_pre_covid_2017_2019,문재인 전기/코로나 이전(2017-2019),정보원,0.0008994409597611836
moon_pre_covid_2017_2019,문재인 전기/코로나 이전(2017-2019),정부는,0.0018069587592304496
moon_pre_covid_2017_2019,문재인 전기/코로나 이전(2017-2019),정부의,0.002200243200361965
moon_pre_covid_2017_2019,문재인 전기/코로나 이전(2017-2019),정비,0.002050770355995646
moon_pre_covid_2017_2019,문재인 전기/코로나 이전(2017-2019),정상적,0.0011203084062256488
moon_pre_covid_2017_2019,문재인 전기/코로나 이전(2017-2019),정상화,0.0017313933929276365
moon_pre_covid_2017_2019,문재인 전기/코로나 이전(2017-2019),정상회의,0.0012964988196777945
moon_pre_covid_2017_2019,문재인 전기/코로나 이전(2017-2019),정서,0.001057532009095653
moon_pre_covid_2017_2019,문재인 전기/코로나 이전(2017-2019),정세,0.0017713946360894124
moon_pre_covid_2017_2019,문재인 전기/코로나 이전(2017-2019),정시,0.002076774826184382
moon_pre_covid_2017_2019,문재인 전기/코로나 이전(2017-2019),정식,0.001695024952246155
moon_pre_covid_2017_2019,문재인 전기/코로나 이전(2017-2019),정원,0.001752006751574474
moon_pre_covid_2017_2019,문재인 전기/코로나 이전(2017-2019),정작,0.0021627688050449546
moon_pre_covid_2017_2019,문재인 전기/코로나 이전(2017-2019),정전,0.0013573501262941108
moon_pre_covid_2017_2019,문재인 전기/코로나 이전(2017-2019),정점,0.0006944900385474398
moon_pre_covid_2017_2019,문재인 전기/코로나 이전(2017-2019),정지,0.0015612137226567295
moon_pre_covid_2017_2019,문재인 전기/코로나 이전(2017-2019),정직,0.0007091718662821085
moon_pre_covid_2017_2019,문재인 전기/코로나 이전(2017-2019),정착,0.0021995742694936493
moon_pre_covid_2017_2019,문재인 전기/코로나 이전(2017-2019),정책,0.01668439820516649
moon_pre_covid_2017_2019,문재인 전기/코로나 이전(2017-2019),정책위,0.0012027205999207643
moon_pre_covid_2017_2019,문재인 전기/코로나 이전(2017-2019),정체,0.0013060150129532325
moon_pre_covid_2017_2019,문재인 전기/코로나 이전(2017-2019),정체성,0.0012952144612184515
moon_pre_covid_2017_2019,문재인 전기/코로나 이전(2017-2019),정치인들,0.0008120928156782175
moon_pre_covid_2017_2019,문재인 전기/코로나 이전(2017-2019),정치적,0.002531613104151892
moon_pre_covid_2017_2019,문재인 전기/코로나 이전(2017-2019),정확,0.002711893686783822
moon_pre_covid_2017_2019,문재인 전기/코로나 이전(2017-2019),정황,0.0016054026403413155
moon_pre_covid_2017_2019,문재인 전기/코로나 이전(2017-2019),제거,0.0018993626259334298
moon_pre_covid_2017_2019,문재인 전기/코로나 이전(2017-2019),제대로,0.0008765177692526499
moon_pre_covid_2017_2019,문재인 전기/코로나 이전(2017-2019),제도적,0.0006913713947619376
moon_pre_covid_2017_2019,문재인 전기/코로나 이전(2017-2019),제동,0.0007809904705393945
moon_pre_covid_2017_2019,문재인 전기/코로나 이전(2017-2019),제로,0.0006923416858840889
moon_pre_covid_2017_2019,문재인 전기/코로나 이전(2017-2019),제목,0.0022582746971328074
moon_pre_covid_2017_2019,문재인 전기/코로나 이전(2017-2019),제보,0.0015327966542248472
moon_pre_covid_2017_2019,문재인 전기/코로나 이전(2017-2019),제안,0.005582027047085808
moon_pre_covid_2017_2019,문재인 전기/코로나 이전(2017-2019),제약,0.0016772176018521872
moon_pre_covid_2017_2019,문재인 전기/코로나 이전(2017-2019),제어,0.0009933033935881576
moon_pre_covid_2017_2019,문재인 전기/코로나 이전(2017-2019),제임스,0.0012450452810992454
moon_pre_covid_2017_2019,문재인 전기/코로나 이전(2017-2019),제작진,0.000941700360130206
moon_pre_covid_2017_2019,문재인 전기/코로나 이전(2017-2019),제정,0.0018611415829892862
moon_pre_covid_2017_2019,문재인 전기/코로나 이전(2017-2019),제조,0.002586173924992295
moon_pre_covid_2017_2019,문재인 전기/코로나 이전(2017-2019),제조사,0.0011366027878776884
moon_pre_covid_2017_2019,문재인 전기/코로나 이전(2017-2019),제조업,0.0029012320527641296
moon_pre_covid_2017_2019,문재인 전기/코로나 이전(2017-2019),제한적,0.0007237282775133156
moon_pre_covid_2017_2019,문재인 전기/코로나 이전(2017-2019),조각,0.000691099617510931
moon_pre_covid_2017_2019,문재인 전기/코로나 이전(2017-2019),조금,0.0020232663347769897
moon_pre_covid_2017_2019,문재인 전기/코로나 이전(2017-2019),조금씩,0.001066435332128064
moon_pre_covid_2017_2019,문재인 전기/코로나 이전(2017-2019),조달,0.0011764405013638395
moon_pre_covid_2017_2019,문재인 전기/코로나 이전(2017-2019),조례,0.001174654058838173
moon_pre_covid_2017_2019,문재인 전기/코로나 이전(2017-2019),조명,0.0013577165392252746
moon_pre_covid_2017_2019,문재인 전기/코로나 이전(2017-2019),조사단,0.0012855358967974286
moon_pre_covid_2017_2019,문재인 전기/코로나 이전(2017-2019),조선일보,0.0010209086258060184
moon_pre_covid_2017_2019,문재인 전기/코로나 이전(2017-2019),조세,0.000828238975290974
moon_pre_covid_2017_2019,문재인 전기/코로나 이전(2017-2019),조심,0.0015255430748847079
moon_pre_covid_2017_2019,문재인 전기/코로나 이전(2017-2019),조언,0.0019659765979506087
moon_pre_covid_2017_2019,문재인 전기/코로나 이전(2017-2019),조율,0.00209108867951633
moon_pre_covid_2017_2019,문재인 전기/코로나 이전(2017-2019),조절,0.0016966118261962796
moon_pre_covid_2017_2019,문재인 전기/코로나 이전(2017-2019),조지,0.0009937529930718293
moon_pre_covid_2017_2019,문재인 전기/코로나 이전(2017-2019),조직,0.009603084590161013
moon_pre_covid_2017_2019,문재인 전기/코로나 이전(2017-2019),조직원,0.0008884937281047104
moon_pre_covid_2017_2019,문재인 전기/코로나 이전(2017-2019),조짐,0.0007932349469587317
moon_pre_covid_2017_2019,문재인 전기/코로나 이전(2017-2019),조처,0.0012365455766941038
moon_pre_covid_2017_2019,문재인 전기/코로나 이전(2017-2019),조합,0.0016366055318210527
moon_pre_covid_2017_2019,문재인 전기/코로나 이전(2017-2019),조합원,0.0018435927439948304
moon_pre_covid_2017_2019,문재인 전기/코로나 이전(2017-2019),조항,0.001840988874310228
moon_pre_covid_2017_2019,문재인 전기/코로나 이전(2017-2019),조화,0.0010333737881560638
moon_pre_covid_2017_2019,문재인 전기/코로나 이전(2017-2019),조회,0.000901802668146231
moon_pre_covid_2017_2019,문재인 전기/코로나 이전(2017-2019),조희연,0.0006099994818835591
moon_pre_covid_2017_2019,문재인 전기/코로나 이전(2017-2019),존경,0.0011282813648620972
moon_pre_covid_2017_2019,문재인 전기/코로나 이전(2017-2019),존재감,0.0010981614094640385
moon_pre_covid_2017_2019,문재인 전기/코로나 이전(2017-2019),존중,0.002298047917665052
moon_pre_covid_2017_2019,문재인 전기/코로나 이전(2017-2019),졸업생,0.0008092376020192941
moon_pre_covid_2017_2019,문재인 전기/코로나 이전(2017-2019),종교,0.0013651334632690153
moon_pre_covid_2017_2019,문재인 전기/코로나 이전(2017-2019),종로,0.000696662816389486
moon_pre_covid_2017_2019,문재인 전기/코로나 이전(2017-2019),종로구,0.0017562223298244473
moon_pre_covid_2017_2019,문재인 전기/코로나 이전(2017-2019),종료,0.0025152536419756682
moon_pre_covid_2017_2019,문재인 전기/코로나 이전(2017-2019),종류,0.0013094938560220526
moon_pre_covid_2017_2019,문재인 전기/코로나 이전(2017-2019),종부세,0.0006978155308735146
moon_pre_covid_2017_2019,문재인 전기/코로나 이전(2017-2019),종사자,0.0012126710495185275
moon_pre_covid_2017_2019,문재인 전기/코로나 이전(2017-2019),종식,0.0005587768844498673
moon_pre_covid_2017_2019,문재인 전기/코로나 이전(2017-2019),종전,0.001544325789931836
moon_pre_covid_2017_2019,문재인 전기/코로나 이전(2017-2019),종합적,0.0011911023296360657
moon_pre_covid_2017_2019,문재인 전기/코로나 이전(2017-2019),좋은,0.001405402561588362
moon_pre_covid_2017_2019,문재인 전기/코로나 이전(2017-2019),좌우,0.0011774474610823896
moon_pre_covid_2017_2019,문재인 전기/코로나 이전(2017-2019),좌절,0.0008468158128844995
moon_pre_covid_2017_2019,문재인 전기/코로나 이전(2017-2019),좌파,0.001506055516381843
moon_pre_covid_2017_2019,문재인 전기/코로나 이전(2017-2019),주간,0.0008464720890621822
moon_pre_covid_2017_2019,문재인 전기/코로나 이전(2017-2019),주관,0.0018042703029264565
moon_pre_covid_2017_2019,문재인 전기/코로나 이전(2017-2019),주기,0.0013870196107359496
moon_pre_covid_2017_2019,문재인 전기/코로나 이전(2017-2019),주도,0.005391466680505199
moon_pre_covid_2017_2019,문재인 전기/코로나 이전(2017-2019),주도권,0.000775089168120088
moon_pre_covid_2017_2019,문재인 전기/코로나 이전(2017-2019),주력,0.0023411187011763376
moon_pre_covid_2017_2019,문재인 전기/코로나 이전(2017-2019),주류,0.0011159404750274216
moon_pre_covid_2017_2019,문재인 전기/코로나 이전(2017-2019),주말,0.002431966569614385
moon_pre_covid_2017_2019,문재인 전기/코로나 이전(2017-2019),주문,0.0027047754480252813
moon_pre_covid_2017_2019,문재인 전기/코로나 이전(2017-2019),주소,0.0007333569967297158
moon_pre_covid_2017_2019,문재인 전기/코로나 이전(2017-2019),주역,0.0009304079784522579
moon_pre_covid_2017_2019,문재인 전기/코로나 이전(2017-2019),주영진,0.0007598582102064403
moon_pre_covid_2017_2019,문재인 전기/코로나 이전(2017-2019),주위,0.0008572870236250528
moon_pre_covid_2017_2019,문재인 전기/코로나 이전(2017-2019),주의,0.0018569560067547223
moon_pre_covid_2017_2019,문재인 전기/코로나 이전(2017-2019),주인,0.0016902213357846624
moon_pre_covid_2017_2019,문재인 전기/코로나 이전(2017-2019),주일,0.001085670121735637
moon_pre_covid_2017_2019,문재인 전기/코로나 이전(2017-2019),주자,0.0011268127964877198
moon_pre_covid_2017_2019,문재인 전기/코로나 이전(2017-2019),주재,0.002448629903819191
moon_pre_covid_2017_2019,문재인 전기/코로나 이전(2017-2019),주주,0.00221018224127567
moon_pre_covid_2017_2019,문재인 전기/코로나 이전(2017-2019),주차,0.0010472724431835798
moon_pre_covid_2017_2019,문재인 전기/코로나 이전(2017-2019),주차장,0.0014292078044823653
moon_pre_covid_2017_2019,문재인 전기/코로나 이전(2017-2019),주체,0.0014921764599127331
moon_pre_covid_2017_2019,문재인 전기/코로나 이전(2017-2019),주최,0.0023151134474513916
moon_pre_covid_2017_2019,문재인 전기/코로나 이전(2017-2019),주택,0.007488981347624385
moon_pre_covid_2017_2019,문재인 전기/코로나 이전(2017-2019),주한,0.0018158250693956733
moon_pre_covid_2017_2019,문재인 전기/코로나 이전(2017-2019),주한미군,0.001164006254833217
moon_pre_covid_2017_2019,문재인 전기/코로나 이전(2017-2019),주행,0.002123686267137208
moon_pre_covid_2017_2019,문재인 전기/코로나 이전(2017-2019),주호영,0.0005282466745497014
moon_pre_covid_2017_2019,문재인 전기/코로나 이전(2017-2019),준공,0.0008747640587932716
moon_pre_covid_2017_2019,문재인 전기/코로나 이전(2017-2019),준수,0.00102272536270396
moon_pre_covid_2017_2019,문재인 전기/코로나 이전(2017-2019),중간,0.0022873835367466662
moon_pre_covid_2017_2019,문재인 전기/코로나 이전(2017-2019),중계,0.0008122389012592522
moon_pre_covid_2017_2019,문재인 전기/코로나 이전(2017-2019),중구,0.002464547058387148
moon_pre_covid_2017_2019,문재인 전기/코로나 이전(2017-2019),중국인,0.0012080352677448633
moon_pre_covid_2017_2019,문재인 전기/코로나 이전(2017-2019),중대,0.0019520078452179138
moon_pre_covid_2017_2019,문재인 전기/코로나 이전(2017-2019),중도,0.0012708162293341009
moon_pre_covid_2017_2019,문재인 전기/코로나 이전(2017-2019),중립,0.0011325719865459018
moon_pre_covid_2017_2019,문재인 전기/코로나 이전(2017-2019),중반,0.0011082727409188226
moon_pre_covid_2017_2019,문재인 전기/코로나 이전(2017-2019),중복,0.0006388721478388582
moon_pre_covid_2017_2019,문재인 전기/코로나 이전(2017-2019),중산층,0.000761734419152502
moon_pre_covid_2017_2019,문재인 전기/코로나 이전(2017-2019),중소,0.0026612455833639197
moon_pre_covid_2017_2019,문재인 전기/코로나 이전(2017-2019),중순,0.0010621920603174503
moon_pre_covid_2017_2019,문재인 전기/코로나 이전(2017-2019),중시,0.0012904885428829697
moon_pre_covid_2017_2019,문재인 전기/코로나 이전(2017-2019),중심으로,0.000863316671014099
moon_pre_covid_2017_2019,문재인 전기/코로나 이전(2017-2019),중앙은행,0.000910727699667153
moon_pre_covid_2017_2019,문재인 전기/코로나 이전(2017-2019),중앙정부,0.0008003945565024974
moon_pre_covid_2017_2019,문재인 전기/코로나 이전(2017-2019),중요성,0.0015996249815966013
moon_pre_covid_2017_2019,문재인 전기/코로나 이전(2017-2019),중인,0.0016074624100222924
moon_pre_covid_2017_2019,문재인 전기/코로나 이전(2017-2019),중재,0.0013805001469295334
moon_pre_covid_2017_2019,문재인 전기/코로나 이전(2017-2019),중점,0.0012339125650283052
moon_pre_covid_2017_2019,문재인 전기/코로나 이전(2017-2019),중증,0.0005794002276894089
moon_pre_covid_2017_2019,문재인 전기/코로나 이전(2017-2019),중지,0.0009860677378196682
moon_pre_covid_2017_2019,문재인 전기/코로나 이전(2017-2019),중진,0.0011007359791183437
moon_pre_covid_2017_2019,문재인 전기/코로나 이전(2017-2019),중징계,0.0007451173524721113
moon_pre_covid_2017_2019,문재인 전기/코로나 이전(2017-2019),중학교,0.0016258612844620311
moon_pre_covid_2017_2019,문재인 전기/코로나 이전(2017-2019),즉시,0.0013131568117230317
moon_pre_covid_2017_2019,문재인 전기/코로나 이전(2017-2019),증가세,0.000880490944502473
moon_pre_covid_2017_2019,문재인 전기/코로나 이전(2017-2019),증권사,0.0012231157712240992
moon_pre_covid_2017_2019,문재인 전기/코로나 이전(2017-2019),증대,0.0007931155431019207
moon_pre_covid_2017_2019,문재인 전기/코로나 이전(2017-2019),증명,0.0012610556458246983
moon_pre_covid_2017_2019,문재인 전기/코로나 이전(2017-2019),증상,0.001154017156443509
moon_pre_covid_2017_2019,문재인 전기/코로나 이전(2017-2019),증세,0.0010433685709370186
moon_pre_covid_2017_2019,문재인 전기/코로나 이전(2017-2019),증액,0.0007752996329084478
moon_pre_covid_2017_2019,문재인 전기/코로나 이전(2017-2019),증언,0.0015224947559910127
moon_pre_covid_2017_2019,문재인 전기/코로나 이전(2017-2019),증여,0.0006703468706641013
moon_pre_covid_2017_2019,문재인 전기/코로나 이전(2017-2019),증인,0.0012037138969352883
moon_pre_covid_2017_2019,문재인 전기/코로나 이전(2017-2019),증진,0.001045946361531926
moon_pre_covid_2017_2019,문재인 전기/코로나 이전(2017-2019),지검장,0.0006301857140367242
moon_pre_covid_2017_2019,문재인 전기/코로나 이전(2017-2019),지금,0.0011597364966673387
moon_pre_covid_2017_2019,문재인 전기/코로나 이전(2017-2019),지난주,0.001936173605007646
moon_pre_covid_2017_2019,문재인 전기/코로나 이전(2017-2019),지능,0.0020881401625527448
moon_pre_covid_2017_2019,문재인 전기/코로나 이전(2017-2019),지대,0.0009723684625704224
moon_pre_covid_2017_2019,문재인 전기/코로나 이전(2017-2019),지도,0.0020645573336886386
moon_pre_covid_2017_2019,문재인 전기/코로나 이전(2017-2019),지명,0.0025571663017050035
moon_pre_covid_2017_2019,문재인 전기/코로나 이전(2017-2019),지목,0.001476091910002583
moon_pre_covid_2017_2019,문재인 전기/코로나 이전(2017-2019),지방선거,0.003181783131894799
moon_pre_covid_2017_2019,문재인 전기/코로나 이전(2017-2019),지방자치단체,0.001236501433338813
moon_pre_covid_2017_2019,문재인 전기/코로나 이전(2017-2019),지배,0.0018902513632419462
moon_pre_covid_2017_2019,문재인 전기/코로나 이전(2017-2019),지배구조,0.00063390266876987
moon_pre_covid_2017_2019,문재인 전기/코로나 이전(2017-2019),지분,0.002513972108109017
moon_pre_covid_2017_2019,문재인 전기/코로나 이전(2017-2019),지불,0.000760388266329828
moon_pre_covid_2017_2019,문재인 전기/코로나 이전(2017-2019),지상,0.002308672884698102
moon_pre_covid_2017_2019,문재인 전기/코로나 이전(2017-2019),지상파,0.0010162978348400877
moon_pre_covid_2017_2019,문재인 전기/코로나 이전(2017-2019),지속가능,0.0010045009886308883
moon_pre_covid_2017_2019,문재인 전기/코로나 이전(2017-2019),지식,0.00214820157979628
moon_pre_covid_2017_2019,문재인 전기/코로나 이전(2017-2019),지식인,0.0006636353759159861
moon_pre_covid_2017_2019,문재인 전기/코로나 이전(2017-2019),지역별,0.0008330999742896903
moon_pre_covid_2017_2019,문재인 전기/코로나 이전(2017-2019),지역사회,0.001028636583196604
moon_pre_covid_2017_2019,문재인 전기/코로나 이전(2017-2019),지연,0.0013792975595160397
moon_pre_covid_2017_2019,문재인 전기/코로나 이전(2017-2019),지원자,0.0015837833241213102
moon_pre_covid_2017_2019,문재인 전기/코로나 이전(2017-2019),지위,0.0019250135777411277
moon_pre_covid_2017_2019,문재인 전기/코로나 이전(2017-2019),지인,0.000934293907049061
moon_pre_covid_2017_2019,문재인 전기/코로나 이전(2017-2019),지점,0.0016348053635128956
moon_pre_covid_2017_2019,문재인 전기/코로나 이전(2017-2019),지주,0.0008734864011275338
moon_pre_covid_2017_2019,문재인 전기/코로나 이전(2017-2019),지지도,0.0011470416891478938
moon_pre_covid_2017_2019,문재인 전기/코로나 이전(2017-2019),지지자,0.001139456236283532
moon_pre_covid_2017_2019,문재인 전기/코로나 이전(2017-2019),지지자들,0.0006424016502647188
moon_pre_covid_2017_2019,문재인 전기/코로나 이전(2017-2019),지지층,0.0008472469418166149
moon_pre_covid_2017_2019,문재인 전기/코로나 이전(2017-2019),지출,0.0016887129873802108
moon_pre_covid_2017_2019,문재인 전기/코로나 이전(2017-2019),지침,0.0014324232697070483
moon_pre_covid_2017_2019,문재인 전기/코로나 이전(2017-2019),지표,0.0023232972544986337
moon_pre_covid_2017_2019,문재인 전기/코로나 이전(2017-2019),지하,0.002579982246453739
moon_pre_covid_2017_2019,문재인 전기/코로나 이전(2017-2019),지향,0.0014163607164711762
moon_pre_covid_2017_2019,문재인 전기/코로나 이전(2017-2019),지혜,0.001067998681622211
moon_pre_covid_2017_2019,문재인 전기/코로나 이전(2017-2019),지휘,0.0017054641768379645
moon_pre_covid_2017_2019,문재인 전기/코로나 이전(2017-2019),직권,0.0009488631031716797
moon_pre_covid_2017_2019,문재인 전기/코로나 이전(2017-2019),직권남용,0.0009673468001992694
moon_pre_covid_2017_2019,문재인 전기/코로나 이전(2017-2019),직면,0.0010757199318752295
moon_pre_covid_2017_2019,문재인 전기/코로나 이전(2017-2019),직무,0.0025141645104855424
moon_pre_covid_2017_2019,문재인 전기/코로나 이전(2017-2019),직속,0.0012639956762857197
moon_pre_covid_2017_2019,문재인 전기/코로나 이전(2017-2019),직업,0.0021848705140786605
moon_pre_covid_2017_2019,문재인 전기/코로나 이전(2017-2019),직원,0.0071109038785724344
moon_pre_covid_2017_2019,문재인 전기/코로나 이전(2017-2019),직장,0.002793786077178514
moon_pre_covid_2017_2019,문재인 전기/코로나 이전(2017-2019),직장인,0.001984909608985217
moon_pre_covid_2017_2019,문재인 전기/코로나 이전(2017-2019),직전,0.0021102192752824505
moon_pre_covid_2017_2019,문재인 전기/코로나 이전(2017-2019),직접적,0.0012721489620601356
moon_pre_covid_2017_2019,문재인 전기/코로나 이전(2017-2019),진로,0.0011840464550344027
moon_pre_covid_2017_2019,문재인 전기/코로나 이전(2017-2019),진료,0.0014653969190897107
moon_pre_covid_2017_2019,문재인 전기/코로나 이전(2017-2019),진상,0.0018708582642610366
moon_pre_covid_2017_2019,문재인 전기/코로나 이전(2017-2019),진상규명,0.000787786941322809
moon_pre_covid_2017_2019,문재인 전기/코로나 이전(2017-2019),진술,0.002497463666165742
moon_pre_covid_2017_2019,문재인 전기/코로나 이전(2017-2019),진실,0.0022793350109137464
moon_pre_covid_2017_2019,문재인 전기/코로나 이전(2017-2019),진심,0.0011583980272291206
moon_pre_covid_2017_2019,문재인 전기/코로나 이전(2017-2019),진압,0.000805192629516312
moon_pre_covid_2017_2019,문재인 전기/코로나 이전(2017-2019),진영,0.0022860686691264756
moon_pre_covid_2017_2019,문재인 전기/코로나 이전(2017-2019),진입,0.002258830049390339
moon_pre_covid_2017_2019,문재인 전기/코로나 이전(2017-2019),진전,0.003837834915909514
moon_pre_covid_2017_2019,문재인 전기/코로나 이전(2017-2019),진정,0.0008611741968043771
moon_pre_covid_2017_2019,문재인 전기/코로나 이전(2017-2019),진정성,0.001373517113811054
moon_pre_covid_2017_2019,문재인 전기/코로나 이전(2017-2019),진짜,0.0021240893430830472
moon_pre_covid_2017_2019,문재인 전기/코로나 이전(2017-2019),진학,0.0012067944860830067
moon_pre_covid_2017_2019,문재인 전기/코로나 이전(2017-2019),진화,0.001977501997407875
moon_pre_covid_2017_2019,문재인 전기/코로나 이전(2017-2019),진흥,0.0008173290513288713
moon_pre_covid_2017_2019,문재인 전기/코로나 이전(2017-2019),질병,0.0013707309419527904
moon_pre_covid_2017_2019,문재인 전기/코로나 이전(2017-2019),질서,0.0014295717353824562
moon_pre_covid_2017_2019,문재인 전기/코로나 이전(2017-2019),질의,0.0010809291454334903
moon_pre_covid_2017_2019,문재인 전기/코로나 이전(2017-2019),질환,0.0021217620895733263
moon_pre_covid_2017_2019,문재인 전기/코로나 이전(2017-2019),짐작,0.0006374914315546639
moon_pre_covid_2017_2019,문재인 전기/코로나 이전(2017-2019),집계,0.002069152627556389
moon_pre_covid_2017_2019,문재인 전기/코로나 이전(2017-2019),집무실,0.0008001263723114202
moon_pre_covid_2017_2019,문재인 전기/코로나 이전(2017-2019),집안,0.0010062881930897286
moon_pre_covid_2017_2019,문재인 전기/코로나 이전(2017-2019),집중적,0.001070856072947687
moon_pre_covid_2017_2019,문재인 전기/코로나 이전(2017-2019),차단,0.0019785784042790516
moon_pre_covid_2017_2019,문재인 전기/코로나 이전(2017-2019),차별,0.0027313658780303844
moon_pre_covid_2017_2019,문재인 전기/코로나 이전(2017-2019),차별화,0.0019297909409484802
moon_pre_covid_2017_2019,문재인 전기/코로나 이전(2017-2019),차세대,0.002534939445940725
moon_pre_covid_2017_2019,문재인 전기/코로나 이전(2017-2019),차장,0.0024653250750181085
moon_pre_covid_2017_2019,문재인 전기/코로나 이전(2017-2019),차질,0.001250056704525726
moon_pre_covid_2017_2019,문재인 전기/코로나 이전(2017-2019),차트,0.000809433263469595
moon_pre_covid_2017_2019,문재인 전기/코로나 이전(2017-2019),착공,0.0008654923926374713
moon_pre_covid_2017_2019,문재인 전기/코로나 이전(2017-2019),착수,0.0019575856103584933
moon_pre_covid_2017_2019,문재인 전기/코로나 이전(2017-2019),착용,0.0008798262033315606
moon_pre_covid_2017_2019,문재인 전기/코로나 이전(2017-2019),찬반,0.001003743891572216
moon_pre_covid_2017_2019,문재인 전기/코로나 이전(2017-2019),찬성,0.0025835089098131293
moon_pre_covid_2017_2019,문재인 전기/코로나 이전(2017-2019),참가자,0.0015848800170555426
moon_pre_covid_2017_2019,문재인 전기/코로나 이전(2017-2019),참고,0.0011832154809151686
moon_pre_covid_2017_2019,문재인 전기/코로나 이전(2017-2019),참모,0.0011372410691776601
moon_pre_covid_2017_2019,문재인 전기/코로나 이전(2017-2019),참배,0.0005461883126921828
moon_pre_covid_2017_2019,문재인 전기/코로나 이전(2017-2019),참석자,0.0010943208427526545
moon_pre_covid_2017_2019,문재인 전기/코로나 이전(2017-2019),참여,0.009812593830330816
moon_pre_covid_2017_2019,문재인 전기/코로나 이전(2017-2019),참여연대,0.0008573985397103037
moon_pre_covid_2017_2019,문재인 전기/코로나 이전(2017-2019),참패,0.0006096081445271096
moon_pre_covid_2017_2019,문재인 전기/코로나 이전(2017-2019),창구,0.0007797341719825168
moon_pre_covid_2017_2019,문재인 전기/코로나 이전(2017-2019),창당,0.0010294289836969767
moon_pre_covid_2017_2019,문재인 전기/코로나 이전(2017-2019),창립,0.0014859752673655109
moon_pre_covid_2017_2019,문재인 전기/코로나 이전(2017-2019),창업자,0.0016974788497502071
moon_pre_covid_2017_2019,문재인 전기/코로나 이전(2017-2019),창원,0.001334463919379901
moon_pre_covid_2017_2019,문재인 전기/코로나 이전(2017-2019),창의,0.0009419220765162502
moon_pre_covid_2017_2019,문재인 전기/코로나 이전(2017-2019),창의적,0.0008212311441530574
moon_pre_covid_2017_2019,문재인 전기/코로나 이전(2017-2019),창작,0.0007894094624527375
moon_pre_covid_2017_2019,문재인 전기/코로나 이전(2017-2019),채권,0.0014100040986555938
moon_pre_covid_2017_2019,문재인 전기/코로나 이전(2017-2019),채무,0.0010117741693042074
moon_pre_covid_2017_2019,문재인 전기/코로나 이전(2017-2019),채택,0.0025970067593015364
moon_pre_covid_2017_2019,문재인 전기/코로나 이전(2017-2019),책임,0.006723958051638933
moon_pre_covid_2017_2019,문재인 전기/코로나 이전(2017-2019),책임감,0.0012500592504393838
moon_pre_covid_2017_2019,문재인 전기/코로나 이전(2017-2019),책임자,0.002127210134162977
moon_pre_covid_2017_2019,문재인 전기/코로나 이전(2017-2019),책정,0.0009498442332089952
moon_pre_covid_2017_2019,문재인 전기/코로나 이전(2017-2019),처방,0.000842783340875836
moon_pre_covid_2017_2019,문재인 전기/코로나 이전(2017-2019),처우,0.0007933108982087773
moon_pre_covid_2017_2019,문재인 전기/코로나 이전(2017-2019),처음,0.0012543913942603133
moon_pre_covid_2017_2019,문재인 전기/코로나 이전(2017-2019),처음으로,0.0013777331436399057
moon_pre_covid_2017_2019,문재인 전기/코로나 이전(2017-2019),처장,0.0011675841370683852
moon_pre_covid_2017_2019,문재인 전기/코로나 이전(2017-2019),처지,0.000881535274277322
moon_pre_covid_2017_2019,문재인 전기/코로나 이전(2017-2019),천만,0.0015469274175533502
moon_pre_covid_2017_2019,문재인 전기/코로나 이전(2017-2019),천안,0.0008345123002581854
moon_pre_covid_2017_2019,문재인 전기/코로나 이전(2017-2019),천억,0.0010909790276631387
moon_pre_covid_2017_2019,문재인 전기/코로나 이전(2017-2019),철강,0.0012323924523386046
moon_pre_covid_2017_2019,문재인 전기/코로나 이전(2017-2019),철거,0.0015380332958113438
moon_pre_covid_2017_2019,문재인 전기/코로나 이전(2017-2019),철수,0.0016009361051768595
moon_pre_covid_2017_2019,문재인 전기/코로나 이전(2017-2019),철저,0.0017903844879518255
moon_pre_covid_2017_2019,문재인 전기/코로나 이전(2017-2019),철학,0.001668814521201244
moon_pre_covid_2017_2019,문재인 전기/코로나 이전(2017-2019),철회,0.0023996351462237915
moon_pre_covid_2017_2019,문재인 전기/코로나 이전(2017-2019),첨단,0.0023120455850744507
moon_pre_covid_2017_2019,문재인 전기/코로나 이전(2017-2019),첫날,0.0015332555488362788
moon_pre_covid_2017_2019,문재인 전기/코로나 이전(2017-2019),청년,0.0119655941687374
moon_pre_covid_2017_2019,문재인 전기/코로나 이전(2017-2019),청년층,0.000866887343612336
moon_pre_covid_2017_2019,문재인 전기/코로나 이전(2017-2019),청문,0.0012395649045477805
moon_pre_covid_2017_2019,문재인 전기/코로나 이전(2017-2019),청사,0.0012653938942604106
moon_pre_covid_2017_2019,문재인 전기/코로나 이전(2017-2019),청산,0.002640270212122156
moon_pre_covid_2017_2019,문재인 전기/코로나 이전(2017-2019),청소,0.0009077041684024627
moon_pre_covid_2017_2019,문재인 전기/코로나 이전(2017-2019),청소년,0.002643612988613515
moon_pre_covid_2017_2019,문재인 전기/코로나 이전(2017-2019),청소년들,0.0007430348572137935
moon_pre_covid_2017_2019,문재인 전기/코로나 이전(2017-2019),청장,0.0014857988479404247
moon_pre_covid_2017_2019,문재인 전기/코로나 이전(2017-2019),청주,0.001128385300213191
moon_pre_covid_2017_2019,문재인 전기/코로나 이전(2017-2019),청춘,0.0008376117511975408
moon_pre_covid_2017_2019,문재인 전기/코로나 이전(2017-2019),청탁,0.0017124499262935735
moon_pre_covid_2017_2019,문재인 전기/코로나 이전(2017-2019),체감,0.0014573790857890937
moon_pre_covid_2017_2019,문재인 전기/코로나 이전(2017-2019),체결,0.0030272368735209812
moon_pre_covid_2017_2019,문재인 전기/코로나 이전(2017-2019),체계,0.0033230421137047245
moon_pre_covid_2017_2019,문재인 전기/코로나 이전(2017-2019),체계적,0.0010773049947659498
moon_pre_covid_2017_2019,문재인 전기/코로나 이전(2017-2019),체력,0.0010095964470016308
moon_pre_covid_2017_2019,문재인 전기/코로나 이전(2017-2019),체류,0.000986793777801612
moon_pre_covid_2017_2019,문재인 전기/코로나 이전(2017-2019),체육,0.00210438277040294
moon_pre_covid_2017_2019,문재인 전기/코로나 이전(2017-2019),체크,0.0007360510506312199
moon_pre_covid_2017_2019,문재인 전기/코로나 이전(2017-2019),체포,0.0019569459631287025
moon_pre_covid_2017_2019,문재인 전기/코로나 이전(2017-2019),체험,0.0026371771661240955
moon_pre_covid_2017_2019,문재인 전기/코로나 이전(2017-2019),초과,0.0017561534320614744
moon_pre_covid_2017_2019,문재인 전기/코로나 이전(2017-2019),초대,0.0016582748098049533
moon_pre_covid_2017_2019,문재인 전기/코로나 이전(2017-2019),초등학교,0.0016965338137737197
moon_pre_covid_2017_2019,문재인 전기/코로나 이전(2017-2019),초래,0.001034958874244651
moon_pre_covid_2017_2019,문재인 전기/코로나 이전(2017-2019),초반,0.0020055211489299705
moon_pre_covid_2017_2019,문재인 전기/코로나 이전(2017-2019),초선,0.0007500433095496404
moon_pre_covid_2017_2019,문재인 전기/코로나 이전(2017-2019),초점,0.0016703067697041688
moon_pre_covid_2017_2019,문재인 전기/코로나 이전(2017-2019),초청,0.0028729161919359395
moon_pre_covid_2017_2019,문재인 전기/코로나 이전(2017-2019),촉발,0.0007212672823706328
moon_pre_covid_2017_2019,문재인 전기/코로나 이전(2017-2019),촉진,0.0014576252771478374
moon_pre_covid_2017_2019,문재인 전기/코로나 이전(2017-2019),총기,0.0006270583470536565
moon_pre_covid_2017_2019,문재인 전기/코로나 이전(2017-2019),총력,0.0007684089911978091
moon_pre_covid_2017_2019,문재인 전기/코로나 이전(2017-2019),총수,0.001356860875992969
moon_pre_covid_2017_2019,문재인 전기/코로나 이전(2017-2019),총액,0.0010262647675174151
moon_pre_covid_2017_2019,문재인 전기/코로나 이전(2017-2019),총재,0.0017938737662842393
moon_pre_covid_2017_2019,문재인 전기/코로나 이전(2017-2019),총파업,0.0010450376697181945
moon_pre_covid_2017_2019,문재인 전기/코로나 이전(2017-2019),총회,0.0020689659864478855
moon_pre_covid_2017_2019,문재인 전기/코로나 이전(2017-2019),최고경영자,0.0010871531953643456
moon_pre_covid_2017_2019,문재인 전기/코로나 이전(2017-2019),최고위원,0.0018073026140942162
moon_pre_covid_2017_2019,문재인 전기/코로나 이전(2017-2019),최다,0.0011372467140388996
moon_pre_covid_2017_2019,문재인 전기/코로나 이전(2017-2019),최소화,0.0018577131902726143
moon_pre_covid_2017_2019,문재인 전기/코로나 이전(2017-2019),최신,0.001360280090818594
moon_pre_covid_2017_2019,문재인 전기/코로나 이전(2017-2019),최씨,0.000884634562486653
moon_pre_covid_2017_2019,문재인 전기/코로나 이전(2017-2019),최악,0.0017231054845238995
moon_pre_covid_2017_2019,문재인 전기/코로나 이전(2017-2019),최우선,0.0010871664795415843
moon_pre_covid_2017_2019,문재인 전기/코로나 이전(2017-2019),최장,0.0009654171551477789
moon_pre_covid_2017_2019,문재인 전기/코로나 이전(2017-2019),최저임금,0.004259083526535932
moon_pre_covid_2017_2019,문재인 전기/코로나 이전(2017-2019),최적,0.000974294219349217
moon_pre_covid_2017_2019,문재인 전기/코로나 이전(2017-2019),최종적,0.0010024751795490406
moon_pre_covid_2017_2019,문재인 전기/코로나 이전(2017-2019),최초로,0.0009516389188172097
moon_pre_covid_2017_2019,문재인 전기/코로나 이전(2017-2019),최태원,0.0009572667607614507
moon_pre_covid_2017_2019,문재인 전기/코로나 이전(2017-2019),추가적,0.0008249042010979191
moon_pre_covid_2017_2019,문재인 전기/코로나 이전(2017-2019),추구,0.002393032633306291
moon_pre_covid_2017_2019,문재인 전기/코로나 이전(2017-2019),추락,0.001283637965055129
moon_pre_covid_2017_2019,문재인 전기/코로나 이전(2017-2019),추모,0.0010827762511141342
moon_pre_covid_2017_2019,문재인 전기/코로나 이전(2017-2019),추산,0.0011093309040030208
moon_pre_covid_2017_2019,문재인 전기/코로나 이전(2017-2019),추석,0.0017393496961037893
moon_pre_covid_2017_2019,문재인 전기/코로나 이전(2017-2019),추세,0.0018509846071590652
moon_pre_covid_2017_2019,문재인 전기/코로나 이전(2017-2019),추억,0.001093897561445146
moon_pre_covid_2017_2019,문재인 전기/코로나 이전(2017-2019),추적,0.0012983346236449516
moon_pre_covid_2017_2019,문재인 전기/코로나 이전(2017-2019),추진,0.011476123309097638
moon_pre_covid_2017_2019,문재인 전기/코로나 이전(2017-2019),추측,0.000680301602731025
moon_pre_covid_2017_2019,문재인 전기/코로나 이전(2017-2019),추후,0.0007737686124195302
moon_pre_covid_2017_2019,문재인 전기/코로나 이전(2017-2019),축적,0.0009912810881638453
moon_pre_covid_2017_2019,문재인 전기/코로나 이전(2017-2019),축하,0.001449586107862477
moon_pre_covid_2017_2019,문재인 전기/코로나 이전(2017-2019),춘천,0.0006191959492424925
moon_pre_covid_2017_2019,문재인 전기/코로나 이전(2017-2019),출간,0.0013174963889734154
moon_pre_covid_2017_2019,문재인 전기/코로나 이전(2017-2019),출구,0.0007038176436680555
moon_pre_covid_2017_2019,문재인 전기/코로나 이전(2017-2019),출국,0.0012109160700955212
moon_pre_covid_2017_2019,문재인 전기/코로나 이전(2017-2019),출근,0.0013191745679702993
moon_pre_covid_2017_2019,문재인 전기/코로나 이전(2017-2019),출동,0.0009685684306565588
moon_pre_covid_2017_2019,문재인 전기/코로나 이전(2017-2019),출발,0.0028903392354623016
moon_pre_covid_2017_2019,문재인 전기/코로나 이전(2017-2019),출산,0.0021406993410247777
moon_pre_covid_2017_2019,문재인 전기/코로나 이전(2017-2019),출생,0.0008069899988381424
moon_pre_covid_2017_2019,문재인 전기/코로나 이전(2017-2019),출석,0.0020142856083012065
moon_pre_covid_2017_2019,문재인 전기/코로나 이전(2017-2019),출연자,0.0009248106063996643
moon_pre_covid_2017_2019,문재인 전기/코로나 이전(2017-2019),출입,0.0010669461871456233
moon_pre_covid_2017_2019,문재인 전기/코로나 이전(2017-2019),출자,0.0007128219563487874
moon_pre_covid_2017_2019,문재인 전기/코로나 이전(2017-2019),출장,0.0013128361787496867
moon_pre_covid_2017_2019,문재인 전기/코로나 이전(2017-2019),출제,0.0009418811205273636
moon_pre_covid_2017_2019,문재인 전기/코로나 이전(2017-2019),출퇴근,0.0009150252795764853
moon_pre_covid_2017_2019,문재인 전기/코로나 이전(2017-2019),출판,0.0009244166345769382
moon_pre_covid_2017_2019,문재인 전기/코로나 이전(2017-2019),출판사,0.0009205444895797462
moon_pre_covid_2017_2019,문재인 전기/코로나 이전(2017-2019),충격,0.0020353034557216198
moon_pre_covid_2017_2019,문재인 전기/코로나 이전(2017-2019),충돌,0.00257769630208682
moon_pre_covid_2017_2019,문재인 전기/코로나 이전(2017-2019),충실,0.0008977465731399498
moon_pre_covid_2017_2019,문재인 전기/코로나 이전(2017-2019),충전,0.001019221825471289
moon_pre_covid_2017_2019,문재인 전기/코로나 이전(2017-2019),충족,0.0012580205331955282
moon_pre_covid_2017_2019,문재인 전기/코로나 이전(2017-2019),충청,0.0006784074337181655
moon_pre_covid_2017_2019,문재인 전기/코로나 이전(2017-2019),취급,0.0010144242347554717
moon_pre_covid_2017_2019,문재인 전기/코로나 이전(2017-2019),취득,0.001370557005427433
moon_pre_covid_2017_2019,문재인 전기/코로나 이전(2017-2019),취약,0.0014780826994951971
moon_pre_covid_2017_2019,문재인 전기/코로나 이전(2017-2019),취약계층,0.0007265799074033932
moon_pre_covid_2017_2019,문재인 전기/코로나 이전(2017-2019),취업,0.00496779545672981
moon_pre_covid_2017_2019,문재인 전기/코로나 이전(2017-2019),취업자,0.0022251451354671466
moon_pre_covid_2017_2019,문재인 전기/코로나 이전(2017-2019),취임식,0.0008489093741888413
moon_pre_covid_2017_2019,문재인 전기/코로나 이전(2017-2019),취재기자,0.0010213608767868974
moon_pre_covid_2017_2019,문재인 전기/코로나 이전(2017-2019),취재진,0.0016813510605654628
moon_pre_covid_2017_2019,문재인 전기/코로나 이전(2017-2019),취향,0.0008600489090877245
moon_pre_covid_2017_2019,문재인 전기/코로나 이전(2017-2019),측근,0.0012193189846083437
moon_pre_covid_2017_2019,문재인 전기/코로나 이전(2017-2019),측정,0.0018927099079762448
moon_pre_covid_2017_2019,문재인 전기/코로나 이전(2017-2019),치매,0.0014536613050026889
moon_pre_covid_2017_2019,문재인 전기/코로나 이전(2017-2019),치열,0.0020859249949233805
moon_pre_covid_2017_2019,문재인 전기/코로나 이전(2017-2019),치유,0.0008037309008513893
moon_pre_covid_2017_2019,문재인 전기/코로나 이전(2017-2019),친환경,0.0008466885031472007
moon_pre_covid_2017_2019,문재인 전기/코로나 이전(2017-2019),침묵,0.001109478952192275
moon_pre_covid_2017_2019,문재인 전기/코로나 이전(2017-2019),침체,0.001242619905231323
moon_pre_covid_2017_2019,문재인 전기/코로나 이전(2017-2019),침해,0.00221419284642786
moon_pre_covid_2017_2019,문재인 전기/코로나 이전(2017-2019),칭찬,0.0010604987761909717
moon_pre_covid_2017_2019,문재인 전기/코로나 이전(2017-2019),카메라,0.002298611244327602
moon_pre_covid_2017_2019,문재인 전기/코로나 이전(2017-2019),카카오톡,0.0009218322775661203
moon_pre_covid_2017_2019,문재인 전기/코로나 이전(2017-2019),카페,0.001673349879296542
moon_pre_covid_2017_2019,문재인 전기/코로나 이전(2017-2019),칼럼,0.001092431246316794
moon_pre_covid_2017_2019,문재인 전기/코로나 이전(2017-2019),캐나다,0.0025354114433553654
moon_pre_covid_2017_2019,문재인 전기/코로나 이전(2017-2019),캠퍼스,0.0015389462665099342
moon_pre_covid_2017_2019,문재인 전기/코로나 이전(2017-2019),캠페인,0.0018198995032295878
moon_pre_covid_2017_2019,문재인 전기/코로나 이전(2017-2019),커피,0.0016206463383476844
moon_pre_covid_2017_2019,문재인 전기/코로나 이전(2017-2019),컨설팅,0.0015814729651618426
moon_pre_covid_2017_2019,문재인 전기/코로나 이전(2017-2019),컴퓨터,0.001899243845899489
moon_pre_covid_2017_2019,문재인 전기/코로나 이전(2017-2019),케어,0.0012932776738503436
moon_pre_covid_2017_2019,문재인 전기/코로나 이전(2017-2019),코너,0.000757974851886572
moon_pre_covid_2017_2019,문재인 전기/코로나 이전(2017-2019),코드,0.0014720463778730337
moon_pre_covid_2017_2019,문재인 전기/코로나 이전(2017-2019),코로나,6.2442404857923854e-06
moon_pre_covid_2017_2019,문재인 전기/코로나 이전(2017-2019),코리아,0.0022942527110186932
moon_pre_covid_2017_2019,문재인 전기/코로나 이전(2017-2019),코스,0.0009281417164052333
moon_pre_covid_2017_2019,문재인 전기/코로나 이전(2017-2019),코스닥,0.002154005350798082
moon_pre_covid_2017_2019,문재인 전기/코로나 이전(2017-2019),코치,0.001252890019241959
moon_pre_covid_2017_2019,문재인 전기/코로나 이전(2017-2019),콘서트,0.0013083032385090866
moon_pre_covid_2017_2019,문재인 전기/코로나 이전(2017-2019),콘텐트,0.0011615380409816497
moon_pre_covid_2017_2019,문재인 전기/코로나 이전(2017-2019),콜센터,0.0005098002250067871
moon_pre_covid_2017_2019,문재인 전기/코로나 이전(2017-2019),쿠데타,0.00047200458055463625
moon_pre_covid_2017_2019,문재인 전기/코로나 이전(2017-2019),크게,0.0011328411513073452
moon_pre_covid_2017_2019,문재인 전기/코로나 이전(2017-2019),크기,0.00167720452388676
moon_pre_covid_2017_2019,문재인 전기/코로나 이전(2017-2019),클라우드,0.001682876434293099
moon_pre_covid_2017_2019,문재인 전기/코로나 이전(2017-2019),클럽,0.0016405720287514115
moon_pre_covid_2017_2019,문재인 전기/코로나 이전(2017-2019),키워드,0.0007848029147495714
moon_pre_covid_2017_2019,문재인 전기/코로나 이전(2017-2019),타격,0.002202430182189224
moon_pre_covid_2017_2019,문재인 전기/코로나 이전(2017-2019),타결,0.0013276955672242698
moon_pre_covid_2017_2019,문재인 전기/코로나 이전(2017-2019),타워,0.0008823485245480293
moon_pre_covid_2017_2019,문재인 전기/코로나 이전(2017-2019),타인,0.0008627494608162315
moon_pre_covid_2017_2019,문재인 전기/코로나 이전(2017-2019),타협,0.0011578867633529925
moon_pre_covid_2017_2019,문재인 전기/코로나 이전(2017-2019),탄도,0.0016961486025670678
moon_pre_covid_2017_2019,문재인 전기/코로나 이전(2017-2019),탄도미사일,0.0012309258771770722
moon_pre_covid_2017_2019,문재인 전기/코로나 이전(2017-2019),탄력,0.0017339253061587558
moon_pre_covid_2017_2019,문재인 전기/코로나 이전(2017-2019),탄생,0.0021174296683784794
moon_pre_covid_2017_2019,문재인 전기/코로나 이전(2017-2019),탄압,0.0008308203321643417
moon_pre_covid_2017_2019,문재인 전기/코로나 이전(2017-2019),탈당,0.0009847191496953288
moon_pre_covid_2017_2019,문재인 전기/코로나 이전(2017-2019),탈락,0.001451635124536894
moon_pre_covid_2017_2019,문재인 전기/코로나 이전(2017-2019),탈출,0.0009328194698251898
moon_pre_covid_2017_2019,문재인 전기/코로나 이전(2017-2019),탈퇴,0.0011294978956742725
moon_pre_covid_2017_2019,문재인 전기/코로나 이전(2017-2019),탑재,0.0018834823333445797
moon_pre_covid_2017_2019,문재인 전기/코로나 이전(2017-2019),태국,0.001634735913313952
moon_pre_covid_2017_2019,문재인 전기/코로나 이전(2017-2019),태도,0.0031068715970343536
moon_pre_covid_2017_2019,문재인 전기/코로나 이전(2017-2019),태블릿,0.0007307779847215708
moon_pre_covid_2017_2019,문재인 전기/코로나 이전(2017-2019),태스크포스,0.00116200555565486
moon_pre_covid_2017_2019,문재인 전기/코로나 이전(2017-2019),태양,0.0006931150414230743
moon_pre_covid_2017_2019,문재인 전기/코로나 이전(2017-2019),태양광,0.0017344838514094293
moon_pre_covid_2017_2019,문재인 전기/코로나 이전(2017-2019),태평양,0.001411530377678297
moon_pre_covid_2017_2019,문재인 전기/코로나 이전(2017-2019),태풍,0.001371343446190351
moon_pre_covid_2017_2019,문재인 전기/코로나 이전(2017-2019),택배,0.0007066685783906069
moon_pre_covid_2017_2019,문재인 전기/코로나 이전(2017-2019),테마,0.0008281188864764944
moon_pre_covid_2017_2019,문재인 전기/코로나 이전(2017-2019),테스트,0.0012774378662707773
moon_pre_covid_2017_2019,문재인 전기/코로나 이전(2017-2019),테이블,0.001381873143591286
moon_pre_covid_2017_2019,문재인 전기/코로나 이전(2017-2019),텍스트는,0.0004811959691614798
moon_pre_covid_2017_2019,문재인 전기/코로나 이전(2017-2019),토대,0.0021338713493628527
moon_pre_covid_2017_2019,문재인 전기/코로나 이전(2017-2019),토로,0.0008164391713340028
moon_pre_covid_2017_2019,문재인 전기/코로나 이전(2017-2019),토요일,0.0007508698973564753
moon_pre_covid_2017_2019,문재인 전기/코로나 이전(2017-2019),토지,0.0012934636384850015
moon_pre_covid_2017_2019,문재인 전기/코로나 이전(2017-2019),토크,0.0008270731951583532
moon_pre_covid_2017_2019,문재인 전기/코로나 이전(2017-2019),통계,0.0021824353500506555
moon_pre_covid_2017_2019,문재인 전기/코로나 이전(2017-2019),통계청,0.0017263723092375608
moon_pre_covid_2017_2019,문재인 전기/코로나 이전(2017-2019),통보,0.001969881331110249
moon_pre_covid_2017_2019,문재인 전기/코로나 이전(2017-2019),통상,0.002321218037501536
moon_pre_covid_2017_2019,문재인 전기/코로나 이전(2017-2019),통신사,0.0014020947349924274
moon_pre_covid_2017_2019,문재인 전기/코로나 이전(2017-2019),통일부,0.0029582607297893135
moon_pre_covid_2017_2019,문재인 전기/코로나 이전(2017-2019),통장,0.0009602248949424975
moon_pre_covid_2017_2019,문재인 전기/코로나 이전(2017-2019),통제,0.002726489342755477
moon_pre_covid_2017_2019,문재인 전기/코로나 이전(2017-2019),통증,0.0009749494887298628
moon_pre_covid_2017_2019,문재인 전기/코로나 이전(2017-2019),통치,0.0006809113337221145
moon_pre_covid_2017_2019,문재인 전기/코로나 이전(2017-2019),퇴근,0.001008380456368729
moon_pre_covid_2017_2019,문재인 전기/코로나 이전(2017-2019),퇴임,0.0009279649867119498
moon_pre_covid_2017_2019,문재인 전기/코로나 이전(2017-2019),퇴직,0.0017668221839176638
moon_pre_covid_2017_2019,문재인 전기/코로나 이전(2017-2019),퇴직금,0.0005894033210717723
moon_pre_covid_2017_2019,문재인 전기/코로나 이전(2017-2019),퇴출,0.0008690955232921251
moon_pre_covid_2017_2019,문재인 전기/코로나 이전(2017-2019),투명,0.001772617616701944
moon_pre_covid_2017_2019,문재인 전기/코로나 이전(2017-2019),투명성,0.0011921256091141437
moon_pre_covid_2017_2019,문재인 전기/코로나 이전(2017-2019),투어,0.0017240035964876173
moon_pre_covid_2017_2019,문재인 전기/코로나 이전(2017-2019),투자자들,0.0011365561148475017
moon_pre_covid_2017_2019,문재인 전기/코로나 이전(2017-2019),투쟁,0.0022646495638225573
moon_pre_covid_2017_2019,문재인 전기/코로나 이전(2017-2019),투표율,0.000401185387602165
moon_pre_covid_2017_2019,문재인 전기/코로나 이전(2017-2019),트랙,0.00213636687214303
moon_pre_covid_2017_2019,문재인 전기/코로나 이전(2017-2019),트럭,0.0008889066435551794
moon_pre_covid_2017_2019,문재인 전기/코로나 이전(2017-2019),트위,0.0014957600554969487
moon_pre_covid_2017_2019,문재인 전기/코로나 이전(2017-2019),트위터,0.0018976139024447915
moon_pre_covid_2017_2019,문재인 전기/코로나 이전(2017-2019),특권,0.000894064342352459
moon_pre_covid_2017_2019,문재인 전기/코로나 이전(2017-2019),특례,0.0009907094091063278
moon_pre_covid_2017_2019,문재인 전기/코로나 이전(2017-2019),특별법,0.0011728836265311128
moon_pre_covid_2017_2019,문재인 전기/코로나 이전(2017-2019),특사,0.0016569204842355422
moon_pre_covid_2017_2019,문재인 전기/코로나 이전(2017-2019),특성,0.0024217086491558552
moon_pre_covid_2017_2019,문재인 전기/코로나 이전(2017-2019),특성화,0.0008384535045548821
moon_pre_covid_2017_2019,문재인 전기/코로나 이전(2017-2019),특수,0.002298400564240437
moon_pre_covid_2017_2019,문재인 전기/코로나 이전(2017-2019),특유,0.0010017615937961786
moon_pre_covid_2017_2019,문재인 전기/코로나 이전(2017-2019),특징,0.00232294118105842
moon_pre_covid_2017_2019,문재인 전기/코로나 이전(2017-2019),특파원,0.0023704947646805566
moon_pre_covid_2017_2019,문재인 전기/코로나 이전(2017-2019),특허,0.001656870476989789
moon_pre_covid_2017_2019,문재인 전기/코로나 이전(2017-2019),특혜,0.001757712495179043
moon_pre_covid_2017_2019,문재인 전기/코로나 이전(2017-2019),특화,0.001332704337940612
moon_pre_covid_2017_2019,문재인 전기/코로나 이전(2017-2019),특히,0.001926117908401878
moon_pre_covid_2017_2019,문재인 전기/코로나 이전(2017-2019),파괴,0.001666068086118984
moon_pre_covid_2017_2019,문재인 전기/코로나 이전(2017-2019),파기,0.001088604862552582
moon_pre_covid_2017_2019,문재인 전기/코로나 이전(2017-2019),파문,0.0009021758854013375
moon_pre_covid_2017_2019,문재인 전기/코로나 이전(2017-2019),파산,0.0005470431301121476
moon_pre_covid_2017_2019,문재인 전기/코로나 이전(2017-2019),파업,0.001988897522425882
moon_pre_covid_2017_2019,문재인 전기/코로나 이전(2017-2019),파워,0.0008310493396023237
moon_pre_covid_2017_2019,문재인 전기/코로나 이전(2017-2019),파일,0.0007239781625619855
moon_pre_covid_2017_2019,문재인 전기/코로나 이전(2017-2019),파장,0.0009220411229366547
moon_pre_covid_2017_2019,문재인 전기/코로나 이전(2017-2019),파주,0.00097992344856683
moon_pre_covid_2017_2019,문재인 전기/코로나 이전(2017-2019),파트너,0.001403766815834782
moon_pre_covid_2017_2019,문재인 전기/코로나 이전(2017-2019),판교,0.0009515038013979863
moon_pre_covid_2017_2019,문재인 전기/코로나 이전(2017-2019),판단,0.007926805305227562
moon_pre_covid_2017_2019,문재인 전기/코로나 이전(2017-2019),판매량,0.0017266147571683526
moon_pre_covid_2017_2019,문재인 전기/코로나 이전(2017-2019),패널,0.0012058856286304525
moon_pre_covid_2017_2019,문재인 전기/코로나 이전(2017-2019),패러다임,0.0010810349363080626
moon_pre_covid_2017_2019,문재인 전기/코로나 이전(2017-2019),패배,0.0013028842437684928
moon_pre_covid_2017_2019,문재인 전기/코로나 이전(2017-2019),패스,0.0006913211927430299
moon_pre_covid_2017_2019,문재인 전기/코로나 이전(2017-2019),패키지,0.0008146448579906734
moon_pre_covid_2017_2019,문재인 전기/코로나 이전(2017-2019),패턴,0.0008761494063911845
moon_pre_covid_2017_2019,문재인 전기/코로나 이전(2017-2019),팬데믹,1.6720735299727776e-06
moon_pre_covid_2017_2019,문재인 전기/코로나 이전(2017-2019),페미니즘,0.0008406544852512106
moon_pre_covid_2017_2019,문재인 전기/코로나 이전(2017-2019),페스티벌,0.0011139946217475869
moon_pre_covid_2017_2019,문재인 전기/코로나 이전(2017-2019),편견,0.0009237162948047482
moon_pre_covid_2017_2019,문재인 전기/코로나 이전(2017-2019),편리,0.0017262266095842956
moon_pre_covid_2017_2019,문재인 전기/코로나 이전(2017-2019),편성,0.0020441151744324502
moon_pre_covid_2017_2019,문재인 전기/코로나 이전(2017-2019),편안,0.0009860781766061514
moon_pre_covid_2017_2019,문재인 전기/코로나 이전(2017-2019),편의,0.0014216141895147057
moon_pre_covid_2017_2019,문재인 전기/코로나 이전(2017-2019),편의점,0.0016980416051726795
moon_pre_covid_2017_2019,문재인 전기/코로나 이전(2017-2019),편입,0.000767853127408235
moon_pre_covid_2017_2019,문재인 전기/코로나 이전(2017-2019),편지,0.001445033642064555
moon_pre_covid_2017_2019,문재인 전기/코로나 이전(2017-2019),편집,0.0011548910226034958
moon_pre_covid_2017_2019,문재인 전기/코로나 이전(2017-2019),편향,0.000714306197472526
moon_pre_covid_2017_2019,문재인 전기/코로나 이전(2017-2019),평가,0.020857570593500574
moon_pre_covid_2017_2019,문재인 전기/코로나 이전(2017-2019),평가를,0.001106833549055466
moon_pre_covid_2017_2019,문재인 전기/코로나 이전(2017-2019),평등,0.0015110999020067318
moon_pre_covid_2017_2019,문재인 전기/코로나 이전(2017-2019),평론가,0.001636237403461321
moon_pre_covid_2017_2019,문재인 전기/코로나 이전(2017-2019),평생,0.0017032876763523725
moon_pre_covid_2017_2019,문재인 전기/코로나 이전(2017-2019),평소,0.0022435375791308664
moon_pre_covid_2017_2019,문재인 전기/코로나 이전(2017-2019),평택,0.0010495717839347932
moon_pre_covid_2017_2019,문재인 전기/코로나 이전(2017-2019),폐기,0.0036491674458259396
moon_pre_covid_2017_2019,문재인 전기/코로나 이전(2017-2019),폐기물,0.0010015073180273176
moon_pre_covid_2017_2019,문재인 전기/코로나 이전(2017-2019),폐쇄,0.0018979387549981491
moon_pre_covid_2017_2019,문재인 전기/코로나 이전(2017-2019),폐지,0.005013881463737799
moon_pre_covid_2017_2019,문재인 전기/코로나 이전(2017-2019),포괄,0.0008448257001356843
moon_pre_covid_2017_2019,문재인 전기/코로나 이전(2017-2019),포럼,0.0025133099393592185
moon_pre_covid_2017_2019,문재인 전기/코로나 이전(2017-2019),포스코,0.001641527688795662
moon_pre_covid_2017_2019,문재인 전기/코로나 이전(2017-2019),포스트,0.0007253360308069125
moon_pre_covid_2017_2019,문재인 전기/코로나 이전(2017-2019),포용,0.0014428405982795977
moon_pre_covid_2017_2019,문재인 전기/코로나 이전(2017-2019),포장,0.0011474706783606461
moon_pre_covid_2017_2019,문재인 전기/코로나 이전(2017-2019),포착,0.0013093328191328701
moon_pre_covid_2017_2019,문재인 전기/코로나 이전(2017-2019),포털,0.0011978614300548402
moon_pre_covid_2017_2019,문재인 전기/코로나 이전(2017-2019),포퓰리즘,0.0009223664288302301
moon_pre_covid_2017_2019,문재인 전기/코로나 이전(2017-2019),포항,0.001731404035447415
moon_pre_covid_2017_2019,문재인 전기/코로나 이전(2017-2019),폭로,0.0020132012246849343
moon_pre_covid_2017_2019,문재인 전기/코로나 이전(2017-2019),폭발,0.0013063696040622453
moon_pre_covid_2017_2019,문재인 전기/코로나 이전(2017-2019),폭탄,0.001326984199401053
moon_pre_covid_2017_2019,문재인 전기/코로나 이전(2017-2019),폴란드,0.0009972409827017114
moon_pre_covid_2017_2019,문재인 전기/코로나 이전(2017-2019),표결,0.001308874166333922
moon_pre_covid_2017_2019,문재인 전기/코로나 이전(2017-2019),표명,0.00187109007897305
moon_pre_covid_2017_2019,문재인 전기/코로나 이전(2017-2019),표시,0.002145242766545396
moon_pre_covid_2017_2019,문재인 전기/코로나 이전(2017-2019),표심,0.0004618679090238936
moon_pre_covid_2017_2019,문재인 전기/코로나 이전(2017-2019),표정,0.001525976806994219
moon_pre_covid_2017_2019,문재인 전기/코로나 이전(2017-2019),표준,0.0013241447262373595
moon_pre_covid_2017_2019,문재인 전기/코로나 이전(2017-2019),표출,0.0006787232886978389
moon_pre_covid_2017_2019,문재인 전기/코로나 이전(2017-2019),풀이,0.002066620213218968
moon_pre_covid_2017_2019,문재인 전기/코로나 이전(2017-2019),품목,0.0019353583068524125
moon_pre_covid_2017_2019,문재인 전기/코로나 이전(2017-2019),품질,0.0027395948400368497
moon_pre_covid_2017_2019,문재인 전기/코로나 이전(2017-2019),풍경,0.0010671445144618916
moon_pre_covid_2017_2019,문재인 전기/코로나 이전(2017-2019),프랜차이즈,0.0009972065898699153
moon_pre_covid_2017_2019,문재인 전기/코로나 이전(2017-2019),프레임,0.0011547626674143741
moon_pre_covid_2017_2019,문재인 전기/코로나 이전(2017-2019),프로세스,0.0012222123873312475
moon_pre_covid_2017_2019,문재인 전기/코로나 이전(2017-2019),프리미엄,0.0023034991921970995
moon_pre_covid_2017_2019,문재인 전기/코로나 이전(2017-2019),플라스틱,0.001047443332242499
moon_pre_covid_2017_2019,문재인 전기/코로나 이전(2017-2019),플랫폼,0.004285382200925169
moon_pre_covid_2017_2019,문재인 전기/코로나 이전(2017-2019),플러스,0.001114023020687643
moon_pre_covid_2017_2019,문재인 전기/코로나 이전(2017-2019),플레이,0.0013239787640770334
moon_pre_covid_2017_2019,문재인 전기/코로나 이전(2017-2019),피고인,0.0016398544316663444
moon_pre_covid_2017_2019,문재인 전기/코로나 이전(2017-2019),피의자,0.002319647619668332
moon_pre_covid_2017_2019,문재인 전기/코로나 이전(2017-2019),피해자들,0.0015364775299600475
moon_pre_covid_2017_2019,문재인 전기/코로나 이전(2017-2019),핀란드,0.001239080589879554
moon_pre_covid_2017_2019,문재인 전기/코로나 이전(2017-2019),핀테크,0.0015891223071022348
moon_pre_covid_2017_2019,문재인 전기/코로나 이전(2017-2019),필리핀,0.0015728770212798556
moon_pre_covid_2017_2019,문재인 전기/코로나 이전(2017-2019),필수,0.0014100659141663056
moon_pre_covid_2017_2019,문재인 전기/코로나 이전(2017-2019),필수적,0.0007555613095120221
moon_pre_covid_2017_2019,문재인 전기/코로나 이전(2017-2019),필요성,0.0023852122139937613
moon_pre_covid_2017_2019,문재인 전기/코로나 이전(2017-2019),필요한,0.0008769312123082557
moon_pre_covid_2017_2019,문재인 전기/코로나 이전(2017-2019),필자,0.0006245126052985734
moon_pre_covid_2017_2019,문재인 전기/코로나 이전(2017-2019),하고,0.0017753922135562475
moon_pre_covid_2017_2019,문재인 전기/코로나 이전(2017-2019),하나은행,0.0010488464450947325
moon_pre_covid_2017_2019,문재인 전기/코로나 이전(2017-2019),하늘,0.0015566043402196058
moon_pre_covid_2017_2019,문재인 전기/코로나 이전(2017-2019),하우스,0.0009569844198036675
moon_pre_covid_2017_2019,문재인 전기/코로나 이전(2017-2019),하원,0.0017406368625417135
moon_pre_covid_2017_2019,문재인 전기/코로나 이전(2017-2019),하위,0.001040699234066593
moon_pre_covid_2017_2019,문재인 전기/코로나 이전(2017-2019),하이닉스,0.0017656701467386121
moon_pre_covid_2017_2019,문재인 전기/코로나 이전(2017-2019),하이브리드,0.0007235418253661597
moon_pre_covid_2017_2019,문재인 전기/코로나 이전(2017-2019),하지만,0.0021971803713066685
moon_pre_covid_2017_2019,문재인 전기/코로나 이전(2017-2019),하태경,0.0012669175901315701
moon_pre_covid_2017_2019,문재인 전기/코로나 이전(2017-2019),학계,0.0009401173890084637
moon_pre_covid_2017_2019,문재인 전기/코로나 이전(2017-2019),학과,0.0016192588828320045
moon_pre_covid_2017_2019,문재인 전기/코로나 이전(2017-2019),학기,0.0011141025601173803
moon_pre_covid_2017_2019,문재인 전기/코로나 이전(2017-2019),학년,0.0018580851712036736
moon_pre_covid_2017_2019,문재인 전기/코로나 이전(2017-2019),학력,0.001153427174787894
moon_pre_covid_2017_2019,문재인 전기/코로나 이전(2017-2019),학문,0.0008156948958598993
moon_pre_covid_2017_2019,문재인 전기/코로나 이전(2017-2019),학부,0.001004614331317061
moon_pre_covid_2017_2019,문재인 전기/코로나 이전(2017-2019),학부모들,0.0010838775357356468
moon_pre_covid_2017_2019,문재인 전기/코로나 이전(2017-2019),학살,0.0006174200506047596
moon_pre_covid_2017_2019,문재인 전기/코로나 이전(2017-2019),학생부,0.002019719625257587
moon_pre_covid_2017_2019,문재인 전기/코로나 이전(2017-2019),학술,0.0011150513837229318
moon_pre_covid_2017_2019,문재인 전기/코로나 이전(2017-2019),학술지,0.0007563665313255167
moon_pre_covid_2017_2019,문재인 전기/코로나 이전(2017-2019),학습,0.002008350173681118
moon_pre_covid_2017_2019,문재인 전기/코로나 이전(2017-2019),학업,0.0007712709180469783
moon_pre_covid_2017_2019,문재인 전기/코로나 이전(2017-2019),학원,0.0012245499986158184
moon_pre_covid_2017_2019,문재인 전기/코로나 이전(2017-2019),학위,0.0010723831448615844
moon_pre_covid_2017_2019,문재인 전기/코로나 이전(2017-2019),학자,0.001078196878103147
moon_pre_covid_2017_2019,문재인 전기/코로나 이전(2017-2019),학점,0.0007942676071673936
moon_pre_covid_2017_2019,문재인 전기/코로나 이전(2017-2019),한강,0.0013335949214493658
moon_pre_covid_2017_2019,문재인 전기/코로나 이전(2017-2019),한겨레,0.0011589371114172527
moon_pre_covid_2017_2019,문재인 전기/코로나 이전(2017-2019),한계,0.002590927714044674
moon_pre_covid_2017_2019,문재인 전기/코로나 이전(2017-2019),한국어,0.0011695783678586594
moon_pre_covid_2017_2019,문재인 전기/코로나 이전(2017-2019),한국은행,0.0016691680136712006
moon_pre_covid_2017_2019,문재인 전기/코로나 이전(2017-2019),한국의,0.0011744614145162834
moon_pre_covid_2017_2019,문재인 전기/코로나 이전(2017-2019),한국전쟁,0.0007339339700509796
moon_pre_covid_2017_2019,문재인 전기/코로나 이전(2017-2019),한국토지주택공사,0.0006188152031430865
moon_pre_covid_2017_2019,문재인 전기/코로나 이전(2017-2019),한국판,0.0003083738339114618
moon_pre_covid_2017_2019,문재인 전기/코로나 이전(2017-2019),한나라당,0.00091092232639562
moon_pre_covid_2017_2019,문재인 전기/코로나 이전(2017-2019),한다,0.002581405545680995
moon_pre_covid_2017_2019,문재인 전기/코로나 이전(2017-2019),한다는,0.0009950097216715934
moon_pre_covid_2017_2019,문재인 전기/코로나 이전(2017-2019),한도,0.0011777704293570719
moon_pre_covid_2017_2019,문재인 전기/코로나 이전(2017-2019),한동안,0.0009222322841421794
moon_pre_covid_2017_2019,문재인 전기/코로나 이전(2017-2019),한류,0.0010031319642446056
moon_pre_covid_2017_2019,문재인 전기/코로나 이전(2017-2019),한마디,0.001747578328540714
moon_pre_covid_2017_2019,문재인 전기/코로나 이전(2017-2019),한수원,0.0005196336856172686
moon_pre_covid_2017_2019,문재인 전기/코로나 이전(2017-2019),한양대,0.0011766649246930886
moon_pre_covid_2017_2019,문재인 전기/코로나 이전(2017-2019),한은,0.0014377455437986806
moon_pre_covid_2017_2019,문재인 전기/코로나 이전(2017-2019),한인,0.0008239895775525688
moon_pre_covid_2017_2019,문재인 전기/코로나 이전(2017-2019),한전,0.0012769353165227701
moon_pre_covid_2017_2019,문재인 전기/코로나 이전(2017-2019),한정,0.001217174210902596
moon_pre_covid_2017_2019,문재인 전기/코로나 이전(2017-2019),한쪽,0.001150433269965329
moon_pre_covid_2017_2019,문재인 전기/코로나 이전(2017-2019),한참,0.0007616959143403897
moon_pre_covid_2017_2019,문재인 전기/코로나 이전(2017-2019),한편,0.002285339306517279
moon_pre_covid_2017_2019,문재인 전기/코로나 이전(2017-2019),한화,0.0015033746846056203
moon_pre_covid_2017_2019,문재인 전기/코로나 이전(2017-2019),할리우드,0.0009687179802416302
moon_pre_covid_2017_2019,문재인 전기/코로나 이전(2017-2019),할아버지,0.0009274243962346676
moon_pre_covid_2017_2019,문재인 전기/코로나 이전(2017-2019),할인,0.0021164815984750945
moon_pre_covid_2017_2019,문재인 전기/코로나 이전(2017-2019),합격,0.00199259311010394
moon_pre_covid_2017_2019,문재인 전기/코로나 이전(2017-2019),합격자,0.0013243955747821556
moon_pre_covid_2017_2019,문재인 전기/코로나 이전(2017-2019),합동,0.0015575911100823526
moon_pre_covid_2017_2019,문재인 전기/코로나 이전(2017-2019),합류,0.0015016930657746955
moon_pre_covid_2017_2019,문재인 전기/코로나 이전(2017-2019),합리,0.0009533223558298462
moon_pre_covid_2017_2019,문재인 전기/코로나 이전(2017-2019),합리적,0.0015773119942071405
moon_pre_covid_2017_2019,문재인 전기/코로나 이전(2017-2019),합병,0.0015878103256101394
moon_pre_covid_2017_2019,문재인 전기/코로나 이전(2017-2019),합산,0.0006979481785954176
moon_pre_covid_2017_2019,문재인 전기/코로나 이전(2017-2019),합의문,0.0015340871045601526
moon_pre_covid_2017_2019,문재인 전기/코로나 이전(2017-2019),합참,0.0009207254166434192
moon_pre_covid_2017_2019,문재인 전기/코로나 이전(2017-2019),항공,0.001471407221769043
moon_pre_covid_2017_2019,문재인 전기/코로나 이전(2017-2019),항공기,0.0014285590757935089
moon_pre_covid_2017_2019,문재인 전기/코로나 이전(2017-2019),항공사,0.0012664778109433303
moon_pre_covid_2017_2019,문재인 전기/코로나 이전(2017-2019),항목,0.0019613766309099475
moon_pre_covid_2017_2019,문재인 전기/코로나 이전(2017-2019),항소심,0.0016359276195811205
moon_pre_covid_2017_2019,문재인 전기/코로나 이전(2017-2019),항의,0.001646388440024355
moon_pre_covid_2017_2019,문재인 전기/코로나 이전(2017-2019),항쟁,0.0009656410092242088
moon_pre_covid_2017_2019,문재인 전기/코로나 이전(2017-2019),해결책,0.0011727099203799355
moon_pre_covid_2017_2019,문재인 전기/코로나 이전(2017-2019),해경,0.00077095868222785
moon_pre_covid_2017_2019,문재인 전기/코로나 이전(2017-2019),해고,0.0012157619502393066
moon_pre_covid_2017_2019,문재인 전기/코로나 이전(2017-2019),해군,0.0013985185951971132
moon_pre_covid_2017_2019,문재인 전기/코로나 이전(2017-2019),해당,0.0008936910569069364
moon_pre_covid_2017_2019,문재인 전기/코로나 이전(2017-2019),해명,0.002600641402203686
moon_pre_covid_2017_2019,문재인 전기/코로나 이전(2017-2019),해방,0.0009450349794431151
moon_pre_covid_2017_2019,문재인 전기/코로나 이전(2017-2019),해법,0.0022417520287356767
moon_pre_covid_2017_2019,문재인 전기/코로나 이전(2017-2019),해상,0.0011696591876837262
moon_pre_covid_2017_2019,문재인 전기/코로나 이전(2017-2019),해설,0.001070275802009239
moon_pre_covid_2017_2019,문재인 전기/코로나 이전(2017-2019),해수부,0.0007300710418183849
moon_pre_covid_2017_2019,문재인 전기/코로나 이전(2017-2019),해양,0.001528258906595755
moon_pre_covid_2017_2019,문재인 전기/코로나 이전(2017-2019),해임,0.0016673513520401547
moon_pre_covid_2017_2019,문재인 전기/코로나 이전(2017-2019),해제,0.0020009592089280954
moon_pre_covid_2017_2019,문재인 전기/코로나 이전(2017-2019),해체,0.0021551755729759736
moon_pre_covid_2017_2019,문재인 전기/코로나 이전(2017-2019),해킹,0.0009375377223331198
moon_pre_covid_2017_2019,문재인 전기/코로나 이전(2017-2019),핵무기,0.0026289244546345686
moon_pre_covid_2017_2019,문재인 전기/코로나 이전(2017-2019),핵심적,0.0006216978015125223
moon_pre_covid_2017_2019,문재인 전기/코로나 이전(2017-2019),했습니다,0.0015771482380995936
moon_pre_covid_2017_2019,문재인 전기/코로나 이전(2017-2019),행동,0.004498218165415672
moon_pre_covid_2017_2019,문재인 전기/코로나 이전(2017-2019),행운,0.0008369325545123944
moon_pre_covid_2017_2019,문재인 전기/코로나 이전(2017-2019),행위,0.004570169863678996
moon_pre_covid_2017_2019,문재인 전기/코로나 이전(2017-2019),행정,0.00433851741185323
moon_pre_covid_2017_2019,문재인 전기/코로나 이전(2017-2019),행정관,0.0013188880454974375
moon_pre_covid_2017_2019,문재인 전기/코로나 이전(2017-2019),행진,0.0010016756519270573
moon_pre_covid_2017_2019,문재인 전기/코로나 이전(2017-2019),행태,0.0013181943457303582
moon_pre_covid_2017_2019,문재인 전기/코로나 이전(2017-2019),향상,0.002592701050711754
moon_pre_covid_2017_2019,문재인 전기/코로나 이전(2017-2019),허가,0.0026408261357033264
moon_pre_covid_2017_2019,문재인 전기/코로나 이전(2017-2019),허리,0.0007760917283215147
moon_pre_covid_2017_2019,문재인 전기/코로나 이전(2017-2019),허브,0.0006714510057121324
moon_pre_covid_2017_2019,문재인 전기/코로나 이전(2017-2019),허용,0.00312698963114243
moon_pre_covid_2017_2019,문재인 전기/코로나 이전(2017-2019),허위,0.0017688751719770648
moon_pre_covid_2017_2019,문재인 전기/코로나 이전(2017-2019),헌법재판소,0.0007995652853251211
moon_pre_covid_2017_2019,문재인 전기/코로나 이전(2017-2019),헌신,0.0009623176043146838
moon_pre_covid_2017_2019,문재인 전기/코로나 이전(2017-2019),헬기,0.0012109090652710074
moon_pre_covid_2017_2019,문재인 전기/코로나 이전(2017-2019),헬스,0.0008865035008048164
moon_pre_covid_2017_2019,문재인 전기/코로나 이전(2017-2019),혁신,0.012919192467159606
moon_pre_covid_2017_2019,문재인 전기/코로나 이전(2017-2019),혁신성장,0.002691983811717961
moon_pre_covid_2017_2019,문재인 전기/코로나 이전(2017-2019),혁신적,0.0011614355522074698
moon_pre_covid_2017_2019,문재인 전기/코로나 이전(2017-2019),현금,0.0018127002567591701
moon_pre_covid_2017_2019,문재인 전기/코로나 이전(2017-2019),현대자동차,0.00135896519761375
moon_pre_covid_2017_2019,문재인 전기/코로나 이전(2017-2019),현대중공업,0.00070114109723533
moon_pre_covid_2017_2019,문재인 전기/코로나 이전(2017-2019),현대차그룹,0.0012054302315420873
moon_pre_covid_2017_2019,문재인 전기/코로나 이전(2017-2019),현실,0.004792455093043442
moon_pre_covid_2017_2019,문재인 전기/코로나 이전(2017-2019),현실적,0.0014479528803999979
moon_pre_covid_2017_2019,문재인 전기/코로나 이전(2017-2019),현실화,0.0010740526778806913
moon_pre_covid_2017_2019,문재인 전기/코로나 이전(2017-2019),현역,0.0017346014170025164
moon_pre_covid_2017_2019,문재인 전기/코로나 이전(2017-2019),현지시각,0.0016551015526040493
moon_pre_covid_2017_2019,문재인 전기/코로나 이전(2017-2019),현직,0.0025286234083672808
moon_pre_covid_2017_2019,문재인 전기/코로나 이전(2017-2019),혐오,0.0011416691878224164
moon_pre_covid_2017_2019,문재인 전기/코로나 이전(2017-2019),혐의로,0.0016742978571221423
moon_pre_covid_2017_2019,문재인 전기/코로나 이전(2017-2019),협력사,0.0015118392042189975
moon_pre_covid_2017_2019,문재인 전기/코로나 이전(2017-2019),협박,0.0011006525926956128
moon_pre_covid_2017_2019,문재인 전기/코로나 이전(2017-2019),협약,0.002364964657565319
moon_pre_covid_2017_2019,문재인 전기/코로나 이전(2017-2019),협업,0.0020598649909624954
moon_pre_covid_2017_2019,문재인 전기/코로나 이전(2017-2019),협의체,0.0017395160337133767
moon_pre_covid_2017_2019,문재인 전기/코로나 이전(2017-2019),협의회,0.0018397295768227385
moon_pre_covid_2017_2019,문재인 전기/코로나 이전(2017-2019),협정,0.0025425343406152404
moon_pre_covid_2017_2019,문재인 전기/코로나 이전(2017-2019),협조,0.0023750033344194523
moon_pre_covid_2017_2019,문재인 전기/코로나 이전(2017-2019),협치,0.002303163114747072
moon_pre_covid_2017_2019,문재인 전기/코로나 이전(2017-2019),협회,0.0017914781999515022
moon_pre_covid_2017_2019,문재인 전기/코로나 이전(2017-2019),형성,0.002321377007049145
moon_pre_covid_2017_2019,문재인 전기/코로나 이전(2017-2019),형식,0.0018959662864725519
moon_pre_covid_2017_2019,문재인 전기/코로나 이전(2017-2019),형제,0.0008477180719198629
moon_pre_covid_2017_2019,문재인 전기/코로나 이전(2017-2019),형평성,0.0007403148974645757
moon_pre_covid_2017_2019,문재인 전기/코로나 이전(2017-2019),호기,0.0007137550758368699
moon_pre_covid_2017_2019,문재인 전기/코로나 이전(2017-2019),호소,0.002011137195055577
moon_pre_covid_2017_2019,문재인 전기/코로나 이전(2017-2019),호응,0.001152881440403925
moon_pre_covid_2017_2019,문재인 전기/코로나 이전(2017-2019),호텔,0.00277917231314945
moon_pre_covid_2017_2019,문재인 전기/코로나 이전(2017-2019),호평,0.0009781135465830669
moon_pre_covid_2017_2019,문재인 전기/코로나 이전(2017-2019),호흡,0.0012222714179426395
moon_pre_covid_2017_2019,문재인 전기/코로나 이전(2017-2019),혼란,0.0018322788253984524
moon_pre_covid_2017_2019,문재인 전기/코로나 이전(2017-2019),혼자,0.0023219421947026126
moon_pre_covid_2017_2019,문재인 전기/코로나 이전(2017-2019),화두,0.0008669983968347298
moon_pre_covid_2017_2019,문재인 전기/코로나 이전(2017-2019),화상,0.00045662915057032624
moon_pre_covid_2017_2019,문재인 전기/코로나 이전(2017-2019),화성,0.0025326729450477936
moon_pre_covid_2017_2019,문재인 전기/코로나 이전(2017-2019),화장실,0.0012155632912012263
moon_pre_covid_2017_2019,문재인 전기/코로나 이전(2017-2019),화제,0.0020464642365692672
moon_pre_covid_2017_2019,문재인 전기/코로나 이전(2017-2019),화폐,0.0017377612952506945
moon_pre_covid_2017_2019,문재인 전기/코로나 이전(2017-2019),화학,0.002332151109230873
moon_pre_covid_2017_2019,문재인 전기/코로나 이전(2017-2019),화합,0.0008027497251774208
moon_pre_covid_2017_2019,문재인 전기/코로나 이전(2017-2019),화해,0.00126058036219679
moon_pre_covid_2017_2019,문재인 전기/코로나 이전(2017-2019),확률,0.0009301325292582323
moon_pre_covid_2017_2019,문재인 전기/코로나 이전(2017-2019),확립,0.0007892676539784636
moon_pre_covid_2017_2019,문재인 전기/코로나 이전(2017-2019),확신,0.001402938245511323
moon_pre_covid_2017_2019,문재인 전기/코로나 이전(2017-2019),확진자,6.081606886357055e-05
moon_pre_covid_2017_2019,문재인 전기/코로나 이전(2017-2019),확충,0.001550266148632796
moon_pre_covid_2017_2019,문재인 전기/코로나 이전(2017-2019),환수,0.0008369997302441073
moon_pre_covid_2017_2019,문재인 전기/코로나 이전(2017-2019),환영,0.00286866603216134
moon_pre_covid_2017_2019,문재인 전기/코로나 이전(2017-2019),환율,0.0013214382261959958
moon_pre_covid_2017_2019,문재인 전기/코로나 이전(2017-2019),환자들,0.0009050831928535698
moon_pre_covid_2017_2019,문재인 전기/코로나 이전(2017-2019),활동가,0.0008142711361976233
moon_pre_covid_2017_2019,문재인 전기/코로나 이전(2017-2019),활력,0.0016047683594934616
moon_pre_covid_2017_2019,문재인 전기/코로나 이전(2017-2019),활약,0.0019020544598805191
moon_pre_covid_2017_2019,문재인 전기/코로나 이전(2017-2019),활용,0.0075920449978615955
moon_pre_covid_2017_2019,문재인 전기/코로나 이전(2017-2019),회견,0.002470948886808587
moon_pre_covid_2017_2019,문재인 전기/코로나 이전(2017-2019),회계,0.0022952216604654402
moon_pre_covid_2017_2019,문재인 전기/코로나 이전(2017-2019),회수,0.0009642921307134813
moon_pre_covid_2017_2019,문재인 전기/코로나 이전(2017-2019),회원,0.0021867904122048446
moon_pre_covid_2017_2019,문재인 전기/코로나 이전(2017-2019),회원국,0.0013518036631721241
moon_pre_covid_2017_2019,문재인 전기/코로나 이전(2017-2019),회피,0.0009305050993144132
moon_pre_covid_2017_2019,문재인 전기/코로나 이전(2017-2019),획기적,0.0009718353574887191
moon_pre_covid_2017_2019,문재인 전기/코로나 이전(2017-2019),획득,0.0014075772032731916
moon_pre_covid_2017_2019,문재인 전기/코로나 이전(2017-2019),횟수,0.0008171280726644998
moon_pre_covid_2017_2019,문재인 전기/코로나 이전(2017-2019),횡령,0.0010981596261747425
moon_pre_covid_2017_2019,문재인 전기/코로나 이전(2017-2019),효과적,0.0012948777684350205
moon_pre_covid_2017_2019,문재인 전기/코로나 이전(2017-2019),효력,0.0006182148024226799
moon_pre_covid_2017_2019,문재인 전기/코로나 이전(2017-2019),효율,0.0015360058016889372
moon_pre_covid_2017_2019,문재인 전기/코로나 이전(2017-2019),효율성,0.000847061936251766
moon_pre_covid_2017_2019,문재인 전기/코로나 이전(2017-2019),효율적,0.0011655725657068903
moon_pre_covid_2017_2019,문재인 전기/코로나 이전(2017-2019),후반,0.0018436508177238349
moon_pre_covid_2017_2019,문재인 전기/코로나 이전(2017-2019),후배,0.0012792689134212545
moon_pre_covid_2017_2019,문재인 전기/코로나 이전(2017-2019),후배들,0.0008087118368785715
moon_pre_covid_2017_2019,문재인 전기/코로나 이전(2017-2019),후보가,0.00032716172267767944
moon_pre_covid_2017_2019,문재인 전기/코로나 이전(2017-2019),후보들,0.0007815981357068638
moon_pre_covid_2017_2019,문재인 전기/코로나 이전(2017-2019),후속,0.001961252734644213
moon_pre_covid_2017_2019,문재인 전기/코로나 이전(2017-2019),후원,0.0016323404877844443
moon_pre_covid_2017_2019,문재인 전기/코로나 이전(2017-2019),후원금,0.0007467186012106425
moon_pre_covid_2017_2019,문재인 전기/코로나 이전(2017-2019),후임,0.0010321090739575161
moon_pre_covid_2017_2019,문재인 전기/코로나 이전(2017-2019),후쿠시마,0.0007158294932078696
moon_pre_covid_2017_2019,문재인 전기/코로나 이전(2017-2019),후퇴,0.0009056264595542091
moon_pre_covid_2017_2019,문재인 전기/코로나 이전(2017-2019),훼손,0.0022560027820087577
moon_pre_covid_2017_2019,문재인 전기/코로나 이전(2017-2019),휴가,0.001827172855188513
moon_pre_covid_2017_2019,문재인 전기/코로나 이전(2017-2019),휴대,0.0011497100007318234
moon_pre_covid_2017_2019,문재인 전기/코로나 이전(2017-2019),휴대전화,0.0014915642526009134
moon_pre_covid_2017_2019,문재인 전기/코로나 이전(2017-2019),휴대폰,0.001141171587906979
moon_pre_covid_2017_2019,문재인 전기/코로나 이전(2017-2019),휴식,0.0010292555212850106
moon_pre_covid_2017_2019,문재인 전기/코로나 이전(2017-2019),휴일,0.0007503996563922932
moon_pre_covid_2017_2019,문재인 전기/코로나 이전(2017-2019),휴직,0.0009365414595220787
moon_pre_covid_2017_2019,문재인 전기/코로나 이전(2017-2019),흐름,0.002638936347198782
moon_pre_covid_2017_2019,문재인 전기/코로나 이전(2017-2019),흑인,0.0007433886504176683
moon_pre_covid_2017_2019,문재인 전기/코로나 이전(2017-2019),흑자,0.0008787638357372533
moon_pre_covid_2017_2019,문재인 전기/코로나 이전(2017-2019),흔적,0.000979609897037579
moon_pre_covid_2017_2019,문재인 전기/코로나 이전(2017-2019),흡수,0.0008780277032578931
moon_pre_covid_2017_2019,문재인 전기/코로나 이전(2017-2019),흥미,0.0012550014718494748
moon_pre_covid_2017_2019,문재인 전기/코로나 이전(2017-2019),흥행,0.0014559954236507547
moon_pre_covid_2017_2019,문재인 전기/코로나 이전(2017-2019),희망,0.004020159697004668
moon_pre_covid_2017_2019,문재인 전기/코로나 이전(2017-2019),희생자,0.001109469147640731
moon_post_covid_2020_2022,문재인 후기/코로나 이후(2020-2022),가계,0.001371833959977638
moon_post_covid_2020_2022,문재인 후기/코로나 이후(2020-2022),가계부채,0.00038197480025280346
moon_post_covid_2020_2022,문재인 후기/코로나 이후(2020-2022),가공,0.0007395252718457472
moon_post_covid_2020_2022,문재인 후기/코로나 이후(2020-2022),가까이,0.0009754046895449211
moon_post_covid_2020_2022,문재인 후기/코로나 이후(2020-2022),가난,0.0010065271243226825
moon_post_covid_2020_2022,문재인 후기/코로나 이후(2020-2022),가능성이,0.0007713034880959332
moon_post_covid_2020_2022,문재인 후기/코로나 이후(2020-2022),가담,0.0006972476638965109
moon_post_covid_2020_2022,문재인 후기/코로나 이후(2020-2022),가동,0.0024893344305547687
moon_post_covid_2020_2022,문재인 후기/코로나 이후(2020-2022),가량,0.002695858372999573
moon_post_covid_2020_2022,문재인 후기/코로나 이후(2020-2022),가맹점,0.0007344053255563753
moon_post_covid_2020_2022,문재인 후기/코로나 이후(2020-2022),가사,0.0008132794626890201
moon_post_covid_2020_2022,문재인 후기/코로나 이후(2020-2022),가상,0.0028033129255269624
moon_post_covid_2020_2022,문재인 후기/코로나 이후(2020-2022),가속화,0.0012233461127571879
moon_post_covid_2020_2022,문재인 후기/코로나 이후(2020-2022),가스,0.0019325704065390721
moon_post_covid_2020_2022,문재인 후기/코로나 이후(2020-2022),가슴,0.001506062632247301
moon_post_covid_2020_2022,문재인 후기/코로나 이후(2020-2022),가을,0.0011323352991300258
moon_post_covid_2020_2022,문재인 후기/코로나 이후(2020-2022),가입자,0.002266036043342405
moon_post_covid_2020_2022,문재인 후기/코로나 이후(2020-2022),가전,0.0012507948333126788
moon_post_covid_2020_2022,문재인 후기/코로나 이후(2020-2022),가족들,0.001486105036545114
moon_post_covid_2020_2022,문재인 후기/코로나 이후(2020-2022),가중,0.0011684862275821262
moon_post_covid_2020_2022,문재인 후기/코로나 이후(2020-2022),가짜,0.0017156374467995324
moon_post_covid_2020_2022,문재인 후기/코로나 이후(2020-2022),가치,0.00705076242702048
moon_post_covid_2020_2022,문재인 후기/코로나 이후(2020-2022),가해자,0.002357561214439949
moon_post_covid_2020_2022,문재인 후기/코로나 이후(2020-2022),각각,0.0009506116514661524
moon_post_covid_2020_2022,문재인 후기/코로나 이후(2020-2022),각국,0.002591693912524552
moon_post_covid_2020_2022,문재인 후기/코로나 이후(2020-2022),각오,0.0011098638010749967
moon_post_covid_2020_2022,문재인 후기/코로나 이후(2020-2022),각자,0.0009194981049746142
moon_post_covid_2020_2022,문재인 후기/코로나 이후(2020-2022),간사,0.0009105540468261656
moon_post_covid_2020_2022,문재인 후기/코로나 이후(2020-2022),간주,0.0005450955392304039
moon_post_covid_2020_2022,문재인 후기/코로나 이후(2020-2022),간판,0.0007464834180398484
moon_post_covid_2020_2022,문재인 후기/코로나 이후(2020-2022),간호사,0.0015242715447588164
moon_post_covid_2020_2022,문재인 후기/코로나 이후(2020-2022),갈등,0.005873061640184574
moon_post_covid_2020_2022,문재인 후기/코로나 이후(2020-2022),감각,0.0008746965115763183
moon_post_covid_2020_2022,문재인 후기/코로나 이후(2020-2022),감당,0.0011712559715681549
moon_post_covid_2020_2022,문재인 후기/코로나 이후(2020-2022),감동,0.0009218866666858216
moon_post_covid_2020_2022,문재인 후기/코로나 이후(2020-2022),감면,0.0013393948779727297
moon_post_covid_2020_2022,문재인 후기/코로나 이후(2020-2022),감사원장,0.0016859571202117916
moon_post_covid_2020_2022,문재인 후기/코로나 이후(2020-2022),감성,0.0009720601475894222
moon_post_covid_2020_2022,문재인 후기/코로나 이후(2020-2022),감수,0.0008696501580457423
moon_post_covid_2020_2022,문재인 후기/코로나 이후(2020-2022),감시,0.0022802134515389504
moon_post_covid_2020_2022,문재인 후기/코로나 이후(2020-2022),감안,0.0019898933111657567
moon_post_covid_2020_2022,문재인 후기/코로나 이후(2020-2022),감염병,0.0040998439222387035
moon_post_covid_2020_2022,문재인 후기/코로나 이후(2020-2022),감염자,0.0023653464864512434
moon_post_covid_2020_2022,문재인 후기/코로나 이후(2020-2022),감옥,0.0006442733743933783
moon_post_covid_2020_2022,문재인 후기/코로나 이후(2020-2022),감정,0.0020208090435059572
moon_post_covid_2020_2022,문재인 후기/코로나 이후(2020-2022),감지,0.0009104213342678786
moon_post_covid_2020_2022,문재인 후기/코로나 이후(2020-2022),감축,0.002102407669201323
moon_post_covid_2020_2022,문재인 후기/코로나 이후(2020-2022),갑질,0.001563960985854092
moon_post_covid_2020_2022,문재인 후기/코로나 이후(2020-2022),강경,0.0007563747697112736
moon_post_covid_2020_2022,문재인 후기/코로나 이후(2020-2022),강국,0.0007986109578923952
moon_post_covid_2020_2022,문재인 후기/코로나 이후(2020-2022),강남구,0.0014329464275320899
moon_post_covid_2020_2022,문재인 후기/코로나 이후(2020-2022),강도,0.001611983651392584
moon_post_covid_2020_2022,문재인 후기/코로나 이후(2020-2022),강릉,0.0013885356862908442
moon_post_covid_2020_2022,문재인 후기/코로나 이후(2020-2022),강사,0.0010396738673618333
moon_post_covid_2020_2022,문재인 후기/코로나 이후(2020-2022),강세,0.0009403722878411687
moon_post_covid_2020_2022,문재인 후기/코로나 이후(2020-2022),강연,0.001045572028816873
moon_post_covid_2020_2022,문재인 후기/코로나 이후(2020-2022),강요,0.0013131649243913488
moon_post_covid_2020_2022,문재인 후기/코로나 이후(2020-2022),강의,0.0017111981248242186
moon_post_covid_2020_2022,문재인 후기/코로나 이후(2020-2022),강제,0.0026781998304552302
moon_post_covid_2020_2022,문재인 후기/코로나 이후(2020-2022),강행,0.0019820381585766863
moon_post_covid_2020_2022,문재인 후기/코로나 이후(2020-2022),갖고,0.0007126135295931392
moon_post_covid_2020_2022,문재인 후기/코로나 이후(2020-2022),개각,0.00043091443222728295
moon_post_covid_2020_2022,문재인 후기/코로나 이후(2020-2022),개념,0.0019882849522971473
moon_post_covid_2020_2022,문재인 후기/코로나 이후(2020-2022),개막,0.0017756031892391195
moon_post_covid_2020_2022,문재인 후기/코로나 이후(2020-2022),개발,0.001744601505820174
moon_post_covid_2020_2022,문재인 후기/코로나 이후(2020-2022),개방,0.0015495803364504953
moon_post_covid_2020_2022,문재인 후기/코로나 이후(2020-2022),개봉,0.0012087699464024813
moon_post_covid_2020_2022,문재인 후기/코로나 이후(2020-2022),개선,0.008087963166987532
moon_post_covid_2020_2022,문재인 후기/코로나 이후(2020-2022),개설,0.0013283577966298737
moon_post_covid_2020_2022,문재인 후기/코로나 이후(2020-2022),개성,0.00104300605930082
moon_post_covid_2020_2022,문재인 후기/코로나 이후(2020-2022),개시,0.0011954786137902144
moon_post_covid_2020_2022,문재인 후기/코로나 이후(2020-2022),개인,0.006590466392117033
moon_post_covid_2020_2022,문재인 후기/코로나 이후(2020-2022),개인적,0.0015929786679915706
moon_post_covid_2020_2022,문재인 후기/코로나 이후(2020-2022),개인정보,0.0010654910152506478
moon_post_covid_2020_2022,문재인 후기/코로나 이후(2020-2022),개척,0.0009647027136141725
moon_post_covid_2020_2022,문재인 후기/코로나 이후(2020-2022),개통,0.0011094117107804855
moon_post_covid_2020_2022,문재인 후기/코로나 이후(2020-2022),개편,0.003641050206994557
moon_post_covid_2020_2022,문재인 후기/코로나 이후(2020-2022),개편안,0.0006232391465784214
moon_post_covid_2020_2022,문재인 후기/코로나 이후(2020-2022),개혁,0.006045443771475061
moon_post_covid_2020_2022,문재인 후기/코로나 이후(2020-2022),객관적,0.0008952060094486264
moon_post_covid_2020_2022,문재인 후기/코로나 이후(2020-2022),거대,0.0022884841815052144
moon_post_covid_2020_2022,문재인 후기/코로나 이후(2020-2022),거래소,0.0018385518691392802
moon_post_covid_2020_2022,문재인 후기/코로나 이후(2020-2022),거절,0.0010271573559340007
moon_post_covid_2020_2022,문재인 후기/코로나 이후(2020-2022),거점,0.0013435619874315192
moon_post_covid_2020_2022,문재인 후기/코로나 이후(2020-2022),거주,0.002767012669772821
moon_post_covid_2020_2022,문재인 후기/코로나 이후(2020-2022),거짓,0.0010867540288457904
moon_post_covid_2020_2022,문재인 후기/코로나 이후(2020-2022),거짓말,0.001686388089717968
moon_post_covid_2020_2022,문재인 후기/코로나 이후(2020-2022),거취,0.0008988341533096439
moon_post_covid_2020_2022,문재인 후기/코로나 이후(2020-2022),건강보험,0.0005823571497451053
moon_post_covid_2020_2022,문재인 후기/코로나 이후(2020-2022),건국대,0.0008509996829404233
moon_post_covid_2020_2022,문재인 후기/코로나 이후(2020-2022),건립,0.0015199025561422415
moon_post_covid_2020_2022,문재인 후기/코로나 이후(2020-2022),건설사,0.0012803623000404018
moon_post_covid_2020_2022,문재인 후기/코로나 이후(2020-2022),건수,0.0015695448698838609
moon_post_covid_2020_2022,문재인 후기/코로나 이후(2020-2022),건의,0.0014456685907990885
moon_post_covid_2020_2022,문재인 후기/코로나 이후(2020-2022),건전,0.0009090079210612791
moon_post_covid_2020_2022,문재인 후기/코로나 이후(2020-2022),건축,0.0018974763048366329
moon_post_covid_2020_2022,문재인 후기/코로나 이후(2020-2022),건축물,0.0009963241761222175
moon_post_covid_2020_2022,문재인 후기/코로나 이후(2020-2022),걸림돌,0.0006400860430918298
moon_post_covid_2020_2022,문재인 후기/코로나 이후(2020-2022),걸음,0.0008324225722919569
moon_post_covid_2020_2022,문재인 후기/코로나 이후(2020-2022),검거,0.0010100882765496511
moon_post_covid_2020_2022,문재인 후기/코로나 이후(2020-2022),검사들,0.0016263212184025146
moon_post_covid_2020_2022,문재인 후기/코로나 이후(2020-2022),검사장,0.0027755413396764027
moon_post_covid_2020_2022,문재인 후기/코로나 이후(2020-2022),검색,0.001307846480581316
moon_post_covid_2020_2022,문재인 후기/코로나 이후(2020-2022),검찰이,0.0008400328463318442
moon_post_covid_2020_2022,문재인 후기/코로나 이후(2020-2022),검찰청,0.0016448105314004944
moon_post_covid_2020_2022,문재인 후기/코로나 이후(2020-2022),것은,0.0018601153016120243
moon_post_covid_2020_2022,문재인 후기/코로나 이후(2020-2022),것을,0.0015936775185392586
moon_post_covid_2020_2022,문재인 후기/코로나 이후(2020-2022),것이,0.0013619706679648981
moon_post_covid_2020_2022,문재인 후기/코로나 이후(2020-2022),것이다,0.002231279417249373
moon_post_covid_2020_2022,문재인 후기/코로나 이후(2020-2022),게시판,0.001408734101674308
moon_post_covid_2020_2022,문재인 후기/코로나 이후(2020-2022),게이트,0.0006710785592524882
moon_post_covid_2020_2022,문재인 후기/코로나 이후(2020-2022),게재,0.0009763790006575285
moon_post_covid_2020_2022,문재인 후기/코로나 이후(2020-2022),겨냥,0.002809322474278787
moon_post_covid_2020_2022,문재인 후기/코로나 이후(2020-2022),겨울,0.001512901931204686
moon_post_covid_2020_2022,문재인 후기/코로나 이후(2020-2022),격려,0.0012067647321807316
moon_post_covid_2020_2022,문재인 후기/코로나 이후(2020-2022),격차,0.002880689578934621
moon_post_covid_2020_2022,문재인 후기/코로나 이후(2020-2022),견제,0.0023505888853782545
moon_post_covid_2020_2022,문재인 후기/코로나 이후(2020-2022),견해,0.0008757451302795356
moon_post_covid_2020_2022,문재인 후기/코로나 이후(2020-2022),결과를,0.001065496096548239
moon_post_covid_2020_2022,문재인 후기/코로나 이후(2020-2022),결과적,0.0011398471500619486
moon_post_covid_2020_2022,문재인 후기/코로나 이후(2020-2022),결단,0.0013641684301617847
moon_post_covid_2020_2022,문재인 후기/코로나 이후(2020-2022),결렬,0.0005526973500722059
moon_post_covid_2020_2022,문재인 후기/코로나 이후(2020-2022),결성,0.0006660830886746032
moon_post_covid_2020_2022,문재인 후기/코로나 이후(2020-2022),결심,0.0012756182508734308
moon_post_covid_2020_2022,문재인 후기/코로나 이후(2020-2022),결의,0.0009191134105517421
moon_post_covid_2020_2022,문재인 후기/코로나 이후(2020-2022),결의안,0.000892601043769188
moon_post_covid_2020_2022,문재인 후기/코로나 이후(2020-2022),결정적,0.0008855867161097105
moon_post_covid_2020_2022,문재인 후기/코로나 이후(2020-2022),결제,0.002105478540063226
moon_post_covid_2020_2022,문재인 후기/코로나 이후(2020-2022),결합,0.0018353215347133131
moon_post_covid_2020_2022,문재인 후기/코로나 이후(2020-2022),경계,0.001937426707173152
moon_post_covid_2020_2022,문재인 후기/코로나 이후(2020-2022),경남도,0.0008810789329203295
moon_post_covid_2020_2022,문재인 후기/코로나 이후(2020-2022),경력,0.002265491642772988
moon_post_covid_2020_2022,문재인 후기/코로나 이후(2020-2022),경로,0.0013956302458768594
moon_post_covid_2020_2022,문재인 후기/코로나 이후(2020-2022),경매,0.0010360506962252879
moon_post_covid_2020_2022,문재인 후기/코로나 이후(2020-2022),경비,0.0006496383888804618
moon_post_covid_2020_2022,문재인 후기/코로나 이후(2020-2022),경영,0.0061862341962378355
moon_post_covid_2020_2022,문재인 후기/코로나 이후(2020-2022),경영자,0.0014102164179874397
moon_post_covid_2020_2022,문재인 후기/코로나 이후(2020-2022),경영진,0.0012653038591470159
moon_post_covid_2020_2022,문재인 후기/코로나 이후(2020-2022),경영학,0.0006674544105408593
moon_post_covid_2020_2022,문재인 후기/코로나 이후(2020-2022),경위,0.001244618757340864
moon_post_covid_2020_2022,문재인 후기/코로나 이후(2020-2022),경쟁,0.006074142684399677
moon_post_covid_2020_2022,문재인 후기/코로나 이후(2020-2022),경쟁력,0.004744315463402433
moon_post_covid_2020_2022,문재인 후기/코로나 이후(2020-2022),경쟁률,0.0010325530615774095
moon_post_covid_2020_2022,문재인 후기/코로나 이후(2020-2022),경쟁자,0.0010377022527155687
moon_post_covid_2020_2022,문재인 후기/코로나 이후(2020-2022),경제부총리,0.0008504190577346671
moon_post_covid_2020_2022,문재인 후기/코로나 이후(2020-2022),경제성,0.0010154508132678773
moon_post_covid_2020_2022,문재인 후기/코로나 이후(2020-2022),경제성장,0.0003978007579069439
moon_post_covid_2020_2022,문재인 후기/코로나 이후(2020-2022),경제적,0.0016516017210389331
moon_post_covid_2020_2022,문재인 후기/코로나 이후(2020-2022),경제정책,0.0004356235927149512
moon_post_covid_2020_2022,문재인 후기/코로나 이후(2020-2022),경제학,0.0012531102045098552
moon_post_covid_2020_2022,문재인 후기/코로나 이후(2020-2022),경제협력개발기구,0.0006848571357789526
moon_post_covid_2020_2022,문재인 후기/코로나 이후(2020-2022),경주,0.0009616818310435329
moon_post_covid_2020_2022,문재인 후기/코로나 이후(2020-2022),경찰관,0.001787255627035202
moon_post_covid_2020_2022,문재인 후기/코로나 이후(2020-2022),경찰서,0.0007575560684118692
moon_post_covid_2020_2022,문재인 후기/코로나 이후(2020-2022),경찰청,0.0022821791236750776
moon_post_covid_2020_2022,문재인 후기/코로나 이후(2020-2022),경찰청장,0.0008167154247553459
moon_post_covid_2020_2022,문재인 후기/코로나 이후(2020-2022),경향,0.00143976417017966
moon_post_covid_2020_2022,문재인 후기/코로나 이후(2020-2022),경향신문,0.0012309454153547818
moon_post_covid_2020_2022,문재인 후기/코로나 이후(2020-2022),경험,0.0061749205822735935
moon_post_covid_2020_2022,문재인 후기/코로나 이후(2020-2022),경희대,0.0008956702393589899
moon_post_covid_2020_2022,문재인 후기/코로나 이후(2020-2022),계급,0.0005480735899539611
moon_post_covid_2020_2022,문재인 후기/코로나 이후(2020-2022),계단,0.0007005697839382133
moon_post_covid_2020_2022,문재인 후기/코로나 이후(2020-2022),계산,0.0015543852828622457
moon_post_covid_2020_2022,문재인 후기/코로나 이후(2020-2022),계속,0.0010573560173379741
moon_post_covid_2020_2022,문재인 후기/코로나 이후(2020-2022),계승,0.0009265226894745105
moon_post_covid_2020_2022,문재인 후기/코로나 이후(2020-2022),계약,0.005754425719914575
moon_post_covid_2020_2022,문재인 후기/코로나 이후(2020-2022),계열,0.0010808303452449022
moon_post_covid_2020_2022,문재인 후기/코로나 이후(2020-2022),계정,0.0010962836204554075
moon_post_covid_2020_2022,문재인 후기/코로나 이후(2020-2022),계좌,0.0016497186658480793
moon_post_covid_2020_2022,문재인 후기/코로나 이후(2020-2022),계층,0.0021436765171434437
moon_post_covid_2020_2022,문재인 후기/코로나 이후(2020-2022),고가,0.0007972708020581585
moon_post_covid_2020_2022,문재인 후기/코로나 이후(2020-2022),고개,0.0011481190563180403
moon_post_covid_2020_2022,문재인 후기/코로나 이후(2020-2022),고객들,0.0010360956727761383
moon_post_covid_2020_2022,문재인 후기/코로나 이후(2020-2022),고교,0.0017075751873662764
moon_post_covid_2020_2022,문재인 후기/코로나 이후(2020-2022),고급,0.0015015760097809845
moon_post_covid_2020_2022,문재인 후기/코로나 이후(2020-2022),고기,0.0006806846243916352
moon_post_covid_2020_2022,문재인 후기/코로나 이후(2020-2022),고대,0.0006079713022259006
moon_post_covid_2020_2022,문재인 후기/코로나 이후(2020-2022),고도,0.0011483766476894505
moon_post_covid_2020_2022,문재인 후기/코로나 이후(2020-2022),고등학교,0.0021050727157536442
moon_post_covid_2020_2022,문재인 후기/코로나 이후(2020-2022),고등학생,0.0007619376407406335
moon_post_covid_2020_2022,문재인 후기/코로나 이후(2020-2022),고려대,0.0019011376908323993
moon_post_covid_2020_2022,문재인 후기/코로나 이후(2020-2022),고령,0.0014720759884386645
moon_post_covid_2020_2022,문재인 후기/코로나 이후(2020-2022),고령자,0.001158566225707636
moon_post_covid_2020_2022,문재인 후기/코로나 이후(2020-2022),고령화,0.0009204310341643344
moon_post_covid_2020_2022,문재인 후기/코로나 이후(2020-2022),고리,0.0007375237691245188
moon_post_covid_2020_2022,문재인 후기/코로나 이후(2020-2022),고립,0.00078459937205814
moon_post_covid_2020_2022,문재인 후기/코로나 이후(2020-2022),고문,0.0016665343416321034
moon_post_covid_2020_2022,문재인 후기/코로나 이후(2020-2022),고백,0.0006806197694454318
moon_post_covid_2020_2022,문재인 후기/코로나 이후(2020-2022),고사,0.0006553466738650059
moon_post_covid_2020_2022,문재인 후기/코로나 이후(2020-2022),고생,0.0008385344647356927
moon_post_covid_2020_2022,문재인 후기/코로나 이후(2020-2022),고소,0.001580611632408806
moon_post_covid_2020_2022,문재인 후기/코로나 이후(2020-2022),고속도로,0.0008223675301666819
moon_post_covid_2020_2022,문재인 후기/코로나 이후(2020-2022),고수,0.0008942920697685535
moon_post_covid_2020_2022,문재인 후기/코로나 이후(2020-2022),고시,0.0008416590146812531
moon_post_covid_2020_2022,문재인 후기/코로나 이후(2020-2022),고심,0.0011298317968818548
moon_post_covid_2020_2022,문재인 후기/코로나 이후(2020-2022),고양,0.0009531294082767666
moon_post_covid_2020_2022,문재인 후기/코로나 이후(2020-2022),고양시,0.000784348908328807
moon_post_covid_2020_2022,문재인 후기/코로나 이후(2020-2022),고용,0.0057159392310985315
moon_post_covid_2020_2022,문재인 후기/코로나 이후(2020-2022),고용노동부,0.0011566854817893265
moon_post_covid_2020_2022,문재인 후기/코로나 이후(2020-2022),고위급,0.0007530412651738746
moon_post_covid_2020_2022,문재인 후기/코로나 이후(2020-2022),고유,0.0007514677019252532
moon_post_covid_2020_2022,문재인 후기/코로나 이후(2020-2022),고인,0.0018506528095678734
moon_post_covid_2020_2022,문재인 후기/코로나 이후(2020-2022),고전,0.0006773293741653892
moon_post_covid_2020_2022,문재인 후기/코로나 이후(2020-2022),고정,0.0006599256103139196
moon_post_covid_2020_2022,문재인 후기/코로나 이후(2020-2022),고조,0.0009602515848216965
moon_post_covid_2020_2022,문재인 후기/코로나 이후(2020-2022),고집,0.0007156560237645415
moon_post_covid_2020_2022,문재인 후기/코로나 이후(2020-2022),고통,0.0028868523616702993
moon_post_covid_2020_2022,문재인 후기/코로나 이후(2020-2022),고향,0.0016378060414864114
moon_post_covid_2020_2022,문재인 후기/코로나 이후(2020-2022),곤란,0.0007244111034434535
moon_post_covid_2020_2022,문재인 후기/코로나 이후(2020-2022),골목,0.0007107081769370941
moon_post_covid_2020_2022,문재인 후기/코로나 이후(2020-2022),골프장,0.0011062925870225133
moon_post_covid_2020_2022,문재인 후기/코로나 이후(2020-2022),공감,0.002876924482824247
moon_post_covid_2020_2022,문재인 후기/코로나 이후(2020-2022),공감대,0.0014620245140972838
moon_post_covid_2020_2022,문재인 후기/코로나 이후(2020-2022),공개적,0.001557017581753685
moon_post_covid_2020_2022,문재인 후기/코로나 이후(2020-2022),공격,0.004840444554816053
moon_post_covid_2020_2022,문재인 후기/코로나 이후(2020-2022),공격적,0.0009900383035621508
moon_post_covid_2020_2022,문재인 후기/코로나 이후(2020-2022),공고,0.0009572935520270065
moon_post_covid_2020_2022,문재인 후기/코로나 이후(2020-2022),공공,0.006323972717471661
moon_post_covid_2020_2022,문재인 후기/코로나 이후(2020-2022),공공기관,0.002725256445028628
moon_post_covid_2020_2022,문재인 후기/코로나 이후(2020-2022),공군,0.0016460712265553253
moon_post_covid_2020_2022,문재인 후기/코로나 이후(2020-2022),공급망,0.002193870790643817
moon_post_covid_2020_2022,문재인 후기/코로나 이후(2020-2022),공기,0.0011543395004564609
moon_post_covid_2020_2022,문재인 후기/코로나 이후(2020-2022),공기업,0.001346522656455005
moon_post_covid_2020_2022,문재인 후기/코로나 이후(2020-2022),공단,0.0012746995129456927
moon_post_covid_2020_2022,문재인 후기/코로나 이후(2020-2022),공동대표,0.0006420196751526302
moon_post_covid_2020_2022,문재인 후기/코로나 이후(2020-2022),공동체,0.0023023432875030393
moon_post_covid_2020_2022,문재인 후기/코로나 이후(2020-2022),공략,0.0018730819795880207
moon_post_covid_2020_2022,문재인 후기/코로나 이후(2020-2022),공론화,0.0006686991133481452
moon_post_covid_2020_2022,문재인 후기/코로나 이후(2020-2022),공매도,0.0016111072380226058
moon_post_covid_2020_2022,문재인 후기/코로나 이후(2020-2022),공모,0.0029922880637187643
moon_post_covid_2020_2022,문재인 후기/코로나 이후(2020-2022),공모전,0.0011972372207838063
moon_post_covid_2020_2022,문재인 후기/코로나 이후(2020-2022),공무원,0.01700565786149884
moon_post_covid_2020_2022,문재인 후기/코로나 이후(2020-2022),공무원들,0.0014470764727136235
moon_post_covid_2020_2022,문재인 후기/코로나 이후(2020-2022),공방,0.00173631619011941
moon_post_covid_2020_2022,문재인 후기/코로나 이후(2020-2022),공백,0.0012558338559544805
moon_post_covid_2020_2022,문재인 후기/코로나 이후(2020-2022),공사,0.00392014104316032
moon_post_covid_2020_2022,문재인 후기/코로나 이후(2020-2022),공산당,0.0014686490215664186
moon_post_covid_2020_2022,문재인 후기/코로나 이후(2020-2022),공세,0.0018008935254182014
moon_post_covid_2020_2022,문재인 후기/코로나 이후(2020-2022),공식적,0.0011886054074846848
moon_post_covid_2020_2022,문재인 후기/코로나 이후(2020-2022),공원,0.0017015996883357368
moon_post_covid_2020_2022,문재인 후기/코로나 이후(2020-2022),공익,0.001304007727156251
moon_post_covid_2020_2022,문재인 후기/코로나 이후(2020-2022),공인,0.0010138757128705773
moon_post_covid_2020_2022,문재인 후기/코로나 이후(2020-2022),공작,0.0007597128987985179
moon_post_covid_2020_2022,문재인 후기/코로나 이후(2020-2022),공적,0.0010140324128580962
moon_post_covid_2020_2022,문재인 후기/코로나 이후(2020-2022),공정,0.006982175708012078
moon_post_covid_2020_2022,문재인 후기/코로나 이후(2020-2022),공정성,0.003122276573770875
moon_post_covid_2020_2022,문재인 후기/코로나 이후(2020-2022),공정위,0.00175530161336753
moon_post_covid_2020_2022,문재인 후기/코로나 이후(2020-2022),공제,0.0014070879662555083
moon_post_covid_2020_2022,문재인 후기/코로나 이후(2020-2022),공조,0.00121540032137113
moon_post_covid_2020_2022,문재인 후기/코로나 이후(2020-2022),공존,0.0009366085651148207
moon_post_covid_2020_2022,문재인 후기/코로나 이후(2020-2022),공직,0.001758529919510914
moon_post_covid_2020_2022,문재인 후기/코로나 이후(2020-2022),공직선거법,0.0014790462890608407
moon_post_covid_2020_2022,문재인 후기/코로나 이후(2020-2022),공직자,0.004495647932152077
moon_post_covid_2020_2022,문재인 후기/코로나 이후(2020-2022),공채,0.0008227519278423777
moon_post_covid_2020_2022,문재인 후기/코로나 이후(2020-2022),공청회,0.0006235527066891521
moon_post_covid_2020_2022,문재인 후기/코로나 이후(2020-2022),공통,0.0008336446309405619
moon_post_covid_2020_2022,문재인 후기/코로나 이후(2020-2022),공통점,0.0006488146042035069
moon_post_covid_2020_2022,문재인 후기/코로나 이후(2020-2022),공판,0.0010205816036152947
moon_post_covid_2020_2022,문재인 후기/코로나 이후(2020-2022),공포,0.0016948612891175328
moon_post_covid_2020_2022,문재인 후기/코로나 이후(2020-2022),공표,0.0007947858786063224
moon_post_covid_2020_2022,문재인 후기/코로나 이후(2020-2022),공학,0.0011156521920396413
moon_post_covid_2020_2022,문재인 후기/코로나 이후(2020-2022),공헌,0.0009807054832699804
moon_post_covid_2020_2022,문재인 후기/코로나 이후(2020-2022),공화국,0.0007313207981756289
moon_post_covid_2020_2022,문재인 후기/코로나 이후(2020-2022),과거사,0.0006197575678425901
moon_post_covid_2020_2022,문재인 후기/코로나 이후(2020-2022),과도,0.0018548737081053833
moon_post_covid_2020_2022,문재인 후기/코로나 이후(2020-2022),과목,0.0013329709689480149
moon_post_covid_2020_2022,문재인 후기/코로나 이후(2020-2022),과반,0.0011824340835237233
moon_post_covid_2020_2022,문재인 후기/코로나 이후(2020-2022),과세,0.001354624425596956
moon_post_covid_2020_2022,문재인 후기/코로나 이후(2020-2022),과시,0.0009349533177338892
moon_post_covid_2020_2022,문재인 후기/코로나 이후(2020-2022),과열,0.0007835683324629142
moon_post_covid_2020_2022,문재인 후기/코로나 이후(2020-2022),과잉,0.0009356191512385487
moon_post_covid_2020_2022,문재인 후기/코로나 이후(2020-2022),과정에서,0.0010145686338604361
moon_post_covid_2020_2022,문재인 후기/코로나 이후(2020-2022),과징금,0.0007306367352750404
moon_post_covid_2020_2022,문재인 후기/코로나 이후(2020-2022),과태료,0.0013813392406364503
moon_post_covid_2020_2022,문재인 후기/코로나 이후(2020-2022),과학기술,0.0006902565330661198
moon_post_covid_2020_2022,문재인 후기/코로나 이후(2020-2022),과학자,0.0009999002012415473
moon_post_covid_2020_2022,문재인 후기/코로나 이후(2020-2022),관객들,0.0005579054396841455
moon_post_covid_2020_2022,문재인 후기/코로나 이후(2020-2022),관계자는,0.0007470700586329038
moon_post_covid_2020_2022,문재인 후기/코로나 이후(2020-2022),관계자들,0.0008447055276234506
moon_post_covid_2020_2022,문재인 후기/코로나 이후(2020-2022),관광지,0.0008364515767035877
moon_post_covid_2020_2022,문재인 후기/코로나 이후(2020-2022),관람,0.0008755348290115379
moon_post_covid_2020_2022,문재인 후기/코로나 이후(2020-2022),관련자,0.0009306494095814432
moon_post_covid_2020_2022,문재인 후기/코로나 이후(2020-2022),관련해,0.0024626208665952496
moon_post_covid_2020_2022,문재인 후기/코로나 이후(2020-2022),관료,0.001014487148985402
moon_post_covid_2020_2022,문재인 후기/코로나 이후(2020-2022),관리,0.009655225590971294
moon_post_covid_2020_2022,문재인 후기/코로나 이후(2020-2022),관리자,0.0008807195050736443
moon_post_covid_2020_2022,문재인 후기/코로나 이후(2020-2022),관세,0.0006620816815012844
moon_post_covid_2020_2022,문재인 후기/코로나 이후(2020-2022),관심사,0.0009579353939320959
moon_post_covid_2020_2022,문재인 후기/코로나 이후(2020-2022),관심이,0.000835473538215449
moon_post_covid_2020_2022,문재인 후기/코로나 이후(2020-2022),관여,0.0021088131448571395
moon_post_covid_2020_2022,문재인 후기/코로나 이후(2020-2022),관장,0.0006201949682864086
moon_post_covid_2020_2022,문재인 후기/코로나 이후(2020-2022),관점,0.0017225398337364392
moon_post_covid_2020_2022,문재인 후기/코로나 이후(2020-2022),관찰,0.0010382439078600115
moon_post_covid_2020_2022,문재인 후기/코로나 이후(2020-2022),관측,0.002388833333795274
moon_post_covid_2020_2022,문재인 후기/코로나 이후(2020-2022),관한,0.0009084961112190407
moon_post_covid_2020_2022,문재인 후기/코로나 이후(2020-2022),관할,0.0008363133087546369
moon_post_covid_2020_2022,문재인 후기/코로나 이후(2020-2022),관행,0.0014003030031008415
moon_post_covid_2020_2022,문재인 후기/코로나 이후(2020-2022),광범위,0.0010057118642741775
moon_post_covid_2020_2022,문재인 후기/코로나 이후(2020-2022),광역,0.001563924354800565
moon_post_covid_2020_2022,문재인 후기/코로나 이후(2020-2022),광장,0.0010328048461082351
moon_post_covid_2020_2022,문재인 후기/코로나 이후(2020-2022),광주시,0.0015755555143311562
moon_post_covid_2020_2022,문재인 후기/코로나 이후(2020-2022),광화문,0.0014609123542935502
moon_post_covid_2020_2022,문재인 후기/코로나 이후(2020-2022),교도소,0.0007787999025421416
moon_post_covid_2020_2022,문재인 후기/코로나 이후(2020-2022),교류,0.001841388903317551
moon_post_covid_2020_2022,문재인 후기/코로나 이후(2020-2022),교사들,0.0006434694522073456
moon_post_covid_2020_2022,문재인 후기/코로나 이후(2020-2022),교섭,0.00099954987352191
moon_post_covid_2020_2022,문재인 후기/코로나 이후(2020-2022),교수님,0.0010129229016786442
moon_post_covid_2020_2022,문재인 후기/코로나 이후(2020-2022),교실,0.001004948769193724
moon_post_covid_2020_2022,문재인 후기/코로나 이후(2020-2022),교원,0.001026654757461499
moon_post_covid_2020_2022,문재인 후기/코로나 이후(2020-2022),교육,0.010843118874856941
moon_post_covid_2020_2022,문재인 후기/코로나 이후(2020-2022),교육과정,0.0008117585152643918
moon_post_covid_2020_2022,문재인 후기/코로나 이후(2020-2022),교육청,0.0015267960076880596
moon_post_covid_2020_2022,문재인 후기/코로나 이후(2020-2022),교장,0.00043707549896367516
moon_post_covid_2020_2022,문재인 후기/코로나 이후(2020-2022),교통,0.00229068947787227
moon_post_covid_2020_2022,문재인 후기/코로나 이후(2020-2022),교통부,0.0017701212382337892
moon_post_covid_2020_2022,문재인 후기/코로나 이후(2020-2022),교통사고,0.000984225307277072
moon_post_covid_2020_2022,문재인 후기/코로나 이후(2020-2022),교환,0.0010616701059393647
moon_post_covid_2020_2022,문재인 후기/코로나 이후(2020-2022),교회,0.002255883122972874
moon_post_covid_2020_2022,문재인 후기/코로나 이후(2020-2022),교훈,0.0006165099790971072
moon_post_covid_2020_2022,문재인 후기/코로나 이후(2020-2022),구간,0.0014084559999142713
moon_post_covid_2020_2022,문재인 후기/코로나 이후(2020-2022),구도,0.001786885552524361
moon_post_covid_2020_2022,문재인 후기/코로나 이후(2020-2022),구멍,0.0006600684488532194
moon_post_covid_2020_2022,문재인 후기/코로나 이후(2020-2022),구분,0.0016830179660729885
moon_post_covid_2020_2022,문재인 후기/코로나 이후(2020-2022),구상,0.002240474618898466
moon_post_covid_2020_2022,문재인 후기/코로나 이후(2020-2022),구성원,0.001996771745935144
moon_post_covid_2020_2022,문재인 후기/코로나 이후(2020-2022),구속영장,0.0014380094964983083
moon_post_covid_2020_2022,문재인 후기/코로나 이후(2020-2022),구역,0.0020638273861148925
moon_post_covid_2020_2022,문재인 후기/코로나 이후(2020-2022),구입,0.001586471354617236
moon_post_covid_2020_2022,문재인 후기/코로나 이후(2020-2022),구제,0.0010249184337118454
moon_post_covid_2020_2022,문재인 후기/코로나 이후(2020-2022),구조적,0.0005194163024877065
moon_post_covid_2020_2022,문재인 후기/코로나 이후(2020-2022),구조조정,0.0006129046947296508
moon_post_covid_2020_2022,문재인 후기/코로나 이후(2020-2022),구직자,0.0007437642882539232
moon_post_covid_2020_2022,문재인 후기/코로나 이후(2020-2022),구청,0.0010727798546995126
moon_post_covid_2020_2022,문재인 후기/코로나 이후(2020-2022),구청장,0.0011975828018539
moon_post_covid_2020_2022,문재인 후기/코로나 이후(2020-2022),구체,0.0012823094062011766
moon_post_covid_2020_2022,문재인 후기/코로나 이후(2020-2022),구체화,0.0008091602441405486
moon_post_covid_2020_2022,문재인 후기/코로나 이후(2020-2022),구형,0.0007403155880367709
moon_post_covid_2020_2022,문재인 후기/코로나 이후(2020-2022),구호,0.000984844561736918
moon_post_covid_2020_2022,문재인 후기/코로나 이후(2020-2022),국가들,0.0010503861930960482
moon_post_covid_2020_2022,문재인 후기/코로나 이후(2020-2022),국가주석,0.0007866538843957177
moon_post_covid_2020_2022,문재인 후기/코로나 이후(2020-2022),국감,0.0012236143420913035
moon_post_covid_2020_2022,문재인 후기/코로나 이후(2020-2022),국경,0.001453499741294793
moon_post_covid_2020_2022,문재인 후기/코로나 이후(2020-2022),국립,0.0015467601524131356
moon_post_covid_2020_2022,문재인 후기/코로나 이후(2020-2022),국면,0.001865228604047828
moon_post_covid_2020_2022,문재인 후기/코로나 이후(2020-2022),국무부,0.0023063277865403996
moon_post_covid_2020_2022,문재인 후기/코로나 이후(2020-2022),국무회의,0.0009572490801059344
moon_post_covid_2020_2022,문재인 후기/코로나 이후(2020-2022),국민은행,0.0007108596171131996
moon_post_covid_2020_2022,문재인 후기/코로나 이후(2020-2022),국민의,0.0009270649685584647
moon_post_covid_2020_2022,문재인 후기/코로나 이후(2020-2022),국방,0.0018158093960349503
moon_post_covid_2020_2022,문재인 후기/코로나 이후(2020-2022),국방장관,0.0011190049565738523
moon_post_covid_2020_2022,문재인 후기/코로나 이후(2020-2022),국산,0.0012618978750618052
moon_post_covid_2020_2022,문재인 후기/코로나 이후(2020-2022),국세청,0.0014319136463304192
moon_post_covid_2020_2022,문재인 후기/코로나 이후(2020-2022),국어,0.0007814806607676621
moon_post_covid_2020_2022,문재인 후기/코로나 이후(2020-2022),국적,0.000924676159858092
moon_post_covid_2020_2022,문재인 후기/코로나 이후(2020-2022),국정감사,0.00108893999700594
moon_post_covid_2020_2022,문재인 후기/코로나 이후(2020-2022),국정운영,0.0005867099076374602
moon_post_covid_2020_2022,문재인 후기/코로나 이후(2020-2022),국정원장,0.0005756330312394031
moon_post_covid_2020_2022,문재인 후기/코로나 이후(2020-2022),국정조사,0.00044511345285832486
moon_post_covid_2020_2022,문재인 후기/코로나 이후(2020-2022),국제적,0.0006541400163343773
moon_post_covid_2020_2022,문재인 후기/코로나 이후(2020-2022),국채,0.0012848953993527836
moon_post_covid_2020_2022,문재인 후기/코로나 이후(2020-2022),국토,0.001974033164075947
moon_post_covid_2020_2022,문재인 후기/코로나 이후(2020-2022),국토교통부,0.0020366325778867276
moon_post_covid_2020_2022,문재인 후기/코로나 이후(2020-2022),국회법,0.000636607782716923
moon_post_covid_2020_2022,문재인 후기/코로나 이후(2020-2022),국회에서,0.0010318130106079125
moon_post_covid_2020_2022,문재인 후기/코로나 이후(2020-2022),국회의원들,0.0004746688540402509
moon_post_covid_2020_2022,문재인 후기/코로나 이후(2020-2022),국회의장,0.0007607950375557381
moon_post_covid_2020_2022,문재인 후기/코로나 이후(2020-2022),군대,0.0014451153564991339
moon_post_covid_2020_2022,문재인 후기/코로나 이후(2020-2022),군부,0.0009073541119301487
moon_post_covid_2020_2022,문재인 후기/코로나 이후(2020-2022),군수,0.0012205585694472453
moon_post_covid_2020_2022,문재인 후기/코로나 이후(2020-2022),군인,0.0012667914731380723
moon_post_covid_2020_2022,문재인 후기/코로나 이후(2020-2022),권리,0.002726635508662881
moon_post_covid_2020_2022,문재인 후기/코로나 이후(2020-2022),권역,0.0008183738579055603
moon_post_covid_2020_2022,문재인 후기/코로나 이후(2020-2022),권위,0.0008136532053557399
moon_post_covid_2020_2022,문재인 후기/코로나 이후(2020-2022),권유,0.0008333861418715125
moon_post_covid_2020_2022,문재인 후기/코로나 이후(2020-2022),권한,0.0036188775595248023
moon_post_covid_2020_2022,문재인 후기/코로나 이후(2020-2022),귀국,0.001441880515758264
moon_post_covid_2020_2022,문재인 후기/코로나 이후(2020-2022),규명,0.001660644428471348
moon_post_covid_2020_2022,문재인 후기/코로나 이후(2020-2022),규제,0.00735565963419092
moon_post_covid_2020_2022,문재인 후기/코로나 이후(2020-2022),규칙,0.001162023679476405
moon_post_covid_2020_2022,문재인 후기/코로나 이후(2020-2022),규탄,0.0010903478309337322
moon_post_covid_2020_2022,문재인 후기/코로나 이후(2020-2022),균형,0.0025367109379151463
moon_post_covid_2020_2022,문재인 후기/코로나 이후(2020-2022),그날,0.0009444871104303469
moon_post_covid_2020_2022,문재인 후기/코로나 이후(2020-2022),그는,0.0017103140696914615
moon_post_covid_2020_2022,문재인 후기/코로나 이후(2020-2022),그래픽,0.0018589730929334343
moon_post_covid_2020_2022,문재인 후기/코로나 이후(2020-2022),그러나,0.000828729907490618
moon_post_covid_2020_2022,문재인 후기/코로나 이후(2020-2022),그런데,0.0009272848598692585
moon_post_covid_2020_2022,문재인 후기/코로나 이후(2020-2022),그리고,0.0007794347723675224
moon_post_covid_2020_2022,문재인 후기/코로나 이후(2020-2022),그의,0.0006752136549748714
moon_post_covid_2020_2022,문재인 후기/코로나 이후(2020-2022),그중,0.0016942979790037717
moon_post_covid_2020_2022,문재인 후기/코로나 이후(2020-2022),그해,0.001383536815394711
moon_post_covid_2020_2022,문재인 후기/코로나 이후(2020-2022),극단,0.0012518430324802855
moon_post_covid_2020_2022,문재인 후기/코로나 이후(2020-2022),극대화,0.0012659760501868814
moon_post_covid_2020_2022,문재인 후기/코로나 이후(2020-2022),극우,0.0006888693040543463
moon_post_covid_2020_2022,문재인 후기/코로나 이후(2020-2022),극장,0.0008848351228719443
moon_post_covid_2020_2022,문재인 후기/코로나 이후(2020-2022),근대,0.0007043891323369457
moon_post_covid_2020_2022,문재인 후기/코로나 이후(2020-2022),근로,0.001475589388713974
moon_post_covid_2020_2022,문재인 후기/코로나 이후(2020-2022),근로자,0.0030727156597803334
moon_post_covid_2020_2022,문재인 후기/코로나 이후(2020-2022),근무,0.004525404054758002
moon_post_covid_2020_2022,문재인 후기/코로나 이후(2020-2022),근본,0.0008890046821860556
moon_post_covid_2020_2022,문재인 후기/코로나 이후(2020-2022),근본적,0.0014358206794065954
moon_post_covid_2020_2022,문재인 후기/코로나 이후(2020-2022),근육,0.0006650386731352208
moon_post_covid_2020_2022,문재인 후기/코로나 이후(2020-2022),근절,0.00113175418990003
moon_post_covid_2020_2022,문재인 후기/코로나 이후(2020-2022),근처,0.0011002221614634124
moon_post_covid_2020_2022,문재인 후기/코로나 이후(2020-2022),금감원,0.0013721914980324153
moon_post_covid_2020_2022,문재인 후기/코로나 이후(2020-2022),금강산,0.0004892424820951039
moon_post_covid_2020_2022,문재인 후기/코로나 이후(2020-2022),금속,0.000597245546309615
moon_post_covid_2020_2022,문재인 후기/코로나 이후(2020-2022),금요일,0.00099726520129827
moon_post_covid_2020_2022,문재인 후기/코로나 이후(2020-2022),금융감독원,0.0006713087363830182
moon_post_covid_2020_2022,문재인 후기/코로나 이후(2020-2022),금융권,0.000682814038278889
moon_post_covid_2020_2022,문재인 후기/코로나 이후(2020-2022),금융당국,0.0009668377402967479
moon_post_covid_2020_2022,문재인 후기/코로나 이후(2020-2022),금융사,0.0008435692232337573
moon_post_covid_2020_2022,문재인 후기/코로나 이후(2020-2022),금융위,0.0013877343905870753
moon_post_covid_2020_2022,문재인 후기/코로나 이후(2020-2022),금융위기,0.0006488415242473515
moon_post_covid_2020_2022,문재인 후기/코로나 이후(2020-2022),금융위원회,0.0009217284665223845
moon_post_covid_2020_2022,문재인 후기/코로나 이후(2020-2022),금융회사,0.0005775361386913258
moon_post_covid_2020_2022,문재인 후기/코로나 이후(2020-2022),금지법,0.0010863020468708199
moon_post_covid_2020_2022,문재인 후기/코로나 이후(2020-2022),급등,0.0019413845820628018
moon_post_covid_2020_2022,문재인 후기/코로나 이후(2020-2022),급락,0.0011389945120275254
moon_post_covid_2020_2022,문재인 후기/코로나 이후(2020-2022),급여,0.0019731980043176476
moon_post_covid_2020_2022,문재인 후기/코로나 이후(2020-2022),급증,0.002730591899527739
moon_post_covid_2020_2022,문재인 후기/코로나 이후(2020-2022),긍정,0.0022166278317633215
moon_post_covid_2020_2022,문재인 후기/코로나 이후(2020-2022),기각,0.001619521333939089
moon_post_covid_2020_2022,문재인 후기/코로나 이후(2020-2022),기계,0.001328397230839956
moon_post_covid_2020_2022,문재인 후기/코로나 이후(2020-2022),기관장,0.0007192208707902073
moon_post_covid_2020_2022,문재인 후기/코로나 이후(2020-2022),기금,0.001543894628707424
moon_post_covid_2020_2022,문재인 후기/코로나 이후(2020-2022),기기,0.0017662231079233065
moon_post_covid_2020_2022,문재인 후기/코로나 이후(2020-2022),기념,0.001691856590424364
moon_post_covid_2020_2022,문재인 후기/코로나 이후(2020-2022),기념식,0.0011601898486063703
moon_post_covid_2020_2022,문재인 후기/코로나 이후(2020-2022),기대감,0.002038800380540673
moon_post_covid_2020_2022,문재인 후기/코로나 이후(2020-2022),기도,0.0005639352000201122
moon_post_covid_2020_2022,문재인 후기/코로나 이후(2020-2022),기독교,0.0005338547118980586
moon_post_covid_2020_2022,문재인 후기/코로나 이후(2020-2022),기득,0.0007774945198976247
moon_post_covid_2020_2022,문재인 후기/코로나 이후(2020-2022),기득권,0.001204534823465173
moon_post_covid_2020_2022,문재인 후기/코로나 이후(2020-2022),기무사,8.040788499287215e-05
moon_post_covid_2020_2022,문재인 후기/코로나 이후(2020-2022),기본소득,0.0022850740523619505
moon_post_covid_2020_2022,문재인 후기/코로나 이후(2020-2022),기부,0.0029087136171605846
moon_post_covid_2020_2022,문재인 후기/코로나 이후(2020-2022),기부금,0.0010523106817710893
moon_post_covid_2020_2022,문재인 후기/코로나 이후(2020-2022),기쁨,0.0005747486341508147
moon_post_covid_2020_2022,문재인 후기/코로나 이후(2020-2022),기술,0.0011189711124694895
moon_post_covid_2020_2022,문재인 후기/코로나 이후(2020-2022),기아차,0.0010260195636542452
moon_post_covid_2020_2022,문재인 후기/코로나 이후(2020-2022),기업가,0.0005490912303162058
moon_post_covid_2020_2022,문재인 후기/코로나 이후(2020-2022),기업인,0.0010470489113161587
moon_post_covid_2020_2022,문재인 후기/코로나 이후(2020-2022),기원,0.0009598276924262275
moon_post_covid_2020_2022,문재인 후기/코로나 이후(2020-2022),기자간담회,0.0008468279454136764
moon_post_covid_2020_2022,문재인 후기/코로나 이후(2020-2022),기자의,0.0014485572627597517
moon_post_covid_2020_2022,문재인 후기/코로나 이후(2020-2022),기자회견을,0.0011366706309639144
moon_post_covid_2020_2022,문재인 후기/코로나 이후(2020-2022),기재,0.000808078860901176
moon_post_covid_2020_2022,문재인 후기/코로나 이후(2020-2022),기재부,0.0020594467891772027
moon_post_covid_2020_2022,문재인 후기/코로나 이후(2020-2022),기적,0.000646081420506691
moon_post_covid_2020_2022,문재인 후기/코로나 이후(2020-2022),기조,0.0018962979323134447
moon_post_covid_2020_2022,문재인 후기/코로나 이후(2020-2022),기존,0.0012283825321450508
moon_post_covid_2020_2022,문재인 후기/코로나 이후(2020-2022),기준금리,0.0011321894875556842
moon_post_covid_2020_2022,문재인 후기/코로나 이후(2020-2022),기증,0.0009422543461405892
moon_post_covid_2020_2022,문재인 후기/코로나 이후(2020-2022),기지,0.0012248830656642349
moon_post_covid_2020_2022,문재인 후기/코로나 이후(2020-2022),기타,0.0009154476936578022
moon_post_covid_2020_2022,문재인 후기/코로나 이후(2020-2022),기한,0.0007947643505802134
moon_post_covid_2020_2022,문재인 후기/코로나 이후(2020-2022),기획재정부,0.00166069057050028
moon_post_covid_2020_2022,문재인 후기/코로나 이후(2020-2022),기후,0.0033763818266516503
moon_post_covid_2020_2022,문재인 후기/코로나 이후(2020-2022),기후변화,0.0018925094982238085
moon_post_covid_2020_2022,문재인 후기/코로나 이후(2020-2022),긴장,0.0019921373779578947
moon_post_covid_2020_2022,문재인 후기/코로나 이후(2020-2022),긴장감,0.0008006687736011454
moon_post_covid_2020_2022,문재인 후기/코로나 이후(2020-2022),길이,0.0008969730744568491
moon_post_covid_2020_2022,문재인 후기/코로나 이후(2020-2022),김기현,0.0016755585566342777
moon_post_covid_2020_2022,문재인 후기/코로나 이후(2020-2022),김대중,0.001790595598052164
moon_post_covid_2020_2022,문재인 후기/코로나 이후(2020-2022),김명수,0.0007225624356001622
moon_post_covid_2020_2022,문재인 후기/코로나 이후(2020-2022),김부겸,0.0021545149550942595
moon_post_covid_2020_2022,문재인 후기/코로나 이후(2020-2022),김상조,0.0005421428637431723
moon_post_covid_2020_2022,문재인 후기/코로나 이후(2020-2022),김성태,0.0002521273714227094
moon_post_covid_2020_2022,문재인 후기/코로나 이후(2020-2022),김영철,0.0002082271572089232
moon_post_covid_2020_2022,문재인 후기/코로나 이후(2020-2022),김우성,0.00030288455346899287
moon_post_covid_2020_2022,문재인 후기/코로나 이후(2020-2022),김치,0.0008102346259093315
moon_post_covid_2020_2022,문재인 후기/코로나 이후(2020-2022),까닭,0.0005456166236481619
moon_post_covid_2020_2022,문재인 후기/코로나 이후(2020-2022),꼼수,0.000914390490515432
moon_post_covid_2020_2022,문재인 후기/코로나 이후(2020-2022),나는,0.0007115290199728149
moon_post_covid_2020_2022,문재인 후기/코로나 이후(2020-2022),나라들,0.0008358500915732703
moon_post_covid_2020_2022,문재인 후기/코로나 이후(2020-2022),나름,0.0012250287820940074
moon_post_covid_2020_2022,문재인 후기/코로나 이후(2020-2022),나무,0.002214356400335761
moon_post_covid_2020_2022,문재인 후기/코로나 이후(2020-2022),나선,0.0009780430706062796
moon_post_covid_2020_2022,문재인 후기/코로나 이후(2020-2022),나섰다,0.001070295776719884
moon_post_covid_2020_2022,문재인 후기/코로나 이후(2020-2022),나오고,0.0008716963892759831
moon_post_covid_2020_2022,문재인 후기/코로나 이후(2020-2022),나온,0.0009393390214052263
moon_post_covid_2020_2022,문재인 후기/코로나 이후(2020-2022),나온다,0.0012791549813897449
moon_post_covid_2020_2022,문재인 후기/코로나 이후(2020-2022),나왔다,0.0015940418593259347
moon_post_covid_2020_2022,문재인 후기/코로나 이후(2020-2022),나중,0.0015772750132642382
moon_post_covid_2020_2022,문재인 후기/코로나 이후(2020-2022),나타났다,0.00136157139423076
moon_post_covid_2020_2022,문재인 후기/코로나 이후(2020-2022),나흘,0.0012252919943753304
moon_post_covid_2020_2022,문재인 후기/코로나 이후(2020-2022),난민,0.0009273823667505592
moon_post_covid_2020_2022,문재인 후기/코로나 이후(2020-2022),날씨,0.0008876540019307137
moon_post_covid_2020_2022,문재인 후기/코로나 이후(2020-2022),날짜,0.0008007916944970993
moon_post_covid_2020_2022,문재인 후기/코로나 이후(2020-2022),남녀,0.0017585874951364887
moon_post_covid_2020_2022,문재인 후기/코로나 이후(2020-2022),남들,0.0005893427194620667
moon_post_covid_2020_2022,문재인 후기/코로나 이후(2020-2022),남부,0.0013330187848824332
moon_post_covid_2020_2022,문재인 후기/코로나 이후(2020-2022),남북관계,0.0012847890863708718
moon_post_covid_2020_2022,문재인 후기/코로나 이후(2020-2022),남북정상회담,0.0003622369970096278
moon_post_covid_2020_2022,문재인 후기/코로나 이후(2020-2022),남용,0.0016356068445733157
moon_post_covid_2020_2022,문재인 후기/코로나 이후(2020-2022),남짓,0.0006789103579356622
moon_post_covid_2020_2022,문재인 후기/코로나 이후(2020-2022),남쪽,0.0006998687895209963
moon_post_covid_2020_2022,문재인 후기/코로나 이후(2020-2022),남측,0.000708247020210662
moon_post_covid_2020_2022,문재인 후기/코로나 이후(2020-2022),남한,0.000719030251059561
moon_post_covid_2020_2022,문재인 후기/코로나 이후(2020-2022),납득,0.0009792247223343994
moon_post_covid_2020_2022,문재인 후기/코로나 이후(2020-2022),납부,0.0012718517481715192
moon_post_covid_2020_2022,문재인 후기/코로나 이후(2020-2022),납치,0.00041143211720257803
moon_post_covid_2020_2022,문재인 후기/코로나 이후(2020-2022),납품,0.0008711130717560056
moon_post_covid_2020_2022,문재인 후기/코로나 이후(2020-2022),낭비,0.0007374319042065087
moon_post_covid_2020_2022,문재인 후기/코로나 이후(2020-2022),내각,0.00184080142127525
moon_post_covid_2020_2022,문재인 후기/코로나 이후(2020-2022),내년도,0.001264273433203212
moon_post_covid_2020_2022,문재인 후기/코로나 이후(2020-2022),내달,0.0012291135770700224
moon_post_covid_2020_2022,문재인 후기/코로나 이후(2020-2022),내수,0.000991580119768148
moon_post_covid_2020_2022,문재인 후기/코로나 이후(2020-2022),내역,0.0010021066391261802
moon_post_covid_2020_2022,문재인 후기/코로나 이후(2020-2022),내용을,0.0010063432817340086
moon_post_covid_2020_2022,문재인 후기/코로나 이후(2020-2022),내용의,0.0007716668743656166
moon_post_covid_2020_2022,문재인 후기/코로나 이후(2020-2022),내전,0.0005073683267199417
moon_post_covid_2020_2022,문재인 후기/코로나 이후(2020-2022),내정,0.0015880327701788756
moon_post_covid_2020_2022,문재인 후기/코로나 이후(2020-2022),내정자,0.0010854244237592803
moon_post_covid_2020_2022,문재인 후기/코로나 이후(2020-2022),냄새,0.0006504388699558617
moon_post_covid_2020_2022,문재인 후기/코로나 이후(2020-2022),냉장고,0.000750792931737538
moon_post_covid_2020_2022,문재인 후기/코로나 이후(2020-2022),냉전,0.0004869084006394195
moon_post_covid_2020_2022,문재인 후기/코로나 이후(2020-2022),넘는,0.0009125727952518743
moon_post_covid_2020_2022,문재인 후기/코로나 이후(2020-2022),네덜란드,0.0010345726256953533
moon_post_covid_2020_2022,문재인 후기/코로나 이후(2020-2022),네트워크,0.002835437652334526
moon_post_covid_2020_2022,문재인 후기/코로나 이후(2020-2022),년간,0.0019453137469147262
moon_post_covid_2020_2022,문재인 후기/코로나 이후(2020-2022),년까지,0.0008697003034990662
moon_post_covid_2020_2022,문재인 후기/코로나 이후(2020-2022),년도,0.0008886384158750185
moon_post_covid_2020_2022,문재인 후기/코로나 이후(2020-2022),년부터,0.001019557691244187
moon_post_covid_2020_2022,문재인 후기/코로나 이후(2020-2022),노동,0.0037043715909327295
moon_post_covid_2020_2022,문재인 후기/코로나 이후(2020-2022),노동계,0.0006459050502879449
moon_post_covid_2020_2022,문재인 후기/코로나 이후(2020-2022),노동부,0.0014498585854434772
moon_post_covid_2020_2022,문재인 후기/코로나 이후(2020-2022),노동시장,0.0005094661772942687
moon_post_covid_2020_2022,문재인 후기/코로나 이후(2020-2022),노동자,0.005739068759007758
moon_post_covid_2020_2022,문재인 후기/코로나 이후(2020-2022),노동자들,0.0012185642356382798
moon_post_covid_2020_2022,문재인 후기/코로나 이후(2020-2022),노동조합,0.0007917937364920718
moon_post_covid_2020_2022,문재인 후기/코로나 이후(2020-2022),노르웨이,0.000629995549857278
moon_post_covid_2020_2022,문재인 후기/코로나 이후(2020-2022),노벨,0.00062245202903361
moon_post_covid_2020_2022,문재인 후기/코로나 이후(2020-2022),노사,0.0011497700801910433
moon_post_covid_2020_2022,문재인 후기/코로나 이후(2020-2022),노선,0.002006379250440982
moon_post_covid_2020_2022,문재인 후기/코로나 이후(2020-2022),노인들,0.00044639322954250215
moon_post_covid_2020_2022,문재인 후기/코로나 이후(2020-2022),노조,0.00355850139611512
moon_post_covid_2020_2022,문재인 후기/코로나 이후(2020-2022),노출,0.001867031234946788
moon_post_covid_2020_2022,문재인 후기/코로나 이후(2020-2022),노트북,0.000730474800092642
moon_post_covid_2020_2022,문재인 후기/코로나 이후(2020-2022),노하우,0.0010336452534536948
moon_post_covid_2020_2022,문재인 후기/코로나 이후(2020-2022),노회찬,0.0002554509121114327
moon_post_covid_2020_2022,문재인 후기/코로나 이후(2020-2022),노후,0.0011593701256443472
moon_post_covid_2020_2022,문재인 후기/코로나 이후(2020-2022),녹색,0.0008913317729493471
moon_post_covid_2020_2022,문재인 후기/코로나 이후(2020-2022),녹취,0.0005160368707241693
moon_post_covid_2020_2022,문재인 후기/코로나 이후(2020-2022),녹취록,0.0010470642993492785
moon_post_covid_2020_2022,문재인 후기/코로나 이후(2020-2022),논란,0.009985455218288853
moon_post_covid_2020_2022,문재인 후기/코로나 이후(2020-2022),논란이,0.0013174765283539027
moon_post_covid_2020_2022,문재인 후기/코로나 이후(2020-2022),논리,0.0016273243449139558
moon_post_covid_2020_2022,문재인 후기/코로나 이후(2020-2022),논설위원,0.0006087666340415798
moon_post_covid_2020_2022,문재인 후기/코로나 이후(2020-2022),논술,0.0003519097334487352
moon_post_covid_2020_2022,문재인 후기/코로나 이후(2020-2022),논쟁,0.0016596157494324344
moon_post_covid_2020_2022,문재인 후기/코로나 이후(2020-2022),논평,0.0013470036734826616
moon_post_covid_2020_2022,문재인 후기/코로나 이후(2020-2022),농가,0.0011325695397637764
moon_post_covid_2020_2022,문재인 후기/코로나 이후(2020-2022),농구,0.0008758425026810208
moon_post_covid_2020_2022,문재인 후기/코로나 이후(2020-2022),농단,0.0009149143978181937
moon_post_covid_2020_2022,문재인 후기/코로나 이후(2020-2022),농민,0.0007117635221663252
moon_post_covid_2020_2022,문재인 후기/코로나 이후(2020-2022),농사,0.0007438819822558738
moon_post_covid_2020_2022,문재인 후기/코로나 이후(2020-2022),농산물,0.0011527752492053165
moon_post_covid_2020_2022,문재인 후기/코로나 이후(2020-2022),농성,0.00034643533880910086
moon_post_covid_2020_2022,문재인 후기/코로나 이후(2020-2022),농업,0.001719419662894689
moon_post_covid_2020_2022,문재인 후기/코로나 이후(2020-2022),농장,0.0007204275725961624
moon_post_covid_2020_2022,문재인 후기/코로나 이후(2020-2022),농촌,0.0012940363862989253
moon_post_covid_2020_2022,문재인 후기/코로나 이후(2020-2022),농협,0.0008677435452701815
moon_post_covid_2020_2022,문재인 후기/코로나 이후(2020-2022),높은,0.0013695511173234692
moon_post_covid_2020_2022,문재인 후기/코로나 이후(2020-2022),높이,0.0009876627963953657
moon_post_covid_2020_2022,문재인 후기/코로나 이후(2020-2022),놓고,0.0011065816510526945
moon_post_covid_2020_2022,문재인 후기/코로나 이후(2020-2022),누리집,0.0012133990496676643
moon_post_covid_2020_2022,문재인 후기/코로나 이후(2020-2022),누적,0.003142606545864576
moon_post_covid_2020_2022,문재인 후기/코로나 이후(2020-2022),눈길,0.0014195687296665238
moon_post_covid_2020_2022,문재인 후기/코로나 이후(2020-2022),눈높이,0.00101329076037388
moon_post_covid_2020_2022,문재인 후기/코로나 이후(2020-2022),눈물,0.0017265532560467398
moon_post_covid_2020_2022,문재인 후기/코로나 이후(2020-2022),눈앞,0.0008358942950180466
moon_post_covid_2020_2022,문재인 후기/코로나 이후(2020-2022),눈치,0.0010417651567164777
moon_post_covid_2020_2022,문재인 후기/코로나 이후(2020-2022),뉴딜,0.003709953885156961
moon_post_covid_2020_2022,문재인 후기/코로나 이후(2020-2022),뉴욕타임스,0.00179298434338842
moon_post_covid_2020_2022,문재인 후기/코로나 이후(2020-2022),뉴질랜드,0.0011077327451633004
moon_post_covid_2020_2022,문재인 후기/코로나 이후(2020-2022),느낌,0.002113735927354283
moon_post_covid_2020_2022,문재인 후기/코로나 이후(2020-2022),능력,0.004745830696530798
moon_post_covid_2020_2022,문재인 후기/코로나 이후(2020-2022),다른,0.0019031355876372499
moon_post_covid_2020_2022,문재인 후기/코로나 이후(2020-2022),다리,0.0010849332302995621
moon_post_covid_2020_2022,문재인 후기/코로나 이후(2020-2022),다수,0.0027182664128454713
moon_post_covid_2020_2022,문재인 후기/코로나 이후(2020-2022),다시,0.0023467253403429674
moon_post_covid_2020_2022,문재인 후기/코로나 이후(2020-2022),다양성,0.0008631722095510716
moon_post_covid_2020_2022,문재인 후기/코로나 이후(2020-2022),다양한,0.0013952413021160854
moon_post_covid_2020_2022,문재인 후기/코로나 이후(2020-2022),다음,0.001871231161052381
moon_post_covid_2020_2022,문재인 후기/코로나 이후(2020-2022),다음날,0.0011851903492974792
moon_post_covid_2020_2022,문재인 후기/코로나 이후(2020-2022),다음달,0.0015506648773825696
moon_post_covid_2020_2022,문재인 후기/코로나 이후(2020-2022),다주택자,0.0018018970617514815
moon_post_covid_2020_2022,문재인 후기/코로나 이후(2020-2022),다짐,0.001128391906072728
moon_post_covid_2020_2022,문재인 후기/코로나 이후(2020-2022),다큐멘터리,0.000700917429803795
moon_post_covid_2020_2022,문재인 후기/코로나 이후(2020-2022),다툼,0.0006996653555157075
moon_post_covid_2020_2022,문재인 후기/코로나 이후(2020-2022),다행,0.00089800668791464
moon_post_covid_2020_2022,문재인 후기/코로나 이후(2020-2022),단거리,0.0006575530292141222
moon_post_covid_2020_2022,문재인 후기/코로나 이후(2020-2022),단계적,0.0010410470928215283
moon_post_covid_2020_2022,문재인 후기/코로나 이후(2020-2022),단기,0.0012412633134439067
moon_post_covid_2020_2022,문재인 후기/코로나 이후(2020-2022),단기간,0.0007180498870043398
moon_post_covid_2020_2022,문재인 후기/코로나 이후(2020-2022),단말기,0.0004997633892643152
moon_post_covid_2020_2022,문재인 후기/코로나 이후(2020-2022),단백질,0.0011633039539071116
moon_post_covid_2020_2022,문재인 후기/코로나 이후(2020-2022),단순,0.0018303923543966346
moon_post_covid_2020_2022,문재인 후기/코로나 이후(2020-2022),단식,0.0004209795299103574
moon_post_covid_2020_2022,문재인 후기/코로나 이후(2020-2022),단어,0.001716261705748483
moon_post_covid_2020_2022,문재인 후기/코로나 이후(2020-2022),단일,0.003285408054225054
moon_post_covid_2020_2022,문재인 후기/코로나 이후(2020-2022),단장,0.0017802952889255578
moon_post_covid_2020_2022,문재인 후기/코로나 이후(2020-2022),단절,0.0007624494987659029
moon_post_covid_2020_2022,문재인 후기/코로나 이후(2020-2022),단체장,0.0011390013321683928
moon_post_covid_2020_2022,문재인 후기/코로나 이후(2020-2022),단축,0.001257070178346019
moon_post_covid_2020_2022,문재인 후기/코로나 이후(2020-2022),단행,0.0012085583064714008
moon_post_covid_2020_2022,문재인 후기/코로나 이후(2020-2022),담당관,0.0010597527290802566
moon_post_covid_2020_2022,문재인 후기/코로나 이후(2020-2022),담배,0.0006990949197091485
moon_post_covid_2020_2022,문재인 후기/코로나 이후(2020-2022),담보,0.0013910803933670783
moon_post_covid_2020_2022,문재인 후기/코로나 이후(2020-2022),담은,0.0008882663249604434
moon_post_covid_2020_2022,문재인 후기/코로나 이후(2020-2022),당국자,0.0014015798115069092
moon_post_covid_2020_2022,문재인 후기/코로나 이후(2020-2022),당대표,0.0014434890794690887
moon_post_covid_2020_2022,문재인 후기/코로나 이후(2020-2022),당론,0.0008094500055860195
moon_post_covid_2020_2022,문재인 후기/코로나 이후(2020-2022),당사자,0.0020270068175967486
moon_post_covid_2020_2022,문재인 후기/코로나 이후(2020-2022),당선자,0.0023185077657422557
moon_post_covid_2020_2022,문재인 후기/코로나 이후(2020-2022),당원,0.003219341537060308
moon_post_covid_2020_2022,문재인 후기/코로나 이후(2020-2022),당원들,0.001094181058883439
moon_post_covid_2020_2022,문재인 후기/코로나 이후(2020-2022),당일,0.0016202404637478242
moon_post_covid_2020_2022,문재인 후기/코로나 이후(2020-2022),당정,0.0009519593688516084
moon_post_covid_2020_2022,문재인 후기/코로나 이후(2020-2022),당황,0.0007553761585096137
moon_post_covid_2020_2022,문재인 후기/코로나 이후(2020-2022),대가,0.001565137789142161
moon_post_covid_2020_2022,문재인 후기/코로나 이후(2020-2022),대검찰청,0.0024092037566417874
moon_post_covid_2020_2022,문재인 후기/코로나 이후(2020-2022),대결,0.0019629676501973113
moon_post_covid_2020_2022,문재인 후기/코로나 이후(2020-2022),대구시,0.002326831121067216
moon_post_covid_2020_2022,문재인 후기/코로나 이후(2020-2022),대국민,0.0017194471095287357
moon_post_covid_2020_2022,문재인 후기/코로나 이후(2020-2022),대권,0.0017421547729623407
moon_post_covid_2020_2022,문재인 후기/코로나 이후(2020-2022),대규모,0.0014241516970113276
moon_post_covid_2020_2022,문재인 후기/코로나 이후(2020-2022),대기,0.001509668885888185
moon_post_covid_2020_2022,문재인 후기/코로나 이후(2020-2022),대남,0.0011506638560735195
moon_post_covid_2020_2022,문재인 후기/코로나 이후(2020-2022),대다수,0.0013636546226969241
moon_post_covid_2020_2022,문재인 후기/코로나 이후(2020-2022),대담,0.0014117462321704378
moon_post_covid_2020_2022,문재인 후기/코로나 이후(2020-2022),대답,0.0009820099571104528
moon_post_covid_2020_2022,문재인 후기/코로나 이후(2020-2022),대대적,0.0010267202629349007
moon_post_covid_2020_2022,문재인 후기/코로나 이후(2020-2022),대량,0.0010841414641904585
moon_post_covid_2020_2022,문재인 후기/코로나 이후(2020-2022),대로,0.0026625875472437483
moon_post_covid_2020_2022,문재인 후기/코로나 이후(2020-2022),대리,0.0013324602701086442
moon_post_covid_2020_2022,문재인 후기/코로나 이후(2020-2022),대립,0.0011189973381021887
moon_post_covid_2020_2022,문재인 후기/코로나 이후(2020-2022),대면,0.0016353788643877947
moon_post_covid_2020_2022,문재인 후기/코로나 이후(2020-2022),대목,0.0013479851548708589
moon_post_covid_2020_2022,문재인 후기/코로나 이후(2020-2022),대법관,0.0010223266522372877
moon_post_covid_2020_2022,문재인 후기/코로나 이후(2020-2022),대변,0.0017017865136978799
moon_post_covid_2020_2022,문재인 후기/코로나 이후(2020-2022),대사관,0.0013149931567646104
moon_post_covid_2020_2022,문재인 후기/코로나 이후(2020-2022),대상으로,0.0018586639335278778
moon_post_covid_2020_2022,문재인 후기/코로나 이후(2020-2022),대상자,0.0029706645137557355
moon_post_covid_2020_2022,문재인 후기/코로나 이후(2020-2022),대선후보,0.0021720179914837684
moon_post_covid_2020_2022,문재인 후기/코로나 이후(2020-2022),대세,0.0008541058823950146
moon_post_covid_2020_2022,문재인 후기/코로나 이후(2020-2022),대신,0.0009758548041517656
moon_post_covid_2020_2022,문재인 후기/코로나 이후(2020-2022),대외,0.0011858654514783802
moon_post_covid_2020_2022,문재인 후기/코로나 이후(2020-2022),대우,0.0008500550393065525
moon_post_covid_2020_2022,문재인 후기/코로나 이후(2020-2022),대입,0.0009530996873297859
moon_post_covid_2020_2022,문재인 후기/코로나 이후(2020-2022),대장,0.0007617371546569439
moon_post_covid_2020_2022,문재인 후기/코로나 이후(2020-2022),대전시,0.001348781259028604
moon_post_covid_2020_2022,문재인 후기/코로나 이후(2020-2022),대주주,0.0010227733030534207
moon_post_covid_2020_2022,문재인 후기/코로나 이후(2020-2022),대중,0.0020719299898865544
moon_post_covid_2020_2022,문재인 후기/코로나 이후(2020-2022),대중교통,0.001139909784873342
moon_post_covid_2020_2022,문재인 후기/코로나 이후(2020-2022),대처,0.0022116392445573796
moon_post_covid_2020_2022,문재인 후기/코로나 이후(2020-2022),대체,0.0019279269944404672
moon_post_covid_2020_2022,문재인 후기/코로나 이후(2020-2022),대치,0.0005094167564355366
moon_post_covid_2020_2022,문재인 후기/코로나 이후(2020-2022),대통령과,0.0007907209438320652
moon_post_covid_2020_2022,문재인 후기/코로나 이후(2020-2022),대통령의,0.0016264085722160727
moon_post_covid_2020_2022,문재인 후기/코로나 이후(2020-2022),대표가,0.0016682074280040082
moon_post_covid_2020_2022,문재인 후기/코로나 이후(2020-2022),대표는,0.002196452511932772
moon_post_covid_2020_2022,문재인 후기/코로나 이후(2020-2022),대표단,0.0007116478605249621
moon_post_covid_2020_2022,문재인 후기/코로나 이후(2020-2022),대표이사,0.0016763365860154823
moon_post_covid_2020_2022,문재인 후기/코로나 이후(2020-2022),대피,0.0012793256096711874
moon_post_covid_2020_2022,문재인 후기/코로나 이후(2020-2022),대학교,0.0009534048873965653
moon_post_covid_2020_2022,문재인 후기/코로나 이후(2020-2022),대학생,0.001546354186460177
moon_post_covid_2020_2022,문재인 후기/코로나 이후(2020-2022),대학원,0.0024873387797667208
moon_post_covid_2020_2022,문재인 후기/코로나 이후(2020-2022),대한항공,0.0013066806260601388
moon_post_covid_2020_2022,문재인 후기/코로나 이후(2020-2022),대행,0.0017132450497355336
moon_post_covid_2020_2022,문재인 후기/코로나 이후(2020-2022),대형,0.001854092478110315
moon_post_covid_2020_2022,문재인 후기/코로나 이후(2020-2022),댓글,0.002099749514595849
moon_post_covid_2020_2022,문재인 후기/코로나 이후(2020-2022),덕분,0.002013376958577641
moon_post_covid_2020_2022,문재인 후기/코로나 이후(2020-2022),데뷔,0.0016506400509591031
moon_post_covid_2020_2022,문재인 후기/코로나 이후(2020-2022),데이비드,0.0006874916591155465
moon_post_covid_2020_2022,문재인 후기/코로나 이후(2020-2022),데이터,0.0048866210597907755
moon_post_covid_2020_2022,문재인 후기/코로나 이후(2020-2022),덴마크,0.0006692518471436428
moon_post_covid_2020_2022,문재인 후기/코로나 이후(2020-2022),도구,0.0009631998864918765
moon_post_covid_2020_2022,문재인 후기/코로나 이후(2020-2022),도달,0.0009527609043505702
moon_post_covid_2020_2022,문재인 후기/코로나 이후(2020-2022),도덕,0.0007864221856284028
moon_post_covid_2020_2022,문재인 후기/코로나 이후(2020-2022),도덕성,0.0008076673872471596
moon_post_covid_2020_2022,문재인 후기/코로나 이후(2020-2022),도모,0.0006736001591960628
moon_post_covid_2020_2022,문재인 후기/코로나 이후(2020-2022),도박,0.0006869645858545741
moon_post_covid_2020_2022,문재인 후기/코로나 이후(2020-2022),도서,0.0005980624588959978
moon_post_covid_2020_2022,문재인 후기/코로나 이후(2020-2022),도서관,0.0012104325394275467
moon_post_covid_2020_2022,문재인 후기/코로나 이후(2020-2022),도심,0.0022508479586521224
moon_post_covid_2020_2022,문재인 후기/코로나 이후(2020-2022),도약,0.0016957335557222762
moon_post_covid_2020_2022,문재인 후기/코로나 이후(2020-2022),도입,0.0008007740620420758
moon_post_covid_2020_2022,문재인 후기/코로나 이후(2020-2022),도중,0.0009928734153568086
moon_post_covid_2020_2022,문재인 후기/코로나 이후(2020-2022),도지사,0.0011245641484647867
moon_post_covid_2020_2022,문재인 후기/코로나 이후(2020-2022),도착,0.0018515506429006596
moon_post_covid_2020_2022,문재인 후기/코로나 이후(2020-2022),도출,0.0007648247010907842
moon_post_covid_2020_2022,문재인 후기/코로나 이후(2020-2022),독도,0.0007257857925043443
moon_post_covid_2020_2022,문재인 후기/코로나 이후(2020-2022),독려,0.0010096479658220458
moon_post_covid_2020_2022,문재인 후기/코로나 이후(2020-2022),독립,0.002621322073948193
moon_post_covid_2020_2022,문재인 후기/코로나 이후(2020-2022),독립성,0.0010721936967563177
moon_post_covid_2020_2022,문재인 후기/코로나 이후(2020-2022),독서,0.0004919410395872215
moon_post_covid_2020_2022,문재인 후기/코로나 이후(2020-2022),독자들,0.0005310758703104268
moon_post_covid_2020_2022,문재인 후기/코로나 이후(2020-2022),독재,0.001045876165743934
moon_post_covid_2020_2022,문재인 후기/코로나 이후(2020-2022),독점,0.001247429791237941
moon_post_covid_2020_2022,문재인 후기/코로나 이후(2020-2022),독특,0.0008205732102502441
moon_post_covid_2020_2022,문재인 후기/코로나 이후(2020-2022),돌입,0.0015431730737937089
moon_post_covid_2020_2022,문재인 후기/코로나 이후(2020-2022),돌파,0.0025731129833635046
moon_post_covid_2020_2022,문재인 후기/코로나 이후(2020-2022),돌파구,0.0006531210483852176
moon_post_covid_2020_2022,문재인 후기/코로나 이후(2020-2022),동결,0.0009531023560806874
moon_post_covid_2020_2022,문재인 후기/코로나 이후(2020-2022),동계,0.0007355712653188029
moon_post_covid_2020_2022,문재인 후기/코로나 이후(2020-2022),동구,0.0010007138543423482
moon_post_covid_2020_2022,문재인 후기/코로나 이후(2020-2022),동기,0.0019460716461900704
moon_post_covid_2020_2022,문재인 후기/코로나 이후(2020-2022),동남아,0.0005395069877709369
moon_post_covid_2020_2022,문재인 후기/코로나 이후(2020-2022),동네,0.001599190815096708
moon_post_covid_2020_2022,문재인 후기/코로나 이후(2020-2022),동력,0.0014531770571866406
moon_post_covid_2020_2022,문재인 후기/코로나 이후(2020-2022),동료,0.002095099193797114
moon_post_covid_2020_2022,문재인 후기/코로나 이후(2020-2022),동료들,0.000861414786167108
moon_post_covid_2020_2022,문재인 후기/코로나 이후(2020-2022),동맹,0.0024744666170063707
moon_post_covid_2020_2022,문재인 후기/코로나 이후(2020-2022),동물,0.0027011177066472345
moon_post_covid_2020_2022,문재인 후기/코로나 이후(2020-2022),동반,0.0012423055463055257
moon_post_covid_2020_2022,문재인 후기/코로나 이후(2020-2022),동반자,0.0007126853563922602
moon_post_covid_2020_2022,문재인 후기/코로나 이후(2020-2022),동부,0.001196638132968545
moon_post_covid_2020_2022,문재인 후기/코로나 이후(2020-2022),동생,0.0013104532560213483
moon_post_covid_2020_2022,문재인 후기/코로나 이후(2020-2022),동아시아,0.0006574481763641289
moon_post_covid_2020_2022,문재인 후기/코로나 이후(2020-2022),동아일보,0.0013717837383677295
moon_post_covid_2020_2022,문재인 후기/코로나 이후(2020-2022),동안,0.0018731912224190155
moon_post_covid_2020_2022,문재인 후기/코로나 이후(2020-2022),동영,0.000853215480159374
moon_post_covid_2020_2022,문재인 후기/코로나 이후(2020-2022),동영상,0.0017058746795273788
moon_post_covid_2020_2022,문재인 후기/코로나 이후(2020-2022),동원,0.0023178084472886815
moon_post_covid_2020_2022,문재인 후기/코로나 이후(2020-2022),동일,0.0018009374188099087
moon_post_covid_2020_2022,문재인 후기/코로나 이후(2020-2022),동작,0.0008546852075100392
moon_post_covid_2020_2022,문재인 후기/코로나 이후(2020-2022),동참,0.0017532626625346732
moon_post_covid_2020_2022,문재인 후기/코로나 이후(2020-2022),동포,0.0004725340157983169
moon_post_covid_2020_2022,문재인 후기/코로나 이후(2020-2022),동해,0.0008068567902102554
moon_post_covid_2020_2022,문재인 후기/코로나 이후(2020-2022),동행,0.0009715326816669748
moon_post_covid_2020_2022,문재인 후기/코로나 이후(2020-2022),동향,0.001411956263406905
moon_post_covid_2020_2022,문재인 후기/코로나 이후(2020-2022),돼지,0.0005364296292924204
moon_post_covid_2020_2022,문재인 후기/코로나 이후(2020-2022),됐다,0.0013480064121481326
moon_post_covid_2020_2022,문재인 후기/코로나 이후(2020-2022),되는,0.0008626446111195873
moon_post_covid_2020_2022,문재인 후기/코로나 이후(2020-2022),된다,0.001072593111305451
moon_post_covid_2020_2022,문재인 후기/코로나 이후(2020-2022),두고,0.0016740809719186336
moon_post_covid_2020_2022,문재인 후기/코로나 이후(2020-2022),두려움,0.0008153379711407752
moon_post_covid_2020_2022,문재인 후기/코로나 이후(2020-2022),두산,0.0011336772251673418
moon_post_covid_2020_2022,문재인 후기/코로나 이후(2020-2022),둔화,0.0008487263618986638
moon_post_covid_2020_2022,문재인 후기/코로나 이후(2020-2022),뒷받침,0.001673366498434241
moon_post_covid_2020_2022,문재인 후기/코로나 이후(2020-2022),드론,0.0016637664358925247
moon_post_covid_2020_2022,문재인 후기/코로나 이후(2020-2022),득점,0.001190592921294456
moon_post_covid_2020_2022,문재인 후기/코로나 이후(2020-2022),득표,0.0014672276193504806
moon_post_covid_2020_2022,문재인 후기/코로나 이후(2020-2022),들어,0.0007377593859104691
moon_post_covid_2020_2022,문재인 후기/코로나 이후(2020-2022),등교,0.002087679636652409
moon_post_covid_2020_2022,문재인 후기/코로나 이후(2020-2022),등록금,0.0010418383153756143
moon_post_covid_2020_2022,문재인 후기/코로나 이후(2020-2022),등에,0.0017790970042212998
moon_post_covid_2020_2022,문재인 후기/코로나 이후(2020-2022),등으로,0.0011058633623165811
moon_post_covid_2020_2022,문재인 후기/코로나 이후(2020-2022),등의,0.0014314118244873337
moon_post_covid_2020_2022,문재인 후기/코로나 이후(2020-2022),등이,0.0015394812986026314
moon_post_covid_2020_2022,문재인 후기/코로나 이후(2020-2022),등재,0.000793180358906389
moon_post_covid_2020_2022,문재인 후기/코로나 이후(2020-2022),디자,0.0015876975167915962
moon_post_covid_2020_2022,문재인 후기/코로나 이후(2020-2022),디자이너,0.0009226384031036572
moon_post_covid_2020_2022,문재인 후기/코로나 이후(2020-2022),디지털,0.00801827970336797
moon_post_covid_2020_2022,문재인 후기/코로나 이후(2020-2022),따라,0.0023001514897957594
moon_post_covid_2020_2022,문재인 후기/코로나 이후(2020-2022),따른,0.0012344049312479229
moon_post_covid_2020_2022,문재인 후기/코로나 이후(2020-2022),때문에,0.0011335150383768497
moon_post_covid_2020_2022,문재인 후기/코로나 이후(2020-2022),때문이다,0.0009844428003923924
moon_post_covid_2020_2022,문재인 후기/코로나 이후(2020-2022),라고,0.0016801005201976965
moon_post_covid_2020_2022,문재인 후기/코로나 이후(2020-2022),라는,0.0015803032384883043
moon_post_covid_2020_2022,문재인 후기/코로나 이후(2020-2022),라운드,0.0009971269173485653
moon_post_covid_2020_2022,문재인 후기/코로나 이후(2020-2022),라이브,0.0012518824771835745
moon_post_covid_2020_2022,문재인 후기/코로나 이후(2020-2022),라이프,0.0009068500378821721
moon_post_covid_2020_2022,문재인 후기/코로나 이후(2020-2022),라인,0.0015912778847961386
moon_post_covid_2020_2022,문재인 후기/코로나 이후(2020-2022),랭킹,0.0007755460096913845
moon_post_covid_2020_2022,문재인 후기/코로나 이후(2020-2022),런던,0.0012820493565155223
moon_post_covid_2020_2022,문재인 후기/코로나 이후(2020-2022),로드맵,0.0008443232088233303
moon_post_covid_2020_2022,문재인 후기/코로나 이후(2020-2022),로버트,0.0007806307519786536
moon_post_covid_2020_2022,문재인 후기/코로나 이후(2020-2022),로비,0.0008840883642128902
moon_post_covid_2020_2022,문재인 후기/코로나 이후(2020-2022),로스쿨,0.0006960868758045846
moon_post_covid_2020_2022,문재인 후기/코로나 이후(2020-2022),로켓,0.0006914537074032918
moon_post_covid_2020_2022,문재인 후기/코로나 이후(2020-2022),롯데그룹,0.000565242663850008
moon_post_covid_2020_2022,문재인 후기/코로나 이후(2020-2022),리더,0.001494466400584255
moon_post_covid_2020_2022,문재인 후기/코로나 이후(2020-2022),리더십,0.0021767432899034256
moon_post_covid_2020_2022,문재인 후기/코로나 이후(2020-2022),리모델링,0.0008176433416939631
moon_post_covid_2020_2022,문재인 후기/코로나 이후(2020-2022),리스크,0.001769278662389485
moon_post_covid_2020_2022,문재인 후기/코로나 이후(2020-2022),리스트,0.000498283376318926
moon_post_covid_2020_2022,문재인 후기/코로나 이후(2020-2022),리얼미터,0.0012850112766878722
moon_post_covid_2020_2022,문재인 후기/코로나 이후(2020-2022),마감,0.0020132401794867335
moon_post_covid_2020_2022,문재인 후기/코로나 이후(2020-2022),마당,0.00057910199120464
moon_post_covid_2020_2022,문재인 후기/코로나 이후(2020-2022),마약,0.001200959773587105
moon_post_covid_2020_2022,문재인 후기/코로나 이후(2020-2022),마음,0.006740241279780607
moon_post_covid_2020_2022,문재인 후기/코로나 이후(2020-2022),마이너스,0.0010610965995854317
moon_post_covid_2020_2022,문재인 후기/코로나 이후(2020-2022),마이크,0.001152828702494249
moon_post_covid_2020_2022,문재인 후기/코로나 이후(2020-2022),마이클,0.0008892569093297285
moon_post_covid_2020_2022,문재인 후기/코로나 이후(2020-2022),마크,0.000932353200970061
moon_post_covid_2020_2022,문재인 후기/코로나 이후(2020-2022),마크롱,0.000937353489588262
moon_post_covid_2020_2022,문재인 후기/코로나 이후(2020-2022),마트,0.0010949545888104093
moon_post_covid_2020_2022,문재인 후기/코로나 이후(2020-2022),마포구,0.000987076855415691
moon_post_covid_2020_2022,문재인 후기/코로나 이후(2020-2022),막말,0.0012250323089303499
moon_post_covid_2020_2022,문재인 후기/코로나 이후(2020-2022),막판,0.0013492072529485487
moon_post_covid_2020_2022,문재인 후기/코로나 이후(2020-2022),만기,0.0010540209296192103
moon_post_covid_2020_2022,문재인 후기/코로나 이후(2020-2022),만나,0.0013008372218810996
moon_post_covid_2020_2022,문재인 후기/코로나 이후(2020-2022),만남,0.0016303599785387366
moon_post_covid_2020_2022,문재인 후기/코로나 이후(2020-2022),만든,0.0009393384648179434
moon_post_covid_2020_2022,문재인 후기/코로나 이후(2020-2022),만원,0.0013446267093547841
moon_post_covid_2020_2022,문재인 후기/코로나 이후(2020-2022),만일,0.0006336430800464521
moon_post_covid_2020_2022,문재인 후기/코로나 이후(2020-2022),만점,0.0007734405492821958
moon_post_covid_2020_2022,문재인 후기/코로나 이후(2020-2022),만족,0.0016292568404938927
moon_post_covid_2020_2022,문재인 후기/코로나 이후(2020-2022),만족도,0.0014799370662388846
moon_post_covid_2020_2022,문재인 후기/코로나 이후(2020-2022),만찬,0.0005313128547086692
moon_post_covid_2020_2022,문재인 후기/코로나 이후(2020-2022),만화,0.0007291606358795902
moon_post_covid_2020_2022,문재인 후기/코로나 이후(2020-2022),많은,0.00163666490704427
moon_post_covid_2020_2022,문재인 후기/코로나 이후(2020-2022),많이,0.0013839088759422951
moon_post_covid_2020_2022,문재인 후기/코로나 이후(2020-2022),말레이시아,0.0004990970012350133
moon_post_covid_2020_2022,문재인 후기/코로나 이후(2020-2022),말했습니다,0.0012229352438450217
moon_post_covid_2020_2022,문재인 후기/코로나 이후(2020-2022),맞아,0.001053493224639784
moon_post_covid_2020_2022,문재인 후기/코로나 이후(2020-2022),맞춤,0.002267463391519538
moon_post_covid_2020_2022,문재인 후기/코로나 이후(2020-2022),매각,0.0021466188201761226
moon_post_covid_2020_2022,문재인 후기/코로나 이후(2020-2022),매뉴얼,0.0006615228087586056
moon_post_covid_2020_2022,문재인 후기/코로나 이후(2020-2022),매력,0.0012696466160854577
moon_post_covid_2020_2022,문재인 후기/코로나 이후(2020-2022),매력적,0.0006548148989692067
moon_post_covid_2020_2022,문재인 후기/코로나 이후(2020-2022),매매,0.0017594140501804112
moon_post_covid_2020_2022,문재인 후기/코로나 이후(2020-2022),매수,0.002152236867508464
moon_post_covid_2020_2022,문재인 후기/코로나 이후(2020-2022),매입,0.0029145770005833097
moon_post_covid_2020_2022,문재인 후기/코로나 이후(2020-2022),매진,0.0007599295771325137
moon_post_covid_2020_2022,문재인 후기/코로나 이후(2020-2022),매출액,0.0016273865343623215
moon_post_covid_2020_2022,문재인 후기/코로나 이후(2020-2022),맥락,0.001014384077367016
moon_post_covid_2020_2022,문재인 후기/코로나 이후(2020-2022),맥주,0.0008563002052849485
moon_post_covid_2020_2022,문재인 후기/코로나 이후(2020-2022),머리,0.0019535138946237076
moon_post_covid_2020_2022,문재인 후기/코로나 이후(2020-2022),먹거리,0.0008665018538018444
moon_post_covid_2020_2022,문재인 후기/코로나 이후(2020-2022),먼저,0.0015610809844831283
moon_post_covid_2020_2022,문재인 후기/코로나 이후(2020-2022),먼지,0.000984631336539668
moon_post_covid_2020_2022,문재인 후기/코로나 이후(2020-2022),메뉴,0.0009015589717950384
moon_post_covid_2020_2022,문재인 후기/코로나 이후(2020-2022),메달,0.001175087781064455
moon_post_covid_2020_2022,문재인 후기/코로나 이후(2020-2022),메르켈,0.0006426017878022752
moon_post_covid_2020_2022,문재인 후기/코로나 이후(2020-2022),메일,0.0008119585614561681
moon_post_covid_2020_2022,문재인 후기/코로나 이후(2020-2022),멕시코,0.0008209085308760019
moon_post_covid_2020_2022,문재인 후기/코로나 이후(2020-2022),멤버,0.0012639992201738301
moon_post_covid_2020_2022,문재인 후기/코로나 이후(2020-2022),며칠,0.0013376978901543913
moon_post_covid_2020_2022,문재인 후기/코로나 이후(2020-2022),면담,0.0016439895265985612
moon_post_covid_2020_2022,문재인 후기/코로나 이후(2020-2022),면세점,0.0005250987158133369
moon_post_covid_2020_2022,문재인 후기/코로나 이후(2020-2022),면역,0.00147782458552176
moon_post_covid_2020_2022,문재인 후기/코로나 이후(2020-2022),면적,0.0019014518907335503
moon_post_covid_2020_2022,문재인 후기/코로나 이후(2020-2022),면제,0.0017796549198164327
moon_post_covid_2020_2022,문재인 후기/코로나 이후(2020-2022),면허,0.0005958476144135803
moon_post_covid_2020_2022,문재인 후기/코로나 이후(2020-2022),명단,0.002011156477567368
moon_post_covid_2020_2022,문재인 후기/코로나 이후(2020-2022),명령,0.002340442047057985
moon_post_covid_2020_2022,문재인 후기/코로나 이후(2020-2022),명목,0.0007802010126568074
moon_post_covid_2020_2022,문재인 후기/코로나 이후(2020-2022),명분,0.0019385387388101492
moon_post_covid_2020_2022,문재인 후기/코로나 이후(2020-2022),명성,0.0005986556115320764
moon_post_covid_2020_2022,문재인 후기/코로나 이후(2020-2022),명시,0.0012189073905467778
moon_post_covid_2020_2022,문재인 후기/코로나 이후(2020-2022),명예,0.002378798366720893
moon_post_covid_2020_2022,문재인 후기/코로나 이후(2020-2022),명예교수,0.0007312130158184534
moon_post_covid_2020_2022,문재인 후기/코로나 이후(2020-2022),명을,0.002201831107662
moon_post_covid_2020_2022,문재인 후기/코로나 이후(2020-2022),명의,0.002337732990510787
moon_post_covid_2020_2022,문재인 후기/코로나 이후(2020-2022),명절,0.000949461088416736
moon_post_covid_2020_2022,문재인 후기/코로나 이후(2020-2022),명칭,0.0010846040136370308
moon_post_covid_2020_2022,문재인 후기/코로나 이후(2020-2022),모금,0.0006689744699836937
moon_post_covid_2020_2022,문재인 후기/코로나 이후(2020-2022),모니터링,0.0013212519295874973
moon_post_covid_2020_2022,문재인 후기/코로나 이후(2020-2022),모두,0.0023131737591820076
moon_post_covid_2020_2022,문재인 후기/코로나 이후(2020-2022),모범,0.00094479935406173
moon_post_covid_2020_2022,문재인 후기/코로나 이후(2020-2022),모빌리티,0.0022128764032136507
moon_post_covid_2020_2022,문재인 후기/코로나 이후(2020-2022),모색,0.001573325768923961
moon_post_covid_2020_2022,문재인 후기/코로나 이후(2020-2022),모순,0.0005981917685048352
moon_post_covid_2020_2022,문재인 후기/코로나 이후(2020-2022),모양,0.0014201348233573033
moon_post_covid_2020_2022,문재인 후기/코로나 이후(2020-2022),모양새,0.0013524382726828143
moon_post_covid_2020_2022,문재인 후기/코로나 이후(2020-2022),모의,0.000741891568085939
moon_post_covid_2020_2022,문재인 후기/코로나 이후(2020-2022),목사,0.0009916888204182365
moon_post_covid_2020_2022,문재인 후기/코로나 이후(2020-2022),목숨,0.0013965149981386353
moon_post_covid_2020_2022,문재인 후기/코로나 이후(2020-2022),목요일,0.0008179919867748075
moon_post_covid_2020_2022,문재인 후기/코로나 이후(2020-2022),목포,0.0007179287156467867
moon_post_covid_2020_2022,문재인 후기/코로나 이후(2020-2022),못한,0.0008276255022486193
moon_post_covid_2020_2022,문재인 후기/코로나 이후(2020-2022),묘사,0.0007179532242100145
moon_post_covid_2020_2022,문재인 후기/코로나 이후(2020-2022),무게,0.001331649846903949
moon_post_covid_2020_2022,문재인 후기/코로나 이후(2020-2022),무기,0.0023202337771875254
moon_post_covid_2020_2022,문재인 후기/코로나 이후(2020-2022),무능,0.0009856122635388156
moon_post_covid_2020_2022,문재인 후기/코로나 이후(2020-2022),무력,0.0009360309665272469
moon_post_covid_2020_2022,문재인 후기/코로나 이후(2020-2022),무력화,0.0008829035372636586
moon_post_covid_2020_2022,문재인 후기/코로나 이후(2020-2022),무렵,0.0007310490858990123
moon_post_covid_2020_2022,문재인 후기/코로나 이후(2020-2022),무료,0.0020635093041631524
moon_post_covid_2020_2022,문재인 후기/코로나 이후(2020-2022),무릎,0.0009827492469166785
moon_post_covid_2020_2022,문재인 후기/코로나 이후(2020-2022),무리,0.0017335575315387084
moon_post_covid_2020_2022,문재인 후기/코로나 이후(2020-2022),무산,0.0013230281197268228
moon_post_covid_2020_2022,문재인 후기/코로나 이후(2020-2022),무상,0.0008708529828097511
moon_post_covid_2020_2022,문재인 후기/코로나 이후(2020-2022),무선,0.0010691105768449107
moon_post_covid_2020_2022,문재인 후기/코로나 이후(2020-2022),무소속,0.0008891447283226971
moon_post_covid_2020_2022,문재인 후기/코로나 이후(2020-2022),무시,0.0017281031677425023
moon_post_covid_2020_2022,문재인 후기/코로나 이후(2020-2022),무장,0.0011484444939847836
moon_post_covid_2020_2022,문재인 후기/코로나 이후(2020-2022),무죄,0.0016898304611511906
moon_post_covid_2020_2022,문재인 후기/코로나 이후(2020-2022),무책임,0.000794178061804442
moon_post_covid_2020_2022,문재인 후기/코로나 이후(2020-2022),무효,0.00076029023827766
moon_post_covid_2020_2022,문재인 후기/코로나 이후(2020-2022),문건,0.0015260595417679757
moon_post_covid_2020_2022,문재인 후기/코로나 이후(2020-2022),문구,0.0012543092211461345
moon_post_covid_2020_2022,문재인 후기/코로나 이후(2020-2022),문명,0.0005512364301877549
moon_post_covid_2020_2022,문재인 후기/코로나 이후(2020-2022),문서,0.0011737640380132118
moon_post_covid_2020_2022,문재인 후기/코로나 이후(2020-2022),문의,0.0010858500855048154
moon_post_covid_2020_2022,문재인 후기/코로나 이후(2020-2022),문자,0.0017038240250131704
moon_post_covid_2020_2022,문재인 후기/코로나 이후(2020-2022),문장,0.0008700586255355866
moon_post_covid_2020_2022,문재인 후기/코로나 이후(2020-2022),문제,0.0011351910863165399
moon_post_covid_2020_2022,문재인 후기/코로나 이후(2020-2022),문제가,0.0007539393832972279
moon_post_covid_2020_2022,문재인 후기/코로나 이후(2020-2022),문제들,0.0008205176918397932
moon_post_covid_2020_2022,문재인 후기/코로나 이후(2020-2022),문제를,0.0008724751784188555
moon_post_covid_2020_2022,문재인 후기/코로나 이후(2020-2022),문제점,0.0017009826171289625
moon_post_covid_2020_2022,문재인 후기/코로나 이후(2020-2022),문체부,0.0008484980317566419
moon_post_covid_2020_2022,문재인 후기/코로나 이후(2020-2022),문턱,0.0008068876527039766
moon_post_covid_2020_2022,문재인 후기/코로나 이후(2020-2022),문항,0.0008379086925949571
moon_post_covid_2020_2022,문재인 후기/코로나 이후(2020-2022),문화재청,0.000852846080528418
moon_post_covid_2020_2022,문재인 후기/코로나 이후(2020-2022),문희상,0.0003154396846607537
moon_post_covid_2020_2022,문재인 후기/코로나 이후(2020-2022),물가,0.002729874668450162
moon_post_covid_2020_2022,문재인 후기/코로나 이후(2020-2022),물건,0.0013666089449952353
moon_post_covid_2020_2022,문재인 후기/코로나 이후(2020-2022),물량,0.0034350733365269112
moon_post_covid_2020_2022,문재인 후기/코로나 이후(2020-2022),물론,0.0015754649279920688
moon_post_covid_2020_2022,문재인 후기/코로나 이후(2020-2022),물류,0.0018547812876161288
moon_post_covid_2020_2022,문재인 후기/코로나 이후(2020-2022),물질,0.001853079900387422
moon_post_covid_2020_2022,문재인 후기/코로나 이후(2020-2022),물품,0.0011403940631095363
moon_post_covid_2020_2022,문재인 후기/코로나 이후(2020-2022),뮤지컬,0.0008684971713934838
moon_post_covid_2020_2022,문재인 후기/코로나 이후(2020-2022),미국의,0.0012072468531505545
moon_post_covid_2020_2022,문재인 후기/코로나 이후(2020-2022),미국인,0.0013651871358929604
moon_post_covid_2020_2022,문재인 후기/코로나 이후(2020-2022),미니,0.0007457946425262686
moon_post_covid_2020_2022,문재인 후기/코로나 이후(2020-2022),미달,0.0007076437014768708
moon_post_covid_2020_2022,문재인 후기/코로나 이후(2020-2022),미만,0.0025952683941092413
moon_post_covid_2020_2022,문재인 후기/코로나 이후(2020-2022),미세,0.001095199048148678
moon_post_covid_2020_2022,문재인 후기/코로나 이후(2020-2022),미술,0.0015765655266832231
moon_post_covid_2020_2022,문재인 후기/코로나 이후(2020-2022),미술관,0.001009582311148511
moon_post_covid_2020_2022,문재인 후기/코로나 이후(2020-2022),미안,0.0010007567925056874
moon_post_covid_2020_2022,문재인 후기/코로나 이후(2020-2022),미얀마,0.001626536765841056
moon_post_covid_2020_2022,문재인 후기/코로나 이후(2020-2022),미터,0.0009491210971244206
moon_post_covid_2020_2022,문재인 후기/코로나 이후(2020-2022),미흡,0.0012472669474594485
moon_post_covid_2020_2022,문재인 후기/코로나 이후(2020-2022),민간인,0.0010966728481938215
moon_post_covid_2020_2022,문재인 후기/코로나 이후(2020-2022),민생,0.0025653855779683094
moon_post_covid_2020_2022,문재인 후기/코로나 이후(2020-2022),민원,0.0015429988431064582
moon_post_covid_2020_2022,문재인 후기/코로나 이후(2020-2022),민정,0.0008861539523730928
moon_post_covid_2020_2022,문재인 후기/코로나 이후(2020-2022),민정수석,0.0005942807384797471
moon_post_covid_2020_2022,문재인 후기/코로나 이후(2020-2022),민족,0.0013264715326555513
moon_post_covid_2020_2022,문재인 후기/코로나 이후(2020-2022),민주노총,0.0009727422573299619
moon_post_covid_2020_2022,문재인 후기/코로나 이후(2020-2022),민주주,0.0014737559806592255
moon_post_covid_2020_2022,문재인 후기/코로나 이후(2020-2022),민주화,0.0014320656617456543
moon_post_covid_2020_2022,문재인 후기/코로나 이후(2020-2022),믿음,0.000862653497211163
moon_post_covid_2020_2022,문재인 후기/코로나 이후(2020-2022),밀레니얼,0.0014957234835013978
moon_post_covid_2020_2022,문재인 후기/코로나 이후(2020-2022),밀접,0.0008974430517318463
moon_post_covid_2020_2022,문재인 후기/코로나 이후(2020-2022),밀집,0.0008774103417563406
moon_post_covid_2020_2022,문재인 후기/코로나 이후(2020-2022),바깥,0.0006735441191501544
moon_post_covid_2020_2022,문재인 후기/코로나 이후(2020-2022),바닥,0.001270363274726786
moon_post_covid_2020_2022,문재인 후기/코로나 이후(2020-2022),바로,0.0008854807310755082
moon_post_covid_2020_2022,문재인 후기/코로나 이후(2020-2022),바이오,0.0028393049746289474
moon_post_covid_2020_2022,문재인 후기/코로나 이후(2020-2022),박람회,0.0009484267051641503
moon_post_covid_2020_2022,문재인 후기/코로나 이후(2020-2022),박물관,0.001119570065916432
moon_post_covid_2020_2022,문재인 후기/코로나 이후(2020-2022),박수,0.0007244397800193009
moon_post_covid_2020_2022,문재인 후기/코로나 이후(2020-2022),박씨,0.0006486292303711525
moon_post_covid_2020_2022,문재인 후기/코로나 이후(2020-2022),박영선,0.0023054437531140047
moon_post_covid_2020_2022,문재인 후기/코로나 이후(2020-2022),박용진,0.0013117780733555625
moon_post_covid_2020_2022,문재인 후기/코로나 이후(2020-2022),박차,0.0009403726526143819
moon_post_covid_2020_2022,문재인 후기/코로나 이후(2020-2022),박탈,0.0016194082428769737
moon_post_covid_2020_2022,문재인 후기/코로나 이후(2020-2022),반등,0.0015530272594384146
moon_post_covid_2020_2022,문재인 후기/코로나 이후(2020-2022),반박,0.00252558768581482
moon_post_covid_2020_2022,문재인 후기/코로나 이후(2020-2022),반발,0.004411369110739052
moon_post_covid_2020_2022,문재인 후기/코로나 이후(2020-2022),반복,0.0025754300062956663
moon_post_covid_2020_2022,문재인 후기/코로나 이후(2020-2022),반성,0.002058040120894507
moon_post_covid_2020_2022,문재인 후기/코로나 이후(2020-2022),반전,0.0011220024108262738
moon_post_covid_2020_2022,문재인 후기/코로나 이후(2020-2022),반환,0.0009508128611161592
moon_post_covid_2020_2022,문재인 후기/코로나 이후(2020-2022),받고,0.001362191277256571
moon_post_covid_2020_2022,문재인 후기/코로나 이후(2020-2022),받는,0.0009672331074673926
moon_post_covid_2020_2022,문재인 후기/코로나 이후(2020-2022),받아,0.0008487847750879263
moon_post_covid_2020_2022,문재인 후기/코로나 이후(2020-2022),받았다,0.0011043022652220365
moon_post_covid_2020_2022,문재인 후기/코로나 이후(2020-2022),받은,0.0017061415906130472
moon_post_covid_2020_2022,문재인 후기/코로나 이후(2020-2022),발간,0.0010866365931281028
moon_post_covid_2020_2022,문재인 후기/코로나 이후(2020-2022),발굴,0.0031151789629908604
moon_post_covid_2020_2022,문재인 후기/코로나 이후(2020-2022),발급,0.0015904698337466333
moon_post_covid_2020_2022,문재인 후기/코로나 이후(2020-2022),발달,0.0008478821498204169
moon_post_covid_2020_2022,문재인 후기/코로나 이후(2020-2022),발동,0.001615852822968303
moon_post_covid_2020_2022,문재인 후기/코로나 이후(2020-2022),발령,0.0011523031566783224
moon_post_covid_2020_2022,문재인 후기/코로나 이후(2020-2022),발목,0.000978315941923809
moon_post_covid_2020_2022,문재인 후기/코로나 이후(2020-2022),발병,0.0009828496275011752
moon_post_covid_2020_2022,문재인 후기/코로나 이후(2020-2022),발부,0.0005805903833869587
moon_post_covid_2020_2022,문재인 후기/코로나 이후(2020-2022),발사체,0.0008691673253454772
moon_post_covid_2020_2022,문재인 후기/코로나 이후(2020-2022),발상,0.0005950431135668933
moon_post_covid_2020_2022,문재인 후기/코로나 이후(2020-2022),발의,0.002191702435318494
moon_post_covid_2020_2022,문재인 후기/코로나 이후(2020-2022),발전소,0.0012799026333535372
moon_post_covid_2020_2022,문재인 후기/코로나 이후(2020-2022),발탁,0.0012735049821211294
moon_post_covid_2020_2022,문재인 후기/코로나 이후(2020-2022),발표한,0.0012008845458905035
moon_post_covid_2020_2022,문재인 후기/코로나 이후(2020-2022),발표했다,0.0013644428280512849
moon_post_covid_2020_2022,문재인 후기/코로나 이후(2020-2022),발행,0.0017913985108230141
moon_post_covid_2020_2022,문재인 후기/코로나 이후(2020-2022),발효,0.0005972032275424349
moon_post_covid_2020_2022,문재인 후기/코로나 이후(2020-2022),발휘,0.0015551128002017297
moon_post_covid_2020_2022,문재인 후기/코로나 이후(2020-2022),방북,0.0001524958032399551
moon_post_covid_2020_2022,문재인 후기/코로나 이후(2020-2022),방송사,0.0008925048058553423
moon_post_covid_2020_2022,문재인 후기/코로나 이후(2020-2022),방송일시,0.0007524822141097569
moon_post_covid_2020_2022,문재인 후기/코로나 이후(2020-2022),방안을,0.0011685930739123952
moon_post_covid_2020_2022,문재인 후기/코로나 이후(2020-2022),방어,0.0013905295414734136
moon_post_covid_2020_2022,문재인 후기/코로나 이후(2020-2022),방역,0.013675335810072999
moon_post_covid_2020_2022,문재인 후기/코로나 이후(2020-2022),방위,0.0010111685375007293
moon_post_covid_2020_2022,문재인 후기/코로나 이후(2020-2022),방위비,0.0009058081783766193
moon_post_covid_2020_2022,문재인 후기/코로나 이후(2020-2022),방치,0.001361070729057652
moon_post_covid_2020_2022,문재인 후기/코로나 이후(2020-2022),방통위,0.0006314822208046421
moon_post_covid_2020_2022,문재인 후기/코로나 이후(2020-2022),방한,0.0010943610234295763
moon_post_covid_2020_2022,문재인 후기/코로나 이후(2020-2022),방해,0.0021125202483506054
moon_post_covid_2020_2022,문재인 후기/코로나 이후(2020-2022),배당,0.0012415337236419946
moon_post_covid_2020_2022,문재인 후기/코로나 이후(2020-2022),배려,0.0010528413071298284
moon_post_covid_2020_2022,문재인 후기/코로나 이후(2020-2022),배분,0.0009538788089905488
moon_post_covid_2020_2022,문재인 후기/코로나 이후(2020-2022),배상,0.0020958892446273913
moon_post_covid_2020_2022,문재인 후기/코로나 이후(2020-2022),배송,0.0016760982970395718
moon_post_covid_2020_2022,문재인 후기/코로나 이후(2020-2022),배우자,0.00208982363918507
moon_post_covid_2020_2022,문재인 후기/코로나 이후(2020-2022),배정,0.0014100926556672186
moon_post_covid_2020_2022,문재인 후기/코로나 이후(2020-2022),배출,0.0024227478707586213
moon_post_covid_2020_2022,문재인 후기/코로나 이후(2020-2022),배출량,0.0012327990975632874
moon_post_covid_2020_2022,문재인 후기/코로나 이후(2020-2022),배후,0.0006084881459528357
moon_post_covid_2020_2022,문재인 후기/코로나 이후(2020-2022),백인,0.0008993518294269475
moon_post_covid_2020_2022,문재인 후기/코로나 이후(2020-2022),백화점,0.001695893524980728
moon_post_covid_2020_2022,문재인 후기/코로나 이후(2020-2022),밴드,0.0006419383796092079
moon_post_covid_2020_2022,문재인 후기/코로나 이후(2020-2022),번역,0.000768045026162244
moon_post_covid_2020_2022,문재인 후기/코로나 이후(2020-2022),번영,0.0007048142405937615
moon_post_covid_2020_2022,문재인 후기/코로나 이후(2020-2022),벌금,0.002122735656691753
moon_post_covid_2020_2022,문재인 후기/코로나 이후(2020-2022),범죄자,0.0008934567804225459
moon_post_covid_2020_2022,문재인 후기/코로나 이후(2020-2022),법령,0.001092136372999433
moon_post_covid_2020_2022,문재인 후기/코로나 이후(2020-2022),법무,0.0018506910930046327
moon_post_covid_2020_2022,문재인 후기/코로나 이후(2020-2022),법사위,0.001663702758231082
moon_post_covid_2020_2022,문재인 후기/코로나 이후(2020-2022),법인,0.002898992657111799
moon_post_covid_2020_2022,문재인 후기/코로나 이후(2020-2022),법인세,0.0006522300479750013
moon_post_covid_2020_2022,문재인 후기/코로나 이후(2020-2022),법적,0.0014267824911721007
moon_post_covid_2020_2022,문재인 후기/코로나 이후(2020-2022),법정,0.0020651774015506643
moon_post_covid_2020_2022,문재인 후기/코로나 이후(2020-2022),법조,0.000957955040881018
moon_post_covid_2020_2022,문재인 후기/코로나 이후(2020-2022),법조계,0.0010725566058570064
moon_post_covid_2020_2022,문재인 후기/코로나 이후(2020-2022),법학,0.000705274925112079
moon_post_covid_2020_2022,문재인 후기/코로나 이후(2020-2022),베를린,0.000726070389068459
moon_post_covid_2020_2022,문재인 후기/코로나 이후(2020-2022),벤처,0.002209769134344143
moon_post_covid_2020_2022,문재인 후기/코로나 이후(2020-2022),벤츠,0.0008008866837801877
moon_post_covid_2020_2022,문재인 후기/코로나 이후(2020-2022),변경,0.003080760343690459
moon_post_covid_2020_2022,문재인 후기/코로나 이후(2020-2022),변동,0.0012777183397165864
moon_post_covid_2020_2022,문재인 후기/코로나 이후(2020-2022),변수,0.0020862708624666162
moon_post_covid_2020_2022,문재인 후기/코로나 이후(2020-2022),변신,0.0010906695489544998
moon_post_covid_2020_2022,문재인 후기/코로나 이후(2020-2022),변호인,0.0015482826561163483
moon_post_covid_2020_2022,문재인 후기/코로나 이후(2020-2022),별개,0.0009371406163437072
moon_post_covid_2020_2022,문재인 후기/코로나 이후(2020-2022),별명,0.000682088947340416
moon_post_covid_2020_2022,문재인 후기/코로나 이후(2020-2022),별세,0.001740269580183876
moon_post_covid_2020_2022,문재인 후기/코로나 이후(2020-2022),병력,0.0009652538324679976
moon_post_covid_2020_2022,문재인 후기/코로나 이후(2020-2022),병사,0.0008245576208993886
moon_post_covid_2020_2022,문재인 후기/코로나 이후(2020-2022),병역,0.0010964490113326273
moon_post_covid_2020_2022,문재인 후기/코로나 이후(2020-2022),병행,0.001089267642591784
moon_post_covid_2020_2022,문재인 후기/코로나 이후(2020-2022),보강,0.0008017211426633538
moon_post_covid_2020_2022,문재인 후기/코로나 이후(2020-2022),보건,0.003884846528233971
moon_post_covid_2020_2022,문재인 후기/코로나 이후(2020-2022),보건복지부,0.0016248440661172524
moon_post_covid_2020_2022,문재인 후기/코로나 이후(2020-2022),보건소,0.001625069721892372
moon_post_covid_2020_2022,문재인 후기/코로나 이후(2020-2022),보관,0.0011694215338115327
moon_post_covid_2020_2022,문재인 후기/코로나 이후(2020-2022),보궐,0.0020447357307737607
moon_post_covid_2020_2022,문재인 후기/코로나 이후(2020-2022),보궐선거,0.002012456956219831
moon_post_covid_2020_2022,문재인 후기/코로나 이후(2020-2022),보급,0.00164768075114358
moon_post_covid_2020_2022,문재인 후기/코로나 이후(2020-2022),보도입니다,0.001317985850758167
moon_post_covid_2020_2022,문재인 후기/코로나 이후(2020-2022),보도합니다,0.002126724222997365
moon_post_covid_2020_2022,문재인 후기/코로나 이후(2020-2022),보도했다,0.0011281373231157084
moon_post_covid_2020_2022,문재인 후기/코로나 이후(2020-2022),보면,0.0011295936936534714
moon_post_covid_2020_2022,문재인 후기/코로나 이후(2020-2022),보복,0.00138333290694869
moon_post_covid_2020_2022,문재인 후기/코로나 이후(2020-2022),보상,0.0035069986244049525
moon_post_covid_2020_2022,문재인 후기/코로나 이후(2020-2022),보안,0.0017806853747385366
moon_post_covid_2020_2022,문재인 후기/코로나 이후(2020-2022),보완,0.002444965929475335
moon_post_covid_2020_2022,문재인 후기/코로나 이후(2020-2022),보유세,0.0013079581771374125
moon_post_covid_2020_2022,문재인 후기/코로나 이후(2020-2022),보육,0.000695385392345919
moon_post_covid_2020_2022,문재인 후기/코로나 이후(2020-2022),보이스피싱,0.0010917066088042408
moon_post_covid_2020_2022,문재인 후기/코로나 이후(2020-2022),보인다,0.0009015979959614216
moon_post_covid_2020_2022,문재인 후기/코로나 이후(2020-2022),보전,0.0011478501524582433
moon_post_covid_2020_2022,문재인 후기/코로나 이후(2020-2022),보조,0.0009997467051890817
moon_post_covid_2020_2022,문재인 후기/코로나 이후(2020-2022),보조금,0.0016501041475787178
moon_post_covid_2020_2022,문재인 후기/코로나 이후(2020-2022),보존,0.0010361488650678687
moon_post_covid_2020_2022,문재인 후기/코로나 이후(2020-2022),보증,0.0010173202843179875
moon_post_covid_2020_2022,문재인 후기/코로나 이후(2020-2022),보증금,0.0014347163632139684
moon_post_covid_2020_2022,문재인 후기/코로나 이후(2020-2022),보통,0.0017559434053092988
moon_post_covid_2020_2022,문재인 후기/코로나 이후(2020-2022),보편,0.0008152367802701586
moon_post_covid_2020_2022,문재인 후기/코로나 이후(2020-2022),보험금,0.0007697481520983559
moon_post_covid_2020_2022,문재인 후기/코로나 이후(2020-2022),보험료,0.0019713452321688213
moon_post_covid_2020_2022,문재인 후기/코로나 이후(2020-2022),보험사,0.0008945659864938697
moon_post_covid_2020_2022,문재인 후기/코로나 이후(2020-2022),복구,0.0014534279666522283
moon_post_covid_2020_2022,문재인 후기/코로나 이후(2020-2022),복귀,0.002630763214817549
moon_post_covid_2020_2022,문재인 후기/코로나 이후(2020-2022),복무,0.0014103377487863834
moon_post_covid_2020_2022,문재인 후기/코로나 이후(2020-2022),복수,0.0009789234560915866
moon_post_covid_2020_2022,문재인 후기/코로나 이후(2020-2022),복원,0.0017031598450614144
moon_post_covid_2020_2022,문재인 후기/코로나 이후(2020-2022),복지,0.0045781727449074276
moon_post_covid_2020_2022,문재인 후기/코로나 이후(2020-2022),복지부,0.0011711113338188763
moon_post_covid_2020_2022,문재인 후기/코로나 이후(2020-2022),복합,0.0017748479269613297
moon_post_covid_2020_2022,문재인 후기/코로나 이후(2020-2022),본격화,0.0020305690270562113
moon_post_covid_2020_2022,문재인 후기/코로나 이후(2020-2022),본선,0.001614112985439187
moon_post_covid_2020_2022,문재인 후기/코로나 이후(2020-2022),본인들,0.0005798396788438152
moon_post_covid_2020_2022,문재인 후기/코로나 이후(2020-2022),본질,0.001168521486067356
moon_post_covid_2020_2022,문재인 후기/코로나 이후(2020-2022),봉사,0.0012249693964941765
moon_post_covid_2020_2022,문재인 후기/코로나 이후(2020-2022),봉쇄,0.0018845293805701525
moon_post_covid_2020_2022,문재인 후기/코로나 이후(2020-2022),부각,0.0015328466272561832
moon_post_covid_2020_2022,문재인 후기/코로나 이후(2020-2022),부과,0.0021816636355877455
moon_post_covid_2020_2022,문재인 후기/코로나 이후(2020-2022),부당,0.0022841893012989865
moon_post_covid_2020_2022,문재인 후기/코로나 이후(2020-2022),부대,0.001742720537373047
moon_post_covid_2020_2022,문재인 후기/코로나 이후(2020-2022),부모님,0.0011416875085258262
moon_post_covid_2020_2022,문재인 후기/코로나 이후(2020-2022),부부,0.002323254211725285
moon_post_covid_2020_2022,문재인 후기/코로나 이후(2020-2022),부부장,0.0014299485697807925
moon_post_covid_2020_2022,문재인 후기/코로나 이후(2020-2022),부사장,0.0021204379441952556
moon_post_covid_2020_2022,문재인 후기/코로나 이후(2020-2022),부산시,0.0027345037406278673
moon_post_covid_2020_2022,문재인 후기/코로나 이후(2020-2022),부서,0.00203078003092127
moon_post_covid_2020_2022,문재인 후기/코로나 이후(2020-2022),부시,0.00046947979806441183
moon_post_covid_2020_2022,문재인 후기/코로나 이후(2020-2022),부시장,0.0011749857019172502
moon_post_covid_2020_2022,문재인 후기/코로나 이후(2020-2022),부실,0.001978724191908318
moon_post_covid_2020_2022,문재인 후기/코로나 이후(2020-2022),부양,0.0008842240137697184
moon_post_covid_2020_2022,문재인 후기/코로나 이후(2020-2022),부위,0.0007296830070108065
moon_post_covid_2020_2022,문재인 후기/코로나 이후(2020-2022),부위원장,0.0016667009479018424
moon_post_covid_2020_2022,문재인 후기/코로나 이후(2020-2022),부자,0.0011063392055302079
moon_post_covid_2020_2022,문재인 후기/코로나 이후(2020-2022),부작용,0.002529888643015067
moon_post_covid_2020_2022,문재인 후기/코로나 이후(2020-2022),부장판사,0.0013051035019982617
moon_post_covid_2020_2022,문재인 후기/코로나 이후(2020-2022),부재,0.0006604139271773009
moon_post_covid_2020_2022,문재인 후기/코로나 이후(2020-2022),부정,0.0038717561454754104
moon_post_covid_2020_2022,문재인 후기/코로나 이후(2020-2022),부정적,0.0017013309155799177
moon_post_covid_2020_2022,문재인 후기/코로나 이후(2020-2022),부지,0.0023051943154584397
moon_post_covid_2020_2022,문재인 후기/코로나 이후(2020-2022),부진,0.0013942745346032814
moon_post_covid_2020_2022,문재인 후기/코로나 이후(2020-2022),부채,0.0017210054298535966
moon_post_covid_2020_2022,문재인 후기/코로나 이후(2020-2022),부탁,0.0018767288189296349
moon_post_covid_2020_2022,문재인 후기/코로나 이후(2020-2022),부통령,0.0015435961867285959
moon_post_covid_2020_2022,문재인 후기/코로나 이후(2020-2022),부패,0.00222706108041373
moon_post_covid_2020_2022,문재인 후기/코로나 이후(2020-2022),부합,0.0010901736720863495
moon_post_covid_2020_2022,문재인 후기/코로나 이후(2020-2022),부활,0.0011478675717692224
moon_post_covid_2020_2022,문재인 후기/코로나 이후(2020-2022),북부,0.0010703388581698291
moon_post_covid_2020_2022,문재인 후기/코로나 이후(2020-2022),북쪽,0.0005069783819418563
moon_post_covid_2020_2022,문재인 후기/코로나 이후(2020-2022),북측,0.0008975776327957879
moon_post_covid_2020_2022,문재인 후기/코로나 이후(2020-2022),북한군,0.0015667927507660112
moon_post_covid_2020_2022,문재인 후기/코로나 이후(2020-2022),북한의,0.0008407031237292016
moon_post_covid_2020_2022,문재인 후기/코로나 이후(2020-2022),북한이,0.0011851971848166915
moon_post_covid_2020_2022,문재인 후기/코로나 이후(2020-2022),분노,0.0023692292698674535
moon_post_covid_2020_2022,문재인 후기/코로나 이후(2020-2022),분단,0.00035593834392507335
moon_post_covid_2020_2022,문재인 후기/코로나 이후(2020-2022),분담,0.0006831241869865466
moon_post_covid_2020_2022,문재인 후기/코로나 이후(2020-2022),분담금,0.0007276313170426023
moon_post_covid_2020_2022,문재인 후기/코로나 이후(2020-2022),분당,0.0006274654792981051
moon_post_covid_2020_2022,문재인 후기/코로나 이후(2020-2022),분량,0.0009566455397283358
moon_post_covid_2020_2022,문재인 후기/코로나 이후(2020-2022),분류,0.0023233487390950974
moon_post_covid_2020_2022,문재인 후기/코로나 이후(2020-2022),분리,0.003056725938088242
moon_post_covid_2020_2022,문재인 후기/코로나 이후(2020-2022),분배,0.0006081624134075737
moon_post_covid_2020_2022,문재인 후기/코로나 이후(2020-2022),분산,0.0011817861956796402
moon_post_covid_2020_2022,문재인 후기/코로나 이후(2020-2022),분양가,0.0016642937677885715
moon_post_covid_2020_2022,문재인 후기/코로나 이후(2020-2022),분열,0.0014203513266291786
moon_post_covid_2020_2022,문재인 후기/코로나 이후(2020-2022),분쟁,0.0014608477540808847
moon_post_covid_2020_2022,문재인 후기/코로나 이후(2020-2022),분할,0.0008356949894721526
moon_post_covid_2020_2022,문재인 후기/코로나 이후(2020-2022),불가,0.0007850342291369875
moon_post_covid_2020_2022,문재인 후기/코로나 이후(2020-2022),불가능,0.0025091824194389484
moon_post_covid_2020_2022,문재인 후기/코로나 이후(2020-2022),불공정,0.0014100126757095484
moon_post_covid_2020_2022,문재인 후기/코로나 이후(2020-2022),불교,0.0005897966620484824
moon_post_covid_2020_2022,문재인 후기/코로나 이후(2020-2022),불리,0.001070404275775647
moon_post_covid_2020_2022,문재인 후기/코로나 이후(2020-2022),불만,0.0022505228186104438
moon_post_covid_2020_2022,문재인 후기/코로나 이후(2020-2022),불신,0.0009572437694886541
moon_post_covid_2020_2022,문재인 후기/코로나 이후(2020-2022),불안,0.0031086516221765083
moon_post_covid_2020_2022,문재인 후기/코로나 이후(2020-2022),불안감,0.0014618577318305124
moon_post_covid_2020_2022,문재인 후기/코로나 이후(2020-2022),불이익,0.0009330216795821039
moon_post_covid_2020_2022,문재인 후기/코로나 이후(2020-2022),불참,0.0010211829249306007
moon_post_covid_2020_2022,문재인 후기/코로나 이후(2020-2022),불투명,0.0008799194085123429
moon_post_covid_2020_2022,문재인 후기/코로나 이후(2020-2022),불평등,0.0015630442229187158
moon_post_covid_2020_2022,문재인 후기/코로나 이후(2020-2022),불필요,0.0011340786469643414
moon_post_covid_2020_2022,문재인 후기/코로나 이후(2020-2022),불행,0.0006328379157059651
moon_post_covid_2020_2022,문재인 후기/코로나 이후(2020-2022),붕괴,0.0018545941903972164
moon_post_covid_2020_2022,문재인 후기/코로나 이후(2020-2022),블랙리스트,0.0006878107703891563
moon_post_covid_2020_2022,문재인 후기/코로나 이후(2020-2022),블로그,0.0005912031281451098
moon_post_covid_2020_2022,문재인 후기/코로나 이후(2020-2022),블록,0.0008604107450407878
moon_post_covid_2020_2022,문재인 후기/코로나 이후(2020-2022),블록체인,0.0007595464205721039
moon_post_covid_2020_2022,문재인 후기/코로나 이후(2020-2022),비결,0.0007718879913199704
moon_post_covid_2020_2022,문재인 후기/코로나 이후(2020-2022),비공개,0.0010384408865866243
moon_post_covid_2020_2022,문재인 후기/코로나 이후(2020-2022),비극,0.0008119140634267211
moon_post_covid_2020_2022,문재인 후기/코로나 이후(2020-2022),비대,0.0012954636899886215
moon_post_covid_2020_2022,문재인 후기/코로나 이후(2020-2022),비대면,0.0024074018190648984
moon_post_covid_2020_2022,문재인 후기/코로나 이후(2020-2022),비대위,0.0014581010603010281
moon_post_covid_2020_2022,문재인 후기/코로나 이후(2020-2022),비대위원장,0.0009394763931242203
moon_post_covid_2020_2022,문재인 후기/코로나 이후(2020-2022),비례,0.0024478998141722833
moon_post_covid_2020_2022,문재인 후기/코로나 이후(2020-2022),비례대표,0.0006929051600991139
moon_post_covid_2020_2022,문재인 후기/코로나 이후(2020-2022),비밀,0.001538969420918451
moon_post_covid_2020_2022,문재인 후기/코로나 이후(2020-2022),비상,0.0030084541480995047
moon_post_covid_2020_2022,문재인 후기/코로나 이후(2020-2022),비위,0.001087444869215487
moon_post_covid_2020_2022,문재인 후기/코로나 이후(2020-2022),비유,0.0008358199181002322
moon_post_covid_2020_2022,문재인 후기/코로나 이후(2020-2022),비자,0.0008475033053855857
moon_post_covid_2020_2022,문재인 후기/코로나 이후(2020-2022),비전,0.0027821630057961078
moon_post_covid_2020_2022,문재인 후기/코로나 이후(2020-2022),비정규직,0.0009902609969442352
moon_post_covid_2020_2022,문재인 후기/코로나 이후(2020-2022),비준,0.0002939494352313455
moon_post_covid_2020_2022,문재인 후기/코로나 이후(2020-2022),비즈니스,0.0019262172573141548
moon_post_covid_2020_2022,문재인 후기/코로나 이후(2020-2022),비트코인,0.001179614530600255
moon_post_covid_2020_2022,문재인 후기/코로나 이후(2020-2022),비판,0.010961834144875691
moon_post_covid_2020_2022,문재인 후기/코로나 이후(2020-2022),비행,0.0010565125857344127
moon_post_covid_2020_2022,문재인 후기/코로나 이후(2020-2022),비행기,0.0010423381167719507
moon_post_covid_2020_2022,문재인 후기/코로나 이후(2020-2022),빈곤,0.0007607142202468286
moon_post_covid_2020_2022,문재인 후기/코로나 이후(2020-2022),빌딩,0.0005601576266005936
moon_post_covid_2020_2022,문재인 후기/코로나 이후(2020-2022),뿌리,0.0011000846646029587
moon_post_covid_2020_2022,문재인 후기/코로나 이후(2020-2022),사각지대,0.001610783702193534
moon_post_covid_2020_2022,문재인 후기/코로나 이후(2020-2022),사거리,0.0006906350190787381
moon_post_covid_2020_2022,문재인 후기/코로나 이후(2020-2022),사교육,0.0005158864303610317
moon_post_covid_2020_2022,문재인 후기/코로나 이후(2020-2022),사기,0.0023293918634774576
moon_post_covid_2020_2022,문재인 후기/코로나 이후(2020-2022),사내,0.0012443598570982648
moon_post_covid_2020_2022,문재인 후기/코로나 이후(2020-2022),사는,0.0007604224837478849
moon_post_covid_2020_2022,문재인 후기/코로나 이후(2020-2022),사단,0.0008072496030295101
moon_post_covid_2020_2022,문재인 후기/코로나 이후(2020-2022),사람이,0.0008391881704867841
moon_post_covid_2020_2022,문재인 후기/코로나 이후(2020-2022),사령관,0.0011035359346226415
moon_post_covid_2020_2022,문재인 후기/코로나 이후(2020-2022),사령부,0.0005107282274148812
moon_post_covid_2020_2022,문재인 후기/코로나 이후(2020-2022),사면,0.0018929118142400904
moon_post_covid_2020_2022,문재인 후기/코로나 이후(2020-2022),사무,0.001270983649450342
moon_post_covid_2020_2022,문재인 후기/코로나 이후(2020-2022),사무관,0.0004941809911155947
moon_post_covid_2020_2022,문재인 후기/코로나 이후(2020-2022),사무국장,0.0007316702713798671
moon_post_covid_2020_2022,문재인 후기/코로나 이후(2020-2022),사무소,0.0014925970233989401
moon_post_covid_2020_2022,문재인 후기/코로나 이후(2020-2022),사무처장,0.0007048717816446366
moon_post_covid_2020_2022,문재인 후기/코로나 이후(2020-2022),사물인터넷,0.0005164572056020724
moon_post_covid_2020_2022,문재인 후기/코로나 이후(2020-2022),사법부,0.0010908007983526952
moon_post_covid_2020_2022,문재인 후기/코로나 이후(2020-2022),사생활,0.0008987689187683969
moon_post_covid_2020_2022,문재인 후기/코로나 이후(2020-2022),사설,0.0012632444762431456
moon_post_covid_2020_2022,문재인 후기/코로나 이후(2020-2022),사실관계,0.0009841404540873882
moon_post_covid_2020_2022,문재인 후기/코로나 이후(2020-2022),사실상,0.0027551308849150715
moon_post_covid_2020_2022,문재인 후기/코로나 이후(2020-2022),사업부,0.00098073189534903
moon_post_covid_2020_2022,문재인 후기/코로나 이후(2020-2022),사업비,0.0016116285503233192
moon_post_covid_2020_2022,문재인 후기/코로나 이후(2020-2022),사업장,0.0024824806150580934
moon_post_covid_2020_2022,문재인 후기/코로나 이후(2020-2022),사업주,0.000869292010697037
moon_post_covid_2020_2022,문재인 후기/코로나 이후(2020-2022),사연,0.0008607919494567495
moon_post_covid_2020_2022,문재인 후기/코로나 이후(2020-2022),사우디,0.0006442033801673961
moon_post_covid_2020_2022,문재인 후기/코로나 이후(2020-2022),사원,0.000739486057773127
moon_post_covid_2020_2022,문재인 후기/코로나 이후(2020-2022),사유,0.002064278552360288
moon_post_covid_2020_2022,문재인 후기/코로나 이후(2020-2022),사의,0.0014416137857692262
moon_post_covid_2020_2022,문재인 후기/코로나 이후(2020-2022),사이버,0.001413909796855482
moon_post_covid_2020_2022,문재인 후기/코로나 이후(2020-2022),사이트,0.0019833511638347855
moon_post_covid_2020_2022,문재인 후기/코로나 이후(2020-2022),사임,0.0008001243625622535
moon_post_covid_2020_2022,문재인 후기/코로나 이후(2020-2022),사적,0.0009405431226515778
moon_post_covid_2020_2022,문재인 후기/코로나 이후(2020-2022),사죄,0.0007900931487265719
moon_post_covid_2020_2022,문재인 후기/코로나 이후(2020-2022),사찰,0.0014304625523878988
moon_post_covid_2020_2022,문재인 후기/코로나 이후(2020-2022),사표,0.0011898504420201712
moon_post_covid_2020_2022,문재인 후기/코로나 이후(2020-2022),사형,0.0004772592308880505
moon_post_covid_2020_2022,문재인 후기/코로나 이후(2020-2022),사회주의,0.0006941051505158159
moon_post_covid_2020_2022,문재인 후기/코로나 이후(2020-2022),사후,0.0008883707503745448
moon_post_covid_2020_2022,문재인 후기/코로나 이후(2020-2022),사흘,0.00153602487803651
moon_post_covid_2020_2022,문재인 후기/코로나 이후(2020-2022),삭감,0.0008534458710977906
moon_post_covid_2020_2022,문재인 후기/코로나 이후(2020-2022),삭제,0.0019957584040295735
moon_post_covid_2020_2022,문재인 후기/코로나 이후(2020-2022),산림,0.0010587375691781962
moon_post_covid_2020_2022,문재인 후기/코로나 이후(2020-2022),산업,0.01055657525915548
moon_post_covid_2020_2022,문재인 후기/코로나 이후(2020-2022),산업부,0.0016963359169338832
moon_post_covid_2020_2022,문재인 후기/코로나 이후(2020-2022),산업은행,0.0006711584089249004
moon_post_covid_2020_2022,문재인 후기/코로나 이후(2020-2022),산업통상자원부,0.0011573362501748504
moon_post_covid_2020_2022,문재인 후기/코로나 이후(2020-2022),산재,0.0012430513576704308
moon_post_covid_2020_2022,문재인 후기/코로나 이후(2020-2022),산정,0.001143216346205936
moon_post_covid_2020_2022,문재인 후기/코로나 이후(2020-2022),산하,0.0026256075192759272
moon_post_covid_2020_2022,문재인 후기/코로나 이후(2020-2022),산학,0.0009265565518517853
moon_post_covid_2020_2022,문재인 후기/코로나 이후(2020-2022),살인,0.0012833425067957506
moon_post_covid_2020_2022,문재인 후기/코로나 이후(2020-2022),살해,0.0012980746611368959
moon_post_covid_2020_2022,문재인 후기/코로나 이후(2020-2022),삼성물산,0.0010144742864453867
moon_post_covid_2020_2022,문재인 후기/코로나 이후(2020-2022),상가,0.0011937653059686988
moon_post_covid_2020_2022,문재인 후기/코로나 이후(2020-2022),상관,0.0006742183665916392
moon_post_covid_2020_2022,문재인 후기/코로나 이후(2020-2022),상권,0.0008617833432751532
moon_post_covid_2020_2022,문재인 후기/코로나 이후(2020-2022),상금,0.0009706208767724382
moon_post_covid_2020_2022,문재인 후기/코로나 이후(2020-2022),상담,0.0025325992915635957
moon_post_covid_2020_2022,문재인 후기/코로나 이후(2020-2022),상대로,0.0008601390099438076
moon_post_covid_2020_2022,문재인 후기/코로나 이후(2020-2022),상대방,0.0009415383270053636
moon_post_covid_2020_2022,문재인 후기/코로나 이후(2020-2022),상대적,0.002616564266316562
moon_post_covid_2020_2022,문재인 후기/코로나 이후(2020-2022),상무,0.0014895080421164263
moon_post_covid_2020_2022,문재인 후기/코로나 이후(2020-2022),상봉,0.0001595531929212085
moon_post_covid_2020_2022,문재인 후기/코로나 이후(2020-2022),상사,0.0007014353948449065
moon_post_covid_2020_2022,문재인 후기/코로나 이후(2020-2022),상상,0.0014589328567316316
moon_post_covid_2020_2022,문재인 후기/코로나 이후(2020-2022),상상력,0.0006317116021635389
moon_post_covid_2020_2022,문재인 후기/코로나 이후(2020-2022),상생,0.0019340881552850065
moon_post_covid_2020_2022,문재인 후기/코로나 이후(2020-2022),상속,0.0009724263231007747
moon_post_covid_2020_2022,문재인 후기/코로나 이후(2020-2022),상승세,0.002095352309843858
moon_post_covid_2020_2022,문재인 후기/코로나 이후(2020-2022),상시,0.0007667707532893792
moon_post_covid_2020_2022,문재인 후기/코로나 이후(2020-2022),상식,0.0014671965021529558
moon_post_covid_2020_2022,문재인 후기/코로나 이후(2020-2022),상실,0.0008728923228583312
moon_post_covid_2020_2022,문재인 후기/코로나 이후(2020-2022),상업,0.0008985000849181289
moon_post_covid_2020_2022,문재인 후기/코로나 이후(2020-2022),상영,0.0005350400982426768
moon_post_covid_2020_2022,문재인 후기/코로나 이후(2020-2022),상용화,0.0011557495403934058
moon_post_covid_2020_2022,문재인 후기/코로나 이후(2020-2022),상원,0.0015900463094780744
moon_post_covid_2020_2022,문재인 후기/코로나 이후(2020-2022),상위,0.0026954234335221537
moon_post_covid_2020_2022,문재인 후기/코로나 이후(2020-2022),상임,0.0019413560054310263
moon_post_covid_2020_2022,문재인 후기/코로나 이후(2020-2022),상임위,0.0013082942073872174
moon_post_covid_2020_2022,문재인 후기/코로나 이후(2020-2022),상정,0.0009737130737202388
moon_post_covid_2020_2022,문재인 후기/코로나 이후(2020-2022),상징,0.0018401703803259495
moon_post_covid_2020_2022,문재인 후기/코로나 이후(2020-2022),상처,0.0015800903053037473
moon_post_covid_2020_2022,문재인 후기/코로나 이후(2020-2022),상품권,0.0009368283329736445
moon_post_covid_2020_2022,문재인 후기/코로나 이후(2020-2022),상하이,0.0008134378706078813
moon_post_covid_2020_2022,문재인 후기/코로나 이후(2020-2022),상한,0.0006625130296436613
moon_post_covid_2020_2022,문재인 후기/코로나 이후(2020-2022),상향,0.0016651288096009719
moon_post_covid_2020_2022,문재인 후기/코로나 이후(2020-2022),상호,0.0012859659485912136
moon_post_covid_2020_2022,문재인 후기/코로나 이후(2020-2022),상환,0.0010798513068692459
moon_post_covid_2020_2022,문재인 후기/코로나 이후(2020-2022),새로운,0.0019246491804745113
moon_post_covid_2020_2022,문재인 후기/코로나 이후(2020-2022),새해,0.001964792452574668
moon_post_covid_2020_2022,문재인 후기/코로나 이후(2020-2022),색깔,0.0007269261666070619
moon_post_covid_2020_2022,문재인 후기/코로나 이후(2020-2022),샌더스,0.0005393092198458161
moon_post_covid_2020_2022,문재인 후기/코로나 이후(2020-2022),생계,0.0013145469986008019
moon_post_covid_2020_2022,문재인 후기/코로나 이후(2020-2022),생산량,0.0009922179223745989
moon_post_covid_2020_2022,문재인 후기/코로나 이후(2020-2022),생산성,0.0006789453557081276
moon_post_covid_2020_2022,문재인 후기/코로나 이후(2020-2022),생애,0.0010670738481154238
moon_post_covid_2020_2022,문재인 후기/코로나 이후(2020-2022),생존,0.0015975827957628835
moon_post_covid_2020_2022,문재인 후기/코로나 이후(2020-2022),생태,0.0022674377533207363
moon_post_covid_2020_2022,문재인 후기/코로나 이후(2020-2022),생태계,0.0010999374568643455
moon_post_covid_2020_2022,문재인 후기/코로나 이후(2020-2022),생활비,0.0007323148869290084
moon_post_covid_2020_2022,문재인 후기/코로나 이후(2020-2022),서구,0.0012908938039893863
moon_post_covid_2020_2022,문재인 후기/코로나 이후(2020-2022),서로,0.0016662834937939861
moon_post_covid_2020_2022,문재인 후기/코로나 이후(2020-2022),서류,0.001842558874961614
moon_post_covid_2020_2022,문재인 후기/코로나 이후(2020-2022),서면,0.001208001218928289
moon_post_covid_2020_2022,문재인 후기/코로나 이후(2020-2022),서명,0.0012055042826049818
moon_post_covid_2020_2022,문재인 후기/코로나 이후(2020-2022),서민,0.001379867547977466
moon_post_covid_2020_2022,문재인 후기/코로나 이후(2020-2022),서방,0.0010002578546065707
moon_post_covid_2020_2022,문재인 후기/코로나 이후(2020-2022),서부,0.0009862025352389793
moon_post_covid_2020_2022,문재인 후기/코로나 이후(2020-2022),서비스업,0.0007801741223315702
moon_post_covid_2020_2022,문재인 후기/코로나 이후(2020-2022),서울시교육청,0.0009610667012020408
moon_post_covid_2020_2022,문재인 후기/코로나 이후(2020-2022),서울시장,0.0028547450954266216
moon_post_covid_2020_2022,문재인 후기/코로나 이후(2020-2022),서울중앙지검,0.0021796331994162537
moon_post_covid_2020_2022,문재인 후기/코로나 이후(2020-2022),서울중앙지법,0.0011887135008722346
moon_post_covid_2020_2022,문재인 후기/코로나 이후(2020-2022),서초구,0.0010749688888531579
moon_post_covid_2020_2022,문재인 후기/코로나 이후(2020-2022),서해,0.0012728781837518125
moon_post_covid_2020_2022,문재인 후기/코로나 이후(2020-2022),석방,0.0007047328155851907
moon_post_covid_2020_2022,문재인 후기/코로나 이후(2020-2022),석유,0.0010017372500815793
moon_post_covid_2020_2022,문재인 후기/코로나 이후(2020-2022),석탄,0.0009749207169343823
moon_post_covid_2020_2022,문재인 후기/코로나 이후(2020-2022),선거법,0.0015452328844579837
moon_post_covid_2020_2022,문재인 후기/코로나 이후(2020-2022),선거운동,0.0012485321620205672
moon_post_covid_2020_2022,문재인 후기/코로나 이후(2020-2022),선관위,0.0018545262568571905
moon_post_covid_2020_2022,문재인 후기/코로나 이후(2020-2022),선대,0.0018860098080047817
moon_post_covid_2020_2022,문재인 후기/코로나 이후(2020-2022),선도,0.0021004512137487146
moon_post_covid_2020_2022,문재인 후기/코로나 이후(2020-2022),선두,0.001171754295794458
moon_post_covid_2020_2022,문재인 후기/코로나 이후(2020-2022),선물,0.00197859540380577
moon_post_covid_2020_2022,문재인 후기/코로나 이후(2020-2022),선박,0.0014714956413777085
moon_post_covid_2020_2022,문재인 후기/코로나 이후(2020-2022),선배,0.001199169854367652
moon_post_covid_2020_2022,문재인 후기/코로나 이후(2020-2022),선별,0.001625133939647666
moon_post_covid_2020_2022,문재인 후기/코로나 이후(2020-2022),선사,0.0008307530251115766
moon_post_covid_2020_2022,문재인 후기/코로나 이후(2020-2022),선생,0.0017252062794607947
moon_post_covid_2020_2022,문재인 후기/코로나 이후(2020-2022),선생님,0.0011767347993398188
moon_post_covid_2020_2022,문재인 후기/코로나 이후(2020-2022),선수단,0.0009091060285630261
moon_post_covid_2020_2022,문재인 후기/코로나 이후(2020-2022),선전,0.0012357435188467686
moon_post_covid_2020_2022,문재인 후기/코로나 이후(2020-2022),선제적,0.0013868699290572927
moon_post_covid_2020_2022,문재인 후기/코로나 이후(2020-2022),선진,0.0005276511073548003
moon_post_covid_2020_2022,문재인 후기/코로나 이후(2020-2022),선진국,0.00204285591552307
moon_post_covid_2020_2022,문재인 후기/코로나 이후(2020-2022),선포,0.0011164783511631836
moon_post_covid_2020_2022,문재인 후기/코로나 이후(2020-2022),선호,0.001599631464527558
moon_post_covid_2020_2022,문재인 후기/코로나 이후(2020-2022),선호도,0.0011021522214936966
moon_post_covid_2020_2022,문재인 후기/코로나 이후(2020-2022),설득,0.0016287987968898248
moon_post_covid_2020_2022,문재인 후기/코로나 이후(2020-2022),설명회,0.0009871966771389958
moon_post_covid_2020_2022,문재인 후기/코로나 이후(2020-2022),설문,0.0011310880476595167
moon_post_covid_2020_2022,문재인 후기/코로나 이후(2020-2022),설문조사,0.0008784472664058014
moon_post_covid_2020_2022,문재인 후기/코로나 이후(2020-2022),설비,0.0015067305631063267
moon_post_covid_2020_2022,문재인 후기/코로나 이후(2020-2022),설정,0.0018283394269594038
moon_post_covid_2020_2022,문재인 후기/코로나 이후(2020-2022),섭취,0.0006832858535454579
moon_post_covid_2020_2022,문재인 후기/코로나 이후(2020-2022),성격,0.0017194531982328213
moon_post_covid_2020_2022,문재인 후기/코로나 이후(2020-2022),성공적,0.0015792151351945902
moon_post_covid_2020_2022,문재인 후기/코로나 이후(2020-2022),성과,0.007920796516164735
moon_post_covid_2020_2022,문재인 후기/코로나 이후(2020-2022),성과급,0.0009060472846221983
moon_post_covid_2020_2022,문재인 후기/코로나 이후(2020-2022),성과를,0.0009786840135799866
moon_post_covid_2020_2022,문재인 후기/코로나 이후(2020-2022),성균관대,0.000696959985600945
moon_post_covid_2020_2022,문재인 후기/코로나 이후(2020-2022),성남,0.001877191379240156
moon_post_covid_2020_2022,문재인 후기/코로나 이후(2020-2022),성남시,0.0017808944294982895
moon_post_covid_2020_2022,문재인 후기/코로나 이후(2020-2022),성능,0.002407294040164152
moon_post_covid_2020_2022,문재인 후기/코로나 이후(2020-2022),성립,0.0006013548366484637
moon_post_covid_2020_2022,문재인 후기/코로나 이후(2020-2022),성매매,0.0007522399159435524
moon_post_covid_2020_2022,문재인 후기/코로나 이후(2020-2022),성명,0.0024071393235780766
moon_post_covid_2020_2022,문재인 후기/코로나 이후(2020-2022),성범죄,0.0025141143433049895
moon_post_covid_2020_2022,문재인 후기/코로나 이후(2020-2022),성별,0.001164813416625791
moon_post_covid_2020_2022,문재인 후기/코로나 이후(2020-2022),성분,0.0010399719225736223
moon_post_covid_2020_2022,문재인 후기/코로나 이후(2020-2022),성사,0.0010100198986274535
moon_post_covid_2020_2022,문재인 후기/코로나 이후(2020-2022),성실,0.0007077538494865811
moon_post_covid_2020_2022,문재인 후기/코로나 이후(2020-2022),성인,0.0017033388460794773
moon_post_covid_2020_2022,문재인 후기/코로나 이후(2020-2022),성장,0.008837159572743678
moon_post_covid_2020_2022,문재인 후기/코로나 이후(2020-2022),성장률,0.0011101712834970681
moon_post_covid_2020_2022,문재인 후기/코로나 이후(2020-2022),성장세,0.0009549875313010193
moon_post_covid_2020_2022,문재인 후기/코로나 이후(2020-2022),성찰,0.0009521478566089678
moon_post_covid_2020_2022,문재인 후기/코로나 이후(2020-2022),성취,0.0007415589971307569
moon_post_covid_2020_2022,문재인 후기/코로나 이후(2020-2022),성폭행,0.0010317019682807714
moon_post_covid_2020_2022,문재인 후기/코로나 이후(2020-2022),성향,0.002675116165716166
moon_post_covid_2020_2022,문재인 후기/코로나 이후(2020-2022),세금,0.003797390628844931
moon_post_covid_2020_2022,문재인 후기/코로나 이후(2020-2022),세미나,0.0008026146177994942
moon_post_covid_2020_2022,문재인 후기/코로나 이후(2020-2022),세수,0.000599280122459616
moon_post_covid_2020_2022,문재인 후기/코로나 이후(2020-2022),세율,0.0007111922504006373
moon_post_covid_2020_2022,문재인 후기/코로나 이후(2020-2022),세입자,0.0011910632620166668
moon_post_covid_2020_2022,문재인 후기/코로나 이후(2020-2022),세제,0.001345155726369438
moon_post_covid_2020_2022,문재인 후기/코로나 이후(2020-2022),세종,0.002407471298123701
moon_post_covid_2020_2022,문재인 후기/코로나 이후(2020-2022),세종시,0.002545190785913982
moon_post_covid_2020_2022,문재인 후기/코로나 이후(2020-2022),세트,0.0010897290952079656
moon_post_covid_2020_2022,문재인 후기/코로나 이후(2020-2022),세포,0.0016583276718849993
moon_post_covid_2020_2022,문재인 후기/코로나 이후(2020-2022),센서,0.0007812084524400161
moon_post_covid_2020_2022,문재인 후기/코로나 이후(2020-2022),센터장,0.002298450113985819
moon_post_covid_2020_2022,문재인 후기/코로나 이후(2020-2022),소감,0.0011637143997669781
moon_post_covid_2020_2022,문재인 후기/코로나 이후(2020-2022),소극적,0.000728078653292611
moon_post_covid_2020_2022,문재인 후기/코로나 이후(2020-2022),소녀,0.0007569906776032557
moon_post_covid_2020_2022,문재인 후기/코로나 이후(2020-2022),소년,0.0008570130195752694
moon_post_covid_2020_2022,문재인 후기/코로나 이후(2020-2022),소득세,0.0010130643847773794
moon_post_covid_2020_2022,문재인 후기/코로나 이후(2020-2022),소련,0.0009861178785711686
moon_post_covid_2020_2022,문재인 후기/코로나 이후(2020-2022),소명,0.0009855531283628324
moon_post_covid_2020_2022,문재인 후기/코로나 이후(2020-2022),소문,0.0006859060668640528
moon_post_covid_2020_2022,문재인 후기/코로나 이후(2020-2022),소방,0.00117767687667186
moon_post_covid_2020_2022,문재인 후기/코로나 이후(2020-2022),소방관,0.0008510252951242982
moon_post_covid_2020_2022,문재인 후기/코로나 이후(2020-2022),소비자들,0.001704007551040933
moon_post_covid_2020_2022,문재인 후기/코로나 이후(2020-2022),소상공인,0.00500223554132938
moon_post_covid_2020_2022,문재인 후기/코로나 이후(2020-2022),소설가,0.0007608985987676476
moon_post_covid_2020_2022,문재인 후기/코로나 이후(2020-2022),소셜,0.0015877588339055523
moon_post_covid_2020_2022,문재인 후기/코로나 이후(2020-2022),소셜미디어,0.0015901795846346531
moon_post_covid_2020_2022,문재인 후기/코로나 이후(2020-2022),소속사,0.0006780923833862778
moon_post_covid_2020_2022,문재인 후기/코로나 이후(2020-2022),소수,0.0012197738118200619
moon_post_covid_2020_2022,문재인 후기/코로나 이후(2020-2022),소식통,0.0008277726948016512
moon_post_covid_2020_2022,문재인 후기/코로나 이후(2020-2022),소신,0.0009141850315571798
moon_post_covid_2020_2022,문재인 후기/코로나 이후(2020-2022),소외,0.0009737400341406273
moon_post_covid_2020_2022,문재인 후기/코로나 이후(2020-2022),소요,0.0009130779623361219
moon_post_covid_2020_2022,문재인 후기/코로나 이후(2020-2022),소유,0.001857947396340102
moon_post_covid_2020_2022,문재인 후기/코로나 이후(2020-2022),소음,0.0009680480056999157
moon_post_covid_2020_2022,문재인 후기/코로나 이후(2020-2022),소지,0.0010836262852698861
moon_post_covid_2020_2022,문재인 후기/코로나 이후(2020-2022),소집,0.0015902480871395495
moon_post_covid_2020_2022,문재인 후기/코로나 이후(2020-2022),소통,0.0046244494857225265
moon_post_covid_2020_2022,문재인 후기/코로나 이후(2020-2022),소폭,0.0009385372811056246
moon_post_covid_2020_2022,문재인 후기/코로나 이후(2020-2022),소프트웨어,0.0015950385250187659
moon_post_covid_2020_2022,문재인 후기/코로나 이후(2020-2022),소형,0.0011209840305222432
moon_post_covid_2020_2022,문재인 후기/코로나 이후(2020-2022),소화,0.0009998067101485502
moon_post_covid_2020_2022,문재인 후기/코로나 이후(2020-2022),소환,0.0014261748930599618
moon_post_covid_2020_2022,문재인 후기/코로나 이후(2020-2022),손님,0.001115825938621688
moon_post_covid_2020_2022,문재인 후기/코로나 이후(2020-2022),손상,0.0009963769833556545
moon_post_covid_2020_2022,문재인 후기/코로나 이후(2020-2022),손실,0.0025812003403241734
moon_post_covid_2020_2022,문재인 후기/코로나 이후(2020-2022),손학규,0.0004416046150268601
moon_post_covid_2020_2022,문재인 후기/코로나 이후(2020-2022),손해,0.0023571752311838143
moon_post_covid_2020_2022,문재인 후기/코로나 이후(2020-2022),솔루션,0.0020089884835188037
moon_post_covid_2020_2022,문재인 후기/코로나 이후(2020-2022),송파구,0.000987363561857765
moon_post_covid_2020_2022,문재인 후기/코로나 이후(2020-2022),쇄신,0.0018379969978460872
moon_post_covid_2020_2022,문재인 후기/코로나 이후(2020-2022),쇼핑,0.0014486084377099233
moon_post_covid_2020_2022,문재인 후기/코로나 이후(2020-2022),쇼핑몰,0.0013138857065842858
moon_post_covid_2020_2022,문재인 후기/코로나 이후(2020-2022),수급,0.0018949827847383346
moon_post_covid_2020_2022,문재인 후기/코로나 이후(2020-2022),수급자,0.0006352491011269615
moon_post_covid_2020_2022,문재인 후기/코로나 이후(2020-2022),수년,0.0011563858743996868
moon_post_covid_2020_2022,문재인 후기/코로나 이후(2020-2022),수단,0.0022139768380644654
moon_post_covid_2020_2022,문재인 후기/코로나 이후(2020-2022),수당,0.0015007791896192709
moon_post_covid_2020_2022,문재인 후기/코로나 이후(2020-2022),수렴,0.0013019470012382364
moon_post_covid_2020_2022,문재인 후기/코로나 이후(2020-2022),수령,0.0008752601312889312
moon_post_covid_2020_2022,문재인 후기/코로나 이후(2020-2022),수리,0.0008950131242230216
moon_post_covid_2020_2022,문재인 후기/코로나 이후(2020-2022),수립,0.002260920826338162
moon_post_covid_2020_2022,문재인 후기/코로나 이후(2020-2022),수면,0.0006844790031162824
moon_post_covid_2020_2022,문재인 후기/코로나 이후(2020-2022),수명,0.0006367719807865098
moon_post_covid_2020_2022,문재인 후기/코로나 이후(2020-2022),수비,0.0009348653156392217
moon_post_covid_2020_2022,문재인 후기/코로나 이후(2020-2022),수사관,0.0010243258146850035
moon_post_covid_2020_2022,문재인 후기/코로나 이후(2020-2022),수사권,0.002100370934667599
moon_post_covid_2020_2022,문재인 후기/코로나 이후(2020-2022),수사기관,0.0012108101696134677
moon_post_covid_2020_2022,문재인 후기/코로나 이후(2020-2022),수사팀,0.0014256279199109454
moon_post_covid_2020_2022,문재인 후기/코로나 이후(2020-2022),수산,0.0009643616427846989
moon_post_covid_2020_2022,문재인 후기/코로나 이후(2020-2022),수상자,0.0018421778972085125
moon_post_covid_2020_2022,문재인 후기/코로나 이후(2020-2022),수색,0.0020771553472118762
moon_post_covid_2020_2022,문재인 후기/코로나 이후(2020-2022),수소,0.0020450731906789645
moon_post_covid_2020_2022,문재인 후기/코로나 이후(2020-2022),수수,0.000638917556672552
moon_post_covid_2020_2022,문재인 후기/코로나 이후(2020-2022),수수료,0.0019361071781764617
moon_post_covid_2020_2022,문재인 후기/코로나 이후(2020-2022),수습,0.0014172513767401055
moon_post_covid_2020_2022,문재인 후기/코로나 이후(2020-2022),수시,0.0010648835085790209
moon_post_covid_2020_2022,문재인 후기/코로나 이후(2020-2022),수여,0.0011347080727476771
moon_post_covid_2020_2022,문재인 후기/코로나 이후(2020-2022),수요일,0.0008594403688485633
moon_post_covid_2020_2022,문재인 후기/코로나 이후(2020-2022),수용,0.0030070238025933266
moon_post_covid_2020_2022,문재인 후기/코로나 이후(2020-2022),수원,0.001527425073714957
moon_post_covid_2020_2022,문재인 후기/코로나 이후(2020-2022),수위,0.00163463266560961
moon_post_covid_2020_2022,문재인 후기/코로나 이후(2020-2022),수익률,0.001208656348947314
moon_post_covid_2020_2022,문재인 후기/코로나 이후(2020-2022),수익성,0.0006885373153831616
moon_post_covid_2020_2022,문재인 후기/코로나 이후(2020-2022),수장,0.001120282298769565
moon_post_covid_2020_2022,문재인 후기/코로나 이후(2020-2022),수정,0.0015715445742638127
moon_post_covid_2020_2022,문재인 후기/코로나 이후(2020-2022),수주,0.0013517092905994293
moon_post_covid_2020_2022,문재인 후기/코로나 이후(2020-2022),수집,0.0017181666568291119
moon_post_covid_2020_2022,문재인 후기/코로나 이후(2020-2022),수차례,0.00131995813638301
moon_post_covid_2020_2022,문재인 후기/코로나 이후(2020-2022),수치,0.0023618911537658027
moon_post_covid_2020_2022,문재인 후기/코로나 이후(2020-2022),수험생,0.0015503886103099217
moon_post_covid_2020_2022,문재인 후기/코로나 이후(2020-2022),숙소,0.000622372596855662
moon_post_covid_2020_2022,문재인 후기/코로나 이후(2020-2022),순방,0.0005350478515187266
moon_post_covid_2020_2022,문재인 후기/코로나 이후(2020-2022),순서,0.0009387949637134264
moon_post_covid_2020_2022,문재인 후기/코로나 이후(2020-2022),순수,0.000761201230263383
moon_post_covid_2020_2022,문재인 후기/코로나 이후(2020-2022),순환,0.0008705670393431576
moon_post_covid_2020_2022,문재인 후기/코로나 이후(2020-2022),숫자,0.0020781284671147187
moon_post_covid_2020_2022,문재인 후기/코로나 이후(2020-2022),슈퍼,0.0008447647254116359
moon_post_covid_2020_2022,문재인 후기/코로나 이후(2020-2022),스님,0.00043870371679076024
moon_post_covid_2020_2022,문재인 후기/코로나 이후(2020-2022),스스로,0.001546773190056872
moon_post_covid_2020_2022,문재인 후기/코로나 이후(2020-2022),스웨덴,0.0012205388021271628
moon_post_covid_2020_2022,문재인 후기/코로나 이후(2020-2022),스위스,0.001279669027378474
moon_post_covid_2020_2022,문재인 후기/코로나 이후(2020-2022),스크린,0.0006972155834262912
moon_post_covid_2020_2022,문재인 후기/코로나 이후(2020-2022),스타일,0.001674801646090941
moon_post_covid_2020_2022,문재인 후기/코로나 이후(2020-2022),스토리,0.0010073259335987208
moon_post_covid_2020_2022,문재인 후기/코로나 이후(2020-2022),스튜디오,0.0012042436819326412
moon_post_covid_2020_2022,문재인 후기/코로나 이후(2020-2022),스트레스,0.001219926633180443
moon_post_covid_2020_2022,문재인 후기/코로나 이후(2020-2022),스티븐,0.0007888914400769018
moon_post_covid_2020_2022,문재인 후기/코로나 이후(2020-2022),스페인,0.0019809292675120813
moon_post_covid_2020_2022,문재인 후기/코로나 이후(2020-2022),스펙,0.00048729720244316166
moon_post_covid_2020_2022,문재인 후기/코로나 이후(2020-2022),습관,0.0006253576799972513
moon_post_covid_2020_2022,문재인 후기/코로나 이후(2020-2022),승객,0.0007750269550266777
moon_post_covid_2020_2022,문재인 후기/코로나 이후(2020-2022),승계,0.0010045862756679854
moon_post_covid_2020_2022,문재인 후기/코로나 이후(2020-2022),승부,0.0012335574157910322
moon_post_covid_2020_2022,문재인 후기/코로나 이후(2020-2022),승용차,0.0009418293870423654
moon_post_covid_2020_2022,문재인 후기/코로나 이후(2020-2022),승진,0.00296432615230896
moon_post_covid_2020_2022,문재인 후기/코로나 이후(2020-2022),시가,0.000885699493331582
moon_post_covid_2020_2022,문재인 후기/코로나 이후(2020-2022),시공,0.0009149920292638718
moon_post_covid_2020_2022,문재인 후기/코로나 이후(2020-2022),시나리오,0.00110503822791274
moon_post_covid_2020_2022,문재인 후기/코로나 이후(2020-2022),시내,0.0009606908593979824
moon_post_covid_2020_2022,문재인 후기/코로나 이후(2020-2022),시너지,0.0010517260394159974
moon_post_covid_2020_2022,문재인 후기/코로나 이후(2020-2022),시민단체,0.0017178433190502313
moon_post_covid_2020_2022,문재인 후기/코로나 이후(2020-2022),시민사회,0.0007007803093070855
moon_post_covid_2020_2022,문재인 후기/코로나 이후(2020-2022),시범,0.0016953144464105971
moon_post_covid_2020_2022,문재인 후기/코로나 이후(2020-2022),시비,0.0007761613956923733
moon_post_covid_2020_2022,문재인 후기/코로나 이후(2020-2022),시사,0.0017657918931258732
moon_post_covid_2020_2022,문재인 후기/코로나 이후(2020-2022),시상식,0.002473317659096656
moon_post_covid_2020_2022,문재인 후기/코로나 이후(2020-2022),시선,0.0016981434013647566
moon_post_covid_2020_2022,문재인 후기/코로나 이후(2020-2022),시세,0.0018181127960965207
moon_post_covid_2020_2022,문재인 후기/코로나 이후(2020-2022),시속,0.000821146522751846
moon_post_covid_2020_2022,문재인 후기/코로나 이후(2020-2022),시술,0.000655564445715042
moon_post_covid_2020_2022,문재인 후기/코로나 이후(2020-2022),시신,0.001353407528965493
moon_post_covid_2020_2022,문재인 후기/코로나 이후(2020-2022),시위대,0.0010490057495839175
moon_post_covid_2020_2022,문재인 후기/코로나 이후(2020-2022),시인,0.001225323414985041
moon_post_covid_2020_2022,문재인 후기/코로나 이후(2020-2022),시일,0.0007162921570293779
moon_post_covid_2020_2022,문재인 후기/코로나 이후(2020-2022),시정,0.0012196811893195052
moon_post_covid_2020_2022,문재인 후기/코로나 이후(2020-2022),시중,0.0010323503653846026
moon_post_covid_2020_2022,문재인 후기/코로나 이후(2020-2022),시청,0.002098433307058923
moon_post_covid_2020_2022,문재인 후기/코로나 이후(2020-2022),시청자,0.0016552654467536139
moon_post_covid_2020_2022,문재인 후기/코로나 이후(2020-2022),시청자들,0.0008582840243550162
moon_post_covid_2020_2022,문재인 후기/코로나 이후(2020-2022),시한,0.0006996426673349177
moon_post_covid_2020_2022,문재인 후기/코로나 이후(2020-2022),식당,0.00253626888116972
moon_post_covid_2020_2022,문재인 후기/코로나 이후(2020-2022),식량,0.0007447112775664321
moon_post_covid_2020_2022,문재인 후기/코로나 이후(2020-2022),식물,0.0009278322170248677
moon_post_covid_2020_2022,문재인 후기/코로나 이후(2020-2022),식민지,0.0004491340930998254
moon_post_covid_2020_2022,문재인 후기/코로나 이후(2020-2022),식사,0.001590525599005863
moon_post_covid_2020_2022,문재인 후기/코로나 이후(2020-2022),식약처,0.0013833335323520863
moon_post_covid_2020_2022,문재인 후기/코로나 이후(2020-2022),식품,0.0026763647168233803
moon_post_covid_2020_2022,문재인 후기/코로나 이후(2020-2022),신경,0.0016426583427035474
moon_post_covid_2020_2022,문재인 후기/코로나 이후(2020-2022),신경전,0.0010849589859454627
moon_post_covid_2020_2022,문재인 후기/코로나 이후(2020-2022),신기술,0.000830128467279457
moon_post_covid_2020_2022,문재인 후기/코로나 이후(2020-2022),신년,0.0011595519669684857
moon_post_covid_2020_2022,문재인 후기/코로나 이후(2020-2022),신년사,0.001023800883996718
moon_post_covid_2020_2022,문재인 후기/코로나 이후(2020-2022),신념,0.0006741015406790559
moon_post_covid_2020_2022,문재인 후기/코로나 이후(2020-2022),신도시,0.0013794825323948795
moon_post_covid_2020_2022,문재인 후기/코로나 이후(2020-2022),신뢰,0.003951591966949647
moon_post_covid_2020_2022,문재인 후기/코로나 이후(2020-2022),신뢰도,0.0007492809870260757
moon_post_covid_2020_2022,문재인 후기/코로나 이후(2020-2022),신부,0.00048767418374981084
moon_post_covid_2020_2022,문재인 후기/코로나 이후(2020-2022),신분,0.0015147972491178878
moon_post_covid_2020_2022,문재인 후기/코로나 이후(2020-2022),신세계,0.0009510843885217366
moon_post_covid_2020_2022,문재인 후기/코로나 이후(2020-2022),신속,0.0033172306315232213
moon_post_covid_2020_2022,문재인 후기/코로나 이후(2020-2022),신용,0.002010347132922332
moon_post_covid_2020_2022,문재인 후기/코로나 이후(2020-2022),신인,0.0010698657694134918
moon_post_covid_2020_2022,문재인 후기/코로나 이후(2020-2022),신입,0.001310244401530586
moon_post_covid_2020_2022,문재인 후기/코로나 이후(2020-2022),신장,0.0009046716621057316
moon_post_covid_2020_2022,문재인 후기/코로나 이후(2020-2022),신조,0.0005576164186997508
moon_post_covid_2020_2022,문재인 후기/코로나 이후(2020-2022),신중,0.0017091395656993404
moon_post_covid_2020_2022,문재인 후기/코로나 이후(2020-2022),신청자,0.0008674940147316927
moon_post_covid_2020_2022,문재인 후기/코로나 이후(2020-2022),신체,0.0011860867429471622
moon_post_covid_2020_2022,문재인 후기/코로나 이후(2020-2022),신한은행,0.0006292666667955329
moon_post_covid_2020_2022,문재인 후기/코로나 이후(2020-2022),신형,0.0016399918641334366
moon_post_covid_2020_2022,문재인 후기/코로나 이후(2020-2022),신호,0.001554805745364802
moon_post_covid_2020_2022,문재인 후기/코로나 이후(2020-2022),신혼부부,0.0017224064871430831
moon_post_covid_2020_2022,문재인 후기/코로나 이후(2020-2022),신화,0.0006868975277885399
moon_post_covid_2020_2022,문재인 후기/코로나 이후(2020-2022),신흥국,0.0003685082806331851
moon_post_covid_2020_2022,문재인 후기/코로나 이후(2020-2022),실내,0.001738609602800982
moon_post_covid_2020_2022,문재인 후기/코로나 이후(2020-2022),실력,0.0016640828971384533
moon_post_covid_2020_2022,문재인 후기/코로나 이후(2020-2022),실리콘밸리,0.0007903060886542719
moon_post_covid_2020_2022,문재인 후기/코로나 이후(2020-2022),실망,0.0013807783281068583
moon_post_covid_2020_2022,문재인 후기/코로나 이후(2020-2022),실명,0.0007307225005459296
moon_post_covid_2020_2022,문재인 후기/코로나 이후(2020-2022),실무,0.001639140051692032
moon_post_covid_2020_2022,문재인 후기/코로나 이후(2020-2022),실세,0.00046662934500549393
moon_post_covid_2020_2022,문재인 후기/코로나 이후(2020-2022),실수,0.0015671733681871629
moon_post_covid_2020_2022,문재인 후기/코로나 이후(2020-2022),실습,0.0008917151752533728
moon_post_covid_2020_2022,문재인 후기/코로나 이후(2020-2022),실업,0.0012305076474720229
moon_post_covid_2020_2022,문재인 후기/코로나 이후(2020-2022),실업률,0.0005374262549530167
moon_post_covid_2020_2022,문재인 후기/코로나 이후(2020-2022),실업자,0.000560660025607742
moon_post_covid_2020_2022,문재인 후기/코로나 이후(2020-2022),실정,0.0008481410972449246
moon_post_covid_2020_2022,문재인 후기/코로나 이후(2020-2022),실종,0.0019342219652831478
moon_post_covid_2020_2022,문재인 후기/코로나 이후(2020-2022),실종자,0.0009169830597415543
moon_post_covid_2020_2022,문재인 후기/코로나 이후(2020-2022),실질,0.0011915950156179298
moon_post_covid_2020_2022,문재인 후기/코로나 이후(2020-2022),실질적,0.0018606692710376694
moon_post_covid_2020_2022,문재인 후기/코로나 이후(2020-2022),실체,0.0010120572538151475
moon_post_covid_2020_2022,문재인 후기/코로나 이후(2020-2022),실태,0.0014358026009301636
moon_post_covid_2020_2022,문재인 후기/코로나 이후(2020-2022),실행,0.0015823954421112915
moon_post_covid_2020_2022,문재인 후기/코로나 이후(2020-2022),실형,0.000957336870922037
moon_post_covid_2020_2022,문재인 후기/코로나 이후(2020-2022),실효성,0.0014533867821368025
moon_post_covid_2020_2022,문재인 후기/코로나 이후(2020-2022),심리,0.0023625493567136007
moon_post_covid_2020_2022,문재인 후기/코로나 이후(2020-2022),심장,0.0008892040149696249
moon_post_covid_2020_2022,문재인 후기/코로나 이후(2020-2022),심정,0.000760846706340282
moon_post_covid_2020_2022,문재인 후기/코로나 이후(2020-2022),심화,0.0014244320890178198
moon_post_covid_2020_2022,문재인 후기/코로나 이후(2020-2022),싱크탱크,0.0008635337993533052
moon_post_covid_2020_2022,문재인 후기/코로나 이후(2020-2022),싸움,0.0016741865757207055
moon_post_covid_2020_2022,문재인 후기/코로나 이후(2020-2022),쌍용차,0.0005953219054210125
moon_post_covid_2020_2022,문재인 후기/코로나 이후(2020-2022),쓰레기,0.0015040292314850694
moon_post_covid_2020_2022,문재인 후기/코로나 이후(2020-2022),씨가,0.0011215413681179742
moon_post_covid_2020_2022,문재인 후기/코로나 이후(2020-2022),씨는,0.0017001590096978089
moon_post_covid_2020_2022,문재인 후기/코로나 이후(2020-2022),아기,0.000771206553745019
moon_post_covid_2020_2022,문재인 후기/코로나 이후(2020-2022),아나운서,0.0012370725684316612
moon_post_covid_2020_2022,문재인 후기/코로나 이후(2020-2022),아니다,0.0009997501367737275
moon_post_covid_2020_2022,문재인 후기/코로나 이후(2020-2022),아니라,0.0012895096099951083
moon_post_covid_2020_2022,문재인 후기/코로나 이후(2020-2022),아닌,0.0012871237991177557
moon_post_covid_2020_2022,문재인 후기/코로나 이후(2020-2022),아르바이트,0.0006724315610965208
moon_post_covid_2020_2022,문재인 후기/코로나 이후(2020-2022),아르헨티나,0.00043109805434240773
moon_post_covid_2020_2022,문재인 후기/코로나 이후(2020-2022),아무것,0.0007581556167748601
moon_post_covid_2020_2022,문재인 후기/코로나 이후(2020-2022),아빠,0.0013911680599682074
moon_post_covid_2020_2022,문재인 후기/코로나 이후(2020-2022),아산,0.0010584702964376424
moon_post_covid_2020_2022,문재인 후기/코로나 이후(2020-2022),아세안,0.0005805341219537228
moon_post_covid_2020_2022,문재인 후기/코로나 이후(2020-2022),아쉬움,0.0010494922486122744
moon_post_covid_2020_2022,문재인 후기/코로나 이후(2020-2022),아시안,0.0005464839503486402
moon_post_covid_2020_2022,문재인 후기/코로나 이후(2020-2022),아이돌,0.0009882661514901952
moon_post_covid_2020_2022,문재인 후기/코로나 이후(2020-2022),아이디어,0.0021052259494367385
moon_post_covid_2020_2022,문재인 후기/코로나 이후(2020-2022),아이템,0.001156984346555875
moon_post_covid_2020_2022,문재인 후기/코로나 이후(2020-2022),아이폰,0.0011908742809540638
moon_post_covid_2020_2022,문재인 후기/코로나 이후(2020-2022),아직,0.0009854807020189277
moon_post_covid_2020_2022,문재인 후기/코로나 이후(2020-2022),아카데미,0.0016950383814851456
moon_post_covid_2020_2022,문재인 후기/코로나 이후(2020-2022),아프리카,0.001490959171127328
moon_post_covid_2020_2022,문재인 후기/코로나 이후(2020-2022),아픔,0.0007385585032236106
moon_post_covid_2020_2022,문재인 후기/코로나 이후(2020-2022),악용,0.0008393025540955585
moon_post_covid_2020_2022,문재인 후기/코로나 이후(2020-2022),악재,0.0010622488447307086
moon_post_covid_2020_2022,문재인 후기/코로나 이후(2020-2022),악화,0.0025335496698902014
moon_post_covid_2020_2022,문재인 후기/코로나 이후(2020-2022),안건,0.0012011108715016157
moon_post_covid_2020_2022,문재인 후기/코로나 이후(2020-2022),안내,0.0017868393294684084
moon_post_covid_2020_2022,문재인 후기/코로나 이후(2020-2022),안녕,0.0019059660703409425
moon_post_covid_2020_2022,문재인 후기/코로나 이후(2020-2022),안산,0.0009794727355110799
moon_post_covid_2020_2022,문재인 후기/코로나 이후(2020-2022),안심,0.001406141413589337
moon_post_covid_2020_2022,문재인 후기/코로나 이후(2020-2022),안전망,0.001006832216771463
moon_post_covid_2020_2022,문재인 후기/코로나 이후(2020-2022),안전성,0.001983796330435473
moon_post_covid_2020_2022,문재인 후기/코로나 이후(2020-2022),안정성,0.0007830874959628612
moon_post_covid_2020_2022,문재인 후기/코로나 이후(2020-2022),안정적,0.002338608186770499
moon_post_covid_2020_2022,문재인 후기/코로나 이후(2020-2022),안팎,0.0024109925418712586
moon_post_covid_2020_2022,문재인 후기/코로나 이후(2020-2022),않고,0.001451956250933391
moon_post_covid_2020_2022,문재인 후기/코로나 이후(2020-2022),않는,0.0009839316159603224
moon_post_covid_2020_2022,문재인 후기/코로나 이후(2020-2022),않았다,0.0007898863215981889
moon_post_covid_2020_2022,문재인 후기/코로나 이후(2020-2022),않은,0.0013788713938339416
moon_post_covid_2020_2022,문재인 후기/코로나 이후(2020-2022),암호,0.0008694127907081147
moon_post_covid_2020_2022,문재인 후기/코로나 이후(2020-2022),압도,0.000960078321860989
moon_post_covid_2020_2022,문재인 후기/코로나 이후(2020-2022),압도적,0.001098259447182751
moon_post_covid_2020_2022,문재인 후기/코로나 이후(2020-2022),압력,0.001106484626545494
moon_post_covid_2020_2022,문재인 후기/코로나 이후(2020-2022),압수,0.0013129079510058005
moon_post_covid_2020_2022,문재인 후기/코로나 이후(2020-2022),압수수색,0.002109482116739289
moon_post_covid_2020_2022,문재인 후기/코로나 이후(2020-2022),앞두고,0.0019293047240904106
moon_post_covid_2020_2022,문재인 후기/코로나 이후(2020-2022),앞서,0.0015522013726182171
moon_post_covid_2020_2022,문재인 후기/코로나 이후(2020-2022),앞으로,0.0014056958236224881
moon_post_covid_2020_2022,문재인 후기/코로나 이후(2020-2022),애초,0.001531058502214515
moon_post_covid_2020_2022,문재인 후기/코로나 이후(2020-2022),애플리케이션,0.0009358681972073951
moon_post_covid_2020_2022,문재인 후기/코로나 이후(2020-2022),액수,0.0007390455988520625
moon_post_covid_2020_2022,문재인 후기/코로나 이후(2020-2022),앨범,0.001406443721954216
moon_post_covid_2020_2022,문재인 후기/코로나 이후(2020-2022),야간,0.0008121341462619192
moon_post_covid_2020_2022,문재인 후기/코로나 이후(2020-2022),약물,0.0010217669632321292
moon_post_covid_2020_2022,문재인 후기/코로나 이후(2020-2022),약속,0.004623235240716058
moon_post_covid_2020_2022,문재인 후기/코로나 이후(2020-2022),약자,0.0013290218652885226
moon_post_covid_2020_2022,문재인 후기/코로나 이후(2020-2022),약점,0.0006476396021109498
moon_post_covid_2020_2022,문재인 후기/코로나 이후(2020-2022),약화,0.0007876855967006944
moon_post_covid_2020_2022,문재인 후기/코로나 이후(2020-2022),양극화,0.0010095456475947414
moon_post_covid_2020_2022,문재인 후기/코로나 이후(2020-2022),양당,0.0017437014269162385
moon_post_covid_2020_2022,문재인 후기/코로나 이후(2020-2022),양도,0.0013945694837470151
moon_post_covid_2020_2022,문재인 후기/코로나 이후(2020-2022),양보,0.0008889356421370778
moon_post_covid_2020_2022,문재인 후기/코로나 이후(2020-2022),양산,0.0016976633314347033
moon_post_covid_2020_2022,문재인 후기/코로나 이후(2020-2022),양상,0.0015046646301453785
moon_post_covid_2020_2022,문재인 후기/코로나 이후(2020-2022),양식,0.0005753872600000513
moon_post_covid_2020_2022,문재인 후기/코로나 이후(2020-2022),양심,0.0005729964103399524
moon_post_covid_2020_2022,문재인 후기/코로나 이후(2020-2022),양자,0.0010222302865800505
moon_post_covid_2020_2022,문재인 후기/코로나 이후(2020-2022),양쪽,0.000916370040282768
moon_post_covid_2020_2022,문재인 후기/코로나 이후(2020-2022),양측,0.001341271155321731
moon_post_covid_2020_2022,문재인 후기/코로나 이후(2020-2022),어깨,0.0008479538458605617
moon_post_covid_2020_2022,문재인 후기/코로나 이후(2020-2022),어느,0.0007443897637460992
moon_post_covid_2020_2022,문재인 후기/코로나 이후(2020-2022),어떤,0.0013456313238564117
moon_post_covid_2020_2022,문재인 후기/코로나 이후(2020-2022),어르신,0.0007620391637364943
moon_post_covid_2020_2022,문재인 후기/코로나 이후(2020-2022),어른,0.0007562988311237057
moon_post_covid_2020_2022,문재인 후기/코로나 이후(2020-2022),어린이,0.0018566091905552408
moon_post_covid_2020_2022,문재인 후기/코로나 이후(2020-2022),어린이집,0.0015106714357952333
moon_post_covid_2020_2022,문재인 후기/코로나 이후(2020-2022),억원,0.0017552544004284785
moon_post_covid_2020_2022,문재인 후기/코로나 이후(2020-2022),억제,0.0015209982564525714
moon_post_covid_2020_2022,문재인 후기/코로나 이후(2020-2022),언론사,0.0014892190705366008
moon_post_covid_2020_2022,문재인 후기/코로나 이후(2020-2022),언론인,0.0007692748165551939
moon_post_covid_2020_2022,문재인 후기/코로나 이후(2020-2022),언어,0.0015469620470945373
moon_post_covid_2020_2022,문재인 후기/코로나 이후(2020-2022),업무,0.007919792665256168
moon_post_covid_2020_2022,문재인 후기/코로나 이후(2020-2022),업무협약,0.0013888423136748933
moon_post_covid_2020_2022,문재인 후기/코로나 이후(2020-2022),업적,0.0007302428045609093
moon_post_covid_2020_2022,문재인 후기/코로나 이후(2020-2022),업종,0.002236954123407285
moon_post_covid_2020_2022,문재인 후기/코로나 이후(2020-2022),업체들,0.0009845658658387505
moon_post_covid_2020_2022,문재인 후기/코로나 이후(2020-2022),없는,0.002014662282318348
moon_post_covid_2020_2022,문재인 후기/코로나 이후(2020-2022),없다,0.0019205370371022585
moon_post_covid_2020_2022,문재인 후기/코로나 이후(2020-2022),없어,0.0008814230031414049
moon_post_covid_2020_2022,문재인 후기/코로나 이후(2020-2022),없이,0.0014957089129157284
moon_post_covid_2020_2022,문재인 후기/코로나 이후(2020-2022),엔진,0.0012918553324273404
moon_post_covid_2020_2022,문재인 후기/코로나 이후(2020-2022),엔터테인먼트,0.000998444366290077
moon_post_covid_2020_2022,문재인 후기/코로나 이후(2020-2022),엘리트,0.0006292345420495033
moon_post_covid_2020_2022,문재인 후기/코로나 이후(2020-2022),여건,0.0019146326158936964
moon_post_covid_2020_2022,문재인 후기/코로나 이후(2020-2022),여권,0.0029171333689251124
moon_post_covid_2020_2022,문재인 후기/코로나 이후(2020-2022),여년,0.001008976665733215
moon_post_covid_2020_2022,문재인 후기/코로나 이후(2020-2022),여러,0.0011644774502779555
moon_post_covid_2020_2022,문재인 후기/코로나 이후(2020-2022),여력,0.0008360046661213222
moon_post_covid_2020_2022,문재인 후기/코로나 이후(2020-2022),여름,0.0016524126968186588
moon_post_covid_2020_2022,문재인 후기/코로나 이후(2020-2022),여명,0.0018817760154591979
moon_post_covid_2020_2022,문재인 후기/코로나 이후(2020-2022),여사,0.0011276718508862569
moon_post_covid_2020_2022,문재인 후기/코로나 이후(2020-2022),여성,0.01221454774516937
moon_post_covid_2020_2022,문재인 후기/코로나 이후(2020-2022),여성들,0.0016168117189482504
moon_post_covid_2020_2022,문재인 후기/코로나 이후(2020-2022),여수,0.0008017649964175222
moon_post_covid_2020_2022,문재인 후기/코로나 이후(2020-2022),여유,0.0012185192434910768
moon_post_covid_2020_2022,문재인 후기/코로나 이후(2020-2022),여전히,0.0009269796223480266
moon_post_covid_2020_2022,문재인 후기/코로나 이후(2020-2022),여지,0.0013727836696352188
moon_post_covid_2020_2022,문재인 후기/코로나 이후(2020-2022),여파,0.0022992333902479164
moon_post_covid_2020_2022,문재인 후기/코로나 이후(2020-2022),역사적,0.0008458572562856421
moon_post_covid_2020_2022,문재인 후기/코로나 이후(2020-2022),역임,0.0010153701520209907
moon_post_covid_2020_2022,문재인 후기/코로나 이후(2020-2022),역전,0.0009229818826257156
moon_post_covid_2020_2022,문재인 후기/코로나 이후(2020-2022),역할,0.007590775194185017
moon_post_covid_2020_2022,문재인 후기/코로나 이후(2020-2022),연계,0.0026566321816082214
moon_post_covid_2020_2022,문재인 후기/코로나 이후(2020-2022),연관,0.0021766424245753184
moon_post_covid_2020_2022,문재인 후기/코로나 이후(2020-2022),연구개발,0.0011925113887868153
moon_post_covid_2020_2022,문재인 후기/코로나 이후(2020-2022),연구소장,0.0010149325112858377
moon_post_covid_2020_2022,문재인 후기/코로나 이후(2020-2022),연구위원,0.0007016098579705879
moon_post_covid_2020_2022,문재인 후기/코로나 이후(2020-2022),연구자,0.0010451745083399368
moon_post_covid_2020_2022,문재인 후기/코로나 이후(2020-2022),연구진,0.0016776498535145455
moon_post_covid_2020_2022,문재인 후기/코로나 이후(2020-2022),연구팀,0.0011605423501760462
moon_post_covid_2020_2022,문재인 후기/코로나 이후(2020-2022),연극,0.0007634818296924251
moon_post_covid_2020_2022,문재인 후기/코로나 이후(2020-2022),연금,0.0023995752599604236
moon_post_covid_2020_2022,문재인 후기/코로나 이후(2020-2022),연내,0.0011509831765086401
moon_post_covid_2020_2022,문재인 후기/코로나 이후(2020-2022),연동,0.001004839384653987
moon_post_covid_2020_2022,문재인 후기/코로나 이후(2020-2022),연락,0.0023062431538473658
moon_post_covid_2020_2022,문재인 후기/코로나 이후(2020-2022),연령,0.0016011562324999922
moon_post_covid_2020_2022,문재인 후기/코로나 이후(2020-2022),연령대,0.001133320481472976
moon_post_covid_2020_2022,문재인 후기/코로나 이후(2020-2022),연료,0.0011867657048864565
moon_post_covid_2020_2022,문재인 후기/코로나 이후(2020-2022),연루,0.0012386099698070844
moon_post_covid_2020_2022,문재인 후기/코로나 이후(2020-2022),연말,0.0019294683743320442
moon_post_covid_2020_2022,문재인 후기/코로나 이후(2020-2022),연방,0.0020561218190334116
moon_post_covid_2020_2022,문재인 후기/코로나 이후(2020-2022),연봉,0.001607598205593863
moon_post_covid_2020_2022,문재인 후기/코로나 이후(2020-2022),연상,0.0006648906540766616
moon_post_covid_2020_2022,문재인 후기/코로나 이후(2020-2022),연세대,0.0018757807713758279
moon_post_covid_2020_2022,문재인 후기/코로나 이후(2020-2022),연수,0.0008640386526746643
moon_post_covid_2020_2022,문재인 후기/코로나 이후(2020-2022),연애,0.00045905712367772607
moon_post_covid_2020_2022,문재인 후기/코로나 이후(2020-2022),연예인,0.0007696555203581247
moon_post_covid_2020_2022,문재인 후기/코로나 이후(2020-2022),연일,0.0017745315794257398
moon_post_covid_2020_2022,문재인 후기/코로나 이후(2020-2022),연임,0.0010064410174900787
moon_post_covid_2020_2022,문재인 후기/코로나 이후(2020-2022),연주,0.0007284992801704618
moon_post_covid_2020_2022,문재인 후기/코로나 이후(2020-2022),연출,0.0015462261602450234
moon_post_covid_2020_2022,문재인 후기/코로나 이후(2020-2022),연평균,0.0010333224612573398
moon_post_covid_2020_2022,문재인 후기/코로나 이후(2020-2022),연휴,0.0021391651686970075
moon_post_covid_2020_2022,문재인 후기/코로나 이후(2020-2022),열고,0.0021025011709828977
moon_post_covid_2020_2022,문재인 후기/코로나 이후(2020-2022),열기,0.0007050602001742333
moon_post_covid_2020_2022,문재인 후기/코로나 이후(2020-2022),열리는,0.0006552919789270303
moon_post_covid_2020_2022,문재인 후기/코로나 이후(2020-2022),열병식,0.001008112878051414
moon_post_covid_2020_2022,문재인 후기/코로나 이후(2020-2022),열어,0.0009259149141794634
moon_post_covid_2020_2022,문재인 후기/코로나 이후(2020-2022),열정,0.0009362851517954302
moon_post_covid_2020_2022,문재인 후기/코로나 이후(2020-2022),열차,0.000801900622225624
moon_post_covid_2020_2022,문재인 후기/코로나 이후(2020-2022),열풍,0.0011724313122080715
moon_post_covid_2020_2022,문재인 후기/코로나 이후(2020-2022),열흘,0.0010071673310584487
moon_post_covid_2020_2022,문재인 후기/코로나 이후(2020-2022),염두,0.001180821302128374
moon_post_covid_2020_2022,문재인 후기/코로나 이후(2020-2022),영광,0.0011868061211314058
moon_post_covid_2020_2022,문재인 후기/코로나 이후(2020-2022),영남,0.001111953109459932
moon_post_covid_2020_2022,문재인 후기/코로나 이후(2020-2022),영상취재,0.002155877835631606
moon_post_covid_2020_2022,문재인 후기/코로나 이후(2020-2022),영업이익,0.0017693641869330147
moon_post_covid_2020_2022,문재인 후기/코로나 이후(2020-2022),영역,0.0029509353304946564
moon_post_covid_2020_2022,문재인 후기/코로나 이후(2020-2022),영웅,0.0009681941310494445
moon_post_covid_2020_2022,문재인 후기/코로나 이후(2020-2022),영입,0.00305361709587159
moon_post_covid_2020_2022,문재인 후기/코로나 이후(2020-2022),영토,0.0006661605818456536
moon_post_covid_2020_2022,문재인 후기/코로나 이후(2020-2022),영향력,0.002458725465242026
moon_post_covid_2020_2022,문재인 후기/코로나 이후(2020-2022),영화제,0.0013142130838254087
moon_post_covid_2020_2022,문재인 후기/코로나 이후(2020-2022),예고,0.002855767325587518
moon_post_covid_2020_2022,문재인 후기/코로나 이후(2020-2022),예능,0.0014842541239214375
moon_post_covid_2020_2022,문재인 후기/코로나 이후(2020-2022),예비,0.002926516639437288
moon_post_covid_2020_2022,문재인 후기/코로나 이후(2020-2022),예산안,0.001421246764414105
moon_post_covid_2020_2022,문재인 후기/코로나 이후(2020-2022),예술가,0.0007525603021942139
moon_post_covid_2020_2022,문재인 후기/코로나 이후(2020-2022),예약,0.0017906995167730991
moon_post_covid_2020_2022,문재인 후기/코로나 이후(2020-2022),예외,0.0012453150394888086
moon_post_covid_2020_2022,문재인 후기/코로나 이후(2020-2022),예전,0.0016084852531457036
moon_post_covid_2020_2022,문재인 후기/코로나 이후(2020-2022),옛날,0.0007818056620724728
moon_post_covid_2020_2022,문재인 후기/코로나 이후(2020-2022),오는,0.0024970139059924084
moon_post_covid_2020_2022,문재인 후기/코로나 이후(2020-2022),오늘날,0.0007679987399348791
moon_post_covid_2020_2022,문재인 후기/코로나 이후(2020-2022),오래전,0.0005996810675649824
moon_post_covid_2020_2022,문재인 후기/코로나 이후(2020-2022),오랫동안,0.0015097831840011925
moon_post_covid_2020_2022,문재인 후기/코로나 이후(2020-2022),오류,0.0009680738626774873
moon_post_covid_2020_2022,문재인 후기/코로나 이후(2020-2022),오른쪽,0.0007844726678385296
moon_post_covid_2020_2022,문재인 후기/코로나 이후(2020-2022),오염,0.0010486927653774992
moon_post_covid_2020_2022,문재인 후기/코로나 이후(2020-2022),오찬,0.000737064334020289
moon_post_covid_2020_2022,문재인 후기/코로나 이후(2020-2022),오픈,0.001883974191388932
moon_post_covid_2020_2022,문재인 후기/코로나 이후(2020-2022),오피스텔,0.0014931454990338103
moon_post_covid_2020_2022,문재인 후기/코로나 이후(2020-2022),오해,0.0013770036331487835
moon_post_covid_2020_2022,문재인 후기/코로나 이후(2020-2022),온도,0.0009616555229525379
moon_post_covid_2020_2022,문재인 후기/코로나 이후(2020-2022),온실,0.0012744438459328731
moon_post_covid_2020_2022,문재인 후기/코로나 이후(2020-2022),옹호,0.0010370427395398549
moon_post_covid_2020_2022,문재인 후기/코로나 이후(2020-2022),와인,0.0007395692925580987
moon_post_covid_2020_2022,문재인 후기/코로나 이후(2020-2022),와중,0.0009596464504868425
moon_post_covid_2020_2022,문재인 후기/코로나 이후(2020-2022),완공,0.0009031741767523602
moon_post_covid_2020_2022,문재인 후기/코로나 이후(2020-2022),완벽,0.0012671605382399357
moon_post_covid_2020_2022,문재인 후기/코로나 이후(2020-2022),완성,0.002455077965963488
moon_post_covid_2020_2022,문재인 후기/코로나 이후(2020-2022),왜곡,0.0016702069840188252
moon_post_covid_2020_2022,문재인 후기/코로나 이후(2020-2022),외교관,0.000899274484884812
moon_post_covid_2020_2022,문재인 후기/코로나 이후(2020-2022),외교부,0.0024790595636133947
moon_post_covid_2020_2022,문재인 후기/코로나 이후(2020-2022),외국어,0.0006859978970956965
moon_post_covid_2020_2022,문재인 후기/코로나 이후(2020-2022),외면,0.0012244030487006854
moon_post_covid_2020_2022,문재인 후기/코로나 이후(2020-2022),외모,0.0006280601865648244
moon_post_covid_2020_2022,문재인 후기/코로나 이후(2020-2022),외신,0.0011630676625057814
moon_post_covid_2020_2022,문재인 후기/코로나 이후(2020-2022),외환,0.0007284052658494564
moon_post_covid_2020_2022,문재인 후기/코로나 이후(2020-2022),외환위기,0.0005398151361303473
moon_post_covid_2020_2022,문재인 후기/코로나 이후(2020-2022),왼쪽,0.000758967352166968
moon_post_covid_2020_2022,문재인 후기/코로나 이후(2020-2022),요건,0.0017203902162585341
moon_post_covid_2020_2022,문재인 후기/코로나 이후(2020-2022),요금,0.0017957597649150832
moon_post_covid_2020_2022,문재인 후기/코로나 이후(2020-2022),요리,0.0010187361639245399
moon_post_covid_2020_2022,문재인 후기/코로나 이후(2020-2022),요소,0.0021579567700077
moon_post_covid_2020_2022,문재인 후기/코로나 이후(2020-2022),요약,0.0005411944638746283
moon_post_covid_2020_2022,문재인 후기/코로나 이후(2020-2022),요양,0.0008709890907893868
moon_post_covid_2020_2022,문재인 후기/코로나 이후(2020-2022),요원,0.000785093430869157
moon_post_covid_2020_2022,문재인 후기/코로나 이후(2020-2022),요인,0.0024056990257732835
moon_post_covid_2020_2022,문재인 후기/코로나 이후(2020-2022),욕망,0.0006220385868494795
moon_post_covid_2020_2022,문재인 후기/코로나 이후(2020-2022),욕심,0.0006894113309708072
moon_post_covid_2020_2022,문재인 후기/코로나 이후(2020-2022),용기,0.0015120543717058875
moon_post_covid_2020_2022,문재인 후기/코로나 이후(2020-2022),용도,0.0008668322392751331
moon_post_covid_2020_2022,문재인 후기/코로나 이후(2020-2022),용산,0.001196263020348143
moon_post_covid_2020_2022,문재인 후기/코로나 이후(2020-2022),용어,0.0010808262911512101
moon_post_covid_2020_2022,문재인 후기/코로나 이후(2020-2022),용역,0.0012025372448609354
moon_post_covid_2020_2022,문재인 후기/코로나 이후(2020-2022),용의자,0.0004933242805942627
moon_post_covid_2020_2022,문재인 후기/코로나 이후(2020-2022),용인,0.0011735108011940412
moon_post_covid_2020_2022,문재인 후기/코로나 이후(2020-2022),우리은행,0.0007313805875048898
moon_post_covid_2020_2022,문재인 후기/코로나 이후(2020-2022),우상호,0.0009504603194934981
moon_post_covid_2020_2022,문재인 후기/코로나 이후(2020-2022),우선,0.0019347548429986812
moon_post_covid_2020_2022,문재인 후기/코로나 이후(2020-2022),우세,0.0009667303115913111
moon_post_covid_2020_2022,문재인 후기/코로나 이후(2020-2022),우울증,0.0007209838101022675
moon_post_covid_2020_2022,문재인 후기/코로나 이후(2020-2022),우위,0.0008555239324620073
moon_post_covid_2020_2022,문재인 후기/코로나 이후(2020-2022),우주,0.0022529835523612957
moon_post_covid_2020_2022,문재인 후기/코로나 이후(2020-2022),우파,0.0005513201344726199
moon_post_covid_2020_2022,문재인 후기/코로나 이후(2020-2022),운명,0.0010311164396520198
moon_post_covid_2020_2022,문재인 후기/코로나 이후(2020-2022),운송,0.0008382166945079106
moon_post_covid_2020_2022,문재인 후기/코로나 이후(2020-2022),운영,0.011418657175011428
moon_post_covid_2020_2022,문재인 후기/코로나 이후(2020-2022),운전,0.001516606031142553
moon_post_covid_2020_2022,문재인 후기/코로나 이후(2020-2022),운전자,0.0015881278012878231
moon_post_covid_2020_2022,문재인 후기/코로나 이후(2020-2022),운항,0.0008144309938869308
moon_post_covid_2020_2022,문재인 후기/코로나 이후(2020-2022),운행,0.0012628682281179936
moon_post_covid_2020_2022,문재인 후기/코로나 이후(2020-2022),울산시,0.001741919710871858
moon_post_covid_2020_2022,문재인 후기/코로나 이후(2020-2022),움직,0.0009766889655353024
moon_post_covid_2020_2022,문재인 후기/코로나 이후(2020-2022),움직임,0.0018049096878251863
moon_post_covid_2020_2022,문재인 후기/코로나 이후(2020-2022),워싱턴포스트,0.0009755789307910346
moon_post_covid_2020_2022,문재인 후기/코로나 이후(2020-2022),원가,0.0006889828382800174
moon_post_covid_2020_2022,문재인 후기/코로나 이후(2020-2022),원격,0.0017600930599047772
moon_post_covid_2020_2022,문재인 후기/코로나 이후(2020-2022),원고,0.0009120683776148789
moon_post_covid_2020_2022,문재인 후기/코로나 이후(2020-2022),원대,0.0013549096053577581
moon_post_covid_2020_2022,문재인 후기/코로나 이후(2020-2022),원래,0.0023336132906495405
moon_post_covid_2020_2022,문재인 후기/코로나 이후(2020-2022),원료,0.001071936138557438
moon_post_covid_2020_2022,문재인 후기/코로나 이후(2020-2022),원리,0.0006967945481450479
moon_post_covid_2020_2022,문재인 후기/코로나 이후(2020-2022),원씩,0.0015041793207329138
moon_post_covid_2020_2022,문재인 후기/코로나 이후(2020-2022),원유,0.0007782313260298529
moon_post_covid_2020_2022,문재인 후기/코로나 이후(2020-2022),원을,0.0011536509236338799
moon_post_covid_2020_2022,문재인 후기/코로나 이후(2020-2022),원자력,0.0012522228334711373
moon_post_covid_2020_2022,문재인 후기/코로나 이후(2020-2022),원조,0.0007046248670900468
moon_post_covid_2020_2022,문재인 후기/코로나 이후(2020-2022),원천,0.0007537567265633376
moon_post_covid_2020_2022,문재인 후기/코로나 이후(2020-2022),원칙,0.003966838912598294
moon_post_covid_2020_2022,문재인 후기/코로나 이후(2020-2022),원칙적,0.0006249028419729503
moon_post_covid_2020_2022,문재인 후기/코로나 이후(2020-2022),원활,0.0009524381826125542
moon_post_covid_2020_2022,문재인 후기/코로나 이후(2020-2022),원희룡,0.0025049626653536653
moon_post_covid_2020_2022,문재인 후기/코로나 이후(2020-2022),월급,0.0012379856071041539
moon_post_covid_2020_2022,문재인 후기/코로나 이후(2020-2022),월드,0.000842239534234153
moon_post_covid_2020_2022,문재인 후기/코로나 이후(2020-2022),월부터,0.0011200603950942683
moon_post_covid_2020_2022,문재인 후기/코로나 이후(2020-2022),월성,0.0029107799243992846
moon_post_covid_2020_2022,문재인 후기/코로나 이후(2020-2022),월세,0.0019520621379852427
moon_post_covid_2020_2022,문재인 후기/코로나 이후(2020-2022),월요일,0.0012703273292883808
moon_post_covid_2020_2022,문재인 후기/코로나 이후(2020-2022),월평균,0.000788401327792082
moon_post_covid_2020_2022,문재인 후기/코로나 이후(2020-2022),웹툰,0.0012016055575452982
moon_post_covid_2020_2022,문재인 후기/코로나 이후(2020-2022),위력,0.0006482536538555632
moon_post_covid_2020_2022,문재인 후기/코로나 이후(2020-2022),위로,0.0017536453744412155
moon_post_covid_2020_2022,문재인 후기/코로나 이후(2020-2022),위법,0.0014204024538182153
moon_post_covid_2020_2022,문재인 후기/코로나 이후(2020-2022),위상,0.0013728984511238798
moon_post_covid_2020_2022,문재인 후기/코로나 이후(2020-2022),위성,0.0014250227282635655
moon_post_covid_2020_2022,문재인 후기/코로나 이후(2020-2022),위안,0.0008165787582246577
moon_post_covid_2020_2022,문재인 후기/코로나 이후(2020-2022),위장,0.0006092412821436327
moon_post_covid_2020_2022,문재인 후기/코로나 이후(2020-2022),위주,0.0016335713489203114
moon_post_covid_2020_2022,문재인 후기/코로나 이후(2020-2022),위축,0.0016100153298569523
moon_post_covid_2020_2022,문재인 후기/코로나 이후(2020-2022),위탁,0.0013339924117801985
moon_post_covid_2020_2022,문재인 후기/코로나 이후(2020-2022),위헌,0.0010820122190298284
moon_post_covid_2020_2022,문재인 후기/코로나 이후(2020-2022),위험성,0.000885331157047494
moon_post_covid_2020_2022,문재인 후기/코로나 이후(2020-2022),유가,0.0009718982525943298
moon_post_covid_2020_2022,문재인 후기/코로나 이후(2020-2022),유감,0.0017274513661114184
moon_post_covid_2020_2022,문재인 후기/코로나 이후(2020-2022),유권자,0.0033013521242349136
moon_post_covid_2020_2022,문재인 후기/코로나 이후(2020-2022),유권자들,0.00132173358713268
moon_post_covid_2020_2022,문재인 후기/코로나 이후(2020-2022),유네스코,0.0009154339968497157
moon_post_covid_2020_2022,문재인 후기/코로나 이후(2020-2022),유도,0.0016779369713947325
moon_post_covid_2020_2022,문재인 후기/코로나 이후(2020-2022),유럽연합,0.001633254765720199
moon_post_covid_2020_2022,문재인 후기/코로나 이후(2020-2022),유력,0.002412758929590371
moon_post_covid_2020_2022,문재인 후기/코로나 이후(2020-2022),유로,0.0010203411779489712
moon_post_covid_2020_2022,문재인 후기/코로나 이후(2020-2022),유리,0.0023694447612885453
moon_post_covid_2020_2022,문재인 후기/코로나 이후(2020-2022),유망,0.0008745407572201049
moon_post_covid_2020_2022,문재인 후기/코로나 이후(2020-2022),유발,0.001177137175593423
moon_post_covid_2020_2022,문재인 후기/코로나 이후(2020-2022),유사,0.0013477660129563788
moon_post_covid_2020_2022,문재인 후기/코로나 이후(2020-2022),유산,0.0011179193141055979
moon_post_covid_2020_2022,문재인 후기/코로나 이후(2020-2022),유세,0.0020587639196044407
moon_post_covid_2020_2022,문재인 후기/코로나 이후(2020-2022),유시민,0.0008480957739236533
moon_post_covid_2020_2022,문재인 후기/코로나 이후(2020-2022),유예,0.002104192038549618
moon_post_covid_2020_2022,문재인 후기/코로나 이후(2020-2022),유용,0.0009019395453720778
moon_post_covid_2020_2022,문재인 후기/코로나 이후(2020-2022),유입,0.0020503318976294433
moon_post_covid_2020_2022,문재인 후기/코로나 이후(2020-2022),유전자,0.0018263345088257265
moon_post_covid_2020_2022,문재인 후기/코로나 이후(2020-2022),유족,0.0020723597145740663
moon_post_covid_2020_2022,문재인 후기/코로나 이후(2020-2022),유죄,0.0017716947366622055
moon_post_covid_2020_2022,문재인 후기/코로나 이후(2020-2022),유착,0.0009006136560660607
moon_post_covid_2020_2022,문재인 후기/코로나 이후(2020-2022),유포,0.001176786726183386
moon_post_covid_2020_2022,문재인 후기/코로나 이후(2020-2022),유플러스,0.0014502911178427783
moon_post_covid_2020_2022,문재인 후기/코로나 이후(2020-2022),유학,0.0011046501288569596
moon_post_covid_2020_2022,문재인 후기/코로나 이후(2020-2022),유해,0.0009777275487295215
moon_post_covid_2020_2022,문재인 후기/코로나 이후(2020-2022),유행,0.0032912728578023374
moon_post_covid_2020_2022,문재인 후기/코로나 이후(2020-2022),유형,0.0012291772913584549
moon_post_covid_2020_2022,문재인 후기/코로나 이후(2020-2022),유효,0.0008216955451391924
moon_post_covid_2020_2022,문재인 후기/코로나 이후(2020-2022),육군,0.0012922280974948003
moon_post_covid_2020_2022,문재인 후기/코로나 이후(2020-2022),육박,0.001072508265054521
moon_post_covid_2020_2022,문재인 후기/코로나 이후(2020-2022),육성,0.003207871819446027
moon_post_covid_2020_2022,문재인 후기/코로나 이후(2020-2022),육아,0.001168090321505986
moon_post_covid_2020_2022,문재인 후기/코로나 이후(2020-2022),육아휴직,0.0004854588518864887
moon_post_covid_2020_2022,문재인 후기/코로나 이후(2020-2022),윤리,0.0013121477171921245
moon_post_covid_2020_2022,문재인 후기/코로나 이후(2020-2022),융합,0.001653829233103278
moon_post_covid_2020_2022,문재인 후기/코로나 이후(2020-2022),으로,0.0022510230817845375
moon_post_covid_2020_2022,문재인 후기/코로나 이후(2020-2022),은퇴,0.0015137116357006534
moon_post_covid_2020_2022,문재인 후기/코로나 이후(2020-2022),은폐,0.000827409628686303
moon_post_covid_2020_2022,문재인 후기/코로나 이후(2020-2022),음성,0.002196811770274349
moon_post_covid_2020_2022,문재인 후기/코로나 이후(2020-2022),음성변조,0.0014459001937962392
moon_post_covid_2020_2022,문재인 후기/코로나 이후(2020-2022),음식점,0.0013234781659174964
moon_post_covid_2020_2022,문재인 후기/코로나 이후(2020-2022),음주,0.0009007291674994402
moon_post_covid_2020_2022,문재인 후기/코로나 이후(2020-2022),응답,0.002929364467212971
moon_post_covid_2020_2022,문재인 후기/코로나 이후(2020-2022),응답자,0.002201515860405842
moon_post_covid_2020_2022,문재인 후기/코로나 이후(2020-2022),응시,0.0013613226785104896
moon_post_covid_2020_2022,문재인 후기/코로나 이후(2020-2022),의결,0.002668445723463734
moon_post_covid_2020_2022,문재인 후기/코로나 이후(2020-2022),의구심,0.0007307151335701757
moon_post_covid_2020_2022,문재인 후기/코로나 이후(2020-2022),의대,0.0017382005346204456
moon_post_covid_2020_2022,문재인 후기/코로나 이후(2020-2022),의도,0.0025010226699848943
moon_post_covid_2020_2022,문재인 후기/코로나 이후(2020-2022),의뢰,0.0021261484510792013
moon_post_covid_2020_2022,문재인 후기/코로나 이후(2020-2022),의료,0.0053971307845769945
moon_post_covid_2020_2022,문재인 후기/코로나 이후(2020-2022),의료비,0.0006270792225492813
moon_post_covid_2020_2022,문재인 후기/코로나 이후(2020-2022),의료진,0.002681593246815501
moon_post_covid_2020_2022,문재인 후기/코로나 이후(2020-2022),의류,0.0010556758571038153
moon_post_covid_2020_2022,문재인 후기/코로나 이후(2020-2022),의무화,0.0015458495559765653
moon_post_covid_2020_2022,문재인 후기/코로나 이후(2020-2022),의문,0.002056148910055304
moon_post_covid_2020_2022,문재인 후기/코로나 이후(2020-2022),의미,0.0068998687626786155
moon_post_covid_2020_2022,문재인 후기/코로나 이후(2020-2022),의사결정,0.0007288731579829338
moon_post_covid_2020_2022,문재인 후기/코로나 이후(2020-2022),의석,0.001049029093745582
moon_post_covid_2020_2022,문재인 후기/코로나 이후(2020-2022),의식,0.0020590039561326117
moon_post_covid_2020_2022,문재인 후기/코로나 이후(2020-2022),의약품,0.0020515733598092585
moon_post_covid_2020_2022,문재인 후기/코로나 이후(2020-2022),의원님,0.0008869898083649131
moon_post_covid_2020_2022,문재인 후기/코로나 이후(2020-2022),의원실,0.0010636623552865928
moon_post_covid_2020_2022,문재인 후기/코로나 이후(2020-2022),의원은,0.0027348205416739668
moon_post_covid_2020_2022,문재인 후기/코로나 이후(2020-2022),의원이,0.001872519574833169
moon_post_covid_2020_2022,문재인 후기/코로나 이후(2020-2022),의제,0.0011716328917473467
moon_post_covid_2020_2022,문재인 후기/코로나 이후(2020-2022),의존,0.0011782119423717154
moon_post_covid_2020_2022,문재인 후기/코로나 이후(2020-2022),의학,0.001366753167873046
moon_post_covid_2020_2022,문재인 후기/코로나 이후(2020-2022),이같이,0.0024031044352573693
moon_post_covid_2020_2022,문재인 후기/코로나 이후(2020-2022),이건희,0.0013689219103859098
moon_post_covid_2020_2022,문재인 후기/코로나 이후(2020-2022),이견,0.0012645210001844816
moon_post_covid_2020_2022,문재인 후기/코로나 이후(2020-2022),이념,0.0013307688945605968
moon_post_covid_2020_2022,문재인 후기/코로나 이후(2020-2022),이노베이션,0.001139606798319134
moon_post_covid_2020_2022,문재인 후기/코로나 이후(2020-2022),이는,0.0008815275899199804
moon_post_covid_2020_2022,문재인 후기/코로나 이후(2020-2022),이다,0.0007737032087516132
moon_post_covid_2020_2022,문재인 후기/코로나 이후(2020-2022),이득,0.0008284589696231731
moon_post_covid_2020_2022,문재인 후기/코로나 이후(2020-2022),이들은,0.0007794791938042791
moon_post_covid_2020_2022,문재인 후기/코로나 이후(2020-2022),이듬해,0.0012800155048148822
moon_post_covid_2020_2022,문재인 후기/코로나 이후(2020-2022),이라고,0.0022934061922936745
moon_post_covid_2020_2022,문재인 후기/코로나 이후(2020-2022),이라는,0.0011156102301002565
moon_post_covid_2020_2022,문재인 후기/코로나 이후(2020-2022),이라며,0.0012325019346280503
moon_post_covid_2020_2022,문재인 후기/코로나 이후(2020-2022),이래,0.0016740761609536595
moon_post_covid_2020_2022,문재인 후기/코로나 이후(2020-2022),이런,0.001957178076591745
moon_post_covid_2020_2022,문재인 후기/코로나 이후(2020-2022),이렇게,0.001205203850444647
moon_post_covid_2020_2022,문재인 후기/코로나 이후(2020-2022),이력,0.001166039042127541
moon_post_covid_2020_2022,문재인 후기/코로나 이후(2020-2022),이례적,0.001505546497269711
moon_post_covid_2020_2022,문재인 후기/코로나 이후(2020-2022),이론,0.0008447603107971983
moon_post_covid_2020_2022,문재인 후기/코로나 이후(2020-2022),이른바,0.0014948953060823851
moon_post_covid_2020_2022,문재인 후기/코로나 이후(2020-2022),이를,0.0013712379474888053
moon_post_covid_2020_2022,문재인 후기/코로나 이후(2020-2022),이마트,0.0011081855278512577
moon_post_covid_2020_2022,문재인 후기/코로나 이후(2020-2022),이메일,0.0007786747363322005
moon_post_covid_2020_2022,문재인 후기/코로나 이후(2020-2022),이미,0.0009594943100352904
moon_post_covid_2020_2022,문재인 후기/코로나 이후(2020-2022),이민,0.0006197591057205222
moon_post_covid_2020_2022,문재인 후기/코로나 이후(2020-2022),이벤트,0.0014772110912171634
moon_post_covid_2020_2022,문재인 후기/코로나 이후(2020-2022),이성,0.0006245622461628471
moon_post_covid_2020_2022,문재인 후기/코로나 이후(2020-2022),이수,0.0008237075417854441
moon_post_covid_2020_2022,문재인 후기/코로나 이후(2020-2022),이식,0.0005533796942698457
moon_post_covid_2020_2022,문재인 후기/코로나 이후(2020-2022),이씨,0.0014703727825862286
moon_post_covid_2020_2022,문재인 후기/코로나 이후(2020-2022),이어,0.0025209598697336936
moon_post_covid_2020_2022,문재인 후기/코로나 이후(2020-2022),이에,0.0013815724419245705
moon_post_covid_2020_2022,문재인 후기/코로나 이후(2020-2022),이외,0.0014753827444615388
moon_post_covid_2020_2022,문재인 후기/코로나 이후(2020-2022),이웃,0.0013836458227801235
moon_post_covid_2020_2022,문재인 후기/코로나 이후(2020-2022),이인영,0.0012789353321774133
moon_post_covid_2020_2022,문재인 후기/코로나 이후(2020-2022),이자,0.0014326340237452852
moon_post_covid_2020_2022,문재인 후기/코로나 이후(2020-2022),이제,0.0009843710199787439
moon_post_covid_2020_2022,문재인 후기/코로나 이후(2020-2022),이젠,0.001425500826370117
moon_post_covid_2020_2022,문재인 후기/코로나 이후(2020-2022),이종훈,0.0004606765558784515
moon_post_covid_2020_2022,문재인 후기/코로나 이후(2020-2022),이주,0.0009860419524343816
moon_post_covid_2020_2022,문재인 후기/코로나 이후(2020-2022),이중,0.0007123158882431711
moon_post_covid_2020_2022,문재인 후기/코로나 이후(2020-2022),이집트,0.0005703072163545994
moon_post_covid_2020_2022,문재인 후기/코로나 이후(2020-2022),이탈,0.001268638231040303
moon_post_covid_2020_2022,문재인 후기/코로나 이후(2020-2022),이틀,0.002806960940763433
moon_post_covid_2020_2022,문재인 후기/코로나 이후(2020-2022),이틀간,0.0009190248530589529
moon_post_covid_2020_2022,문재인 후기/코로나 이후(2020-2022),이하,0.0014685855220158111
moon_post_covid_2020_2022,문재인 후기/코로나 이후(2020-2022),이해,0.004548983736934719
moon_post_covid_2020_2022,문재인 후기/코로나 이후(2020-2022),이해관계,0.0008637933491472759
moon_post_covid_2020_2022,문재인 후기/코로나 이후(2020-2022),이혼,0.0008843001192127213
moon_post_covid_2020_2022,문재인 후기/코로나 이후(2020-2022),이화여대,0.0007653501925892974
moon_post_covid_2020_2022,문재인 후기/코로나 이후(2020-2022),익명,0.0011140348185822962
moon_post_covid_2020_2022,문재인 후기/코로나 이후(2020-2022),인건비,0.0012366319353245689
moon_post_covid_2020_2022,문재인 후기/코로나 이후(2020-2022),인공,0.001759165957371617
moon_post_covid_2020_2022,문재인 후기/코로나 이후(2020-2022),인공지능,0.0038635685267504774
moon_post_covid_2020_2022,문재인 후기/코로나 이후(2020-2022),인권,0.004734616120121689
moon_post_covid_2020_2022,문재인 후기/코로나 이후(2020-2022),인권위,0.001552362549325503
moon_post_covid_2020_2022,문재인 후기/코로나 이후(2020-2022),인도네시아,0.001103445863535978
moon_post_covid_2020_2022,문재인 후기/코로나 이후(2020-2022),인력,0.004688996866369911
moon_post_covid_2020_2022,문재인 후기/코로나 이후(2020-2022),인류,0.0016301307862069093
moon_post_covid_2020_2022,문재인 후기/코로나 이후(2020-2022),인문,0.0004546075081692022
moon_post_covid_2020_2022,문재인 후기/코로나 이후(2020-2022),인문학,0.0004425086073392691
moon_post_covid_2020_2022,문재인 후기/코로나 이후(2020-2022),인물들,0.0006414089980431275
moon_post_covid_2020_2022,문재인 후기/코로나 이후(2020-2022),인민,0.0009834449012028478
moon_post_covid_2020_2022,문재인 후기/코로나 이후(2020-2022),인사,0.011350697538158283
moon_post_covid_2020_2022,문재인 후기/코로나 이후(2020-2022),인사들,0.001559357249976881
moon_post_covid_2020_2022,문재인 후기/코로나 이후(2020-2022),인사청문회,0.00113596516479995
moon_post_covid_2020_2022,문재인 후기/코로나 이후(2020-2022),인선,0.0018615553007150243
moon_post_covid_2020_2022,문재인 후기/코로나 이후(2020-2022),인성,0.0003588730969367415
moon_post_covid_2020_2022,문재인 후기/코로나 이후(2020-2022),인센티브,0.001103447673421351
moon_post_covid_2020_2022,문재인 후기/코로나 이후(2020-2022),인스타그램,0.0013800191895172772
moon_post_covid_2020_2022,문재인 후기/코로나 이후(2020-2022),인식,0.004264675171012337
moon_post_covid_2020_2022,문재인 후기/코로나 이후(2020-2022),인연,0.0010966738239090433
moon_post_covid_2020_2022,문재인 후기/코로나 이후(2020-2022),인용,0.0019066655325975237
moon_post_covid_2020_2022,문재인 후기/코로나 이후(2020-2022),인원,0.0026911402554299943
moon_post_covid_2020_2022,문재인 후기/코로나 이후(2020-2022),인재,0.004401017756559092
moon_post_covid_2020_2022,문재인 후기/코로나 이후(2020-2022),인적,0.0006390595722237962
moon_post_covid_2020_2022,문재인 후기/코로나 이후(2020-2022),인접,0.000827174497904144
moon_post_covid_2020_2022,문재인 후기/코로나 이후(2020-2022),인종,0.0011171320253467465
moon_post_covid_2020_2022,문재인 후기/코로나 이후(2020-2022),인지도,0.0009274839590041636
moon_post_covid_2020_2022,문재인 후기/코로나 이후(2020-2022),인천공항,0.0009138064660477601
moon_post_covid_2020_2022,문재인 후기/코로나 이후(2020-2022),인천시,0.001847754711151727
moon_post_covid_2020_2022,문재인 후기/코로나 이후(2020-2022),인체,0.0008012362350187441
moon_post_covid_2020_2022,문재인 후기/코로나 이후(2020-2022),인치,0.000873203005064117
moon_post_covid_2020_2022,문재인 후기/코로나 이후(2020-2022),인턴,0.0010774664055750037
moon_post_covid_2020_2022,문재인 후기/코로나 이후(2020-2022),인테리어,0.0008248031831579466
moon_post_covid_2020_2022,문재인 후기/코로나 이후(2020-2022),인프라,0.002777988263456459
moon_post_covid_2020_2022,문재인 후기/코로나 이후(2020-2022),인플레이션,0.001923779176669571
moon_post_covid_2020_2022,문재인 후기/코로나 이후(2020-2022),인하,0.0016237357311059217
moon_post_covid_2020_2022,문재인 후기/코로나 이후(2020-2022),일가,0.000839701821070888
moon_post_covid_2020_2022,문재인 후기/코로나 이후(2020-2022),일각,0.0023474858728146477
moon_post_covid_2020_2022,문재인 후기/코로나 이후(2020-2022),일간,0.000834350044001862
moon_post_covid_2020_2022,문재인 후기/코로나 이후(2020-2022),일감,0.00048284350778806203
moon_post_covid_2020_2022,문재인 후기/코로나 이후(2020-2022),일관,0.0010446097673859217
moon_post_covid_2020_2022,문재인 후기/코로나 이후(2020-2022),일괄,0.0006692837088440078
moon_post_covid_2020_2022,문재인 후기/코로나 이후(2020-2022),일까지,0.0015830821767991938
moon_post_covid_2020_2022,문재인 후기/코로나 이후(2020-2022),일당,0.0007516090274676023
moon_post_covid_2020_2022,문재인 후기/코로나 이후(2020-2022),일대,0.0020728483101249825
moon_post_covid_2020_2022,문재인 후기/코로나 이후(2020-2022),일들,0.0012653234367659995
moon_post_covid_2020_2022,문재인 후기/코로나 이후(2020-2022),일명,0.0007814197500714222
moon_post_covid_2020_2022,문재인 후기/코로나 이후(2020-2022),일반고,0.00023807364189356702
moon_post_covid_2020_2022,문재인 후기/코로나 이후(2020-2022),일반인,0.0007959778756785841
moon_post_covid_2020_2022,문재인 후기/코로나 이후(2020-2022),일반적,0.0013328397011842844
moon_post_covid_2020_2022,문재인 후기/코로나 이후(2020-2022),일방적,0.0011551234731383686
moon_post_covid_2020_2022,문재인 후기/코로나 이후(2020-2022),일본군,0.0010228643959701834
moon_post_covid_2020_2022,문재인 후기/코로나 이후(2020-2022),일본인,0.0007075715690002475
moon_post_covid_2020_2022,문재인 후기/코로나 이후(2020-2022),일부,0.0017166247961144237
moon_post_covid_2020_2022,문재인 후기/코로나 이후(2020-2022),일부터,0.0022468497857662684
moon_post_covid_2020_2022,문재인 후기/코로나 이후(2020-2022),일상,0.0037123814202224717
moon_post_covid_2020_2022,문재인 후기/코로나 이후(2020-2022),일상생활,0.0008776899584226921
moon_post_covid_2020_2022,문재인 후기/코로나 이후(2020-2022),일선,0.0016349346847493633
moon_post_covid_2020_2022,문재인 후기/코로나 이후(2020-2022),일시,0.0008913059631711723
moon_post_covid_2020_2022,문재인 후기/코로나 이후(2020-2022),일시적,0.0009238789354119263
moon_post_covid_2020_2022,문재인 후기/코로나 이후(2020-2022),일요일,0.0008805442185836077
moon_post_covid_2020_2022,문재인 후기/코로나 이후(2020-2022),일원,0.0010764033069672883
moon_post_covid_2020_2022,문재인 후기/코로나 이후(2020-2022),일이,0.0008140783563839882
moon_post_covid_2020_2022,문재인 후기/코로나 이후(2020-2022),일자,0.0007378682339273486
moon_post_covid_2020_2022,문재인 후기/코로나 이후(2020-2022),일자리,0.008446341371642673
moon_post_covid_2020_2022,문재인 후기/코로나 이후(2020-2022),일제,0.0011599841025102273
moon_post_covid_2020_2022,문재인 후기/코로나 이후(2020-2022),일종,0.0014991167455335839
moon_post_covid_2020_2022,문재인 후기/코로나 이후(2020-2022),일주일,0.0030114845096826438
moon_post_covid_2020_2022,문재인 후기/코로나 이후(2020-2022),일치,0.0009257521709157339
moon_post_covid_2020_2022,문재인 후기/코로나 이후(2020-2022),일환,0.0010879881467574558
moon_post_covid_2020_2022,문재인 후기/코로나 이후(2020-2022),임금,0.0029928172672977612
moon_post_covid_2020_2022,문재인 후기/코로나 이후(2020-2022),임대료,0.002337526731950385
moon_post_covid_2020_2022,문재인 후기/코로나 이후(2020-2022),임대주택,0.0009122854054534706
moon_post_covid_2020_2022,문재인 후기/코로나 이후(2020-2022),임대차,0.002015610525901186
moon_post_covid_2020_2022,문재인 후기/코로나 이후(2020-2022),임무,0.0011303483117076026
moon_post_covid_2020_2022,문재인 후기/코로나 이후(2020-2022),임시,0.00207840628102072
moon_post_covid_2020_2022,문재인 후기/코로나 이후(2020-2022),임신,0.0009429318035976829
moon_post_covid_2020_2022,문재인 후기/코로나 이후(2020-2022),임용,0.0012990067698488172
moon_post_covid_2020_2022,문재인 후기/코로나 이후(2020-2022),입건,0.0011438349906163223
moon_post_covid_2020_2022,문재인 후기/코로나 이후(2020-2022),입구,0.0007037583866115494
moon_post_covid_2020_2022,문재인 후기/코로나 이후(2020-2022),입당,0.0018028941333636847
moon_post_covid_2020_2022,문재인 후기/코로나 이후(2020-2022),입력,0.0006518639973607141
moon_post_covid_2020_2022,문재인 후기/코로나 이후(2020-2022),입사,0.0012038982497134037
moon_post_covid_2020_2022,문재인 후기/코로나 이후(2020-2022),입수,0.000775117958697284
moon_post_covid_2020_2022,문재인 후기/코로나 이후(2020-2022),입시,0.0016687641160481855
moon_post_covid_2020_2022,문재인 후기/코로나 이후(2020-2022),입양,0.0009115181498829765
moon_post_covid_2020_2022,문재인 후기/코로나 이후(2020-2022),입원,0.0019449221308511378
moon_post_covid_2020_2022,문재인 후기/코로나 이후(2020-2022),입장을,0.0012283901723007375
moon_post_covid_2020_2022,문재인 후기/코로나 이후(2020-2022),입주자,0.0010672932259107872
moon_post_covid_2020_2022,문재인 후기/코로나 이후(2020-2022),입증,0.0019345127374822567
moon_post_covid_2020_2022,문재인 후기/코로나 이후(2020-2022),입지,0.0016155291098171706
moon_post_covid_2020_2022,문재인 후기/코로나 이후(2020-2022),입찰,0.0011275963408654258
moon_post_covid_2020_2022,문재인 후기/코로나 이후(2020-2022),있게,0.0008116682752042271
moon_post_covid_2020_2022,문재인 후기/코로나 이후(2020-2022),있고,0.0007721903228889488
moon_post_covid_2020_2022,문재인 후기/코로나 이후(2020-2022),있다고,0.0017366769146039838
moon_post_covid_2020_2022,문재인 후기/코로나 이후(2020-2022),있다는,0.0016930516142121372
moon_post_covid_2020_2022,문재인 후기/코로나 이후(2020-2022),있도록,0.001094142577604757
moon_post_covid_2020_2022,문재인 후기/코로나 이후(2020-2022),있어,0.0010382478152038096
moon_post_covid_2020_2022,문재인 후기/코로나 이후(2020-2022),있었다,0.0009181056794038679
moon_post_covid_2020_2022,문재인 후기/코로나 이후(2020-2022),있지만,0.001006091714170112
moon_post_covid_2020_2022,문재인 후기/코로나 이후(2020-2022),자격증,0.001033826104888101
moon_post_covid_2020_2022,문재인 후기/코로나 이후(2020-2022),자국,0.0014304715561074773
moon_post_covid_2020_2022,문재인 후기/코로나 이후(2020-2022),자극,0.001248800285483263
moon_post_covid_2020_2022,문재인 후기/코로나 이후(2020-2022),자녀들,0.0006684208104446015
moon_post_covid_2020_2022,문재인 후기/코로나 이후(2020-2022),자동,0.0017532499959601643
moon_post_covid_2020_2022,문재인 후기/코로나 이후(2020-2022),자랑,0.0018112795279028114
moon_post_covid_2020_2022,문재인 후기/코로나 이후(2020-2022),자리매김,0.0009220129310055619
moon_post_covid_2020_2022,문재인 후기/코로나 이후(2020-2022),자립,0.0008734471255763299
moon_post_covid_2020_2022,문재인 후기/코로나 이후(2020-2022),자문,0.0015896769416443993
moon_post_covid_2020_2022,문재인 후기/코로나 이후(2020-2022),자민당,0.001274024286074992
moon_post_covid_2020_2022,문재인 후기/코로나 이후(2020-2022),자발적,0.0008956331516299596
moon_post_covid_2020_2022,문재인 후기/코로나 이후(2020-2022),자본,0.0016224410346738416
moon_post_covid_2020_2022,문재인 후기/코로나 이후(2020-2022),자부심,0.0008977528349165105
moon_post_covid_2020_2022,문재인 후기/코로나 이후(2020-2022),자사,0.0013123632588643013
moon_post_covid_2020_2022,문재인 후기/코로나 이후(2020-2022),자사고,0.0006441436110045046
moon_post_covid_2020_2022,문재인 후기/코로나 이후(2020-2022),자세,0.0018386616503231247
moon_post_covid_2020_2022,문재인 후기/코로나 이후(2020-2022),자식,0.000827685963731634
moon_post_covid_2020_2022,문재인 후기/코로나 이후(2020-2022),자신감,0.0016808749169516335
moon_post_covid_2020_2022,문재인 후기/코로나 이후(2020-2022),자신들,0.0018695717931937056
moon_post_covid_2020_2022,문재인 후기/코로나 이후(2020-2022),자신의,0.001741991664665205
moon_post_covid_2020_2022,문재인 후기/코로나 이후(2020-2022),자영업,0.0006358744524505001
moon_post_covid_2020_2022,문재인 후기/코로나 이후(2020-2022),자원,0.0024243816567240985
moon_post_covid_2020_2022,문재인 후기/코로나 이후(2020-2022),자원부,0.0011315724569426675
moon_post_covid_2020_2022,문재인 후기/코로나 이후(2020-2022),자율,0.0018560967937205504
moon_post_covid_2020_2022,문재인 후기/코로나 이후(2020-2022),자율주행,0.001028694094864211
moon_post_covid_2020_2022,문재인 후기/코로나 이후(2020-2022),자전거,0.0007784197876324723
moon_post_covid_2020_2022,문재인 후기/코로나 이후(2020-2022),자제,0.0018800419178313147
moon_post_covid_2020_2022,문재인 후기/코로나 이후(2020-2022),자존심,0.0005790426278258187
moon_post_covid_2020_2022,문재인 후기/코로나 이후(2020-2022),자진,0.0009670676464055443
moon_post_covid_2020_2022,문재인 후기/코로나 이후(2020-2022),자치,0.0023676947620992965
moon_post_covid_2020_2022,문재인 후기/코로나 이후(2020-2022),자치구,0.0010275258840823128
moon_post_covid_2020_2022,문재인 후기/코로나 이후(2020-2022),자택,0.001231558985929459
moon_post_covid_2020_2022,문재인 후기/코로나 이후(2020-2022),자회사,0.001966150243916848
moon_post_covid_2020_2022,문재인 후기/코로나 이후(2020-2022),작동,0.0016291304335129912
moon_post_covid_2020_2022,문재인 후기/코로나 이후(2020-2022),작용,0.0021250234230544077
moon_post_covid_2020_2022,문재인 후기/코로나 이후(2020-2022),작전,0.0016949565242008761
moon_post_covid_2020_2022,문재인 후기/코로나 이후(2020-2022),잠재,0.0006578719303806114
moon_post_covid_2020_2022,문재인 후기/코로나 이후(2020-2022),잠재력,0.0007994869724284797
moon_post_covid_2020_2022,문재인 후기/코로나 이후(2020-2022),잠정,0.0011245761728847343
moon_post_covid_2020_2022,문재인 후기/코로나 이후(2020-2022),잡지,0.0005882851417419941
moon_post_covid_2020_2022,문재인 후기/코로나 이후(2020-2022),잣대,0.0006138948575910111
moon_post_covid_2020_2022,문재인 후기/코로나 이후(2020-2022),장거리,0.0007600551657254933
moon_post_covid_2020_2022,문재인 후기/코로나 이후(2020-2022),장관은,0.0018231488171781963
moon_post_covid_2020_2022,문재인 후기/코로나 이후(2020-2022),장관이,0.0013331303052357996
moon_post_covid_2020_2022,문재인 후기/코로나 이후(2020-2022),장군,0.0009430246872183395
moon_post_covid_2020_2022,문재인 후기/코로나 이후(2020-2022),장기간,0.0011479179452679067
moon_post_covid_2020_2022,문재인 후기/코로나 이후(2020-2022),장기적,0.0012505931131381706
moon_post_covid_2020_2022,문재인 후기/코로나 이후(2020-2022),장기화,0.001628080426108658
moon_post_covid_2020_2022,문재인 후기/코로나 이후(2020-2022),장르,0.0011970108353235784
moon_post_covid_2020_2022,문재인 후기/코로나 이후(2020-2022),장벽,0.0007805741018530972
moon_post_covid_2020_2022,문재인 후기/코로나 이후(2020-2022),장사,0.000659765827796308
moon_post_covid_2020_2022,문재인 후기/코로나 이후(2020-2022),장소,0.00224963349051406
moon_post_covid_2020_2022,문재인 후기/코로나 이후(2020-2022),장악,0.0013812242812203872
moon_post_covid_2020_2022,문재인 후기/코로나 이후(2020-2022),장애,0.0018163346660460624
moon_post_covid_2020_2022,문재인 후기/코로나 이후(2020-2022),장애인,0.0038568020002769455
moon_post_covid_2020_2022,문재인 후기/코로나 이후(2020-2022),장점,0.0017956801561636482
moon_post_covid_2020_2022,문재인 후기/코로나 이후(2020-2022),장착,0.0008628111164634607
moon_post_covid_2020_2022,문재인 후기/코로나 이후(2020-2022),장치,0.0019515733250724692
moon_post_covid_2020_2022,문재인 후기/코로나 이후(2020-2022),장학금,0.0013161056076116274
moon_post_covid_2020_2022,문재인 후기/코로나 이후(2020-2022),재개발,0.0012813908181367004
moon_post_covid_2020_2022,문재인 후기/코로나 이후(2020-2022),재건축,0.0016820090993029146
moon_post_covid_2020_2022,문재인 후기/코로나 이후(2020-2022),재검토,0.0008710445326098193
moon_post_covid_2020_2022,문재인 후기/코로나 이후(2020-2022),재계,0.0013491891443364367
moon_post_covid_2020_2022,문재인 후기/코로나 이후(2020-2022),재능,0.0006928083809340193
moon_post_covid_2020_2022,문재인 후기/코로나 이후(2020-2022),재단,0.0017862006975456846
moon_post_covid_2020_2022,문재인 후기/코로나 이후(2020-2022),재료,0.0009270427719712165
moon_post_covid_2020_2022,문재인 후기/코로나 이후(2020-2022),재무,0.001384419018120744
moon_post_covid_2020_2022,문재인 후기/코로나 이후(2020-2022),재미,0.0011610397919535151
moon_post_covid_2020_2022,문재인 후기/코로나 이후(2020-2022),재발,0.0013774197519907962
moon_post_covid_2020_2022,문재인 후기/코로나 이후(2020-2022),재배,0.0008319839506822823
moon_post_covid_2020_2022,문재인 후기/코로나 이후(2020-2022),재생,0.001748571735739809
moon_post_covid_2020_2022,문재인 후기/코로나 이후(2020-2022),재선,0.0016172827129085326
moon_post_covid_2020_2022,문재인 후기/코로나 이후(2020-2022),재원,0.0016636270394371961
moon_post_covid_2020_2022,문재인 후기/코로나 이후(2020-2022),재임,0.0011905460089846943
moon_post_covid_2020_2022,문재인 후기/코로나 이후(2020-2022),재정부,0.0016498837876355644
moon_post_covid_2020_2022,문재인 후기/코로나 이후(2020-2022),재직,0.0015574159020284631
moon_post_covid_2020_2022,문재인 후기/코로나 이후(2020-2022),재택근무,0.0020456425429935953
moon_post_covid_2020_2022,문재인 후기/코로나 이후(2020-2022),재판관,0.0005262065566948301
moon_post_covid_2020_2022,문재인 후기/코로나 이후(2020-2022),재판소,0.0005670213758992078
moon_post_covid_2020_2022,문재인 후기/코로나 이후(2020-2022),재판장,0.0012865579101747871
moon_post_covid_2020_2022,문재인 후기/코로나 이후(2020-2022),재편,0.000997602198766794
moon_post_covid_2020_2022,문재인 후기/코로나 이후(2020-2022),재학,0.0008363033959481878
moon_post_covid_2020_2022,문재인 후기/코로나 이후(2020-2022),재해,0.0014168933079277855
moon_post_covid_2020_2022,문재인 후기/코로나 이후(2020-2022),재현,0.0006253626161555724
moon_post_covid_2020_2022,문재인 후기/코로나 이후(2020-2022),재확인,0.000953668213185765
moon_post_covid_2020_2022,문재인 후기/코로나 이후(2020-2022),쟁점,0.0013902419282354349
moon_post_covid_2020_2022,문재인 후기/코로나 이후(2020-2022),저소득층,0.0008415279060866975
moon_post_covid_2020_2022,문재인 후기/코로나 이후(2020-2022),저장,0.00106034271327979
moon_post_covid_2020_2022,문재인 후기/코로나 이후(2020-2022),저지,0.0008538150307198933
moon_post_covid_2020_2022,문재인 후기/코로나 이후(2020-2022),저축,0.0007972236809942801
moon_post_covid_2020_2022,문재인 후기/코로나 이후(2020-2022),저출산,0.0007227457588858901
moon_post_covid_2020_2022,문재인 후기/코로나 이후(2020-2022),저하,0.0007823750884058802
moon_post_covid_2020_2022,문재인 후기/코로나 이후(2020-2022),저항,0.0013090672751697103
moon_post_covid_2020_2022,문재인 후기/코로나 이후(2020-2022),적응,0.0010373016654603366
moon_post_covid_2020_2022,문재인 후기/코로나 이후(2020-2022),적임자,0.0008573829732016969
moon_post_covid_2020_2022,문재인 후기/코로나 이후(2020-2022),적자,0.0017965752690490098
moon_post_covid_2020_2022,문재인 후기/코로나 이후(2020-2022),적정,0.001037768755130122
moon_post_covid_2020_2022,문재인 후기/코로나 이후(2020-2022),적합,0.0015108878636901498
moon_post_covid_2020_2022,문재인 후기/코로나 이후(2020-2022),전개,0.0013242920560515813
moon_post_covid_2020_2022,문재인 후기/코로나 이후(2020-2022),전격,0.0011049630046601857
moon_post_covid_2020_2022,문재인 후기/코로나 이후(2020-2022),전공,0.001752678859406241
moon_post_covid_2020_2022,문재인 후기/코로나 이후(2020-2022),전국적,0.0010457259055369251
moon_post_covid_2020_2022,문재인 후기/코로나 이후(2020-2022),전기,0.00283251278828775
moon_post_covid_2020_2022,문재인 후기/코로나 이후(2020-2022),전담,0.002706607189540035
moon_post_covid_2020_2022,문재인 후기/코로나 이후(2020-2022),전당,0.0010309448003459002
moon_post_covid_2020_2022,문재인 후기/코로나 이후(2020-2022),전당대회,0.0011309640746543104
moon_post_covid_2020_2022,문재인 후기/코로나 이후(2020-2022),전두환,0.002170217560964251
moon_post_covid_2020_2022,문재인 후기/코로나 이후(2020-2022),전락,0.0006529421824200301
moon_post_covid_2020_2022,문재인 후기/코로나 이후(2020-2022),전략,0.008003013209945306
moon_post_covid_2020_2022,문재인 후기/코로나 이후(2020-2022),전략적,0.000811465999983723
moon_post_covid_2020_2022,문재인 후기/코로나 이후(2020-2022),전례,0.0010789943344230724
moon_post_covid_2020_2022,문재인 후기/코로나 이후(2020-2022),전무,0.001074606726934166
moon_post_covid_2020_2022,문재인 후기/코로나 이후(2020-2022),전문성,0.0017951516162408843
moon_post_covid_2020_2022,문재인 후기/코로나 이후(2020-2022),전문의,0.0006586182579083544
moon_post_covid_2020_2022,문재인 후기/코로나 이후(2020-2022),전반,0.002281726002412428
moon_post_covid_2020_2022,문재인 후기/코로나 이후(2020-2022),전반적,0.001377128739122466
moon_post_covid_2020_2022,문재인 후기/코로나 이후(2020-2022),전선,0.0008677390300587765
moon_post_covid_2020_2022,문재인 후기/코로나 이후(2020-2022),전세,0.0026944361222140914
moon_post_covid_2020_2022,문재인 후기/코로나 이후(2020-2022),전수,0.0014187533640048046
moon_post_covid_2020_2022,문재인 후기/코로나 이후(2020-2022),전수조사,0.0012306651020909483
moon_post_covid_2020_2022,문재인 후기/코로나 이후(2020-2022),전술,0.0007527115984213414
moon_post_covid_2020_2022,문재인 후기/코로나 이후(2020-2022),전시회,0.0015081397942024778
moon_post_covid_2020_2022,문재인 후기/코로나 이후(2020-2022),전신,0.0008839759409586167
moon_post_covid_2020_2022,문재인 후기/코로나 이후(2020-2022),전액,0.0009650442716774345
moon_post_covid_2020_2022,문재인 후기/코로나 이후(2020-2022),전역,0.0015270656265098555
moon_post_covid_2020_2022,문재인 후기/코로나 이후(2020-2022),전염병,0.0018075182479391414
moon_post_covid_2020_2022,문재인 후기/코로나 이후(2020-2022),전용면적,0.0009024749472723652
moon_post_covid_2020_2022,문재인 후기/코로나 이후(2020-2022),전원,0.002218471343304554
moon_post_covid_2020_2022,문재인 후기/코로나 이후(2020-2022),전임,0.0007970589887716414
moon_post_covid_2020_2022,문재인 후기/코로나 이후(2020-2022),전적,0.0007836012192982526
moon_post_covid_2020_2022,문재인 후기/코로나 이후(2020-2022),전제,0.0014317336952276367
moon_post_covid_2020_2022,문재인 후기/코로나 이후(2020-2022),전주,0.002834523222163872
moon_post_covid_2020_2022,문재인 후기/코로나 이후(2020-2022),전지,0.0014243065479739498
moon_post_covid_2020_2022,문재인 후기/코로나 이후(2020-2022),전직,0.0023408848919745204
moon_post_covid_2020_2022,문재인 후기/코로나 이후(2020-2022),전체적,0.001086083850857451
moon_post_covid_2020_2022,문재인 후기/코로나 이후(2020-2022),전통적,0.0008770572924281586
moon_post_covid_2020_2022,문재인 후기/코로나 이후(2020-2022),전투,0.0012236218198324181
moon_post_covid_2020_2022,문재인 후기/코로나 이후(2020-2022),전투기,0.0009456493335056668
moon_post_covid_2020_2022,문재인 후기/코로나 이후(2020-2022),전파,0.0021348620781243403
moon_post_covid_2020_2022,문재인 후기/코로나 이후(2020-2022),전후,0.0012460056723428866
moon_post_covid_2020_2022,문재인 후기/코로나 이후(2020-2022),절감,0.0011304282823444637
moon_post_covid_2020_2022,문재인 후기/코로나 이후(2020-2022),절대,0.0006928918899213003
moon_post_covid_2020_2022,문재인 후기/코로나 이후(2020-2022),절차,0.005869482282322686
moon_post_covid_2020_2022,문재인 후기/코로나 이후(2020-2022),젊은이,0.0004861837779582429
moon_post_covid_2020_2022,문재인 후기/코로나 이후(2020-2022),젊은이들,0.0009117841278967659
moon_post_covid_2020_2022,문재인 후기/코로나 이후(2020-2022),점유,0.001374043757741099
moon_post_covid_2020_2022,문재인 후기/코로나 이후(2020-2022),점유율,0.0009570694301821533
moon_post_covid_2020_2022,문재인 후기/코로나 이후(2020-2022),점포,0.0009845606027152102
moon_post_covid_2020_2022,문재인 후기/코로나 이후(2020-2022),접목,0.000939157178456822
moon_post_covid_2020_2022,문재인 후기/코로나 이후(2020-2022),접속,0.0010766132321396015
moon_post_covid_2020_2022,문재인 후기/코로나 이후(2020-2022),접종,0.011654536739322912
moon_post_covid_2020_2022,문재인 후기/코로나 이후(2020-2022),접촉,0.002552079061835924
moon_post_covid_2020_2022,문재인 후기/코로나 이후(2020-2022),정국,0.0010628981901930957
moon_post_covid_2020_2022,문재인 후기/코로나 이후(2020-2022),정권교체,0.002312725552807907
moon_post_covid_2020_2022,문재인 후기/코로나 이후(2020-2022),정규,0.002039516187647139
moon_post_covid_2020_2022,문재인 후기/코로나 이후(2020-2022),정규직,0.0012990569210156685
moon_post_covid_2020_2022,문재인 후기/코로나 이후(2020-2022),정기,0.0015082056963462358
moon_post_covid_2020_2022,문재인 후기/코로나 이후(2020-2022),정년,0.0006796294092212714
moon_post_covid_2020_2022,문재인 후기/코로나 이후(2020-2022),정례,0.0009756659850722514
moon_post_covid_2020_2022,문재인 후기/코로나 이후(2020-2022),정면,0.0011404672932004707
moon_post_covid_2020_2022,문재인 후기/코로나 이후(2020-2022),정무,0.0012031387590445905
moon_post_covid_2020_2022,문재인 후기/코로나 이후(2020-2022),정밀,0.0008959605186745497
moon_post_covid_2020_2022,문재인 후기/코로나 이후(2020-2022),정보,0.009315156312980756
moon_post_covid_2020_2022,문재인 후기/코로나 이후(2020-2022),정보기관,0.0005045637538133292
moon_post_covid_2020_2022,문재인 후기/코로나 이후(2020-2022),정보기술,0.0008600075398263071
moon_post_covid_2020_2022,문재인 후기/코로나 이후(2020-2022),정보원,0.0004084342126736612
moon_post_covid_2020_2022,문재인 후기/코로나 이후(2020-2022),정부는,0.001808717166370565
moon_post_covid_2020_2022,문재인 후기/코로나 이후(2020-2022),정부의,0.0017180925187783621
moon_post_covid_2020_2022,문재인 후기/코로나 이후(2020-2022),정비,0.002193317411151576
moon_post_covid_2020_2022,문재인 후기/코로나 이후(2020-2022),정상적,0.0011279320553086037
moon_post_covid_2020_2022,문재인 후기/코로나 이후(2020-2022),정상화,0.0011469703455829453
moon_post_covid_2020_2022,문재인 후기/코로나 이후(2020-2022),정상회의,0.0008223146587521499
moon_post_covid_2020_2022,문재인 후기/코로나 이후(2020-2022),정서,0.0011836320353767684
moon_post_covid_2020_2022,문재인 후기/코로나 이후(2020-2022),정세,0.0009917391821874725
moon_post_covid_2020_2022,문재인 후기/코로나 이후(2020-2022),정시,0.0008497416034344195
moon_post_covid_2020_2022,문재인 후기/코로나 이후(2020-2022),정식,0.0016235492776198587
moon_post_covid_2020_2022,문재인 후기/코로나 이후(2020-2022),정원,0.0018508284899639439
moon_post_covid_2020_2022,문재인 후기/코로나 이후(2020-2022),정작,0.002135671323355892
moon_post_covid_2020_2022,문재인 후기/코로나 이후(2020-2022),정전,0.0008247944258865079
moon_post_covid_2020_2022,문재인 후기/코로나 이후(2020-2022),정점,0.001195490884245375
moon_post_covid_2020_2022,문재인 후기/코로나 이후(2020-2022),정지,0.0021019093689609914
moon_post_covid_2020_2022,문재인 후기/코로나 이후(2020-2022),정직,0.0013061477068902212
moon_post_covid_2020_2022,문재인 후기/코로나 이후(2020-2022),정착,0.0016000792356591095
moon_post_covid_2020_2022,문재인 후기/코로나 이후(2020-2022),정책,0.017086387943850128
moon_post_covid_2020_2022,문재인 후기/코로나 이후(2020-2022),정책위,0.0007457159634425848
moon_post_covid_2020_2022,문재인 후기/코로나 이후(2020-2022),정체,0.0012848943200789054
moon_post_covid_2020_2022,문재인 후기/코로나 이후(2020-2022),정체성,0.0011127273696112452
moon_post_covid_2020_2022,문재인 후기/코로나 이후(2020-2022),정치인들,0.001080792618173337
moon_post_covid_2020_2022,문재인 후기/코로나 이후(2020-2022),정치적,0.002503005318124759
moon_post_covid_2020_2022,문재인 후기/코로나 이후(2020-2022),정확,0.002493173487057607
moon_post_covid_2020_2022,문재인 후기/코로나 이후(2020-2022),정황,0.001430552155560724
moon_post_covid_2020_2022,문재인 후기/코로나 이후(2020-2022),제거,0.0015223153328815901
moon_post_covid_2020_2022,문재인 후기/코로나 이후(2020-2022),제대로,0.0008337367828029536
moon_post_covid_2020_2022,문재인 후기/코로나 이후(2020-2022),제도적,0.0006197272275734592
moon_post_covid_2020_2022,문재인 후기/코로나 이후(2020-2022),제동,0.0008132265903920586
moon_post_covid_2020_2022,문재인 후기/코로나 이후(2020-2022),제로,0.0009880544246330747
moon_post_covid_2020_2022,문재인 후기/코로나 이후(2020-2022),제목,0.002270803665274669
moon_post_covid_2020_2022,문재인 후기/코로나 이후(2020-2022),제보,0.0019789414771738483
moon_post_covid_2020_2022,문재인 후기/코로나 이후(2020-2022),제안,0.0055899621103332985
moon_post_covid_2020_2022,문재인 후기/코로나 이후(2020-2022),제약,0.0018650901756967334
moon_post_covid_2020_2022,문재인 후기/코로나 이후(2020-2022),제어,0.0008417903063195962
moon_post_covid_2020_2022,문재인 후기/코로나 이후(2020-2022),제임스,0.0007426864123781866
moon_post_covid_2020_2022,문재인 후기/코로나 이후(2020-2022),제작진,0.0008834070815371318
moon_post_covid_2020_2022,문재인 후기/코로나 이후(2020-2022),제정,0.0024529631454720544
moon_post_covid_2020_2022,문재인 후기/코로나 이후(2020-2022),제조,0.0028515023687345465
moon_post_covid_2020_2022,문재인 후기/코로나 이후(2020-2022),제조사,0.0011639389383440288
moon_post_covid_2020_2022,문재인 후기/코로나 이후(2020-2022),제조업,0.0018824639753996432
moon_post_covid_2020_2022,문재인 후기/코로나 이후(2020-2022),제한적,0.0008794871860612651
moon_post_covid_2020_2022,문재인 후기/코로나 이후(2020-2022),조각,0.0007974531898357994
moon_post_covid_2020_2022,문재인 후기/코로나 이후(2020-2022),조금,0.002160834486988206
moon_post_covid_2020_2022,문재인 후기/코로나 이후(2020-2022),조금씩,0.0010655635758974127
moon_post_covid_2020_2022,문재인 후기/코로나 이후(2020-2022),조달,0.0013669217050565124
moon_post_covid_2020_2022,문재인 후기/코로나 이후(2020-2022),조례,0.0014035854733436494
moon_post_covid_2020_2022,문재인 후기/코로나 이후(2020-2022),조명,0.0011385253715938978
moon_post_covid_2020_2022,문재인 후기/코로나 이후(2020-2022),조사단,0.0009542128061938978
moon_post_covid_2020_2022,문재인 후기/코로나 이후(2020-2022),조선일보,0.001388061237305891
moon_post_covid_2020_2022,문재인 후기/코로나 이후(2020-2022),조세,0.000746913137166874
moon_post_covid_2020_2022,문재인 후기/코로나 이후(2020-2022),조심,0.0014224725014883274
moon_post_covid_2020_2022,문재인 후기/코로나 이후(2020-2022),조언,0.001752711082529777
moon_post_covid_2020_2022,문재인 후기/코로나 이후(2020-2022),조율,0.001476758860661816
moon_post_covid_2020_2022,문재인 후기/코로나 이후(2020-2022),조절,0.0013559020925766885
moon_post_covid_2020_2022,문재인 후기/코로나 이후(2020-2022),조지,0.001058640974735774
moon_post_covid_2020_2022,문재인 후기/코로나 이후(2020-2022),조직,0.009493858997939149
moon_post_covid_2020_2022,문재인 후기/코로나 이후(2020-2022),조직원,0.0008665717743652462
moon_post_covid_2020_2022,문재인 후기/코로나 이후(2020-2022),조짐,0.0008292784515312591
moon_post_covid_2020_2022,문재인 후기/코로나 이후(2020-2022),조처,0.0012621612717522686
moon_post_covid_2020_2022,문재인 후기/코로나 이후(2020-2022),조합,0.001564040702146544
moon_post_covid_2020_2022,문재인 후기/코로나 이후(2020-2022),조합원,0.0012094582703089441
moon_post_covid_2020_2022,문재인 후기/코로나 이후(2020-2022),조항,0.0021347741506725373
moon_post_covid_2020_2022,문재인 후기/코로나 이후(2020-2022),조화,0.0009331851664984016
moon_post_covid_2020_2022,문재인 후기/코로나 이후(2020-2022),조회,0.0014049536962969461
moon_post_covid_2020_2022,문재인 후기/코로나 이후(2020-2022),조희연,0.0007642835012269304
moon_post_covid_2020_2022,문재인 후기/코로나 이후(2020-2022),존경,0.001054475301310807
moon_post_covid_2020_2022,문재인 후기/코로나 이후(2020-2022),존재감,0.0010295044895220753
moon_post_covid_2020_2022,문재인 후기/코로나 이후(2020-2022),존중,0.002249077561443478
moon_post_covid_2020_2022,문재인 후기/코로나 이후(2020-2022),졸업생,0.0007506926421196033
moon_post_covid_2020_2022,문재인 후기/코로나 이후(2020-2022),종교,0.0013856392090393162
moon_post_covid_2020_2022,문재인 후기/코로나 이후(2020-2022),종로,0.001455808931035039
moon_post_covid_2020_2022,문재인 후기/코로나 이후(2020-2022),종로구,0.0016685035062533296
moon_post_covid_2020_2022,문재인 후기/코로나 이후(2020-2022),종료,0.002216449575919831
moon_post_covid_2020_2022,문재인 후기/코로나 이후(2020-2022),종류,0.0011579344807640184
moon_post_covid_2020_2022,문재인 후기/코로나 이후(2020-2022),종부세,0.00244193046435297
moon_post_covid_2020_2022,문재인 후기/코로나 이후(2020-2022),종사자,0.002026132515149943
moon_post_covid_2020_2022,문재인 후기/코로나 이후(2020-2022),종식,0.0010302998211606988
moon_post_covid_2020_2022,문재인 후기/코로나 이후(2020-2022),종전,0.0012420022544472652
moon_post_covid_2020_2022,문재인 후기/코로나 이후(2020-2022),종합적,0.0013136643672352058
moon_post_covid_2020_2022,문재인 후기/코로나 이후(2020-2022),좋은,0.0009923271684631238
moon_post_covid_2020_2022,문재인 후기/코로나 이후(2020-2022),좌우,0.0010461837741185896
moon_post_covid_2020_2022,문재인 후기/코로나 이후(2020-2022),좌절,0.0007385765706447165
moon_post_covid_2020_2022,문재인 후기/코로나 이후(2020-2022),좌파,0.0007934206168445377
moon_post_covid_2020_2022,문재인 후기/코로나 이후(2020-2022),주간,0.0014545321130608848
moon_post_covid_2020_2022,문재인 후기/코로나 이후(2020-2022),주관,0.0020515401659304557
moon_post_covid_2020_2022,문재인 후기/코로나 이후(2020-2022),주기,0.0014758772515411354
moon_post_covid_2020_2022,문재인 후기/코로나 이후(2020-2022),주도,0.004082380990224499
moon_post_covid_2020_2022,문재인 후기/코로나 이후(2020-2022),주도권,0.0005889609665784435
moon_post_covid_2020_2022,문재인 후기/코로나 이후(2020-2022),주력,0.0021435543558577714
moon_post_covid_2020_2022,문재인 후기/코로나 이후(2020-2022),주류,0.0011713395802560446
moon_post_covid_2020_2022,문재인 후기/코로나 이후(2020-2022),주말,0.002741953743816185
moon_post_covid_2020_2022,문재인 후기/코로나 이후(2020-2022),주문,0.0027750010760166205
moon_post_covid_2020_2022,문재인 후기/코로나 이후(2020-2022),주소,0.0008692885869943599
moon_post_covid_2020_2022,문재인 후기/코로나 이후(2020-2022),주역,0.0007733560918524189
moon_post_covid_2020_2022,문재인 후기/코로나 이후(2020-2022),주영진,0.0010168190242627086
moon_post_covid_2020_2022,문재인 후기/코로나 이후(2020-2022),주위,0.000644302430042818
moon_post_covid_2020_2022,문재인 후기/코로나 이후(2020-2022),주의,0.002029878963983348
moon_post_covid_2020_2022,문재인 후기/코로나 이후(2020-2022),주인,0.0014260060076544102
moon_post_covid_2020_2022,문재인 후기/코로나 이후(2020-2022),주일,0.0017104019373573275
moon_post_covid_2020_2022,문재인 후기/코로나 이후(2020-2022),주자,0.0038843938715346013
moon_post_covid_2020_2022,문재인 후기/코로나 이후(2020-2022),주재,0.002066753773015957
moon_post_covid_2020_2022,문재인 후기/코로나 이후(2020-2022),주주,0.0019158702450108238
moon_post_covid_2020_2022,문재인 후기/코로나 이후(2020-2022),주차,0.0011021947471889398
moon_post_covid_2020_2022,문재인 후기/코로나 이후(2020-2022),주차장,0.0013258292849761626
moon_post_covid_2020_2022,문재인 후기/코로나 이후(2020-2022),주체,0.0014280990250063212
moon_post_covid_2020_2022,문재인 후기/코로나 이후(2020-2022),주최,0.0016927994111692287
moon_post_covid_2020_2022,문재인 후기/코로나 이후(2020-2022),주택,0.011448856962333016
moon_post_covid_2020_2022,문재인 후기/코로나 이후(2020-2022),주한,0.0014060931240782734
moon_post_covid_2020_2022,문재인 후기/코로나 이후(2020-2022),주한미군,0.000546217014310079
moon_post_covid_2020_2022,문재인 후기/코로나 이후(2020-2022),주행,0.0018962232990354059
moon_post_covid_2020_2022,문재인 후기/코로나 이후(2020-2022),주호영,0.0026824621032802325
moon_post_covid_2020_2022,문재인 후기/코로나 이후(2020-2022),준공,0.0009637650993273982
moon_post_covid_2020_2022,문재인 후기/코로나 이후(2020-2022),준수,0.001621016821427054
moon_post_covid_2020_2022,문재인 후기/코로나 이후(2020-2022),중간,0.0021941023114365444
moon_post_covid_2020_2022,문재인 후기/코로나 이후(2020-2022),중계,0.0009075868374186185
moon_post_covid_2020_2022,문재인 후기/코로나 이후(2020-2022),중구,0.0022259850620610015
moon_post_covid_2020_2022,문재인 후기/코로나 이후(2020-2022),중국인,0.0013770868881830324
moon_post_covid_2020_2022,문재인 후기/코로나 이후(2020-2022),중대,0.0025166812920836617
moon_post_covid_2020_2022,문재인 후기/코로나 이후(2020-2022),중도,0.002367413695150274
moon_post_covid_2020_2022,문재인 후기/코로나 이후(2020-2022),중립,0.0032866765830026484
moon_post_covid_2020_2022,문재인 후기/코로나 이후(2020-2022),중반,0.0010605679114703854
moon_post_covid_2020_2022,문재인 후기/코로나 이후(2020-2022),중복,0.0007583683875943844
moon_post_covid_2020_2022,문재인 후기/코로나 이후(2020-2022),중산층,0.0008092452671971472
moon_post_covid_2020_2022,문재인 후기/코로나 이후(2020-2022),중소,0.0018985060343346008
moon_post_covid_2020_2022,문재인 후기/코로나 이후(2020-2022),중순,0.0013127234263351395
moon_post_covid_2020_2022,문재인 후기/코로나 이후(2020-2022),중시,0.0010494344745011837
moon_post_covid_2020_2022,문재인 후기/코로나 이후(2020-2022),중심으로,0.0010275346590945095
moon_post_covid_2020_2022,문재인 후기/코로나 이후(2020-2022),중앙은행,0.0013967305332295886
moon_post_covid_2020_2022,문재인 후기/코로나 이후(2020-2022),중앙정부,0.0007242720648377919
moon_post_covid_2020_2022,문재인 후기/코로나 이후(2020-2022),중요성,0.00154477731312274
moon_post_covid_2020_2022,문재인 후기/코로나 이후(2020-2022),중인,0.0015584407587775529
moon_post_covid_2020_2022,문재인 후기/코로나 이후(2020-2022),중재,0.0008254498853656375
moon_post_covid_2020_2022,문재인 후기/코로나 이후(2020-2022),중점,0.0011247333694014887
moon_post_covid_2020_2022,문재인 후기/코로나 이후(2020-2022),중증,0.0018571402203936577
moon_post_covid_2020_2022,문재인 후기/코로나 이후(2020-2022),중지,0.0009106073542017701
moon_post_covid_2020_2022,문재인 후기/코로나 이후(2020-2022),중진,0.0011154207359377936
moon_post_covid_2020_2022,문재인 후기/코로나 이후(2020-2022),중징계,0.0008145046015466395
moon_post_covid_2020_2022,문재인 후기/코로나 이후(2020-2022),중학교,0.0013430160793203427
moon_post_covid_2020_2022,문재인 후기/코로나 이후(2020-2022),즉시,0.0016941301383228775
moon_post_covid_2020_2022,문재인 후기/코로나 이후(2020-2022),증가세,0.0010777616693201843
moon_post_covid_2020_2022,문재인 후기/코로나 이후(2020-2022),증권사,0.001438112351331728
moon_post_covid_2020_2022,문재인 후기/코로나 이후(2020-2022),증대,0.0006290409500934852
moon_post_covid_2020_2022,문재인 후기/코로나 이후(2020-2022),증명,0.001468144941990343
moon_post_covid_2020_2022,문재인 후기/코로나 이후(2020-2022),증상,0.002950687275940282
moon_post_covid_2020_2022,문재인 후기/코로나 이후(2020-2022),증세,0.0010510213877902561
moon_post_covid_2020_2022,문재인 후기/코로나 이후(2020-2022),증액,0.0008080720255627426
moon_post_covid_2020_2022,문재인 후기/코로나 이후(2020-2022),증언,0.0011346551833860859
moon_post_covid_2020_2022,문재인 후기/코로나 이후(2020-2022),증여,0.0008667524470397105
moon_post_covid_2020_2022,문재인 후기/코로나 이후(2020-2022),증인,0.0010159754003756535
moon_post_covid_2020_2022,문재인 후기/코로나 이후(2020-2022),증진,0.0009503028917735742
moon_post_covid_2020_2022,문재인 후기/코로나 이후(2020-2022),지검장,0.001571495816403258
moon_post_covid_2020_2022,문재인 후기/코로나 이후(2020-2022),지금,0.0011240315119681991
moon_post_covid_2020_2022,문재인 후기/코로나 이후(2020-2022),지난주,0.0023994706025764804
moon_post_covid_2020_2022,문재인 후기/코로나 이후(2020-2022),지능,0.0016992958810998346
moon_post_covid_2020_2022,문재인 후기/코로나 이후(2020-2022),지대,0.0011640567128188147
moon_post_covid_2020_2022,문재인 후기/코로나 이후(2020-2022),지도,0.0018288076406985574
moon_post_covid_2020_2022,문재인 후기/코로나 이후(2020-2022),지명,0.0021946865735473545
moon_post_covid_2020_2022,문재인 후기/코로나 이후(2020-2022),지목,0.0013488737363965939
moon_post_covid_2020_2022,문재인 후기/코로나 이후(2020-2022),지방선거,0.0019830768210194172
moon_post_covid_2020_2022,문재인 후기/코로나 이후(2020-2022),지방자치단체,0.0012663567522775555
moon_post_covid_2020_2022,문재인 후기/코로나 이후(2020-2022),지배,0.0015245751882870002
moon_post_covid_2020_2022,문재인 후기/코로나 이후(2020-2022),지배구조,0.0012908798370686709
moon_post_covid_2020_2022,문재인 후기/코로나 이후(2020-2022),지분,0.0026937402913399604
moon_post_covid_2020_2022,문재인 후기/코로나 이후(2020-2022),지불,0.0006447686569941117
moon_post_covid_2020_2022,문재인 후기/코로나 이후(2020-2022),지상,0.0019992042383164105
moon_post_covid_2020_2022,문재인 후기/코로나 이후(2020-2022),지상파,0.0007941395954360502
moon_post_covid_2020_2022,문재인 후기/코로나 이후(2020-2022),지속가능,0.0012657703695461632
moon_post_covid_2020_2022,문재인 후기/코로나 이후(2020-2022),지식,0.001784257259450737
moon_post_covid_2020_2022,문재인 후기/코로나 이후(2020-2022),지식인,0.0005203769275433022
moon_post_covid_2020_2022,문재인 후기/코로나 이후(2020-2022),지역별,0.0011294914624915
moon_post_covid_2020_2022,문재인 후기/코로나 이후(2020-2022),지역사회,0.0016070219954759436
moon_post_covid_2020_2022,문재인 후기/코로나 이후(2020-2022),지연,0.001471274967839797
moon_post_covid_2020_2022,문재인 후기/코로나 이후(2020-2022),지원자,0.0013110411348375302
moon_post_covid_2020_2022,문재인 후기/코로나 이후(2020-2022),지위,0.0016671491924523747
moon_post_covid_2020_2022,문재인 후기/코로나 이후(2020-2022),지인,0.0012079200940779357
moon_post_covid_2020_2022,문재인 후기/코로나 이후(2020-2022),지점,0.0015327576203021428
moon_post_covid_2020_2022,문재인 후기/코로나 이후(2020-2022),지주,0.0006875088973719979
moon_post_covid_2020_2022,문재인 후기/코로나 이후(2020-2022),지지도,0.0014678319364024171
moon_post_covid_2020_2022,문재인 후기/코로나 이후(2020-2022),지지자,0.0023480777706876717
moon_post_covid_2020_2022,문재인 후기/코로나 이후(2020-2022),지지자들,0.0012973979868849562
moon_post_covid_2020_2022,문재인 후기/코로나 이후(2020-2022),지지층,0.0018693411820887497
moon_post_covid_2020_2022,문재인 후기/코로나 이후(2020-2022),지출,0.0017483726054445964
moon_post_covid_2020_2022,문재인 후기/코로나 이후(2020-2022),지침,0.0025946057579920405
moon_post_covid_2020_2022,문재인 후기/코로나 이후(2020-2022),지표,0.002187716791413452
moon_post_covid_2020_2022,문재인 후기/코로나 이후(2020-2022),지하,0.0022187523376931482
moon_post_covid_2020_2022,문재인 후기/코로나 이후(2020-2022),지향,0.0012379280547342856
moon_post_covid_2020_2022,문재인 후기/코로나 이후(2020-2022),지혜,0.0008348486489191853
moon_post_covid_2020_2022,문재인 후기/코로나 이후(2020-2022),지휘,0.002969927055763907
moon_post_covid_2020_2022,문재인 후기/코로나 이후(2020-2022),직권,0.001097004868441466
moon_post_covid_2020_2022,문재인 후기/코로나 이후(2020-2022),직권남용,0.0008264593827161384
moon_post_covid_2020_2022,문재인 후기/코로나 이후(2020-2022),직면,0.0011505209435394273
moon_post_covid_2020_2022,문재인 후기/코로나 이후(2020-2022),직무,0.0034156703031916393
moon_post_covid_2020_2022,문재인 후기/코로나 이후(2020-2022),직속,0.0010495829041126971
moon_post_covid_2020_2022,문재인 후기/코로나 이후(2020-2022),직업,0.0017906802893203552
moon_post_covid_2020_2022,문재인 후기/코로나 이후(2020-2022),직원,0.00858807770877783
moon_post_covid_2020_2022,문재인 후기/코로나 이후(2020-2022),직장,0.002691337661947034
moon_post_covid_2020_2022,문재인 후기/코로나 이후(2020-2022),직장인,0.001967295572762368
moon_post_covid_2020_2022,문재인 후기/코로나 이후(2020-2022),직전,0.0022573523759796986
moon_post_covid_2020_2022,문재인 후기/코로나 이후(2020-2022),직접적,0.001078464989150311
moon_post_covid_2020_2022,문재인 후기/코로나 이후(2020-2022),진로,0.0009432217091994029
moon_post_covid_2020_2022,문재인 후기/코로나 이후(2020-2022),진료,0.0019892987978279804
moon_post_covid_2020_2022,문재인 후기/코로나 이후(2020-2022),진상,0.001469481154117117
moon_post_covid_2020_2022,문재인 후기/코로나 이후(2020-2022),진상규명,0.0006663864422567455
moon_post_covid_2020_2022,문재인 후기/코로나 이후(2020-2022),진술,0.00170896218339514
moon_post_covid_2020_2022,문재인 후기/코로나 이후(2020-2022),진실,0.002201690720176971
moon_post_covid_2020_2022,문재인 후기/코로나 이후(2020-2022),진심,0.001472362758837
moon_post_covid_2020_2022,문재인 후기/코로나 이후(2020-2022),진압,0.0007256083538662537
moon_post_covid_2020_2022,문재인 후기/코로나 이후(2020-2022),진영,0.0032147300504080873
moon_post_covid_2020_2022,문재인 후기/코로나 이후(2020-2022),진입,0.0022576841858433627
moon_post_covid_2020_2022,문재인 후기/코로나 이후(2020-2022),진전,0.0015344427654814304
moon_post_covid_2020_2022,문재인 후기/코로나 이후(2020-2022),진정,0.0012952594827883098
moon_post_covid_2020_2022,문재인 후기/코로나 이후(2020-2022),진정성,0.0014098518580370435
moon_post_covid_2020_2022,문재인 후기/코로나 이후(2020-2022),진짜,0.0021256307804647114
moon_post_covid_2020_2022,문재인 후기/코로나 이후(2020-2022),진학,0.0007887086714473866
moon_post_covid_2020_2022,문재인 후기/코로나 이후(2020-2022),진화,0.002127821999324689
moon_post_covid_2020_2022,문재인 후기/코로나 이후(2020-2022),진흥,0.0006338254314343218
moon_post_covid_2020_2022,문재인 후기/코로나 이후(2020-2022),질병,0.0022218204803908606
moon_post_covid_2020_2022,문재인 후기/코로나 이후(2020-2022),질서,0.0012505070261983032
moon_post_covid_2020_2022,문재인 후기/코로나 이후(2020-2022),질의,0.0013046456703129008
moon_post_covid_2020_2022,문재인 후기/코로나 이후(2020-2022),질환,0.002073891803941272
moon_post_covid_2020_2022,문재인 후기/코로나 이후(2020-2022),짐작,0.000505035322109706
moon_post_covid_2020_2022,문재인 후기/코로나 이후(2020-2022),집계,0.0031256540058463263
moon_post_covid_2020_2022,문재인 후기/코로나 이후(2020-2022),집무실,0.0014986485418494407
moon_post_covid_2020_2022,문재인 후기/코로나 이후(2020-2022),집안,0.0008775591371117123
moon_post_covid_2020_2022,문재인 후기/코로나 이후(2020-2022),집중적,0.0010202227889074158
moon_post_covid_2020_2022,문재인 후기/코로나 이후(2020-2022),차단,0.0027344280560996108
moon_post_covid_2020_2022,문재인 후기/코로나 이후(2020-2022),차별,0.003146864991004641
moon_post_covid_2020_2022,문재인 후기/코로나 이후(2020-2022),차별화,0.002167500687541343
moon_post_covid_2020_2022,문재인 후기/코로나 이후(2020-2022),차세대,0.002557443528753384
moon_post_covid_2020_2022,문재인 후기/코로나 이후(2020-2022),차장,0.002405443745345472
moon_post_covid_2020_2022,문재인 후기/코로나 이후(2020-2022),차질,0.001993738643916054
moon_post_covid_2020_2022,문재인 후기/코로나 이후(2020-2022),차트,0.0012129185714568095
moon_post_covid_2020_2022,문재인 후기/코로나 이후(2020-2022),착공,0.0009436368537174469
moon_post_covid_2020_2022,문재인 후기/코로나 이후(2020-2022),착수,0.002276474978253998
moon_post_covid_2020_2022,문재인 후기/코로나 이후(2020-2022),착용,0.002563546121312708
moon_post_covid_2020_2022,문재인 후기/코로나 이후(2020-2022),찬반,0.0007753244352883549
moon_post_covid_2020_2022,문재인 후기/코로나 이후(2020-2022),찬성,0.0022460617246702103
moon_post_covid_2020_2022,문재인 후기/코로나 이후(2020-2022),참가자,0.0015897481246937458
moon_post_covid_2020_2022,문재인 후기/코로나 이후(2020-2022),참고,0.001367815391460574
moon_post_covid_2020_2022,문재인 후기/코로나 이후(2020-2022),참모,0.0011963367086521444
moon_post_covid_2020_2022,문재인 후기/코로나 이후(2020-2022),참배,0.0009142907984586527
moon_post_covid_2020_2022,문재인 후기/코로나 이후(2020-2022),참석자,0.001018620800497491
moon_post_covid_2020_2022,문재인 후기/코로나 이후(2020-2022),참여,0.009947558049129992
moon_post_covid_2020_2022,문재인 후기/코로나 이후(2020-2022),참여연대,0.0007678964129739267
moon_post_covid_2020_2022,문재인 후기/코로나 이후(2020-2022),참패,0.0008911492221798807
moon_post_covid_2020_2022,문재인 후기/코로나 이후(2020-2022),창구,0.0006718494665015792
moon_post_covid_2020_2022,문재인 후기/코로나 이후(2020-2022),창당,0.0011662475082933376
moon_post_covid_2020_2022,문재인 후기/코로나 이후(2020-2022),창립,0.0010446827855038429
moon_post_covid_2020_2022,문재인 후기/코로나 이후(2020-2022),창업자,0.001866909147136232
moon_post_covid_2020_2022,문재인 후기/코로나 이후(2020-2022),창원,0.0019144563171432643
moon_post_covid_2020_2022,문재인 후기/코로나 이후(2020-2022),창의,0.0006922178187153558
moon_post_covid_2020_2022,문재인 후기/코로나 이후(2020-2022),창의적,0.0006075689336021866
moon_post_covid_2020_2022,문재인 후기/코로나 이후(2020-2022),창작,0.0007649274898575616
moon_post_covid_2020_2022,문재인 후기/코로나 이후(2020-2022),채권,0.0014568894098669646
moon_post_covid_2020_2022,문재인 후기/코로나 이후(2020-2022),채무,0.0012027358954331017
moon_post_covid_2020_2022,문재인 후기/코로나 이후(2020-2022),채택,0.00181956572657571
moon_post_covid_2020_2022,문재인 후기/코로나 이후(2020-2022),책임,0.007310352777025661
moon_post_covid_2020_2022,문재인 후기/코로나 이후(2020-2022),책임감,0.001168454620292795
moon_post_covid_2020_2022,문재인 후기/코로나 이후(2020-2022),책임자,0.0022105342870712016
moon_post_covid_2020_2022,문재인 후기/코로나 이후(2020-2022),책정,0.0008458337905027819
moon_post_covid_2020_2022,문재인 후기/코로나 이후(2020-2022),처방,0.0010709309601050678
moon_post_covid_2020_2022,문재인 후기/코로나 이후(2020-2022),처우,0.0006378664541440903
moon_post_covid_2020_2022,문재인 후기/코로나 이후(2020-2022),처음,0.001168757415791063
moon_post_covid_2020_2022,문재인 후기/코로나 이후(2020-2022),처음으로,0.0013819676864183239
moon_post_covid_2020_2022,문재인 후기/코로나 이후(2020-2022),처장,0.0015535038127205518
moon_post_covid_2020_2022,문재인 후기/코로나 이후(2020-2022),처지,0.0007348355549790274
moon_post_covid_2020_2022,문재인 후기/코로나 이후(2020-2022),천만,0.0019149573790112054
moon_post_covid_2020_2022,문재인 후기/코로나 이후(2020-2022),천안,0.0011507125874019562
moon_post_covid_2020_2022,문재인 후기/코로나 이후(2020-2022),천억,0.0009747525312762728
moon_post_covid_2020_2022,문재인 후기/코로나 이후(2020-2022),철강,0.0006637439311305978
moon_post_covid_2020_2022,문재인 후기/코로나 이후(2020-2022),철거,0.0013267277263383484
moon_post_covid_2020_2022,문재인 후기/코로나 이후(2020-2022),철수,0.0014331294116854494
moon_post_covid_2020_2022,문재인 후기/코로나 이후(2020-2022),철저,0.0019236581514727221
moon_post_covid_2020_2022,문재인 후기/코로나 이후(2020-2022),철학,0.0014558089084819768
moon_post_covid_2020_2022,문재인 후기/코로나 이후(2020-2022),철회,0.001856094794692234
moon_post_covid_2020_2022,문재인 후기/코로나 이후(2020-2022),첨단,0.002280272719869392
moon_post_covid_2020_2022,문재인 후기/코로나 이후(2020-2022),첫날,0.0019567819530421806
moon_post_covid_2020_2022,문재인 후기/코로나 이후(2020-2022),청년,0.014710187734488955
moon_post_covid_2020_2022,문재인 후기/코로나 이후(2020-2022),청년층,0.001319780835350635
moon_post_covid_2020_2022,문재인 후기/코로나 이후(2020-2022),청문,0.0006006531122183714
moon_post_covid_2020_2022,문재인 후기/코로나 이후(2020-2022),청사,0.0015328855547240838
moon_post_covid_2020_2022,문재인 후기/코로나 이후(2020-2022),청산,0.0009580770570120858
moon_post_covid_2020_2022,문재인 후기/코로나 이후(2020-2022),청소,0.0008624364076504653
moon_post_covid_2020_2022,문재인 후기/코로나 이후(2020-2022),청소년,0.003082903629701339
moon_post_covid_2020_2022,문재인 후기/코로나 이후(2020-2022),청소년들,0.0006183503375605251
moon_post_covid_2020_2022,문재인 후기/코로나 이후(2020-2022),청장,0.000977893649954827
moon_post_covid_2020_2022,문재인 후기/코로나 이후(2020-2022),청주,0.0023879029774639088
moon_post_covid_2020_2022,문재인 후기/코로나 이후(2020-2022),청춘,0.000546799443442956
moon_post_covid_2020_2022,문재인 후기/코로나 이후(2020-2022),청탁,0.0008288990099216294
moon_post_covid_2020_2022,문재인 후기/코로나 이후(2020-2022),체감,0.0009832925804609278
moon_post_covid_2020_2022,문재인 후기/코로나 이후(2020-2022),체결,0.0029069343355436253
moon_post_covid_2020_2022,문재인 후기/코로나 이후(2020-2022),체계,0.00414614248212065
moon_post_covid_2020_2022,문재인 후기/코로나 이후(2020-2022),체계적,0.0010463642819448892
moon_post_covid_2020_2022,문재인 후기/코로나 이후(2020-2022),체력,0.000648887373721257
moon_post_covid_2020_2022,문재인 후기/코로나 이후(2020-2022),체류,0.000886313021575672
moon_post_covid_2020_2022,문재인 후기/코로나 이후(2020-2022),체육,0.0015575219718005075
moon_post_covid_2020_2022,문재인 후기/코로나 이후(2020-2022),체크,0.0008364581505217714
moon_post_covid_2020_2022,문재인 후기/코로나 이후(2020-2022),체포,0.0015852253297169274
moon_post_covid_2020_2022,문재인 후기/코로나 이후(2020-2022),체험,0.0019401240469139134
moon_post_covid_2020_2022,문재인 후기/코로나 이후(2020-2022),초과,0.0017503175334824483
moon_post_covid_2020_2022,문재인 후기/코로나 이후(2020-2022),초대,0.0016548459624205738
moon_post_covid_2020_2022,문재인 후기/코로나 이후(2020-2022),초등학교,0.0015413797395746462
moon_post_covid_2020_2022,문재인 후기/코로나 이후(2020-2022),초래,0.0012069141585757293
moon_post_covid_2020_2022,문재인 후기/코로나 이후(2020-2022),초반,0.0020035844301153965
moon_post_covid_2020_2022,문재인 후기/코로나 이후(2020-2022),초선,0.001814533346796491
moon_post_covid_2020_2022,문재인 후기/코로나 이후(2020-2022),초점,0.0014111559449587955
moon_post_covid_2020_2022,문재인 후기/코로나 이후(2020-2022),초청,0.0016028593499826031
moon_post_covid_2020_2022,문재인 후기/코로나 이후(2020-2022),촉발,0.0006933079523972617
moon_post_covid_2020_2022,문재인 후기/코로나 이후(2020-2022),촉진,0.0011814381608001453
moon_post_covid_2020_2022,문재인 후기/코로나 이후(2020-2022),총기,0.0003713621850373194
moon_post_covid_2020_2022,문재인 후기/코로나 이후(2020-2022),총력,0.0010542669898172966
moon_post_covid_2020_2022,문재인 후기/코로나 이후(2020-2022),총수,0.000935581750339979
moon_post_covid_2020_2022,문재인 후기/코로나 이후(2020-2022),총액,0.0011224943379934181
moon_post_covid_2020_2022,문재인 후기/코로나 이후(2020-2022),총재,0.0015664786278976012
moon_post_covid_2020_2022,문재인 후기/코로나 이후(2020-2022),총파업,0.0004778157948140406
moon_post_covid_2020_2022,문재인 후기/코로나 이후(2020-2022),총회,0.0017631665756329762
moon_post_covid_2020_2022,문재인 후기/코로나 이후(2020-2022),최고경영자,0.0010714542097070906
moon_post_covid_2020_2022,문재인 후기/코로나 이후(2020-2022),최고위원,0.0020761105764886116
moon_post_covid_2020_2022,문재인 후기/코로나 이후(2020-2022),최다,0.0016356163692360847
moon_post_covid_2020_2022,문재인 후기/코로나 이후(2020-2022),최소화,0.00238488254866952
moon_post_covid_2020_2022,문재인 후기/코로나 이후(2020-2022),최신,0.001251576137095299
moon_post_covid_2020_2022,문재인 후기/코로나 이후(2020-2022),최씨,0.000612154218710009
moon_post_covid_2020_2022,문재인 후기/코로나 이후(2020-2022),최악,0.0016883943924922136
moon_post_covid_2020_2022,문재인 후기/코로나 이후(2020-2022),최우선,0.0012878778977417312
moon_post_covid_2020_2022,문재인 후기/코로나 이후(2020-2022),최장,0.0006936950050833868
moon_post_covid_2020_2022,문재인 후기/코로나 이후(2020-2022),최저임금,0.0009665054468206625
moon_post_covid_2020_2022,문재인 후기/코로나 이후(2020-2022),최적,0.0008878637919812881
moon_post_covid_2020_2022,문재인 후기/코로나 이후(2020-2022),최종적,0.0006831604749746694
moon_post_covid_2020_2022,문재인 후기/코로나 이후(2020-2022),최초로,0.0009251720726319097
moon_post_covid_2020_2022,문재인 후기/코로나 이후(2020-2022),최태원,0.001011165424673254
moon_post_covid_2020_2022,문재인 후기/코로나 이후(2020-2022),추가적,0.0009399446212308608
moon_post_covid_2020_2022,문재인 후기/코로나 이후(2020-2022),추구,0.001955745686983211
moon_post_covid_2020_2022,문재인 후기/코로나 이후(2020-2022),추락,0.0011402285047216931
moon_post_covid_2020_2022,문재인 후기/코로나 이후(2020-2022),추모,0.0011627718479557104
moon_post_covid_2020_2022,문재인 후기/코로나 이후(2020-2022),추산,0.0010106625677730305
moon_post_covid_2020_2022,문재인 후기/코로나 이후(2020-2022),추석,0.0018899792171250796
moon_post_covid_2020_2022,문재인 후기/코로나 이후(2020-2022),추세,0.0022453161121901736
moon_post_covid_2020_2022,문재인 후기/코로나 이후(2020-2022),추억,0.0008662853245177457
moon_post_covid_2020_2022,문재인 후기/코로나 이후(2020-2022),추적,0.0016212044041782482
moon_post_covid_2020_2022,문재인 후기/코로나 이후(2020-2022),추진,0.01216130165105853
moon_post_covid_2020_2022,문재인 후기/코로나 이후(2020-2022),추측,0.0006133878794449623
moon_post_covid_2020_2022,문재인 후기/코로나 이후(2020-2022),추후,0.0009405627205493532
moon_post_covid_2020_2022,문재인 후기/코로나 이후(2020-2022),축적,0.0009613363582042662
moon_post_covid_2020_2022,문재인 후기/코로나 이후(2020-2022),축하,0.001691626869816176
moon_post_covid_2020_2022,문재인 후기/코로나 이후(2020-2022),춘천,0.001624563782243976
moon_post_covid_2020_2022,문재인 후기/코로나 이후(2020-2022),출간,0.0013217686847269835
moon_post_covid_2020_2022,문재인 후기/코로나 이후(2020-2022),출구,0.0006361005643213307
moon_post_covid_2020_2022,문재인 후기/코로나 이후(2020-2022),출국,0.0013389305960972147
moon_post_covid_2020_2022,문재인 후기/코로나 이후(2020-2022),출근,0.0016408018936338628
moon_post_covid_2020_2022,문재인 후기/코로나 이후(2020-2022),출동,0.0008756841598452423
moon_post_covid_2020_2022,문재인 후기/코로나 이후(2020-2022),출발,0.0025117041992787003
moon_post_covid_2020_2022,문재인 후기/코로나 이후(2020-2022),출산,0.0017640800885078225
moon_post_covid_2020_2022,문재인 후기/코로나 이후(2020-2022),출생,0.0010058647321551225
moon_post_covid_2020_2022,문재인 후기/코로나 이후(2020-2022),출석,0.0017427212639182668
moon_post_covid_2020_2022,문재인 후기/코로나 이후(2020-2022),출연자,0.000959227263923119
moon_post_covid_2020_2022,문재인 후기/코로나 이후(2020-2022),출입,0.0012667265324705357
moon_post_covid_2020_2022,문재인 후기/코로나 이후(2020-2022),출자,0.00048653722997435867
moon_post_covid_2020_2022,문재인 후기/코로나 이후(2020-2022),출장,0.0008585208983543764
moon_post_covid_2020_2022,문재인 후기/코로나 이후(2020-2022),출제,0.0007544235154203832
moon_post_covid_2020_2022,문재인 후기/코로나 이후(2020-2022),출퇴근,0.0007047997803086994
moon_post_covid_2020_2022,문재인 후기/코로나 이후(2020-2022),출판,0.0007394931110837277
moon_post_covid_2020_2022,문재인 후기/코로나 이후(2020-2022),출판사,0.0006595642050469492
moon_post_covid_2020_2022,문재인 후기/코로나 이후(2020-2022),충격,0.002545396913310718
moon_post_covid_2020_2022,문재인 후기/코로나 이후(2020-2022),충돌,0.0026701246811954888
moon_post_covid_2020_2022,문재인 후기/코로나 이후(2020-2022),충실,0.0007902700825953855
moon_post_covid_2020_2022,문재인 후기/코로나 이후(2020-2022),충전,0.0013189683154001164
moon_post_covid_2020_2022,문재인 후기/코로나 이후(2020-2022),충족,0.0014405488448461944
moon_post_covid_2020_2022,문재인 후기/코로나 이후(2020-2022),충청,0.0018237876883638717
moon_post_covid_2020_2022,문재인 후기/코로나 이후(2020-2022),취급,0.0009958629373039212
moon_post_covid_2020_2022,문재인 후기/코로나 이후(2020-2022),취득,0.0018938737659245854
moon_post_covid_2020_2022,문재인 후기/코로나 이후(2020-2022),취약,0.002190921030576499
moon_post_covid_2020_2022,문재인 후기/코로나 이후(2020-2022),취약계층,0.0012813449746973099
moon_post_covid_2020_2022,문재인 후기/코로나 이후(2020-2022),취업,0.004213728517171692
moon_post_covid_2020_2022,문재인 후기/코로나 이후(2020-2022),취업자,0.0013810994616450952
moon_post_covid_2020_2022,문재인 후기/코로나 이후(2020-2022),취임식,0.001088412407196725
moon_post_covid_2020_2022,문재인 후기/코로나 이후(2020-2022),취재기자,0.0011738169143455021
moon_post_covid_2020_2022,문재인 후기/코로나 이후(2020-2022),취재진,0.0016272229450484995
moon_post_covid_2020_2022,문재인 후기/코로나 이후(2020-2022),취향,0.0008973150608056605
moon_post_covid_2020_2022,문재인 후기/코로나 이후(2020-2022),측근,0.0017507837663451225
moon_post_covid_2020_2022,문재인 후기/코로나 이후(2020-2022),측정,0.001533179983397165
moon_post_covid_2020_2022,문재인 후기/코로나 이후(2020-2022),치매,0.0010547224527280759
moon_post_covid_2020_2022,문재인 후기/코로나 이후(2020-2022),치열,0.0022517278985848582
moon_post_covid_2020_2022,문재인 후기/코로나 이후(2020-2022),치유,0.0008450263827019693
moon_post_covid_2020_2022,문재인 후기/코로나 이후(2020-2022),친환경,0.001596556338977103
moon_post_covid_2020_2022,문재인 후기/코로나 이후(2020-2022),침묵,0.0012690018119808299
moon_post_covid_2020_2022,문재인 후기/코로나 이후(2020-2022),침체,0.0013660947998547543
moon_post_covid_2020_2022,문재인 후기/코로나 이후(2020-2022),침해,0.002488505052663794
moon_post_covid_2020_2022,문재인 후기/코로나 이후(2020-2022),칭찬,0.000859639005741936
moon_post_covid_2020_2022,문재인 후기/코로나 이후(2020-2022),카메라,0.0018940064652411101
moon_post_covid_2020_2022,문재인 후기/코로나 이후(2020-2022),카카오톡,0.0013848182651068964
moon_post_covid_2020_2022,문재인 후기/코로나 이후(2020-2022),카페,0.0023156547065419
moon_post_covid_2020_2022,문재인 후기/코로나 이후(2020-2022),칼럼,0.0010475067040897122
moon_post_covid_2020_2022,문재인 후기/코로나 이후(2020-2022),캐나다,0.002057558613705056
moon_post_covid_2020_2022,문재인 후기/코로나 이후(2020-2022),캠퍼스,0.0013715232805334996
moon_post_covid_2020_2022,문재인 후기/코로나 이후(2020-2022),캠페인,0.0021709285494432248
moon_post_covid_2020_2022,문재인 후기/코로나 이후(2020-2022),커피,0.0011903084439571657
moon_post_covid_2020_2022,문재인 후기/코로나 이후(2020-2022),컨설팅,0.001414534375021351
moon_post_covid_2020_2022,문재인 후기/코로나 이후(2020-2022),컴퓨터,0.001525074577207619
moon_post_covid_2020_2022,문재인 후기/코로나 이후(2020-2022),케어,0.001076410453067641
moon_post_covid_2020_2022,문재인 후기/코로나 이후(2020-2022),코너,0.0007101378259495606
moon_post_covid_2020_2022,문재인 후기/코로나 이후(2020-2022),코드,0.0010485056041911968
moon_post_covid_2020_2022,문재인 후기/코로나 이후(2020-2022),코로나,0.06464793298768212
moon_post_covid_2020_2022,문재인 후기/코로나 이후(2020-2022),코리아,0.0015424360674824778
moon_post_covid_2020_2022,문재인 후기/코로나 이후(2020-2022),코스,0.000745806918676055
moon_post_covid_2020_2022,문재인 후기/코로나 이후(2020-2022),코스닥,0.0026155154143375314
moon_post_covid_2020_2022,문재인 후기/코로나 이후(2020-2022),코치,0.0009093254385218452
moon_post_covid_2020_2022,문재인 후기/코로나 이후(2020-2022),콘서트,0.0009515071481919849
moon_post_covid_2020_2022,문재인 후기/코로나 이후(2020-2022),콘텐트,0.0011985321225844905
moon_post_covid_2020_2022,문재인 후기/코로나 이후(2020-2022),콜센터,0.0011455239136895002
moon_post_covid_2020_2022,문재인 후기/코로나 이후(2020-2022),쿠데타,0.0008414686581848561
moon_post_covid_2020_2022,문재인 후기/코로나 이후(2020-2022),크게,0.001125384585705866
moon_post_covid_2020_2022,문재인 후기/코로나 이후(2020-2022),크기,0.0014850848876432634
moon_post_covid_2020_2022,문재인 후기/코로나 이후(2020-2022),클라우드,0.0019292159565085538
moon_post_covid_2020_2022,문재인 후기/코로나 이후(2020-2022),클럽,0.0018485568429908936
moon_post_covid_2020_2022,문재인 후기/코로나 이후(2020-2022),키워드,0.000865565944376953
moon_post_covid_2020_2022,문재인 후기/코로나 이후(2020-2022),타격,0.0024145710389539294
moon_post_covid_2020_2022,문재인 후기/코로나 이후(2020-2022),타결,0.0005129580233593442
moon_post_covid_2020_2022,문재인 후기/코로나 이후(2020-2022),타워,0.0006766175241773698
moon_post_covid_2020_2022,문재인 후기/코로나 이후(2020-2022),타인,0.000849781727986651
moon_post_covid_2020_2022,문재인 후기/코로나 이후(2020-2022),타협,0.0006330277577704655
moon_post_covid_2020_2022,문재인 후기/코로나 이후(2020-2022),탄도,0.0010756559651976805
moon_post_covid_2020_2022,문재인 후기/코로나 이후(2020-2022),탄도미사일,0.000800411350791518
moon_post_covid_2020_2022,문재인 후기/코로나 이후(2020-2022),탄력,0.0007021920492247084
moon_post_covid_2020_2022,문재인 후기/코로나 이후(2020-2022),탄생,0.00176244445643763
moon_post_covid_2020_2022,문재인 후기/코로나 이후(2020-2022),탄압,0.0008502294023563216
moon_post_covid_2020_2022,문재인 후기/코로나 이후(2020-2022),탈당,0.0009563697131444341
moon_post_covid_2020_2022,문재인 후기/코로나 이후(2020-2022),탈락,0.001449505765013879
moon_post_covid_2020_2022,문재인 후기/코로나 이후(2020-2022),탈출,0.001063662461016272
moon_post_covid_2020_2022,문재인 후기/코로나 이후(2020-2022),탈퇴,0.0005786699688893435
moon_post_covid_2020_2022,문재인 후기/코로나 이후(2020-2022),탑재,0.0018192855852021583
moon_post_covid_2020_2022,문재인 후기/코로나 이후(2020-2022),태국,0.0010689446828308974
moon_post_covid_2020_2022,문재인 후기/코로나 이후(2020-2022),태도,0.0025219359281396098
moon_post_covid_2020_2022,문재인 후기/코로나 이후(2020-2022),태블릿,0.000546618695593532
moon_post_covid_2020_2022,문재인 후기/코로나 이후(2020-2022),태스크포스,0.0009808246727391564
moon_post_covid_2020_2022,문재인 후기/코로나 이후(2020-2022),태양,0.0006559076197768313
moon_post_covid_2020_2022,문재인 후기/코로나 이후(2020-2022),태양광,0.0016744737146318772
moon_post_covid_2020_2022,문재인 후기/코로나 이후(2020-2022),태평양,0.0014724144527398354
moon_post_covid_2020_2022,문재인 후기/코로나 이후(2020-2022),태풍,0.0012428276937577968
moon_post_covid_2020_2022,문재인 후기/코로나 이후(2020-2022),택배,0.0015482673534768785
moon_post_covid_2020_2022,문재인 후기/코로나 이후(2020-2022),테마,0.0014205123858907873
moon_post_covid_2020_2022,문재인 후기/코로나 이후(2020-2022),테스트,0.0011247090080714508
moon_post_covid_2020_2022,문재인 후기/코로나 이후(2020-2022),테이블,0.0007950910015161123
moon_post_covid_2020_2022,문재인 후기/코로나 이후(2020-2022),텍스트는,0.0012190831716846716
moon_post_covid_2020_2022,문재인 후기/코로나 이후(2020-2022),토대,0.0019813148877051963
moon_post_covid_2020_2022,문재인 후기/코로나 이후(2020-2022),토로,0.0007455516260593111
moon_post_covid_2020_2022,문재인 후기/코로나 이후(2020-2022),토요일,0.0006030829566672182
moon_post_covid_2020_2022,문재인 후기/코로나 이후(2020-2022),토지,0.0028389440152729066
moon_post_covid_2020_2022,문재인 후기/코로나 이후(2020-2022),토크,0.0006318467615476451
moon_post_covid_2020_2022,문재인 후기/코로나 이후(2020-2022),통계,0.0022664902561106343
moon_post_covid_2020_2022,문재인 후기/코로나 이후(2020-2022),통계청,0.0011912708137816856
moon_post_covid_2020_2022,문재인 후기/코로나 이후(2020-2022),통보,0.0019214364062733202
moon_post_covid_2020_2022,문재인 후기/코로나 이후(2020-2022),통상,0.0016573738011002026
moon_post_covid_2020_2022,문재인 후기/코로나 이후(2020-2022),통신사,0.001097327137724834
moon_post_covid_2020_2022,문재인 후기/코로나 이후(2020-2022),통일부,0.0022118596663891293
moon_post_covid_2020_2022,문재인 후기/코로나 이후(2020-2022),통장,0.0010811199307739876
moon_post_covid_2020_2022,문재인 후기/코로나 이후(2020-2022),통제,0.0034537456378920368
moon_post_covid_2020_2022,문재인 후기/코로나 이후(2020-2022),통증,0.0008061314000189545
moon_post_covid_2020_2022,문재인 후기/코로나 이후(2020-2022),통치,0.0007006056966400716
moon_post_covid_2020_2022,문재인 후기/코로나 이후(2020-2022),퇴근,0.00065312350027522
moon_post_covid_2020_2022,문재인 후기/코로나 이후(2020-2022),퇴임,0.0014049019064789705
moon_post_covid_2020_2022,문재인 후기/코로나 이후(2020-2022),퇴직,0.0015438796039635681
moon_post_covid_2020_2022,문재인 후기/코로나 이후(2020-2022),퇴직금,0.0008488833303118156
moon_post_covid_2020_2022,문재인 후기/코로나 이후(2020-2022),퇴출,0.0007776213248717499
moon_post_covid_2020_2022,문재인 후기/코로나 이후(2020-2022),투명,0.0017709659542987104
moon_post_covid_2020_2022,문재인 후기/코로나 이후(2020-2022),투명성,0.0009163769976865886
moon_post_covid_2020_2022,문재인 후기/코로나 이후(2020-2022),투어,0.0013244029811807507
moon_post_covid_2020_2022,문재인 후기/코로나 이후(2020-2022),투자자들,0.0014349091234074926
moon_post_covid_2020_2022,문재인 후기/코로나 이후(2020-2022),투쟁,0.0014362910518808494
moon_post_covid_2020_2022,문재인 후기/코로나 이후(2020-2022),투표율,0.001067188184082575
moon_post_covid_2020_2022,문재인 후기/코로나 이후(2020-2022),트랙,0.0009137799140747057
moon_post_covid_2020_2022,문재인 후기/코로나 이후(2020-2022),트럭,0.000793023412992581
moon_post_covid_2020_2022,문재인 후기/코로나 이후(2020-2022),트위,0.0011005386926847016
moon_post_covid_2020_2022,문재인 후기/코로나 이후(2020-2022),트위터,0.0015026387582076305
moon_post_covid_2020_2022,문재인 후기/코로나 이후(2020-2022),특권,0.0006705630834441255
moon_post_covid_2020_2022,문재인 후기/코로나 이후(2020-2022),특례,0.000953595745205768
moon_post_covid_2020_2022,문재인 후기/코로나 이후(2020-2022),특별법,0.0016865740291467429
moon_post_covid_2020_2022,문재인 후기/코로나 이후(2020-2022),특사,0.00047320425981285864
moon_post_covid_2020_2022,문재인 후기/코로나 이후(2020-2022),특성,0.0023246050091384643
moon_post_covid_2020_2022,문재인 후기/코로나 이후(2020-2022),특성화,0.0004808265938946639
moon_post_covid_2020_2022,문재인 후기/코로나 이후(2020-2022),특수,0.001719927134829345
moon_post_covid_2020_2022,문재인 후기/코로나 이후(2020-2022),특유,0.0008728822901053079
moon_post_covid_2020_2022,문재인 후기/코로나 이후(2020-2022),특징,0.0020642165957397447
moon_post_covid_2020_2022,문재인 후기/코로나 이후(2020-2022),특파원,0.0011163459706395097
moon_post_covid_2020_2022,문재인 후기/코로나 이후(2020-2022),특허,0.0015514533187582255
moon_post_covid_2020_2022,문재인 후기/코로나 이후(2020-2022),특혜,0.002413494410927109
moon_post_covid_2020_2022,문재인 후기/코로나 이후(2020-2022),특화,0.0015373754776088415
moon_post_covid_2020_2022,문재인 후기/코로나 이후(2020-2022),특히,0.0017239510607426616
moon_post_covid_2020_2022,문재인 후기/코로나 이후(2020-2022),파괴,0.0015137928761114066
moon_post_covid_2020_2022,문재인 후기/코로나 이후(2020-2022),파기,0.0009084645264594294
moon_post_covid_2020_2022,문재인 후기/코로나 이후(2020-2022),파문,0.0004833148669290639
moon_post_covid_2020_2022,문재인 후기/코로나 이후(2020-2022),파산,0.00063602681164413
moon_post_covid_2020_2022,문재인 후기/코로나 이후(2020-2022),파업,0.0010411980073770273
moon_post_covid_2020_2022,문재인 후기/코로나 이후(2020-2022),파워,0.0007735100313528122
moon_post_covid_2020_2022,문재인 후기/코로나 이후(2020-2022),파일,0.0011079335518344292
moon_post_covid_2020_2022,문재인 후기/코로나 이후(2020-2022),파장,0.0008598876116038009
moon_post_covid_2020_2022,문재인 후기/코로나 이후(2020-2022),파주,0.0007698525560450353
moon_post_covid_2020_2022,문재인 후기/코로나 이후(2020-2022),파트너,0.0012489121490420717
moon_post_covid_2020_2022,문재인 후기/코로나 이후(2020-2022),판교,0.0006321645375819182
moon_post_covid_2020_2022,문재인 후기/코로나 이후(2020-2022),판단,0.008802387213524283
moon_post_covid_2020_2022,문재인 후기/코로나 이후(2020-2022),판매량,0.0017315664095362462
moon_post_covid_2020_2022,문재인 후기/코로나 이후(2020-2022),패널,0.0010390199603946516
moon_post_covid_2020_2022,문재인 후기/코로나 이후(2020-2022),패러다임,0.0007425718399729211
moon_post_covid_2020_2022,문재인 후기/코로나 이후(2020-2022),패배,0.0018507126471738742
moon_post_covid_2020_2022,문재인 후기/코로나 이후(2020-2022),패스,0.0014756371217225727
moon_post_covid_2020_2022,문재인 후기/코로나 이후(2020-2022),패키지,0.0009097872595248886
moon_post_covid_2020_2022,문재인 후기/코로나 이후(2020-2022),패턴,0.0007586887412033997
moon_post_covid_2020_2022,문재인 후기/코로나 이후(2020-2022),팬데믹,0.0033957763149397753
moon_post_covid_2020_2022,문재인 후기/코로나 이후(2020-2022),페미니즘,0.0009619458293700913
moon_post_covid_2020_2022,문재인 후기/코로나 이후(2020-2022),페스티벌,0.00047616991311843614
moon_post_covid_2020_2022,문재인 후기/코로나 이후(2020-2022),편견,0.000832686681409714
moon_post_covid_2020_2022,문재인 후기/코로나 이후(2020-2022),편리,0.0013755411577637486
moon_post_covid_2020_2022,문재인 후기/코로나 이후(2020-2022),편성,0.001970532280416383
moon_post_covid_2020_2022,문재인 후기/코로나 이후(2020-2022),편안,0.0008641574620182695
moon_post_covid_2020_2022,문재인 후기/코로나 이후(2020-2022),편의,0.0011958905742605024
moon_post_covid_2020_2022,문재인 후기/코로나 이후(2020-2022),편의점,0.0016713133591708697
moon_post_covid_2020_2022,문재인 후기/코로나 이후(2020-2022),편입,0.0010571871074489404
moon_post_covid_2020_2022,문재인 후기/코로나 이후(2020-2022),편지,0.0014868684331231779
moon_post_covid_2020_2022,문재인 후기/코로나 이후(2020-2022),편집,0.0010557186131465784
moon_post_covid_2020_2022,문재인 후기/코로나 이후(2020-2022),편향,0.0007575081037992897
moon_post_covid_2020_2022,문재인 후기/코로나 이후(2020-2022),평가,0.019889547937060104
moon_post_covid_2020_2022,문재인 후기/코로나 이후(2020-2022),평가를,0.0010760180512101446
moon_post_covid_2020_2022,문재인 후기/코로나 이후(2020-2022),평등,0.0016107029194479918
moon_post_covid_2020_2022,문재인 후기/코로나 이후(2020-2022),평론가,0.001461565055461917
moon_post_covid_2020_2022,문재인 후기/코로나 이후(2020-2022),평생,0.001670066174210756
moon_post_covid_2020_2022,문재인 후기/코로나 이후(2020-2022),평소,0.0020055644964458493
moon_post_covid_2020_2022,문재인 후기/코로나 이후(2020-2022),평택,0.000871596283341929
moon_post_covid_2020_2022,문재인 후기/코로나 이후(2020-2022),폐기,0.0012135737840145147
moon_post_covid_2020_2022,문재인 후기/코로나 이후(2020-2022),폐기물,0.0014861014857937389
moon_post_covid_2020_2022,문재인 후기/코로나 이후(2020-2022),폐쇄,0.0027177476231080495
moon_post_covid_2020_2022,문재인 후기/코로나 이후(2020-2022),폐지,0.004997959531771833
moon_post_covid_2020_2022,문재인 후기/코로나 이후(2020-2022),포괄,0.0006421834786165918
moon_post_covid_2020_2022,문재인 후기/코로나 이후(2020-2022),포럼,0.0018715551975094992
moon_post_covid_2020_2022,문재인 후기/코로나 이후(2020-2022),포스코,0.0014467223241949694
moon_post_covid_2020_2022,문재인 후기/코로나 이후(2020-2022),포스트,0.0017783246880302185
moon_post_covid_2020_2022,문재인 후기/코로나 이후(2020-2022),포용,0.0009677185503528416
moon_post_covid_2020_2022,문재인 후기/코로나 이후(2020-2022),포장,0.0012748786213775663
moon_post_covid_2020_2022,문재인 후기/코로나 이후(2020-2022),포착,0.00124590528184662
moon_post_covid_2020_2022,문재인 후기/코로나 이후(2020-2022),포털,0.0010525193053791439
moon_post_covid_2020_2022,문재인 후기/코로나 이후(2020-2022),포퓰리즘,0.0010884759835240773
moon_post_covid_2020_2022,문재인 후기/코로나 이후(2020-2022),포항,0.0013039926234128354
moon_post_covid_2020_2022,문재인 후기/코로나 이후(2020-2022),폭로,0.0011560838815051525
moon_post_covid_2020_2022,문재인 후기/코로나 이후(2020-2022),폭발,0.001378835127094945
moon_post_covid_2020_2022,문재인 후기/코로나 이후(2020-2022),폭탄,0.001059181632819877
moon_post_covid_2020_2022,문재인 후기/코로나 이후(2020-2022),폴란드,0.0008073166211965425
moon_post_covid_2020_2022,문재인 후기/코로나 이후(2020-2022),표결,0.0008978630740268632
moon_post_covid_2020_2022,문재인 후기/코로나 이후(2020-2022),표명,0.0022221123289009053
moon_post_covid_2020_2022,문재인 후기/코로나 이후(2020-2022),표시,0.001627356774457627
moon_post_covid_2020_2022,문재인 후기/코로나 이후(2020-2022),표심,0.0022413913991248475
moon_post_covid_2020_2022,문재인 후기/코로나 이후(2020-2022),표정,0.0009661523358404552
moon_post_covid_2020_2022,문재인 후기/코로나 이후(2020-2022),표준,0.0014187436509243618
moon_post_covid_2020_2022,문재인 후기/코로나 이후(2020-2022),표출,0.0006228918914407951
moon_post_covid_2020_2022,문재인 후기/코로나 이후(2020-2022),풀이,0.0020249981495756627
moon_post_covid_2020_2022,문재인 후기/코로나 이후(2020-2022),품목,0.00125310590181987
moon_post_covid_2020_2022,문재인 후기/코로나 이후(2020-2022),품질,0.002427835722751409
moon_post_covid_2020_2022,문재인 후기/코로나 이후(2020-2022),풍경,0.0009693236412879397
moon_post_covid_2020_2022,문재인 후기/코로나 이후(2020-2022),프랜차이즈,0.000639487088090755
moon_post_covid_2020_2022,문재인 후기/코로나 이후(2020-2022),프레임,0.0013616599855222778
moon_post_covid_2020_2022,문재인 후기/코로나 이후(2020-2022),프로세스,0.0010414001252239946
moon_post_covid_2020_2022,문재인 후기/코로나 이후(2020-2022),프리미엄,0.0019185826885306447
moon_post_covid_2020_2022,문재인 후기/코로나 이후(2020-2022),플라스틱,0.0013797589600439742
moon_post_covid_2020_2022,문재인 후기/코로나 이후(2020-2022),플랫폼,0.008149315915759622
moon_post_covid_2020_2022,문재인 후기/코로나 이후(2020-2022),플러스,0.0013862246589663248
moon_post_covid_2020_2022,문재인 후기/코로나 이후(2020-2022),플레이,0.0009836499463362163
moon_post_covid_2020_2022,문재인 후기/코로나 이후(2020-2022),피고인,0.001829074864774247
moon_post_covid_2020_2022,문재인 후기/코로나 이후(2020-2022),피의자,0.0023893527404375537
moon_post_covid_2020_2022,문재인 후기/코로나 이후(2020-2022),피해자들,0.0014333733239199062
moon_post_covid_2020_2022,문재인 후기/코로나 이후(2020-2022),핀란드,0.0006484172779712383
moon_post_covid_2020_2022,문재인 후기/코로나 이후(2020-2022),핀테크,0.0009513594798984514
moon_post_covid_2020_2022,문재인 후기/코로나 이후(2020-2022),필리핀,0.0009107780557053826
moon_post_covid_2020_2022,문재인 후기/코로나 이후(2020-2022),필수,0.0016528386395558156
moon_post_covid_2020_2022,문재인 후기/코로나 이후(2020-2022),필수적,0.0007569611917329233
moon_post_covid_2020_2022,문재인 후기/코로나 이후(2020-2022),필요성,0.0023538776320846683
moon_post_covid_2020_2022,문재인 후기/코로나 이후(2020-2022),필요한,0.0008035025242943326
moon_post_covid_2020_2022,문재인 후기/코로나 이후(2020-2022),필자,0.00045876489608014754
moon_post_covid_2020_2022,문재인 후기/코로나 이후(2020-2022),하고,0.0015419244962027404
moon_post_covid_2020_2022,문재인 후기/코로나 이후(2020-2022),하나은행,0.0007688008737998348
moon_post_covid_2020_2022,문재인 후기/코로나 이후(2020-2022),하늘,0.001320666792096881
moon_post_covid_2020_2022,문재인 후기/코로나 이후(2020-2022),하우스,0.0007744849537571642
moon_post_covid_2020_2022,문재인 후기/코로나 이후(2020-2022),하원,0.0012142994896503468
moon_post_covid_2020_2022,문재인 후기/코로나 이후(2020-2022),하위,0.0012016728455969742
moon_post_covid_2020_2022,문재인 후기/코로나 이후(2020-2022),하이닉스,0.0016256457515414942
moon_post_covid_2020_2022,문재인 후기/코로나 이후(2020-2022),하이브리드,0.0009325678888272155
moon_post_covid_2020_2022,문재인 후기/코로나 이후(2020-2022),하지만,0.001907696658210789
moon_post_covid_2020_2022,문재인 후기/코로나 이후(2020-2022),하태경,0.0013376249326133261
moon_post_covid_2020_2022,문재인 후기/코로나 이후(2020-2022),학계,0.0007553115562346528
moon_post_covid_2020_2022,문재인 후기/코로나 이후(2020-2022),학과,0.0013376248969502165
moon_post_covid_2020_2022,문재인 후기/코로나 이후(2020-2022),학기,0.0012112913183787277
moon_post_covid_2020_2022,문재인 후기/코로나 이후(2020-2022),학년,0.0016577642171285254
moon_post_covid_2020_2022,문재인 후기/코로나 이후(2020-2022),학력,0.0012096440082339185
moon_post_covid_2020_2022,문재인 후기/코로나 이후(2020-2022),학문,0.0005973829354084765
moon_post_covid_2020_2022,문재인 후기/코로나 이후(2020-2022),학부,0.0008284409069140641
moon_post_covid_2020_2022,문재인 후기/코로나 이후(2020-2022),학부모들,0.0005287609294037085
moon_post_covid_2020_2022,문재인 후기/코로나 이후(2020-2022),학살,0.0007401657794030066
moon_post_covid_2020_2022,문재인 후기/코로나 이후(2020-2022),학생부,0.0007942312702849977
moon_post_covid_2020_2022,문재인 후기/코로나 이후(2020-2022),학술,0.0008409773240956444
moon_post_covid_2020_2022,문재인 후기/코로나 이후(2020-2022),학술지,0.0009165186379281815
moon_post_covid_2020_2022,문재인 후기/코로나 이후(2020-2022),학습,0.0023107230829366096
moon_post_covid_2020_2022,문재인 후기/코로나 이후(2020-2022),학업,0.0007300351917625512
moon_post_covid_2020_2022,문재인 후기/코로나 이후(2020-2022),학원,0.0016883648631750357
moon_post_covid_2020_2022,문재인 후기/코로나 이후(2020-2022),학위,0.0009410376639629449
moon_post_covid_2020_2022,문재인 후기/코로나 이후(2020-2022),학자,0.0007042350012290709
moon_post_covid_2020_2022,문재인 후기/코로나 이후(2020-2022),학점,0.0006649525211236943
moon_post_covid_2020_2022,문재인 후기/코로나 이후(2020-2022),한강,0.0011170104379771369
moon_post_covid_2020_2022,문재인 후기/코로나 이후(2020-2022),한겨레,0.0010800992288993098
moon_post_covid_2020_2022,문재인 후기/코로나 이후(2020-2022),한계,0.002647075051744155
moon_post_covid_2020_2022,문재인 후기/코로나 이후(2020-2022),한국어,0.0010576553575638327
moon_post_covid_2020_2022,문재인 후기/코로나 이후(2020-2022),한국은행,0.0015711440213398312
moon_post_covid_2020_2022,문재인 후기/코로나 이후(2020-2022),한국의,0.0008752868038511214
moon_post_covid_2020_2022,문재인 후기/코로나 이후(2020-2022),한국전쟁,0.0005658851129171024
moon_post_covid_2020_2022,문재인 후기/코로나 이후(2020-2022),한국토지주택공사,0.001824192535607812
moon_post_covid_2020_2022,문재인 후기/코로나 이후(2020-2022),한국판,0.0018155197087195952
moon_post_covid_2020_2022,문재인 후기/코로나 이후(2020-2022),한나라당,0.000572500082224405
moon_post_covid_2020_2022,문재인 후기/코로나 이후(2020-2022),한다,0.0023113042605197843
moon_post_covid_2020_2022,문재인 후기/코로나 이후(2020-2022),한다는,0.0009754063523349758
moon_post_covid_2020_2022,문재인 후기/코로나 이후(2020-2022),한도,0.0014328209571503713
moon_post_covid_2020_2022,문재인 후기/코로나 이후(2020-2022),한동안,0.0008459545900203286
moon_post_covid_2020_2022,문재인 후기/코로나 이후(2020-2022),한류,0.0007103863539102719
moon_post_covid_2020_2022,문재인 후기/코로나 이후(2020-2022),한마디,0.0014764238871842505
moon_post_covid_2020_2022,문재인 후기/코로나 이후(2020-2022),한수원,0.0008899505762128236
moon_post_covid_2020_2022,문재인 후기/코로나 이후(2020-2022),한양대,0.0008177170969407958
moon_post_covid_2020_2022,문재인 후기/코로나 이후(2020-2022),한은,0.0015275131616324733
moon_post_covid_2020_2022,문재인 후기/코로나 이후(2020-2022),한인,0.0006833322299991481
moon_post_covid_2020_2022,문재인 후기/코로나 이후(2020-2022),한전,0.0009279226738278147
moon_post_covid_2020_2022,문재인 후기/코로나 이후(2020-2022),한정,0.0011672390547810556
moon_post_covid_2020_2022,문재인 후기/코로나 이후(2020-2022),한쪽,0.0010435398619625356
moon_post_covid_2020_2022,문재인 후기/코로나 이후(2020-2022),한참,0.0006983693016942372
moon_post_covid_2020_2022,문재인 후기/코로나 이후(2020-2022),한편,0.002083727096711061
moon_post_covid_2020_2022,문재인 후기/코로나 이후(2020-2022),한화,0.0013995100967493488
moon_post_covid_2020_2022,문재인 후기/코로나 이후(2020-2022),할리우드,0.0008929045780426116
moon_post_covid_2020_2022,문재인 후기/코로나 이후(2020-2022),할아버지,0.0006462926210969663
moon_post_covid_2020_2022,문재인 후기/코로나 이후(2020-2022),할인,0.001855865215663883
moon_post_covid_2020_2022,문재인 후기/코로나 이후(2020-2022),합격,0.001492198097554038
moon_post_covid_2020_2022,문재인 후기/코로나 이후(2020-2022),합격자,0.0010941491688771024
moon_post_covid_2020_2022,문재인 후기/코로나 이후(2020-2022),합동,0.0020113913192032922
moon_post_covid_2020_2022,문재인 후기/코로나 이후(2020-2022),합류,0.0024008519620911783
moon_post_covid_2020_2022,문재인 후기/코로나 이후(2020-2022),합리,0.0009120902293528515
moon_post_covid_2020_2022,문재인 후기/코로나 이후(2020-2022),합리적,0.0014901579280258326
moon_post_covid_2020_2022,문재인 후기/코로나 이후(2020-2022),합병,0.00122204010423206
moon_post_covid_2020_2022,문재인 후기/코로나 이후(2020-2022),합산,0.0007796387345958843
moon_post_covid_2020_2022,문재인 후기/코로나 이후(2020-2022),합의문,0.0004245487688140303
moon_post_covid_2020_2022,문재인 후기/코로나 이후(2020-2022),합참,0.0008448868471591516
moon_post_covid_2020_2022,문재인 후기/코로나 이후(2020-2022),항공,0.0016255329464947897
moon_post_covid_2020_2022,문재인 후기/코로나 이후(2020-2022),항공기,0.001216024094430823
moon_post_covid_2020_2022,문재인 후기/코로나 이후(2020-2022),항공사,0.0009591164675007314
moon_post_covid_2020_2022,문재인 후기/코로나 이후(2020-2022),항목,0.0015333862655844209
moon_post_covid_2020_2022,문재인 후기/코로나 이후(2020-2022),항소심,0.001430815684776086
moon_post_covid_2020_2022,문재인 후기/코로나 이후(2020-2022),항의,0.0016915315131933411
moon_post_covid_2020_2022,문재인 후기/코로나 이후(2020-2022),항쟁,0.0004620293947310886
moon_post_covid_2020_2022,문재인 후기/코로나 이후(2020-2022),해결책,0.0009683959978127576
moon_post_covid_2020_2022,문재인 후기/코로나 이후(2020-2022),해경,0.0010528316187245327
moon_post_covid_2020_2022,문재인 후기/코로나 이후(2020-2022),해고,0.0012002663605411518
moon_post_covid_2020_2022,문재인 후기/코로나 이후(2020-2022),해군,0.0012576226147961542
moon_post_covid_2020_2022,문재인 후기/코로나 이후(2020-2022),해당,0.0012613853029537652
moon_post_covid_2020_2022,문재인 후기/코로나 이후(2020-2022),해명,0.0026705272586928816
moon_post_covid_2020_2022,문재인 후기/코로나 이후(2020-2022),해방,0.0007306159694303867
moon_post_covid_2020_2022,문재인 후기/코로나 이후(2020-2022),해법,0.0014026877029028595
moon_post_covid_2020_2022,문재인 후기/코로나 이후(2020-2022),해상,0.0013538564015461228
moon_post_covid_2020_2022,문재인 후기/코로나 이후(2020-2022),해설,0.0009247377596207747
moon_post_covid_2020_2022,문재인 후기/코로나 이후(2020-2022),해수부,0.0008795966848813788
moon_post_covid_2020_2022,문재인 후기/코로나 이후(2020-2022),해양,0.0018321989159516073
moon_post_covid_2020_2022,문재인 후기/코로나 이후(2020-2022),해임,0.0012541666676476161
moon_post_covid_2020_2022,문재인 후기/코로나 이후(2020-2022),해제,0.0025705756622763933
moon_post_covid_2020_2022,문재인 후기/코로나 이후(2020-2022),해체,0.001595404940026563
moon_post_covid_2020_2022,문재인 후기/코로나 이후(2020-2022),해킹,0.0009620596494685181
moon_post_covid_2020_2022,문재인 후기/코로나 이후(2020-2022),핵무기,0.001142949071463401
moon_post_covid_2020_2022,문재인 후기/코로나 이후(2020-2022),핵심적,0.00045504664714510277
moon_post_covid_2020_2022,문재인 후기/코로나 이후(2020-2022),했습니다,0.0017206103924566024
moon_post_covid_2020_2022,문재인 후기/코로나 이후(2020-2022),행동,0.0038191197495886843
moon_post_covid_2020_2022,문재인 후기/코로나 이후(2020-2022),행운,0.0006864069001517477
moon_post_covid_2020_2022,문재인 후기/코로나 이후(2020-2022),행위,0.0049627857003482784
moon_post_covid_2020_2022,문재인 후기/코로나 이후(2020-2022),행정,0.0045506475319276015
moon_post_covid_2020_2022,문재인 후기/코로나 이후(2020-2022),행정관,0.0007418698181071336
moon_post_covid_2020_2022,문재인 후기/코로나 이후(2020-2022),행진,0.0007232435096795074
moon_post_covid_2020_2022,문재인 후기/코로나 이후(2020-2022),행태,0.001299298642911376
moon_post_covid_2020_2022,문재인 후기/코로나 이후(2020-2022),향상,0.0021251923660319735
moon_post_covid_2020_2022,문재인 후기/코로나 이후(2020-2022),허가,0.0028443464078994206
moon_post_covid_2020_2022,문재인 후기/코로나 이후(2020-2022),허리,0.0006081032704653872
moon_post_covid_2020_2022,문재인 후기/코로나 이후(2020-2022),허브,0.0008658917859374028
moon_post_covid_2020_2022,문재인 후기/코로나 이후(2020-2022),허용,0.003191030453702539
moon_post_covid_2020_2022,문재인 후기/코로나 이후(2020-2022),허위,0.0025782975588890503
moon_post_covid_2020_2022,문재인 후기/코로나 이후(2020-2022),헌법재판소,0.0007021017797568441
moon_post_covid_2020_2022,문재인 후기/코로나 이후(2020-2022),헌신,0.0011477555893676008
moon_post_covid_2020_2022,문재인 후기/코로나 이후(2020-2022),헬기,0.0010466635974053836
moon_post_covid_2020_2022,문재인 후기/코로나 이후(2020-2022),헬스,0.0009332532942425816
moon_post_covid_2020_2022,문재인 후기/코로나 이후(2020-2022),혁신,0.010141055823149217
moon_post_covid_2020_2022,문재인 후기/코로나 이후(2020-2022),혁신성장,0.0004158215301696477
moon_post_covid_2020_2022,문재인 후기/코로나 이후(2020-2022),혁신적,0.0009558653995595016
moon_post_covid_2020_2022,문재인 후기/코로나 이후(2020-2022),현금,0.0024658239815842915
moon_post_covid_2020_2022,문재인 후기/코로나 이후(2020-2022),현대자동차,0.0009410889559234166
moon_post_covid_2020_2022,문재인 후기/코로나 이후(2020-2022),현대중공업,0.0006326812750089523
moon_post_covid_2020_2022,문재인 후기/코로나 이후(2020-2022),현대차그룹,0.0014010950921184893
moon_post_covid_2020_2022,문재인 후기/코로나 이후(2020-2022),현실,0.004440933824184889
moon_post_covid_2020_2022,문재인 후기/코로나 이후(2020-2022),현실적,0.0013742042056796105
moon_post_covid_2020_2022,문재인 후기/코로나 이후(2020-2022),현실화,0.001156627774115668
moon_post_covid_2020_2022,문재인 후기/코로나 이후(2020-2022),현역,0.0018686779114290314
moon_post_covid_2020_2022,문재인 후기/코로나 이후(2020-2022),현지시각,0.0019732953446218683
moon_post_covid_2020_2022,문재인 후기/코로나 이후(2020-2022),현직,0.0027210255402177175
moon_post_covid_2020_2022,문재인 후기/코로나 이후(2020-2022),혐오,0.001532601605130236
moon_post_covid_2020_2022,문재인 후기/코로나 이후(2020-2022),혐의로,0.00198942155921916
moon_post_covid_2020_2022,문재인 후기/코로나 이후(2020-2022),협력사,0.0009297394571884022
moon_post_covid_2020_2022,문재인 후기/코로나 이후(2020-2022),협박,0.0011367648120781137
moon_post_covid_2020_2022,문재인 후기/코로나 이후(2020-2022),협약,0.0026514777103227366
moon_post_covid_2020_2022,문재인 후기/코로나 이후(2020-2022),협업,0.0025809406247615154
moon_post_covid_2020_2022,문재인 후기/코로나 이후(2020-2022),협의체,0.0016741213039627868
moon_post_covid_2020_2022,문재인 후기/코로나 이후(2020-2022),협의회,0.0015960948307974854
moon_post_covid_2020_2022,문재인 후기/코로나 이후(2020-2022),협정,0.001092769013330369
moon_post_covid_2020_2022,문재인 후기/코로나 이후(2020-2022),협조,0.002280602090262979
moon_post_covid_2020_2022,문재인 후기/코로나 이후(2020-2022),협치,0.0013795755319208382
moon_post_covid_2020_2022,문재인 후기/코로나 이후(2020-2022),협회,0.00160272705486322
moon_post_covid_2020_2022,문재인 후기/코로나 이후(2020-2022),형성,0.0024221358631765196
moon_post_covid_2020_2022,문재인 후기/코로나 이후(2020-2022),형식,0.001585918560296085
moon_post_covid_2020_2022,문재인 후기/코로나 이후(2020-2022),형제,0.0008147109925270833
moon_post_covid_2020_2022,문재인 후기/코로나 이후(2020-2022),형평성,0.0008127749986015544
moon_post_covid_2020_2022,문재인 후기/코로나 이후(2020-2022),호기,0.0010179054288729876
moon_post_covid_2020_2022,문재인 후기/코로나 이후(2020-2022),호소,0.003126577403080509
moon_post_covid_2020_2022,문재인 후기/코로나 이후(2020-2022),호응,0.001092763633550483
moon_post_covid_2020_2022,문재인 후기/코로나 이후(2020-2022),호텔,0.0019541307397216976
moon_post_covid_2020_2022,문재인 후기/코로나 이후(2020-2022),호평,0.0009370214492115411
moon_post_covid_2020_2022,문재인 후기/코로나 이후(2020-2022),호흡,0.0010384308263901416
moon_post_covid_2020_2022,문재인 후기/코로나 이후(2020-2022),혼란,0.0022308212799102916
moon_post_covid_2020_2022,문재인 후기/코로나 이후(2020-2022),혼자,0.002236094401741797
moon_post_covid_2020_2022,문재인 후기/코로나 이후(2020-2022),화두,0.0009044224092052974
moon_post_covid_2020_2022,문재인 후기/코로나 이후(2020-2022),화상,0.002789185821547453
moon_post_covid_2020_2022,문재인 후기/코로나 이후(2020-2022),화성,0.0015256718386606116
moon_post_covid_2020_2022,문재인 후기/코로나 이후(2020-2022),화장실,0.001112022168245722
moon_post_covid_2020_2022,문재인 후기/코로나 이후(2020-2022),화제,0.0018977705655741706
moon_post_covid_2020_2022,문재인 후기/코로나 이후(2020-2022),화폐,0.0022390677700442154
moon_post_covid_2020_2022,문재인 후기/코로나 이후(2020-2022),화학,0.002150642388784479
moon_post_covid_2020_2022,문재인 후기/코로나 이후(2020-2022),화합,0.000567106481474765
moon_post_covid_2020_2022,문재인 후기/코로나 이후(2020-2022),화해,0.0006522627292300801
moon_post_covid_2020_2022,문재인 후기/코로나 이후(2020-2022),확률,0.0010077489636260166
moon_post_covid_2020_2022,문재인 후기/코로나 이후(2020-2022),확립,0.0007728969692767402
moon_post_covid_2020_2022,문재인 후기/코로나 이후(2020-2022),확신,0.0011626044885326538
moon_post_covid_2020_2022,문재인 후기/코로나 이후(2020-2022),확진자,0.015937512699966346
moon_post_covid_2020_2022,문재인 후기/코로나 이후(2020-2022),확충,0.0016743222958116428
moon_post_covid_2020_2022,문재인 후기/코로나 이후(2020-2022),환수,0.0014966885120965582
moon_post_covid_2020_2022,문재인 후기/코로나 이후(2020-2022),환영,0.0014934277631786443
moon_post_covid_2020_2022,문재인 후기/코로나 이후(2020-2022),환율,0.0010508629323176392
moon_post_covid_2020_2022,문재인 후기/코로나 이후(2020-2022),환자들,0.0011950078594810422
moon_post_covid_2020_2022,문재인 후기/코로나 이후(2020-2022),활동가,0.0011432002310633519
moon_post_covid_2020_2022,문재인 후기/코로나 이후(2020-2022),활력,0.0009749731352497862
moon_post_covid_2020_2022,문재인 후기/코로나 이후(2020-2022),활약,0.0016330678762571484
moon_post_covid_2020_2022,문재인 후기/코로나 이후(2020-2022),활용,0.008293497913032672
moon_post_covid_2020_2022,문재인 후기/코로나 이후(2020-2022),회견,0.0029863207767708887
moon_post_covid_2020_2022,문재인 후기/코로나 이후(2020-2022),회계,0.0013724930743367336
moon_post_covid_2020_2022,문재인 후기/코로나 이후(2020-2022),회수,0.0009337139111131574
moon_post_covid_2020_2022,문재인 후기/코로나 이후(2020-2022),회원,0.001969932884355654
moon_post_covid_2020_2022,문재인 후기/코로나 이후(2020-2022),회원국,0.001520159037172379
moon_post_covid_2020_2022,문재인 후기/코로나 이후(2020-2022),회피,0.001160718795787238
moon_post_covid_2020_2022,문재인 후기/코로나 이후(2020-2022),획기적,0.0007808851760516621
moon_post_covid_2020_2022,문재인 후기/코로나 이후(2020-2022),획득,0.0015293840371921614
moon_post_covid_2020_2022,문재인 후기/코로나 이후(2020-2022),횟수,0.0007759308256995159
moon_post_covid_2020_2022,문재인 후기/코로나 이후(2020-2022),횡령,0.0011611522616612044
moon_post_covid_2020_2022,문재인 후기/코로나 이후(2020-2022),효과적,0.00145548376554039
moon_post_covid_2020_2022,문재인 후기/코로나 이후(2020-2022),효력,0.0009695025786876902
moon_post_covid_2020_2022,문재인 후기/코로나 이후(2020-2022),효율,0.001579408787426427
moon_post_covid_2020_2022,문재인 후기/코로나 이후(2020-2022),효율성,0.000790804245766985
moon_post_covid_2020_2022,문재인 후기/코로나 이후(2020-2022),효율적,0.001251771833706294
moon_post_covid_2020_2022,문재인 후기/코로나 이후(2020-2022),후반,0.0013469672205772567
moon_post_covid_2020_2022,문재인 후기/코로나 이후(2020-2022),후배,0.0010721224672016287
moon_post_covid_2020_2022,문재인 후기/코로나 이후(2020-2022),후배들,0.0006834155711518751
moon_post_covid_2020_2022,문재인 후기/코로나 이후(2020-2022),후보가,0.0023549533372939136
moon_post_covid_2020_2022,문재인 후기/코로나 이후(2020-2022),후보들,0.002753117345205228
moon_post_covid_2020_2022,문재인 후기/코로나 이후(2020-2022),후속,0.001648088888782117
moon_post_covid_2020_2022,문재인 후기/코로나 이후(2020-2022),후원,0.0012686652673309603
moon_post_covid_2020_2022,문재인 후기/코로나 이후(2020-2022),후원금,0.0008144174907174404
moon_post_covid_2020_2022,문재인 후기/코로나 이후(2020-2022),후임,0.000901528905457389
moon_post_covid_2020_2022,문재인 후기/코로나 이후(2020-2022),후쿠시마,0.0008511011930944288
moon_post_covid_2020_2022,문재인 후기/코로나 이후(2020-2022),후퇴,0.0007740667752760375
moon_post_covid_2020_2022,문재인 후기/코로나 이후(2020-2022),훼손,0.0026492832497500983
moon_post_covid_2020_2022,문재인 후기/코로나 이후(2020-2022),휴가,0.0019262584731508997
moon_post_covid_2020_2022,문재인 후기/코로나 이후(2020-2022),휴대,0.0011194691296945861
moon_post_covid_2020_2022,문재인 후기/코로나 이후(2020-2022),휴대전화,0.0015492780785882428
moon_post_covid_2020_2022,문재인 후기/코로나 이후(2020-2022),휴대폰,0.000994848409027882
moon_post_covid_2020_2022,문재인 후기/코로나 이후(2020-2022),휴식,0.0007737502429828863
moon_post_covid_2020_2022,문재인 후기/코로나 이후(2020-2022),휴일,0.000646467674633931
moon_post_covid_2020_2022,문재인 후기/코로나 이후(2020-2022),휴직,0.0009314112820124968
moon_post_covid_2020_2022,문재인 후기/코로나 이후(2020-2022),흐름,0.0026829459542460046
moon_post_covid_2020_2022,문재인 후기/코로나 이후(2020-2022),흑인,0.0016666184394459518
moon_post_covid_2020_2022,문재인 후기/코로나 이후(2020-2022),흑자,0.0007170054689694001
moon_post_covid_2020_2022,문재인 후기/코로나 이후(2020-2022),흔적,0.0008129325125284667
moon_post_covid_2020_2022,문재인 후기/코로나 이후(2020-2022),흡수,0.0009270196679590113
moon_post_covid_2020_2022,문재인 후기/코로나 이후(2020-2022),흥미,0.001008298772763416
moon_post_covid_2020_2022,문재인 후기/코로나 이후(2020-2022),흥행,0.001265148740666034
moon_post_covid_2020_2022,문재인 후기/코로나 이후(2020-2022),희망,0.004043329794744899
moon_post_covid_2020_2022,문재인 후기/코로나 이후(2020-2022),희생자,0.001132567236022134
