정부,키워드,문장
문재인정부,가치,여기가 평양이야 서울이야 대북전단금지법 의회 청문회 개최 망신살 화정안보포커스 북한으로 전단을 날려 보내는 것을 처벌하는 내용의 일명 대북전단금지법이 지난달 말 시행이 됐습니다 이와 관련 미국의회에서 청문회가 열렸는데요 톰 랜토스 인권위원회에서 최근에 청문회를 열었습니다 이 청문회에서는 대북 전단 뿐만 아니라 한국의 인권상황에 대해서도 이야기가 되었습니다 년 민주화 체제가 들어선 이후 년이 지났는데 이런 청문회 평양 서울 대북전단금지법 의회 망신살 청문회 개최 화정안보포커스 북한 전단 처벌 일명 대북 전단 금지법 시행 미국의회 청문회 인권위원회 랜토스 인권 위원회 청문회 청문회 대북 전단 한국 인권상황 이야기 체제 민주 년 청문회 이례적 조금 포커스 화정 안보 미국 청문회 계기 자유북한운동연합 박상학 대표 말씀 대표님 전단 오랫동안 대북 임진각 망배단 대표 말씀 대표님 청문회 인상적 미흡 랜토스 인권 위원회 주관 대북 전단 금지법 규탄 청문회 크리스 스미스 미국의원님 대북전단 당사자 감사 청문회 완벽 청문회 미국의회 감사 청문회 대북 전단 금지법 규탄 미국 만장일치 북한인권 법안 가결 인권 법안 기초 북한 대북전단 대북 방송 단체 개인 지원 북한 왕조 장막 외부세계 정보 차단 북한사람들 세기 수령 노예 전락 비참 생활 권리 사실 진실 마지막 인권 차원 미국 의회 원래 의회 정부 미국 의회 북한인권 법안 발의 북한 정보 진실 예산 지원 헌법 위반 헌법 조 대한민국 국민 표현 자유 집회 결사 자유 출판 보도 자유 국민 기본권 국민 기본권 주석 김여정 하명법 대북 전단 금지법 악법 미국의회 청문회 탈북자 단체 분들 청문회 미흡 대표님 생각 대북전단 문재인 정권 통일부 직접적 피해 당사자 청문회 당사자 이야기 반대 지원단 통일부 법률 전수미 이야기 막말 당사자 이야기들 균형 사람들 자 대북 전단 연관 수잔 솔티 나머지 대북전단 사람들 사람들 청문회 청문회 불만 증언 구성 정확 스미스 의원 월 약속 대한민국 정부 미국 의회 청문회 북한 인권 법안 미국 통과 만장일치 인권법안 북한 자유 정보 제 조항 대한민국 미국 안보동맹 자유 민주주의 체제 가치관 동맹 동맹 동맹국 의회 만장일치 통과 북한인권법 완전 반대 법안 범죄시 법안 대한민국 의회 대북전단금지법 성격 대북전단금지법 미국 북한 인권 법안 북한 자유 정보 예산 반대 미국 년 통과 북한 인권 법안 반대 범죄시 법안 동맹국 의회 미국 동맹국 시작 월말 합동 우리식 외통위 구속력 청문회 오프라인 의원 스미스 법안 악법 악법 국민 기본권 박탈 헌법 위배 악법 전단 법안 발효 처벌조항 북한 인권 활동 시작 대북전단 북한 암살 독침 북한주민들 사실 진실 죽음 감옥 위반 실정법 대표님 서울 그동안 활동 말씀 서울 년 년 강철환씨 북한민주 운동 본부 북한 인권 활동 시작 년도 자유북한운동연합 자유북한운동연합 북한 주민 사실 진실 대북전단 활동 사실 진실 년 대북전단 대북 전단 운동 선생님 동생분 대표 탈북자 단체 통일부 처분 법인 설립 취소 행정법원 소송 제기 승인 취소 중단 소송 진행 자유 북한 운동 큰샘 법인 취소 통일부 탈북자 단체 법인 년 김여정 법인 취소 이인영 통일부장관 김여정 통일부장관 결사적 단체 대북전단 법인 취소 행정법원 결심 공판 법인 취소 통일부 요구한데 법인 취소 비합법적 통일부 법인 취소 한국 법치국가 월 미국 의회 청문회 가지 이야기 한국 탈북민 탈북자 단체 홀대 청문회 이야기 중국 여종업원들 유경식당 북한 여종업원 탈북자 허강일 미국 망명 대표님 정부 기간 홀대 푸대접 탄압 박해 기부금법 단체 지정 기부금 기부금법 위반 정부 승인 김여정 난리 김여정 하명법 단체 탈북자 단체 이야기 허강일 지배인 월 허강일씨 사람 이야기 가관 서울 형편 단체 법인 취소 계좌 압수 수색 간첩 공안 수사대 옛날 대공 분실 간첩 최고 피해자 간첩 수사 서울 평양 박해 탈북자 단체 전수조사 압수 수색 단체 큰샘 단체들 지원 원씩 지원 북한 김여정 대북 전단 협박 결국 남북 연락 사무소 폭파 생각 북한 한국드라마 북한 정보 유입 방법 생각 대북전단 북한 국군 전단 년대 국군 심리전단 원산 개선 광장 전단 강철환 정치범 수용소 사람 서울 한양대학교 정착금 원씩 중국 중국 대한민국 북한 대한민국 대한민국 군인들 외교관 유학 제한 중국 한국 수용소 정보고 정치범 서울 대학 드라마 잽이 드라마 그림 대북전단 김일성 부자 조선노동당 남한 미제 식민지 인간 불모지 거지떼 사람 김일성 부자 생거짓말 세기 인간 완벽 거짓 위선 거짓 위선자 사실 진실 진실 대북전단 목숨 압록강 두만강 자유 사람들 생활체험 현재진행형 사랑 부모형제들 편지 대북전단 선전물 각색 전단내용 북한 사람 선언 선언 비방 중단 대북전단 중단 국군심리전단 국군심리전단 단체 대북전단 대북전단 북한사람들 미제 식민지 인간 불모지 남조선 수령 인민 낙원 원인 분들 신빙성 남한 그림 갈수 탈북자들 만 명씩 북한 자유민주주의 세계인권선언 세계인권선언 북한 사람 자유민주주의 자자 자유민주주 시장경제 삼성 현대자동차 소책자 미꾸라지 대한민국 김연아 대한민국 인권 사회 경제 문화 정치 발전 역사 청와대 국정 홍보실 탈북자들 역적행위 전단 대북 전단 헌법 보장 표현 자유 제약 북한 폐쇄 체제 외부 정보 인권차원 지적들 제정 정부 입법취지 설명 접경 지역 주민 안전 접경지역 주민들 걱정 목소리 수긍 사람들 전단 분들 이야기 설명 구차 변명 핑계 박근혜 대통령 군인들 전광판 설치 스피커 방송 북한 한방 초소 전방 후방 칠흑 전단 정부 국민 핑계 지역주민들 생명 안전 직결 군인들 지역주민들 안전 전면 전광판 국군 국민 가까이 사람 국민 군인들 정면 북한 기관총 전광판 스피커 방송 년 국군 전단 지역 주민 변명 구차 변명 북한 탈북자들 전단 남북관계 단절 차원 지역 주민 핑계 대북전단 수류탄 독약 지역 주민 상관 정부 표명 주민들 특정 사람들 평화 통일 평통사 특정 정치 이념 집단들 전단 지역주민들 전단 방해 평통사 단체 본부 부산 부산 광주 지역 주민 특정 정치이념 북한 동조 친북적 단체 방해 주민들 여 대북전단 년간 대북 전단 사람 지역 주민 사람 년 비공개 칠흑 전단 분 미터 지역주민들 대표님 말씀 감사 일들 감사 정리 세기 윤융근 화정평화재단 세기 평화연구소 기획위원 인권위원회 랜토스 인권 위원회 청문회 일 시 워싱턴 현지 시각 한국 시각 시 북한 태양절 김일성 생일 장소 화상 진행 가량 주제 한국 권리 시민 정치 한반도 인권 함의 공동 의장 크리스토퍼 스미스 공화당 하원 의원 제임스 맥거번 민주당 하원 의원 증인 미국 명 고든 변호사 고든 시프턴 휴먼라이츠워치 아시아 국장 수전 숄티 북한자유연합 대표 제시카 한국 명 이인호 주러대사 전수미 변호사 발언 스미스 의원 발언 표현 자유 제약 한국 대중음악 북한 유입 성경 금지법 풍선 한국 정부 북한 중국 개선 비확산 인권 약속 후퇴 극도 북한 주민 자유 외면 전략 초점 실수 인권 변호사 출신 재인 정권 인권 초점 실패 한국 김정은 정권 잔혹 독재정권 정반대 민주주 국가 평가 한국 민주주의 부패 상황 정부 표현 자유 제한 제정 기소권 정치화 시민단체 북한 활동 북한 단체들 억압 내정 간섭 비판 청문회 한국 정치 개입 정치적 이용 친구 친구 인권 문제점 지적 상호적 청문회 회견 청문회 사람들 공산주의 북한 사람 정보 전달 불법화 한국 법안 비판 성명 월 결정 한국 내정 간섭 비판 서울 부산시장 보궐선거 대북전단금지 한국 헌법 시민적 정치적 권리 국제 규약 규정 표현 자유 과도 제한 표현 자유 제약 통과 북한 시민사회단체들 맥거번 의원 인권 단체 대통령하 한국 정부 정치적 시민적 권리 제한 주장 조치들 비판 정부 북한 대화 접근법 비판적 단체들 침묵 시도 불평들 미국 경험 민주주 국가 자동적 인권 보호 한국 정부 그동안 대북 전단 금지법 대응 노력 개인적 논의 국회 수정 결정 희망 남부 국경 불법 이민 대응 년 미국 한반도 충돌 상황 비핵화 고든 문재인 대통령 한국 외교 정책 중국 북한 한국 인권 자유 잠식 한국 민주 제도 공격 대통령 한국 민주당 헌법 한국 민주주 개념 자유 시도 그해 한국 교과서 자유 단어 시작 남북 통일 한국 사회 북한 시도 한국 민주주의 국가 숄티 문재인 대통령 정부 북한인들 고통 무시 북한인들 자행 범죄 인권 침해 공모 대북전단금지법 권력 엘리트 보통 시민 북한인들 자신 고통 원천 김정은 김정은 북한 사람 안녕 자신 생존 결정 대북전단금지법 비극적 비헌법적 대북전단 북쪽 페트병 한국 드라마 위협 진짜 위협 것들 김정은 정권 장관 이인영 통일부 탈북자들 발언 신빙 제기 중국 탈출 북한 주민 한국 정부 도움 강제 북송 사례 한국 탈북자 피난처 북한 위험 제시카 연구원 제시카 의회 논의 진행 자체 억제 전단 살포 년 한국 정부 보수 진보 추진 한국 정부 비판 목소리 유튜브 대통령 북한 스파이 극단 표현 이인호 대사 문재인 정부 대의민주주의 허울 년 박근혜 대통령 탄핵 단순 정권 교체 연출 혁명 조국 법무부 장관 청와대 고위 인사 부패 사례 거론 핵심 인사 처벌 정부 감염증 신종 코로나바이러스 코로나 보수 집회 시위 표현 자유 제한 전수미 변호사 북한 외부 세계 정보 수단 고도 지역 군사 긴장 전단 살포 충돌 야기 주민들 한국 접경 지역 주민 안전문제 살포 대북 전단 중단 수년 요구 독재자 비참 최후 대북 전단 북한 인권 도움 생각 사안 정치적 이용 미국 청문회 반응 외교부 남북관계발전법 주민 접경 지역 생명 안전 보호 개정 개정 취지 부합 이행 청문회 개별 참석자 발언 논평 통일부 청문회 한미동맹 악영향 사안 인권위원회 랜토스 인권 위원회 미국 연방 인권 관심 의원들 초당적 기구 법안 심의 결의안 채택 국회 상임위 권한 중요 현안 공론화 의견들 입법 정책 영향 위원회 나이지리아 중국 아이티 겨냥 청문회 인권 청문회 인권 차례 탈북자 증언 북한 번 한국 민주 년 위원회 통일부 청문회 의결 권한 한국 청문회 성격 성격 정책 모임 스미스 의원 하원 상임위 외교위 산하 인권 소위 소속 인신 매매 인권 법안들 발의 대북전단금지법 남북 발전법 개정안 대북전단 포함 지칭 남북관계 발전 법률 규정 제 조 남북합의서 위반행위 행위 국민 생명 신체 위험 발생 일대 군사 분계선 북한 확성기 방송 일대 군사 분계선 북한 시각 매개물 게시물 게시 살포 제 조 정의 사용 용어 정의 전단 물품 광고선전물 인쇄물 보조기억장치 포함 금전 재산 이익 선전 증여 목적 전단 승인 북한 다수인 배부 북한 이동 제 국 전단 이동 포함 행위 제 조 벌칙 위반 년 징역 천만 벌금 제 항 미수범 처벌 통일부 예규 제 호 해석 지침 북한 다수인 배부 북한 이동 남한 군사분계선 이남 북한 군사분계선 이북 배부 이동 제 국 전단 이동 전단 기류 해류 자연 요인 영역 공해상 북한 이동 국 전단 살포 행위 적용대상 대북전단금지법 입법 경과 자유북한 운동 경기 김포시 월곶면 일대 전략 핵무기 충격 행동 위선자 김정은 문구 플래카드 대북 전단 풍선 띄움 일 보도 북한 노동신문 김여정 노동당 중앙위 담화 남조선 당국 묵인하 탈북자 쓰레기들 감행 반공화국 적대 행위 탈북자 것들 일대 기여 반공화국 삐라 지역 망나니짓 보도 사람값 쓰레기들 최고존엄 핵문제 조국 배반 들짐승 인간 추물 사람 흉내 구린내 입건사 것들 똥개 똥개들 똥개들 기여 주인 책임 방식 핵문제 비방 중상 거리낌 똥개 쓰레기들 짓거리 뒤감당 준비 남조선당국자들 원래 남조선당국 군사분계선일대 삐라살포 적대행위 판문점선언 군사합의서 조항 얼마 마당 면전 자행 악의 행위들 개인 자유 표현 자유 미명하 방치 남조선당국 최악 국면 변명 대가 남조선당국 남조선 당국 동네 동족 악의 잡음 응분 조처 페지 금강산 관광 쓸모 개성공업지구 완전 철거 북남공동련락사무소 페쇄 북남군사합의파기 각오 대변 여상기 통일부 긴급 브리핑 접경 지역 국민 생명 재산 위협 초래 행위 중단 정부 상황 종합적 접경지역 행위 긴장 조성 근본적 해소 실효성 제도 검토 전단 살포 단일 법률 요소 포함 법리적 법체계적 무리 균형 조항 검토 살포 전단 접경 지역 환경오염 부담 폐기물 수거 지역 주민 생활 여건 악화 청와대 관계자 대북 삐라 전단 백해무익 행동 생각 안보 행위 정부 대응 북한 통일전선부 대변인 제목 담화 부부장 김여정 노동당 대남사업부문 담화문 지적 실무적 집행 검토사업 착수 지시 순서 개성공업지구 북남 남북 공동 연락 사무소 철폐 철폐 공동 연락 사무소 연속 시사 가지 조치 대남사업 총괄 제 부부장 경고 담화 자자구구 입방아 남측 피로 일판 준비 인차 남쪽 도발 근원적 제거 남측 접촉공간들 완전 격폐 결정 조치 생각 남조선 당국 삐라 살포 법안 마련 검토 정도 진화 수법 고단수 변명 남쪽 법안 채택 실행 접경지역 남측 골머리 일판 조선중앙통신 남북 공동 연락 사무소 통신선 당국 서해 통신선 국제상선공통망 차단 북한 남북 통신선 차단 과거 평창 동계 올림픽 참가 의사 복구 차단 부위원장 김영철 당중앙위 부부장 김여정 당중앙위 일 부서들 대남 사업 부서 사업 총화 회의 대남 사업 사업 전환 북남 통신 연락선 완전 차단 지시 조선중앙통신 조치 남조선 접촉 공간 완전 격폐 불필요 것들 결심 단계 행동 일 김여정 담화 남북 공동 연락 사무소 해체 행동 돌입 지시 천명 배신자들 쓰레기들 죄값 판단 보복 계획 대적 사업 일환 내부 국론 말귀 것들 혹여 협박용 오산 나름 의중 횡설수설 담화 련속적 행동 보복 남조선것들 결별 단계 행동 위원장 동지 국가 부여 권한 행사 사업련관 부서 단계 결행 지시 북남공동련락사무소 형체 비참 광경 일 폭파 북한 남북 공동 연락 사무소 조선 중앙 폭파 보도 통일부 곳 대북 전단 살포 북민 단체 법인 설립 취소 운동연합 큰샘 일 서울행정법원 자유 북한운동연합 대표 박상학 동생 박정오 운영 큰샘 단체 신청 인용 집행 정지 신청 단체 자유 북한 운동 통일부 상대 영리 법인 설립 허가 취소 처분 인용 집행 정지 신청 국회 외교 통일 위원회 통과 민주당 단독 통과 본회의 야당 종료 필리버스 강제 통과 발효 의회 미국 의회 랜토스 인권 위원회 청문회 세기 구자룡 화정평화재단 세기 평화연구소장 한국 청문회 미국 통일부 탈북자 대북전단 김여정 금지법 서울 중국 대한민국 남조선 자유북한운동연합
문재인정부,가치,중국 자율차 기술 한국과 년차 산업경쟁력은 추월 제조업 역성장 지난해 분기 삼성전자 스마트폰 부문 의 어닝 쇼크 는 년 전에 이미 예견됐다 년 월 세계 대 신용평가사 스탠더드앤드푸어스 는 국제금융센터 주관 세미나에서 한국 기업이 사면초가에 빠졌다 고 진단했다 는 삼성전자 스마트폰은 고사양 제품은 애플에 보급형은 중국산에 밀려 머지않아 경쟁 우위를 상실 중국 자율차 한국 년 산업경쟁력 추월 자리 한국 주력 산업 삼성 스마트폰 어닝쇼크 수출액 년 반토막 제품 중국 수소충전 미래 산업 불안 제조업 지난 삼성전자 스마트폰 어닝 쇼크 년 예견 세계 신용 평가사 스탠더드앤드푸어스 세미나 국제 금융 센터 주관 한국 기업 사면초가 진단 삼성전자 스마트폰 고사양 제품 애플에 보급형 중국산 경쟁 우위 상실 주식시장 삼성전자 스마트 조 지난 조 원대 영업이익 예상 삼성 스마트폰 조 분기 영업 이익 달성 년 사건 갤럭시노트 발화 제외 연구원 박원재 미래에셋대우증권 스마트폰 삼성전자 중저가 제품 한국 주력 산업 전반 위기감 확산 제품 선진국 저부 제품 중국 평가 옛말 이젠 제품 중국 차이 상황 징후 지표 확인 한국산업기술평가 관리원 조사 중국 스마트전자 스마트카 시스템반도체 분야 한국 격차 격차 년 년 한국 산업 경쟁력 중국 국제연합공업개발기구 주요국 산업 경쟁력 지수 한국 년 독일 일본 미국 위 유지 년 중국 시작 글로벌 컨설팅 기업 딜로이트 년 조사 제조업경쟁지수 한국 년 위 중국 년 만점 점 대조적 현상 주력 산업 전반 철강 대표적 중국 조강 생산량 강판 강괴 생산량 만 최대치 월간 생산량 기준 역대 최대 기록 세계 철강 제품 공급 중국 주도 점유율 한국 제품 점유 하락 시장 철강 점유율 중국 제품 점유 증가 한국 제품 점유율 중국 시장 점유 산업 철강 증가율 연평균 부가 가치 증가 하락 노동 생산 증가 마이너스 연속 기록 석유화학 중국 한국 제품 자국 제품 시작 수요 국산 제품 한국석유화학협회 합성원료 합성수지 합성섬유 일반적 석유 화학 제품 중국 자급률 년 상승 전망 디스플레이 분야 고전 업종 부가 가치 증가 노동 생산 증가 기간 그룹 소비자가전박람회 화면 올레드 공개 한국 독보적 디스플레이 보유 주력 품목 액정표시장치 중국 추격 전반적 산업 경쟁력 하락 한국무역협회 한국 수출액 달러 달러 전기차 중소형 선박 태양광 패널 드론 영역 한국 중국 주도권 전문가 자율주행차 격차 년 년 중국 한국 추격 중국 추격 한국 경쟁력 문재인 대통령 홍보 모델 수소차 부품 국산 수소차 필수 수소 충전소 부품 해외 의존 자율주행차 인공 지능 카메라 센서 라이다 핵심 부품 자율 주행 반도체 정보기술 플랫폼 해외 기업 선점 인공지능 자율 운항 선박 대다수 미래 산업 영역 상황 허정 서강대 혁신 과경쟁 센터 박정수 연구팀 산업 주력 부가가치 속도 진화 시장 붕괴 진행 진단 자동차 산업 전기차 시대 도래 내연 기관 부품 생산 상황 부품 생산액 조 고용 만 한국수출입은행 년 예상 경제연구실장 주원 현대경제연구원 경제 연구실장 주력 산업 위기 해결 신성장동력 불가능 추격 중국 경쟁 중국 전략 강조 중국 한국 스마트폰 삼성전자 생산량 경쟁력 전기차 점유율 제조업 증가율 부가가치
문재인정부,가치,희망을 나누는 기업 코로나 방역 이재민 지원 위기 속 사회공헌 더 빛났다 코로나 강타 유례없는 어려움에도 나눔 상생 실천한 기업들 신종 코로나바이러스 코로나 가 전세계를 강타한 올해 기업들은 유례없는 어려움 속에서도 사회공헌 을 이어갔다 코로나 극복을 위해 기업 시설을 치료센터로 제공하는 등 국가 방역 체계를 지원하고 의료진을 후원했다 기록적인 집중호우로 피해를 본 수재민 지원에도 앞장섰다 코로나 코로나 방역 이재민 지원 위기 사회공헌 위기 사회 공헌 임직원 연수원 생활치료센터로 결식 아동 제공 긴급 끼니 경영난 중소기업 박람회도 코로나 강타 어려움 상생 실천 기업들 신종 코로나바이러스 코로나 세계 강타 기업들 어려움 사회공헌 코로나 극복 기업 시설 치료센터 제공 체계 국가 방역 지원 의료진 후원 기록적 집중호우 피해 수재민 지원 코로나 시대 대비 환경 미래 세대 노력 지속 코로나 수해 극복 앞장 대구 경북 지역 코로나 확진자 급증 학교 급식시설 소득 아이 위기 급식 중단 그룹 주도 개 회원사 참여 행복얼라이언스 여 아이들 끼니 끼니 긴급 제공 행복얼라이언스 출범 복지 사각지대 결식 아동 만 제공 현대차그룹 임직원 연수원 교육센터 코로나 생활 치료 센터 시설 해외 입국자 임시 생활 제공 현대차그룹 경주 인재 연수원 글로벌상생협력센터 환자 코로나 경증 생활치료센터 월 기아차 오산 교육 센터 인재개발센터 현대차 파주 인재 센터 치료 시설 제공 일반 병원 가동 능력 증가세 코로나 확진자 역할 한화그룹 코로나 도움 의료진 취약계층 기부 불꽃 기부 플랫폼 개설 사회적 해결 아이디어 제안 모금 공간 금융 계열사 한화생명 한화손해보험 고객 집중 호우 피해 개월 보험료 납입 유예 대출 원리금 상환 유예 제도 시행 수해 극복 롯데백화점 코로나 블루 우울증 심리 어려움 센텀시티점 롯데백화점 리조이스 상담 공간 전문심리상 담사 상담 제공 심리상담 상담 수익금 기아대책 국제 구호 희망 친구 기아 대책 소득 우울증 상담 프로그램 기부 효성 지역사회 상생 성장 강조 조현준 회장 위치 서울 마포구 중심 희망 페스티벌 지역 긴급지원 가정 생계비 의료비 지원 김장 김치 생필품 정기적 후원 청소년 마포구 취약 계층 장학제도 미래 인재 육성 장학 제도 년 학생 지원 희망 경찰 소방관 국가 사회정의 자신 희생 의인 기업 사회 책임 보답 구본무 회장 반영 년 명 의인 의인상 수상 강원도 양양 화재 여 생명 카자흐스탄 출신 근로자 알리 명 의인 의인상 수상 현대백화점그룹 경찰 소방관 제복 공무원 희생 정신 장학제도 운영 순직 공상 경찰관 자녀 학자금 지원 파랑새 장학금 제도 년 년 명 학자금 지원 명 소방관 유가족 억 장학금 생계비 미래 세대 노력 칼텍스 미술 연극 음악 활용 마음톡톡 집단 예술 치유 프로그램 마음 톡톡 년 아동 청소년 지원 온라인 교실 힐링 프로그램 진행 코로나 학교 학생들 학교 불안감 롯데장학재단 코로나 취업 준비 어려움 대학생 취업특강 면접 프로그램 취업 교육 지원 장학금 전달 이달 장병 독서 자격증 어학 공부 미래 준비 청춘 책방 경북 군위군 소재 공군 부대 호 건립 건설 소득 어린이 학업 공간 제공 희망 공부방 건립 아이 공부방 도배 창호 조명 개선 학습 물품 학습비 지원 프로젝트 년 건설 지원 개 공부방 화두 환경 포스코 철강슬래그 제철부산물 어초 트리톤 인공 바다숲 조성 해양 생태 복원 년 동해 남해 세계 해안 지역 여개 트리톤 설치 포스코 클린 오션 봉사단 년 톤 해양 쓰레기 수거 기후 변화 대응 화학 생태계 교육 에너지 경제 분야 환경 가치 그린커넥터 비전 선포 사회공헌활동 집중 화학놀이터 화학캠프 과학실험 체험 청소년 교육 대표적 화학 전자 사회 경제 기업 발굴 소셜캠퍼스 내년 억 지원 현대제철 일 일 코로나 경영 어려움 우수 중소기업 기술박람회 현대 제철 박람회 온라인 가상공간 여 업체 전용 부스 제선 전기 미래기술 분야 제품 전시 자리 감축 오염 물질 배출 협력사 우수 에코 파트너십 인증 코로나 코로나 장학금 공부방 소방관 마포구 아이들 트리톤 포스코 집중호우 장학제도 확진자 현대차그룹 우울증 롯데백화점 한화 행복얼라이언스 중소기업 온라인
문재인정부,갈등,먹튀 논란 한국 산업은행 뭐했나 앵커 한국 법인 분리 계획을 놓고 노사 갈등이 첨예한 가운데 한국 대 주주인 산업은행에 대한 국정감사가 열렸습니다 여야 할 것 없이 산은을 질타했는데 산은은 의 철수 가능성은 없다고 못박았습니다 노경진 기자입니다 리포트 국정감사 시작부터 한국 에 대한 질타가 이어졌습니다 법인 분리를 미리 알았는지 한국 먹튀 논란 한국 산업은행 앵커 한국 법인 분리 계획 노사 갈등 한국 주주 산업은행 국정감사 여야 산은 질타 산은 철수 가능 노경진 리포트 국정 감사 시작 한국 질타 법인 분리 한국 철수 대응책 여야 의원 추궁 이동걸 회장 먹튀 가능 일축 유의동 바른미래당 의원 한국 가능성 이동걸 산업은행 회장 먹튀 의미 먹튀 언론 얘기 천억 손실 조 조 손실 회장 한국 투자 천 절반 지원 나머지 정책적 지원 여부 판단 나머지 지원 년 생산 유지 합의 무산 한국 생산 주안점 김성원 자유한국당 의원 정부 대표 산업은행장 대변 발언 국감 출석 한국 측 법인분리 철수 경영정상화 고용보장 질문 노동조합 단체협약 법인 승계 최종 한국 부사장 신설법인 조직 단체협약 적용 적용 한국 노조 법인 분리 구조조정 수순 중앙노동위원회 파업권 요구 한국 한국 먹튀 산업은행 이동걸 국정감사 가능성 단체협약 노경진 산은 파업권 중앙노동위원회 고용보장 노동조합 김성원 유의동 신설법인 주안점 천억 자유한국당 바른미래당 산업은행장 천 구조조정 조 경영정상화 부사장 조 대응책 법인분리
문재인정부,갈등,김지석의 화 들 짝 김정은과 빈 살만 빈 살만은 여성의 운전과 공연 관람 허용 종교경찰 활동 제한 등 이전 정권에서는 생각지도 못한 조처를 했다 김정은은 고난의 행군 등 비참했던 시기를 아버지 김정일의 책임으로 떠넘기고 개혁 개방 노선을 분명히 하고 있다 개혁 깃발은 두 사람의 생존을 위해서도 불가피하다 사우디와 북한은 서구가 주도한 근대 속에서 국가 정체성을 확립했으나 여전 김정은 살만 여성 운전 허용 공연 관람 제한 종교 경찰 활동 정권 생각 조처 김정은 고난 행군 비참 아버지 김정일 책임 개혁 개방 노선 개혁 깃발 사람 생존 사우디 북한 서구 주도 근대 국가 정체 확립 지정학적 이념적 질곡 대표적 나라 살만 김정은 성패 근대 동력 중동 동북아 귀결 모델 주목 사우디아라비아 실권자 무함마드 살만 무함마드 왕세자 김정은 북한 국무 위원장 지도자 세계 주요국 지도자 사람 오랫동안 권력 미국 블룸버그 정도 년 반세기 김정은 년 쿠데타 혁명 전쟁 질병 돌발사태 염두 정치 상황 본인 여건 얘기 사람 묶음 거론 자체 지구촌 난제 중동 동북아 지역 지정학 현실 정도 반영 사람 정치인 세습 김정은 할아버지 김일성 만주 무장 독립운동 시절 사우드 큰할아버지 이븐 사우디 건국 년 년 세기 등장 나라 북한 나라 사우디 가족 권력 장악 김정은 일생 년 남짓 일생 사람 년 정치적 비약 왕위 계승자 아버지 압둘아지즈 국방장관 보좌관 권력 핵심 김정은 위원장 아버지 김정일 월 최고권력자 압둘아지즈 왕위 계승자 고령 왕세제 제 부총리 부총리 총리 이복형 압둘라 고령 왕위 국방장관 나이 아버지 실권 장악 무자비 정적 축출 왕세자 사촌 협박 왕세자 자리 부패 척결 빌미 자신 호의적 왕자들 현직 고위 관료 구금 반정부 반왕정 활동 억류 충성서약 김정은 권력 강화 간부 숙청 처형 고모부 후견인 장성택 자신 행태 비판 언론 자말 카슈끄지 영사관 지난달 터키 주재 사우디 유인 잔인 사건 배후인물 지목 북한 공작원 김정은 이복형 김정남 말레이시아 공항 독물 암살 연상 사람 개혁 깃발 지지 확보 여성 운전 허용 공연 관람 제한 종교 경찰 활동 정권 생각 조처 사우디 건국 근본주의 성향 이슬람 와하비즘 거리 경제 겨냥 비전 주도 추진 김정은 고난 행군 비참 아버지 김정일 책임 개혁 개방 노선 나선 금강산 개성 황금평 위화도 특구 중앙급 개 지방급 개 경제개발구 개 특수경제지대 운영 집권 장마당 집권 개 시장경제 주도 년대 장마당 세대 김정은 정권 개혁 깃발 사람 생존 원유수출국 세계 최대 원유 수출국 사우디 생산 세입 정도 석유 차지 경제 구조 취약 중동 퇴행적 왕정 체제 유지 사회적 국민 노동 의욕 남녀 차별 북한 사회주 혁명 공식 이념 현실 사이 괴리 혁신 토대 취약 경제 계기 활력 사회 김정은 세대 나라 존립 위협 전망 사람 정치개혁 절대권력 외세 외국풍조 영향력 강화 연관 이반 지지 세력 결과 사우디 왕족 합의 사안 결정 전통 독주 북한 민주화 조짐 대외관계 미국 대통령 도널드 트럼프 팔레스타인 침묵 친이스라엘 노선 강화 사우디 노선 과거 주도 사람 국제사회 비난 개입 예멘 내전 본격화 살만 미국 사이 핵심 통로 트럼프 사위 재러드 쿠슈너 백악관 선임 고문 정통 관료 외교 사유화 불만 정면 도전 미국 정책 차원 검토 생략 트럼프 의지 의존 북한 트럼프 결단 외교력 김정은 트럼프 정권 대미 중동 동북아 사우디 북한 지정학 사우디 세대 석유 외교 수단 석유대국 패권국 등장 사우디 북한 외교 자산 핵무기 자신 안보 국제 고립 지역 위상 차이 중동 지역강국 공존 나라 주도권 가능 세력 재편 사우디 강국 북한 허세 지역강국 지정학 안정 살만 김정은 운신 중동 근대 외세 개입 일상화 지역 지역 종파 종족 갈등 전망 사우디 범수니파 이란 중심 범시아파 현실 왕정 체제 노선 동북아 중동 미국 일본 중국 러시아 경쟁 덩치 나라 상대적 북한 자신 위치 차이 자신 협력자 유무 김정은 약속 성실 이행 개혁 개방 지속 한국 정권 협력 남북 사이 통합 수준 중동 구도 수니파 시아파 대타협 바탕 지역 협력 강화 발효 이란핵 협정 가능성 사우디 선택 사우디 얘기 지역강국 사실상 상대 사우디 미국 외세 지역 갈등 심화 사우디 북한 서구 주도 근대 국가 정체 확립 지정학적 이념적 질곡 대표적 나라 억압 체제 계승자 유형 지도자 살만 김정은 성패 근대 동력 중동 동북아 귀결 모델 주목 김지석 대기자 사우디 김정은 중동 미국 살만 지정학 압둘아지즈 무함마드 왕세자 지도자 지정학적 국방장관 계승자 동북아 이복형 김정일 위원장 장마당 지역강국
문재인정부,갈등,통합은 국민의 명령 통합에 개혁 성공이 달렸다 특별기고 문재인 정부 출범에 부쳐 광화문 시민 명예혁명을 일단락 지은 대 대선이 끝났다 대한민국 앞에 놓인 과제들을 확인하기 위해 먼저 이번 선거에 대한 평가와 의미를 짚어보자 첫째 민주공화국 복원의 선거였다 즉 실종된 국가 본령을 회복해 명실상부한 민주공화국을 다시 찾는 선거였다 능멸당한 헌법정신과 헌법 조 추락하는 통합 국민 명령 통합 개혁 성공 이념 세대 지역 빈부 지지 탄핵 국민 일치 산물 통합 성공 민주 국가 비결 개혁 수단 통합 촛불 민심 탄핵 대선 터널 통과 개혁 터널 남아 특별기 출범 문재인 정부 명예혁명 광화문 시민 일단락 대선 대한민국 확인 선거 평가 의미 민주공화국 복원 선거 실종 국가 본령 회복 명실상부 민주공화국 선거 능멸 헌법정신 헌법 추락 국격 국가기강 파탄 공공성 법치 작동 국가 조직 국가 능력 선거 나라 외침들 포함 나라 회복 선거 민생 선거 광화문광장 인간 사회 나라 이슈 집중 의제 용광로 공적 국가제도 정책 외면 문제들 광장 의제 핵심 민생 의제 촛불시민혁명 촛불 대선 등장 정부 민생 소임 남북 선거 한반도 선거 북핵 촛불 위기 위기 헌정 김일성광장 군사퍼레이드 광화문광장 군사 퍼레이드 평화시위 대비 대결 관통 선거 휴전선 너머 존재 전자 연일 후자 세계인들 이해 전자 위협 후자 공정 정의 민주 불꽃 전자 행태 문명착오 고립 대선 촛불정신 한반도 공존 화해 상생 가치 광화문 항쟁 정신 민관 협력 북한 개혁 개방 공존 물줄기 제도 외면 국제 선거 세계 선거 한반도 세계 위기 상황 구도 국제 대결 악화 위기 완화 초석 선택 세기 선거 세계 세계 시민 한국인 손끝 주목 한반도 김정은 트럼프 시진핑 아베 푸틴 강성주의 지속 악화 일로 상황 한국인들 선택 중요 한국인들 지혜 선택 한국 세계 한국 목소리 상황 비핵평화 한국 임무 임무 국민통합 국가통합 선거 계층 지역 남녀 세대 이념 나라 국민 선거 통합 민주공화국 복원 민생 남북관계 외교 평화 실질 효과 성공 가능 갈등 개혁 침식 역전 국가 분단 대위기 미국 사람 분열 통합 링컨 통합 제공 링컨 원용 예수 나라 언급 나라 통합 통합 개혁 통합 개혁 성공 실패 개혁 반대 기득세력 제도 정부 저항 약화 갈등 완화 통합 저항 순치효과 순화효과 통합 비밀 성공 선진 민주 복지 평화국가들 모습 한국 개혁세력 국가운영 결정 영향 상층 엘리트 개혁세력 의회 정부 법원 선출직 재벌 관료 검찰 언론 방송 대학 종교 법조 금융 사립학교 개혁 형평 양보 반대 기득 이익 고수 연대 구축 김대중 노무현 정부 정부 의회 장악 사회개혁 고립 민주적 구조개혁 실패 민주화 상층 기득 세력 노동자 농민 빈민 비정규직 여성 실업자 노인 청년들 벼랑 신뢰 국제 비교 지표 한국 사회 현실 증명 근본 개혁 절대필수 까닭 개혁 성과 확산 승리 최대 표차 영광 국민통합 세대통합 지역통합 통합대통령 통합정부 문재인 당선 의미 대한민국 물줄기 희망 민주화 선거 당선 최대 국민 지지 확인 부산 광주 동시 민주화 중요 득표 이념 빈부 지역 세대 국민 지지 탄핵 국민 일치 산물 통합 국민 명령 합의 통합 자신 문재인 대통령 승리 최대 표차 영광 선거 자체 기인 전임 정부 국정 농단 파탄 상상 초월 정도 촛불 시민 투표 선거정치 광장 광장정치 보수세력 탄핵 경쟁 후보 준비 유념 경쟁 후보 정책적 내공 지역주의 색깔론 네거티브 공세 흑색선전 구태정치 집중 자멸 중요 대승 영광 요건 영광 문재인 정부 성공 초기 징조 문재인 선거 개혁 적폐 청산 통합 국민통합 강조 국민 동시 지지 출구조사 후보 당내 경쟁 캠프 사이 통합 성공적 바탕 후보 캠프 캠프 통합 중심 선거 운동 전개 한국 선거사 획기 발전 문재인 정부 대통령 정부 더불어민주당 정부 정당 정부 강조 당정 일치 책임정치 강조 민주주 본령 근접 정당 초월 인재 협치 정책 협치 수직통합 수평통합 통합 정부 기치 환영 선거 당선 인사 취임 행사 인사 초기 고위 국정운영 소통 통합 개방 행보 계층 세대 젠더 지역 이념 통합 발본 국정 운영 지역통합 총리 임명 인사수석 여성 임명 통합 상징 출발 원칙 포용 경청 인내 청렴 소탈 겸손 진심 공감 대통령 사람들 공통 평가 대통령 선거 취임 초기 국정운영 마음 정치 지속 소망 탄핵 대홍역 문재인 정부 성공 실패 대한민국 미래 문재인 개혁 성공 국민 부여 한국 사회 능동 혁명 도입부 성공 광화문 시민 혁명 거시 파장 궤도 미래 부마항쟁 광주항쟁 월 항쟁 반복 역전 수동 혁명 사례 한국 개혁 성공 개혁 성공 과거 법칙 단절 광화문 시민 혁명 성공 탄핵 대선 개혁 단계 통과 터널 통과 개혁 터널 이순신 언명 재조한국 공통 공약 실현 대표선수 징발 재조한국 대선 공통 공약 존재 중요 의제 필수 국가 의제 국민 개혁 문재인 실현 대표 선수 역사 징발 안보 저지 재벌 검찰 개혁 미세먼지 저출산 고령화 정규 철폐 동일 가치 동일 임금 사교육비 철폐 교육 공공 증대 사안들 핵심 개혁 사안 중요 통합 개혁 선후 수단 개혁 수단 통합 개혁 통합 통합 개혁 사이 중요 후자 본질 나라 나라 인간 인간 공동체 남녀 빈부 좌우 고하 귀천 자유 평등 안정 사람 사람 나라 안정 나라 인류 지혜 개인 시민 인간 개인 시민 인간 개인 인간 사이 시민 존재 개인 나라 시민 인간다 반대 나라 개인 인간 대우 시민 출발점 나라 나라 인간다 인간 사람 사람 터전 다짐 박명림 연세대 교수 정치학 한국 문재인 광화문 대한민국 영광 국정운영 한국인 광화문광장 한국인들 민주공화국
문재인정부,개선,피치 한국 국가신용등급 일본보다 높은 유지 근원 성장세 견실 국제신용평가사 피치가 한국의 국가신용등급을 현재 수준인 로 유지했다 피치는 일 오전 보도자료를 내어 한국 신용등급을 로 등급 전망을 안정적 로 유지했다고 밝혔다 피치는 북한 관련 지정학적 위험과 고령화 저성장에 따른 중기 도전과제가 있지만 양호한 대외 재정 건전성과 지속적인 거시경제 성과를 반영해 현재 신용등급을 유지했다고 설 피치 일본 한국 국가 신용 등급 견실 유지 근원 성장세 국제 신용 평가사 피치 한국 국가신용등급 수준 유지 피치 일 보도자료 한국 신용 등급 등급 전망 안정적 유지 피치 북한 북한 지정학 위험 고령화 저성장 중기 도전 양호 대외 재정 건전성 지속적 거시 경제 성과 반영 신용등급 유지 설명 피치 한국 성장률 전망 영향 무역 긴장 성장 속도 둔화 근원적 성장세 유사 등급 국가 수준 부합 피치 확장 재정 통화정책 안정 반도체 경기 경기 부정 효과 완화 인상 최저 임금 소폭 결정 단기적 기업 심리 노동 시장 개선 도움 진단 일본 한국 화이트리스트 국가 제외 조처 공급망 교란 한국 기업 수입 일본 소재 야기 가능성 피치 고조 무역 갈등 인플레이션 압력 완화 한국은행 금리 포인트 추가 인하 피치 일본 신용등급 한국 평가 피치 긴장 세계 무역 고조 일본 전망 리스크 일본 규제 한국 수출 지정학 긴장 지적 이경미 이경미 피치 한국 일본 성장세 신용등급 이경미 반도체 지정학 국가신용등급 저성장 공급망
문재인정부,개선,금감원장 보험사 들 만나 보험약관 불명확해 분쟁 계속 즉시연금 과소지급 구제를 두고 보험업계가 소송전을 택하면서 금융당국과 갈등을 빚고 있는 가운데 윤석헌 금융감독원장이 보험 가입은 쉬우나 보험금 받기는 어렵다는 소비자들의 인식이 여전히 팽배하다 고 지적하고 나서 주목된다 윤 원장은 일 오전 시 분 서울 명동 은행회관에서 보험업계 최고경영자 들과 간담회를 열어 소비자 신뢰 확보가 보 금감원장 보험사 보험약관 분쟁 구제 즉시연금 과소 지급 보험업계 소송전 금융당국 갈등 금융감독원장 윤석헌 금융 감독원장 보험 가입 보험금 소비자들 인식 팽배 지적 주목 원장 일 시 은행회관 서울 명동 보험업 최고 경영자 간담회 확보 소비자 신뢰 보험산업 중요 덕목 강조 이날 간담회 신용 생명 보험 협회장 김용덕 손해 보험 협회장 대표이사 보험사 대표 이사 참석 원장 보험 약관 이해 약관 자체 약관 민원 분쟁 실정 금감원 소비자 눈높이 각종 제도 관행 개선 혁신 태스크포스 가동 계획 금감원 생보사들 분쟁 즉시연금 과소 지급 법정행 보험 소송 소멸 시효 만료 대비 금감원 금융 분쟁 조정 위원회 분쟁 조정 신청 안내 상태 금감원 삼성생명 한화생명 즉시 연금 만기 보험금 지급 재원 공제 약관 공제 금액 계약자들 일괄 지급 결정 삼성 한화 판단 거부 상태 금감원 추산 미지급금 삼성생명 한화생명 보험업 자산 규모 기준 당기순익 연간 상반기 조 순항 원장 가입 그간 보험 유병자 전용상품 사례 포용 금융 강조 정세라 정세라 금감원 소비자 즉시연금 보험사 보험업 보험업계 삼성생명 간담회 한화 한화생명 보험금 김용덕 정세라 서울 윤석헌 명동 협회장 그간 태스크포스 당기순익 상반기 조 계약자들
문재인정부,개선,민주당 반전 모색 정경두 강경화로 번진 안보라인 교체론 정치권에서 외교안보라인 전면교체 목소리가 커지고 있다 북한이 지난 일 개성공단 내 연락사무소를 폭파한 뒤 추가 무력 도발을 예고 중인 상황에서 급랭한 남북관계를 헤쳐나갈 전환점이 필요하다는 주장이다 일 여야 곳곳에서는 청와대 안보실과 관계부처 장관을 다 갈아엎자는 쇄신론 이 제기됐다 여권이 내각 책임 묻기에 더 적극적이었다 김 모색 민주당 반전 정경두 강경화 안보라인 교체 정치권 외교 안보 라인 전면 교체 목소리 북한 개성 공단 연락사무소 폭파 도발 추가 무력 예고 상황 남북관계 전환점 주장 여야 청와대 안보실 부처 장관 쇄신론 제기 여권 내각 책임 의원 김두관 더불어민주당 페이스북 문재인 대통령 남북 협력 방침 뒷받침 강단 인사 의원 장관 김연철 통일부 사임 대통령 뒷받침 국무위원 책임 정부 입장 숨통 민주당 장관 장관 강경화 외교 정경 국방부 장관 교체 대상 지목 노무현 정부 통일부장관 정동영 의원 이날 라디오 인터뷰 외교 안보 라인 대대적 개편 반전 모색 상황 카드 통일부 장관 사람 거취 반전 도모 부족 국회 국방 위원장 민홍철 의원 이날 라디오 진전 그간 남북 한반도 평화 외교안보라인 노력 가시적 성과 느낌 언론 보도 측면 분위기 쇄신 전면 교체 나름 의미 홍익표 의원 외교안보라인 상황 자체 측면 하노이 북미 정상 회담 미국 입장 오판 쇄신 외교안보라인 재배치 외교 안보 라인 재점검 수정 시점 주장 민주당 지도부 공개적 거론 물밑 외교안보라 교체론 개별 의원 형국 이날 국회 긴급외교안보통일자문회의 참석 강경화 장관 외교 안보 라인 교체 논의 여부 기자들 질문 대답 야당 국가안보실장 정의 청와대 국가 안보 실장 서훈 국가 정보원장 전면 퇴진 주장 북한 폭파 극단적 감행 대북 정보 수집 대책 실행 총괄 컨트롤타워 작동 지적 대표 안철수 국민의당 이날 최고 위원 회의 실장 원장 장관 강경화 김연철 정경두 호명 외교 안보 라인 책임자 제정신 사람들 교체 의원 강대식 미래 통합 페이스북 대통령 보좌 외교안보라인 전면적 쇄신 책임 용기 여당 교체론 남북 개선 박차 요구 야당 교체론 낭만 대북 접근 포기 비판 청와대 고심 박지원 의원 대통령 문재인 오찬 참석 사태 외교안보라인 책임 대통령 말씀 인사 채널 청와대 교체 전달 정세 물갈이 현실적 측면 반론 얘기 청와대 관계자 중앙일보 통화 인물 기용 자체 북한 메시지 인사 신중 외교안보라인 청와대 강경화 민주당 남북관계 페이스북 교체론 통일부 김연철 뒷받침 문재인 그간 강대식 정경두 하노이 안철수
문재인정부,개인,단독 의전팀이 보낸 가짜 메모 예산금고 여는 만능열쇠였다 이재명 더불어민주당 대선 후보 부부가 도청 실무 부서 최소 곳의 예산을 음식값 등 사적으로 유용 한 의혹이 제기된 가운데 경기도 성남시 공무원들이 조선닷컴에 입을 열었다 경기도 일부 부서 예산 가운데 연 수억원 규모의 사용자가 지정되지 않은 시책추진 업무비 가 사실상 도지사가 마음대로 가져다 쓰는 예산이란 폭로였다 국장 과장 등 의전 가짜 메모 예산 만능열쇠 경기 공무원 내부 증언 종합 사용자 시책 추진 예산 검증 집행 안심 초밥값 예산 사용자 부부 이재명 더불어민주당 대선 후보 곳 도청 실무 부서 최소 예산 음식값 사적 유용 의혹 제기 경기도 성남시 공무원들 조선닷컴 경기 부서 예산 규모 사용자 지정 시책 추진 업무비 사실 도지사 예산 폭로 국장 과장 사용자 관리 업무비 예산 경기도 팀장 공무원 조선닷컴 경기 업무추진비 내부 보통 부서 사용 기관운영용 사업 추진 외부인 간담회 사용 시책추진용 구분 시책 추진 업무 추진비 과장용 담당관용 사용자 특정 경기도 업무추진비 사용자 업무 추진비 사실 도지사 사용 후보 자택 배달 음식 결제 사용자 시책 추진 업무비 의혹 폭로자 씨 도청 공무원 출신 월 만 한우 안심 원어치 개인 카드 결제 후보 아내 김혜경 배달 이튿날 취소 배씨 법인 카드 재결제 비용 집행 기획담당관실 실제 기획 담당관실 배정 사용자 시책 추진 업무 추진비 장부 용도 비목 수도권 광역행정협의대책 목적 구체 사용 협력강화 수도 광역 행정 협력 강화 수렴 관계자 의견 기획 씨 폭로 뒷받침 증언 부서 부서 법인 카드 대금 영수증 시책 추진 업무 추진비 예산 지급 연락 부서장 결재 승인 개인 카드 결제 배씨 법인 카드 재결제 실무 부서 사용자 시책 추진 업무 추진비 확인 월 기획 담당관실 수도 광역행정협의대책 한우 안심 월 공정국 공정 경제 추진 초밥 월 노동정책 노사협력 노사 협력 요리 월 기획 담당관실 도정 역점 중국 음식 총무과 지역상생협력 백숙 부서 사용자 시책 추진 업무 추진비 예산 후보 개인 비용 처리 규모 폭로 공개 자료 파악 유용 연루 부서 사용자 업무 추진비 예산 기준 기획 관실 수도권 광역행정협의대책 만 도정역점 노동정책 노사 협력 총무과 지역상생 협력 공정국 공정 경제 추진 억 의전팀 가짜 메모 예산 만능열쇠 김씨 사용 예산 실무부서 집행 부전지 증언 부전지 관청 부서 서류 문서 사항 정리 메모 의전팀 용도 후보 개인 결제 영수증 명분 실무부서 일사천리 예산 증언 씨 경기도 관계자 의전팀 담당부서 영수증 담당부서 영수증 업무추진비 목적 사용 의전팀 가짜 부전지 의전팀 카드 영수증 결제 일시 장소 목적 부전지 실무부서 담당자들 부서 회계 지사님 예산 집행 관계자 의전 부전지 도청 부서 금고 만능 열쇠 업무비 비서실장 의전팀장 관리 의전 팀장 수사 감사 진행중 씨 비서실장 의전팀 부서 배정 사용자 시책 추진 업무 추진비 관리 씨 부서 사용자 지정 시책 추진 업무 추진비 잔액 현황 관리 비서실장 의전팀장 의전팀 총무과장 관리 경기도 의전팀장 비서실장 핫라인 연결 총무과장 묵인 비서실장 의전팀장 정기적 배정 시책 추진 업무 추진비 잔액 집행 현황 실제 업무추진비 집행 경기도청 부서장 부서 예산 김씨 사용 질문 총무과 김씨 씨 개인 카드 사용 법인 카드 재결제 시점 월 월 김씨 유용 부서 예산 의전팀 핫라인 관리 의혹 비서실장 년 월 년 월 정순욱씨 년 후보 도지사 당선 인수 합류 경기도의회 경기 인사운영팀장 자리 배씨 채용 사람 동두천시 부시장 영전 자리 부시장 일 부서 업무 추진비 업무추진비 의전팀장 관리 업무추진비 아무것 의전팀 조광근 팀장 비서실장 핫라인 의전팀 총무과장 책임자 수사 감사 진행 상황 인사과장 총무과장 이의환 총무과장 의전 관리자 이의환 의전팀 요청 예산 투입 묵인 의혹 부시장 이천시 부시장 영전 차례 연락 방문 취재 사용자 경기도 추진비 의전팀 비서실장 업무추진비 팀장 공무원 김씨 부전지 업무비 수도권 기획담당관실 총무과장 영수증 부시장 관계자 총무과 도지사
문재인정부,개인,사설 정치 파행 악순환은 모든 힘이 한 명에 집중된 때문 문희상 국회의장이 헌법 제정 주년인 일 정치 파행의 악순환은 모든 힘이 한 사람에게 집중되는 현재의 권력 구조에 있다 고 말했다 국민 가 개헌에 찬성하는 만큼 국회는 국민의 개헌 요구에 반드시 응답해야만 한다 고 했다 그러면서 올 연말까지 여야가 합의된 개헌을 도출할 수 있도록 노력을 다하겠다 고 밝혔다 이승만 대통령부터 악순환 정치 파행 집중 문희상 국회 의장 헌법 제정 주년 파행 정치 악순환 사람 집중 권력 구조 국민 개헌 찬성 만큼 국회 국민 개헌 요구 응답 연말 여야 합의 개헌 도출 노력 이승만 대통령 명 실질 대통령 선출 군주 제도 군림 독단 독선 결과 대통령 말년 불행 예외 감옥 목숨 만신창이 예외 사람 제도 경제 규모 세계 나라 대통령 손바닥 대통령 사람 개인 편견 오해 취향 협량 여과 국정 투영 국가 조직 제도 재편 반전 사회 소상공인들 비명 최저임금 인상 강행 정체불명 성장 소득 주도 고집 검찰 경찰 국정원 국세청 권력기관 충견 과거 국가 백년 대계 원전 정권 나라 소유물 전임 대통령 측근들 감옥 제도화 상황 상황 정권 몸부림 권력 사회 그림자 분산 대통령 권력 시대 당위 한국 정치 싸움 개헌 자유한국당 얼마 약속 지방 선거 동시 개헌 문재인 대통령 권력 분산 핵심 조항 개헌안 권력 집중 미움 갈등 분권 한국 살길 사실 분산 대통령 권력 지방 자치 사안 정당 이견 정당 민주당 대통령 권력 분산 자체 동의 선거 여야 개헌 논의 집중 기회 대통령 제왕 인사 분산 초점 절충 논의 허송세월 역사 한국 문희상 명 악순환 최저임금 협량 한국당 국정원 소상공인 허송세월 정체불명 국세청 소상공인들 주년 만신창이
문재인정부,개인,권정생 작가는 생명 억압하는 모든 것 고발 권정생은 말로 전해 내려오는 이야기가 글로 정착되는 시대를 경험한 작가다 그의 문학은 말과 글이 혼재하는 커다란 저수지와 같다 아동문학평론가 엄혜숙 강아지똥 몽실언니 를 쓴 아동문학가 권정생 사진 의 주기인 일을 맞아 그의 문학세계를 연구한 책이 발간되고 작품이 재출간되는 등 그의 삶과 문학이 재조명되고 있 권정생 작가 생명 억압 고발 강아지똥 몽실언니 아동문학 주기 문학 연구서 발간 재출간 작품 유품 전시회 북콘서트 권정생 이야기 정착 시대 경험 작가 문학 혼재 저수지 아동 문학 평론가 엄혜숙 강아지똥 몽실언니 아동문학 권정생 주기 일 문학세계 발간 작품 재출간 문학 재조명 권정생 년 일직면 경북 안동시 흙담집 산문 동화 동시 소년 소설 그림책 광범위 작품 권정생 문학 사상 소명출판 저자 엄혜숙 권정생 전근대 근대 농경사회 변모 개인적 사회적 생명 억압 것들 고발 평가 기독교 실존주의 기독교 아나키즘 생태 아나키즘 키워드 사상 변화 권정생어린이문화재단 월 국립어린이청소년도서관 서울 강남구 국립 어린이 청소년 도서관 문학 조명 학술대회 예정 똘배어린이문학회 회원 추모 문집 권정생 선생 단비 출간 권정생 작품들 재출간 이달 빼떼기 창비 하느님 눈물 산하 하느님 옆집 산하 복사꽃 외딴집 단비 발간 권 작품 전시회 계룡문고 대전 중구 유품 작품 권정생 전시 출판사 창비 김환영 작가 빼떼기 원화 창비서교빌딩 서울 서교동 전시 일 권정생 연구자 이기영 사람 권정생 북콘서트 권정생 어린이들 인세 어린이 유언 설립 권정생어린이문화재단 소외 지역 공부방 지원 북한 어린이 급식 지원 사업 재단 일 경북 안동시 권정생 동화 나라 추모식 권정생창작기금 동화 할머니 마지막 손님 작가 임정자 수여 권정생 엄혜숙 서울 경북 안동시 그림책 공부방 권정생어린이문화재단 하느님 단비 창비 빼떼기 전시회 재출간 똘배어린이문학회 기독교 아나키즘 이기영 중구 강남구 강아지똥 임정자 서교동 주기 어린이들
문재인정부,개편,문 대통령 교육 개혁 강력 추진한다는데 자사고 폐지 고교학점제 빨라질까 조국 법무부 장관 임명 과정에서 교육 불평등 문제가 불거지고 대통령이 대입제도 개선 고교서열화 등을 언급하면서 그동안 문재인 정부가 제대로 지키지 못한 교육 공약 들을 지키라는 목소리로 이어지고 있다 이런 요구가 고교체제 개편 고교학점제의 빠른 도입 등 교육 개혁 으로 이어질지 주목된다 문재인 대통령은 지난 일 법무부 장관 임명장 대통령 교육 개혁 추진 자사고 폐지 고교학점제 조국 법무부 장관 임명 교육 대통령 대입 제도 개선 고교서열화 언급 정부 그동안 문재인 교육 공약 목소리 요구 고교 체제 개편 고교학점제 교육 개혁 주목 문재인 대통령 수여식 법무부 장관 임명장 고교서열화 대학입시 공정성 기회 공정성 제도 교육 분야 개혁 추진 전반 대입 제도 재검토 대입제도 차원 설정 고교서열화 교육 분야 개혁 차원 발전 대입 제도 개선 중심 학생부종합전형 학종 공정 보완 그중 학교생활 기록부 학생부 신뢰도 핵심 스펙 요소들 제목 학교생활 충실 기록 작성 관리지침 교육부 훈령 교육단체 자기소개 폐지 수상 경력 봉사 활동 실적 기록 제외 요구 개선 반영 항목들 대표 정성식 실천 교육 교사 모임 근거 교과 능력 특기사항 세특 제도 정비 전형기준 결과 정보 공개 강화 마련 이의 제기 절차 대책 전반적 교육 개혁 논의 그동안 정부 약속 공약들 교육 분야 공약 시민 단체 사교육 걱정 세상 일 성명 출범 문재인 정부 교육 분야 공약 국정과제 제자리걸음 평가 지적 교육 개혁 발언 국민 약속 이행 교육 공약 주장 대표적 고교체제 개편 공약 정부 외국어고 국제고 자사고 일반고 전환 약속 시행령 개정 일괄 전환 평가 단계 전환 추진 비판 평가 자사고 재지정 학교들 우월 지위 강화 전국시도교육감협의회 법령 개정 일괄 전환 주장 내년 자사고 외고 국제고들 재지정 평가 고교학점제 대상 핵심 논의 전면 애초 전면 약속 정시 확대 요구 대입 제도 공론 년 수능 내신 절대 평가 전환 국공립대 통합 네트워크 구성 설치 공영 사립대 고교 대학 서열화 공약들 소환 참교육연구소장 전경원 전국교직원노동조합 참교육 연구소장 분노 민심 수사 표현 대선 공약 국정 이행 교육 개혁 의지 교육부 교육 단체 협의 고교 서열 해소 강화 대학 입시 공정 기회 공정 뒷받침 개혁안 마련 최원형 최원형 자사고 대입제도 공정성 문재인 고교서열화 대학입시 학교생활 학생부 정성식 교육부 사립대 국제고 법무부 재지정 그동안 고교체제 고교학점제
문재인정부,개편,박범계 검찰 조직개편안 직접수사 장관 승인규정 수정하나 검찰의 직접수사 기능을 제한하는 내용을 담은 조직개편안을 두고 검찰 반발이 확산하는 가운데 박범계 법무부 장관이 일선 지청 형사부에서 직접수사를 하려면 법무부 장관의 승인을 받도록 하는 규정의 수정을 검토 중 이라고 밝혔다 조직개편안을 관철하기 위해 박 장관이 검찰 반발이 가장 큰 직접수사 장관 승인규정 을 뺄 수도 있다는 관측이 나온다 박 박범계 승인규정 검찰 조직 개편 수사 장관 승인 규정 수정 검찰 직접수사 제한 조직개편안 검찰 반발 확산 장관 박범 법무부 형사부 일선 지청 직접수사 법무부 장관 승인 규정 수정 검토 조직개편안 관철 장관 검찰 반발 승인규정 수사 장관 승인 규정 관측 장관 일 정부 과천청사 출근길 장관 승인 규정 기자들 질문 확정 검토중 수정 가능 시사 김오수 검찰 총장 협의 심야 고민 월 시행 검찰개혁 수사 개혁 유지 생각 후속 검찰 인사 직제개편안 가능 마무리 계획 장관 승인 규정 직제개편안 검찰 직제 개편 반발 대목 지청 단위 직접수사 검찰총장 요청 법무부 장관 승인 임시조직 별도 수사팀 대검 입장문 검찰 정치 중립 독립성 훼손 반발 검찰 안팎 법무부 조직개편안 일정 수정 관측 검찰 반발 수사승인제 만큼 장관 수사승인 수정 검찰 충돌 검찰 수사 부서 통폐합 수사 인력 조정 유지 전망 대검 형사부 직접수사 검찰 총장 승인 통제 방안 예규 준비 중간 합의점 제시 상태 김오수 검찰 총장 부임 초기 장관 소통 강조 만큼 충동 접점 관측 우세 법무부 인사 검찰 중간 간부 조직개편안 통과 방침 조직 개편 합의 법무부 정부 조직 개편 부처 행정안전부 협의 국무회의 상정 검찰 조직 개편 확정 국무회의 대통령령 통과 조직개편안 통과 후반 다음주 초반 중간 간부 인사 단행 중간 간부 인사 김학의 출국 사건 수사 수원지검 수사 월성 원전 조기 폐쇄 의혹 수사 대전지검 수사 교체 가능성 갈등 법무부 조직개편안 직접수사 만큼 김오수 직제개편안 검찰총장 수사팀 출근길 형사부 박범계 승인규정 김학의 국무회의 다음주 월성 입장문 가능성
문재인정부,개편,여야 예산안 합의 또 불발 문제는 선거구제 개편 여야 당 교섭단체 원내대표는 일 내년도 예산안 처리를 위해 협상을 벌였으나 최종 합의에 이르지 못했다 여야 원내대표는 일 오전 다시 만나 협의를 이어가기로 했다 더불어민주당 홍영표 자유한국당 김성태 바른미래당 김관영 원내대표는 이날 오전 시부터 저녁 시까지 국회에서 쟁점 예산과 선거구제 개편에 대한 이견을 조율했다 여야는 예산안 합의 여야 예산안 불발 선거구 개편 여야 교섭 단체 원내 대표 내년도 예산안 처리 협상 최종 합의 여야 원내 대표 일 협의 더불어민주당 홍영표 자유한국당 김성태 바른미래당 김관영 원내 대표 이날 시 시 국회 쟁점 예산 선거구 개편 이견 조율 여야 예산안 처리 합의점 원내 합의문 초안 원내 회동 기자들 예산안 진전 접점 마련 선거 개혁 입장차 민주당 합의문 예산안 처리 선거 개혁 반대 합의 문구 도출 난항 바른미래당 민주평화당 정의당 처리 내년도 예산안 선거 개혁 연계 처리 요구 예산안 처리 본회의 날짜 김성태 원내 대표 근본적 선거구 개편 암초 암초 대책 민주당 제시 사실상 예산안 합의 선거구 개편 암초 일정 본회의 개최 불투명 원내 예산안 최종 합의 도출 마무리 바른미래당 평화당 정의당 선거법 합의 예산안 심사 참여 한국당 마지막 예산안 요구들 정부 여당 검토 최종적 합의안 김관영 원내 대표 예산안 합의 한국당 도농 복합 선거구 명시 한국당 민주당 논의 예산안 대책 세수 부족 추가 논의 장관 김동연 부총리 기획 재정부 원내 대표 협의 마무리 마지막 라운드 협상 의견 이견 이견 기재부 검토 여야 예산안 선거 개혁 전격 합의 정기국회 내년도 예산안 처리 주목 여야 쟁점 예산 선거 개혁 이견 처리시한 예산안 법정 처리 시한 월 일 상태 시행 국회 선진 화법 예산안 자동부 제도 이래 제도 예산안 처리 기록 정기국회 마지막 본회의 예산안 처리 정오 합의 여야 원내 대표 원내 일 시 합의 예산안 정기국회 처리 기재부 철수 예산안 한국당 본회의 민주당 바른미래당 김성태 내년도 정의당 김관영 기재부 정기국회 합의문 부총리 김동연 선거구
문재인정부,경쟁력,패션사업 뛰어든 백화점들 독자 브랜드 만들어 억 규모로 키운다 롯데 신세계 등 주요 백화점 패션 공격적 확장 성장률 대 패션기업 부진 틈타고 유통 성장세 직접 만들어 파니 잘 나가네 유통업계가 자체 브랜드 생산에 적극적으로 나서고 있다 통상 는 계절당 한 두 가지 전략 상품을 대량 생산해 판매하는 것이 일반적이었지만 최근엔 상품군을 다양화해 종합 패션 브랜드로 확대 패션사업 백화점들 독자 브랜드 규모 롯데 신세계 확장 백화점 패션 공격 성장률 대 패션 기업 부진 성장세 유통 유통업계 자체 브랜드 생산 계절당 상품 가지 전략 대량 생산 판매 일반적 상품군 다양화 브랜드 종합 패션 확대 추세 채널 자사 유통 온라인 쇼핑몰 해외 시장 판로 신세계백화점 통합 론칭 델라라나 여성 주 리뉴얼 개장 위 신세계백화점 여성복 매출 일 델라라나 캐시미어 니트 전문 브랜드 여성 오피스룩 통합 델라라나 캐시미어 정장 모피 여 고급 상품 억 매출 원대 브랜드 롯데백화점 자체 브랜드 엘리 컬렉션 출시 롯데백화점 엘리 컬렉션 개 보유 매출 성장 회사 소비자 트렌디 합리적 가격 상품 지속적 제안 여성 남성 아동복 상품 예정 쇼핑 강화 경쟁력 속도 오쇼핑부문 오쇼핑 엣지 시즌 상품수 전년 동기 대비 잡화 상품 신설 지난달 스니커즈 방송 켤레 판매 켤레 건 주문건수 기록 브랜드 론칭 슈트 방송 억 주문실적 목표치 배 금액 오쇼핑 관계자 주문 패션 잡화 비중 정도 베라왕 바스키아 미쉘 라거펠트 지춘희 유명 디자이너 협업 인지도 확보 현대홈쇼핑 밀라노스토리 라씨엔토 패션 강화 판로 정구호 디자이너 협업 패션 브랜드 이달 일 미국 코트리쇼 패션 박람회 뉴욕 참가 패션 매출 수준 단독 브랜드 매출 비중 계획 후발주자 업계 후발 주자 스토아 쇼핑 이달 패션 론칭 예정 유통사들 상품 제작 트렌드 대응 콘텐츠 부족 패션업계 경기 불황 온라인 쇼핑몰 성장 성장세 둔화 신규 사업 축소 신규 브랜드 평균 수수료 유통사 입점 팝업스토어 임시 매장 자체 온라인 쇼핑몰 판매 선호 유통사 입장 수혈 상황 백화점 바이어 예전 계절 신규 브랜드 브랜드 브랜드 입점 경쟁 치열 신규 브랜드 전무 자리 브랜드 입점 수입 브랜드 한계 집중 고객 요구 맞춤 상품 장점 신세계백화점 여성복 여성복 매출 신장 델라라나 실적 대비 초과 달성 성과 유통업 관계자 제조 유통 일괄 전략 성공 브랜드 유통사 상품 가격 경쟁력 고객들 만족도 백화점 유통사 관계자 신세계백화점 론칭 델라라나 경쟁력 여성복 엘리 배
문재인정부,경쟁력,국제 기술 도둑질 막는다 국가핵심기술 지정 확대키로 올해 들어 월까지 국내 산업기술 이 나라 밖으로 유출된 사례는 적발된 것만 건에 이른다 년 건에서 년 건 년 건으로 줄었다가 년 건으로 늘었다 전기 전자 반도체 디스플레이 조선 정보통신 자동차 분야에서 주로 발생하고 있다 정부가 이런 국제적인 기술 도둑질을 막기 위해 일 글로벌 기 국제 국제 도둑 국가 핵심 지정 확대 키로 월 산업 나라 유출 사례 적발 건 전기 전자 반도체 디스플레이 조선 정보통신 자동차 분야 발생 정부 국제적 도둑 글로벌 패권 경쟁 보호 제시 주재 김부겸 국무총리 국정현안점검조정회의 부처 합동 형식 우리나라 보유 국가 경쟁력 필수적 국가핵심기술 지정 확대 전략 정부 글로벌 경쟁력 확보 반도체 디스플레이 배터리 소재 부품 장비 분야 추가 지정 예정 국가핵심기술 개 분야 지정 반도체 분야 개 나노 이하급 설계 공정 소자 반도체 전기 전자 개 자동차 철도 개 철강 조선 원자력 정보 통신 우주 생명 공학 기계 개 로봇 분야 정부 국가핵심기술 보유 기관 등록 의무화 수출 해외 인수 합병 통제 보호 조치 이행 제도 실효 확보 국가 핵심 보유 기관 해외 인수 합병 정부 허가 대상 확대 주식 지분 소유 대상 정부 허가 소유 모회사 자회사 소유 계획 산업기술 국가핵심기술 첨단기술 인증 산업 환경 보건 건설기술 핵심 포괄 개념 개 기준 정부 인력 산업 유출 방안 핵심인력 데이터베이스 구축 이직 출입국 상황 감시 우선 업계 요청 인력 대상 법제화 단계적 확대 계획 연구인력 국방과학연구소 핵심 인력 퇴직 승인 해외 취업 사전 국방 핵심 인력 관리 강화 방안 마련 중소 중견기업 핵심인력 인센티브 지급 정부 지원 확대 장기 재직 유도 침해 중소기업 경영 위기 판단 지원 분쟁 회복 프로그램 마련 중소기업 보호 정책 보험 기업 분쟁 대응 비용 부담 중소기업 가치 보상 기술거래 사업화 촉진 재정지원 마련 중기 거래 활성 지원 예산 신설 내년 예산 억 방지책 사이버 유출 마련 국가 사이버 안보 보안 제정 법률 컨설팅 중소기업 사이버 보안 보급 사이버 보안 매뉴얼 설립 방산 특화 방산 보호 센터 사이버안보 보강 방산업체 대상 취약점 진단 사업 보안컨설팅 중소기업 대상 보안 컨설팅 확대 매뉴얼 공공 분야 사이버 보안 민간기업 보급 민간기업 자생력 이날 제시 전략 산업부 중기부 특허청 방사청 대책 중장기 보호 이행 방안 차질 이행 계획 정부 중소기업 국가핵심기술 반도체 조선 개 이하급 정보통신 기술거래 중장기 자동차 경쟁력 산업기술
문재인정부,경쟁력,문 대통령 경제는 타이밍 국회 정상화 추경 신속 처리를 중앙아 순방 후 첫 회의 화두로 경제 넘어야 할 산 많다 적극적 재정정책 신산업 육성 제 의 벤처붐 조성 강조 패스트트랙 정국엔 정치권 대립 격화돼 매우 안타깝다 문재인 대통령은 일 대외적으로 세계경제의 불확실성이 여전히 크다 며 대내적으로도 주력산업의 경쟁력이 약화되는 등 투자와 수출 소비 삼박자의 활력을 불어넣기 위 경제 대통령 타이밍 국회 정상화 처리 추경 신속 중앙아 순방 회의 화두 경제 적극 신산업 육성 제 강조 벤처 조성 패스트 트랙 정국 격화 정치 대립 문재인 대통령 대외 세계경제 대내적 주력산업 경쟁력 약화 투자 수출 소비 삼박자 활력 대통령 수석 청와대 보좌관 회의 세계 경제 둔화 대외여건 예상 악화 대외의존도 경제 위협 순방 중앙아시아 주재 수석 보좌관 회의 경제 화두 총생산 증가율 분기 대비 마이너스 마이너스 기록 경제 여건 악화 대통령 경제 타이밍 추경 추가경정예산 처리 국민 민생경제 부담 국회 정상적 가동 정부 제출 추경 심사 처리 희망 경제상황 극복 정부 국회 국민 바람 정치권 대립 갈등 격화 패스트트랙 신속처리안건 지정 여야 극한 대치 상황 경제 민생 국회 정상 촉구 재정정책 강조 대통령 정부 투자 경제활력 재정 적극 국가재정 활용 적극 경기 보강 노력 대외경제 하방 리스크 완화 실물 내수진작 강조 대통령 경제 난국 타개 해법 신산업 창출 미래 먹거리 제시 정부 반도체 바이오헬스 미래차 분야 산업 중점 육성 선정 우선적 지원 계획 분야 경제 기둥 성장 동력 정책 지원 민간 투자 확대 규제혁신 조성 벤처 독려 조성 벤처 벤처 사람 창업 만큼 벤처 투자혁신 확산 조성 전용 펀드 앤젤투자 활성화 크라우드 펀드 활성 정책 뒷받침 최선 당부 대통령 전국 적체 만 불법 폐기물 전량 처리 쓰레기 투기 이익 범법자 추적 처벌 지시 대변인 고민정 청와대 정부 불법 폐기물 년 전량 처리 만 처리 상태 주재 회의 대통령 남북관계 한반도 평화 언급 남북 대화 교착상태 돌파구 상황 반영 해석 청와대 기념식 정치권 중앙아시아 신산업 패스트트랙 제 세계경제 폐기물 고민정 기둥 뒷받침 만큼 크라우드
문재인정부,경험,전쟁 경험 있어야 젊은 바람 막을 수 없어 앵커 국민의힘 당권 경쟁이 뚜렷한 신구 세대간 대결로 전개되고 있습니다 특히 이준석 전 최고위원의 초반 돌풍에 거꾸로 중진들이 신진들을 강하게 견제하는 양상입니다 배주환 기자입니다 리포트 선의 주호영 후보는 신진들을 전쟁 경험이 없는 장수 라며 깎아내렸습니다 특히 국회의원 경험 자체가 없는 이준석 전 최고위원을 전쟁 경험 바람 앵커 국민 경쟁 대결 신구 세대 전개 이준석 최고위원 초반 돌풍 중진들 신진들 견제 양상 배주환 리포트 선 주호영 후보 신진들 전쟁 경험 장수 자체 국회의원 경험 이준석 최고위원 겨냥 패기 직격 주호영 국민 후보 패기 성공 중요 경륜 패기 조화 선 홍문표 의원 비닐우산 태풍 폭풍 이준석 후보 경험 부족 겨냥 나경원 후보 후보 유승민계 공정 대선관리 주장 나경원 국민 후보 후보들 마음 특정계파 자유 당대표 공격 자신 집중 후보 중진들 신진들 약진 당황 계파 프레임 진흙탕 정치 비판 이준석 국민 후보 혁신경쟁 전당대회 멱살 진흙탕 국민들 후보 당직 장사 얘기 조직선거 중단 의혹 근거 제시 신구 대결 유력 중진 공방 후보 후보 패배 반복 장수 공격 후보 특정 지역 대표 외연 확장 초선 김웅 김은혜 후보 중도 확장 새판 필요성 거론 쇄신 강조 국민 당원 당원 일반 시민 여론조사 명 진출자 본선 이준석 당대표 신구 진흙탕 신진 당원 중진들 주호영 나경원 배주환 국회의원 신진들 조직선거 대선관리 홍문표 비닐우산 필요성 선 유승민 새판 김웅 여론조사 당황 전당대회 선 특정계파 명
문재인정부,경험,삼성 승부수 내 곁의 주치의 삼성봇 케어 공개 마지막으로 한 가지 더 있습니다 삼성전자의 하드웨어와 소프트웨어 인공지능 분야 최대 역량을 담아낸 삼성봇 입니다 이윤철 삼성전자 전무의 말이 끝나자 무대 위로 성인 무릎 높이의 흰색 로봇이 등장했다 송이버섯을 연상시키는 모양의 삼성봇 케어 였다 이 전무가 삼성봇 케어의 얼굴 모양 디스플레이 위에 손가 승부수 삼성 주치 삼성봇 케어 공개 자체 로봇 마지막 가지 삼성전자 하드웨어 소프트웨어 인공지능 역량 분야 최대 삼성봇 전무 이윤철 삼성전자 무대 무릎 높이 흰색 로봇 등장 송이버섯 연상 모양 삼성봇 케어 전무 삼성봇 케어 디스플레이 얼굴 모양 디스플레이 손가락 실시간 혈압 맥박 상태 상태 유지 삼성전자 세계 최대 가전 전시회 하루 개막 하루 일 현지 미국 라스베이거스 글로벌 간담회 플랫폼 자체 로봇 삼성봇 공개 삼성전자 로봇 로봇 공개 삼성 프로젝트 차세대 삼성봇 센터장 이근배 삼성전자 센터장 전무 건강 환경 스트레스 시대 사람들 기여 설명 사회 약자 실버세대 로봇 삼성봇 라인업 실버세대 반려 로봇 역할 삼성봇 케어 이동 공기 관리 삼성봇 에어 쇼핑몰 음식점 결제 서빙 삼성봇 리테일 종 삼성전자 관절염 고통 노인 자유 활동 장애인 지원 보조장치 웨어러블 보행 보조 장치 이날 공개 소비자가전 김현석 삼성전자 소비자 가전 대표 사장 간담회 무대 삼성전자 주년 년 흑백 회사 혁신 제품 카테고리 업계 리더 성장 자평 년 년 삼성 투자 분야 전장 청사진 제시 삼성전자 조 규모 계획 중장기 투자 신성장동력 분야 삼성전자 진화 플랫폼 빅스비 자체 플랫폼 모바일 제품 가전 자동차 적용 이날 공개 년 패밀리허브 냉장고 빅스비 장착 대화 자연 실행 제품 이날 세계 공개 인치 퀀텀닷발광다이오드 핵심 네트워크 초고 화질 콘텐츠 시청 코덱 저화 콘텐츠 수준 년 스마트 빅스비 적용 사용자 시청 이력 콘텐츠 추천 전장 경험 개인 사용 강조 디지털 연결성 안전성 빅스비 연결 스마트기기 조작 갤럭시 차량 주유 상태 체크 온도 제어 개 스크린 장착 자리별 최적화 인포테인먼트 환경 삼성전자 시대 자신감 업계 장비 미국 연방통신위원회 인증 상반기 미국 스마트폰 삼성전자 삼성봇 빅스비 미국 삼성 퀀텀닷발광다이오드 웨어러블 갤럭시 실버세대 중장기
문재인정부,경험,명절 우리는 김지영이 된다 지난 월 동아제약 성차별 면접 사건이 알려졌습니다 면접 당사자는 한겨레 인터뷰에서 이렇게 말했습니다 사회적 약자가 변화를 일으키려고 하면 예민한 사람 취급하는 게 기득권 입장에서는 가장 좋은 해결방법이잖아요 예민하다 는 말을 너무 신경 쓰지 말고 오히려 칭찬으로 받아들였으면 좋겠어요 예민한 그가 한겨레 온라인 칼럼으로 독자 명절 김지영 사건 동아제약 면접 면접 당사자 인터뷰 사회 약자 변화 사람 취급 입장 기득 해결방법 신경 칭찬 온라인 칼럼 독자 여성 자신 주변 독서 경험 칼럼 이름 김쿵쾅 얼마 남자친구 결혼 준비 결혼 단어 결혼 결혼 여자 며느리 역할 예정 년 번 추석 명절 엄마 체득 결혼 이야기 남자친구 질문 김지영 제사 대답 남자친구 양송이 어머니 시집살이 할아머지 할머니 제사 제사 차례 명절 성당 미사 정도 미사 자신 안도 한숨 제사 착취 명절 노동력 걱정 백년손님 사위 지위 내심 조남주 작가 소설 년 김지영 바탕 영화 김지영 김지영 부부 명절 부산 남편 부모님 이야기 시작 자신 제사 요리 설거지 반복 지영 생각 남편 대현 손녀 식구들 년 명절 모습 엄마 며느리 주방 제사 참여 제사 거실 아빠 안방 가족들 이야기 엄마 제사상 사진 할아버지 영정 제사상 엄마 혼자 주방 언니 오빠 명절 주방 주방일 엄마 주방 요리 엄마 가지 요리 나중 시댁 식구 요리 신신당부 김지영 대물림 엄마 나름 노력 엄마 평생직장 생활 아빠 수입 명절 시댁 무시 명절 노동 본인 남편 수입 생각 남편 커리어우먼 명절 노동 시부모 용돈 해결 며느리 애초 며느리 지불 엄마 바람 커리어 우먼 회사 인정 제사 걱정 애초 명절 노동 한국 여성 부담 남편 수입 여성 부담 결혼 이야기 제사 여부 제사 남자친구 안도 여성 사회 위치 선명 명절 이혼 소송 급증 배경 어린아이 학생 커리어우먼 전업주부 여자 평등 김지영 명절 마법 세대 다르크 명씩 예비 시댁 제사 차례 안도 고민 사실 자체 한국 여성 비참 사회 위치 확인 추석 가정 여성 김지영 명절 마법 조금 김지영 남자친구 동아제약 커리어우먼 식구들 제사상 한국 노동력 조남주 시집살이 다르크 어린아이 백년손 명씩 할아머지 온라인 가족들 김쿵쾅 해결방법 지영 백년손님 전업주부
문재인정부,계약,영등포구 신길 푸르지오 선착순 분양 대우건설이 서울 영등포구에 짓는 도시형 생활주택 신길 푸르지오 조감도 에 대한 선착순 분양을 실시하고 있다 일 대우건설에 따르면 신길 푸르지오는 서울 영등포구 신길동 일대에 들어선다 개동 지하 층 지상 층 채 규모로 도시형 생활주택 채와 오피스텔 실로 구성된다 도시형 생활주택 잔여 영등포구 신길 푸르지오 선착순 분양 도시 생활 주택 잔여 세대 호수 선택 대우건설 서울 영등포구 푸르지오 도시 생활 주택 신길 조감도 선착순 분양 대우건설 푸르지오 신길 신길동 서울 영등포구 일대 개 지하 층 지상 층 규모 채 도시 생활 주택 오피스텔 구성 도시 생활 주택 잔여 세대 선착순 분양 이달 일 이달 도시 생활 주택 청약 공공임대 제외 모집 만 전용면적 도시 생활 주택 전용 면적 단일 희망자 선착순 분양 호수 분양가 억 억 분양가 계약금 차례 계약금 만 계약금 분양가 만 금액 중도금 분양가 잔금 분양가 납부 중도금 분양가 대출 가능 이자 후불제 선착순 분양 본보기집 진행 본보기집 목동 서울 양천구 분양가 계약금 서울 선착순 신길 영등포구 대우건설 푸르지오 만 양천구 중도금 본보기 본보기집 전용면적 채 층 개 공공임대 후불제 억 목동 만 조감도 신길동 희망자
문재인정부,계약,식품에 유통기한 대신 소비기한 휴게시설 의무 설치 법안 국회 통과 년부터 식품에 유통기한 대신 소비기한 을 표시하도록 하는 법안이 일 국회 본회의를 통과했다 소비자에게 판매를 허용하는 기한을 식품의 폐기시점으로 오인하지 않도록 해 식품 폐기물을 줄인다는 취지의 법안이다 여야는 노동자를 위한 휴게시설 설치를 의무화하고 농지 취득 심사를 까다롭게 하는 법안 등도 함께 의결했다 여야는 이날 열린 식품 유통기한 소비기 휴게시설 통과 의무 설치 법안 국회 년 식품 유통기한 소비기한 표시 법안 본회의 국회 통과 소비자 판매 허용 기한 식품 폐기시점 오인 식품 폐기물 취지 법안 여야 노동자 휴게 시설 설치 의무화 심사 농지 취득 법안 의결 여야 이날 국회 본회의 법안 의결 여야 이날 의결 식품 표시 광고 법률 개정안 식품 유통기한 소비기한 표시 유통기한 제조일 소비자 판매 허용 기한 소비기한 섭취 안전 기한 우리나라 년 유통기한 표시 운용 선진국 유통기한 기한 소비 기한 표시 운용 여야 식품 폐기물 수출 식품 국제경쟁력 낙농업계 준비 기간 우유 품목 년 년 범위 적용 개정안 구두약 초콜릿 우윳병 물품 외형 모방 식품 표시 광고 어린이들 물품 식품 오인 여야 사업주 휴게시설 의무적 설치 산업안전보건법 개정안 이날 의결 휴식시간 노동자 이용 공간 사업주 과태료 현행 휴게 시설 설치 의무 규정 휴게 시설 설치 조항 규칙 벌칙 조항 자격 농지 취득 농지법 개정안 의결 한국토지주택공사 투기 사건 후속대책 농지 취득 신청 직업 영농경력 자료 제출 주말 체험농장 용도 농지 취득 체험영농계획서 투기 지역 심사 농지 취득 지역 농업인 전문가 시민단체 참여 농지위원회 심사 민사재판 심문기일 변론기일 온라인 영상 재판 민사 소송법 개정안 여야 의결 변론준비기일 영상 재판 증인 감정인 통역 신문 허용 영장재판 소송관계인 활용 보험가입자 휴대전화 보험계약 해지 보험업법 개정안 저소득층 중위소득 이하 청년 취업 경험 여부 구직촉진수당 구직자 취업 촉진 생활안전지원 법률 개정안 의결 국가정보원장 불법 사찰 재발 방지 선언 피해자 사과 요구 국가정보기관 공개 불법 사찰 정보 진상 규명 재발방지 특별결의안 의결 개정안 휴게시설 유통기한 노동자 사업주 구직자 소비자 우윳병 폐기물 소비기한 본회의 시민단체 휴대전화 경쟁력 낙농업계 전문가 후속대책 감정인 보험계약 가입자 보험가입자
문재인정부,계약,년 해묵은 과학기술정책 틀 전복할 시점이다 올해 월 정부는 제 차 과학기술 기본계획 에서 현재 드러나는 국가적 문제를 과학기술을 통해 해결하겠다는 방향을 제시했다 우리나라 과학기술은 집권한 정부가 정책을 집행하는 수단이다 따라서 녹색혁명 창조경제 차 산업혁명 같은 구호에 따라 움직이는 경향이 강하다 국가 과학기술 체계의 구체적인 문제는 다루지 않고 어느 정부 년 과학기술정책 전복 시점 월 정부 과학 기본 계획 국가적 과학기술 해결 방향 제시 우리나라 과학 집권 정부 정책 집행 수단 녹색혁명 창조경제 산업 혁명 구호 경향 체계 국가 과학 구체적 정부 기초과학 투자 과학기술인 우대 시혜 공약 제시 정부 차이 항목 나열 전략 과학기술 행복 국립연구기관 주도 분야 역할 정책 국가 과학 개별 프로그램 수집 조정 과학 정책 오랫동안 적체 구체적 제시 해결 방안 통합 집중 전략 우수 연구원 조직 핵심 정책 구호 추진 역량 국립연구기관 민간부문 공공복리 증진 국가행정 기상 기후 방재 보건 환경 농업 수산 산림 축산 연구개발 수행 분야 국가 임무 시민 안전 건강 생존 사회 파급력 역할 중요 국립연구기관 부처 소속 관료 지배 체계 국가 과학 존재 정책 우리나라 과학 경험 관료 주도 과거 사회 농업 산업 사회 정부 실행 발휘 시절 유효 체계 산업 혁명 유지 오늘날 과학 해결 국가적 복합적 개별 과학 해결 전문성 연결 수준 자체 관료 주도 창출 실질 가치 능력 전략 방식 개발도상국 기획 아무것 개발시대 유효 기관 설립 몰두 소속기관 산하기관 사업단 특화센터 효과적 연구개발 조직 난립 인재 역량 기관 업무 충돌 혼란 선진국 국립연구기관 내부 역량 집중 국가적 해결 연구개발 연결 중점 시스템적 지식 필수적 융합 과학 깊이 창조적 적용 가능 정책 국립연구기관 역량 결정 차원 아웃소싱 대상 행정기구 연구조직 성격 동시 기관 핵심조직 연구개발 과학기술정책연구원 홍성주 박사 실력기반 연구조직 문화 특수 존중 관료 통제 과학 성과 우수성 방안 주장 영국 기상청 미국 국립 보건원 국립항공우주국 체계 영국 기상 기후 최고 대학 기상청 연구개발 사람 중요 인력수준 결정 기상 기후 분야 수준 세계 최고 기관 대학 영국 기상청 영국 기상청 바탕 대국민 기상 서비스 수준 세계 최고 수준 국가적 국가 해결 수준 결정 선진국 기상청 우수 인력 확보 집중 우리나라 국립 기관 연구원 채용 우수 사람 규정 운영 연구관 연구사 채용 객관성 유지 명목 사전 섭외 불법 기관 채용 목적 토론 위원 채용 심사 외부인 구성 사람 사전 평가 나라 우리나라 유일 계약 연구원 최고 수준 인력 채용 연구비 연구원 숫자 인건비 통제 계약 박사 연구관 석사 연구사 인건비 출연연구소 비교 분 국립연구기관 최고 수준 연구인력 유인 국립 기관 투자 만큼 성과 근본적 사람 생각 부족 연구비 창의적 인재들 인재 채용 인재 능력 발휘 연구지원 성과 국가 경쟁원리 지표 평가 책임운영기관 국립연구기관 지정 책임운영기관 정부 기관 공공성 유지 경쟁원리 운영 성과관리 강화 별도 지정 국립연구기관 국가기관 경쟁원리 운영 성과관리 강화 의문 책임운영기관 일반 행정 기관 조직 정원 관리 인사관리 예산집행 자율성 보장 정책여건 상황변화 기관 효율적 운영 장점 현실 법률 조항 국립연구기관 본부 소속기관 인사 예산 독립적 구조 제도 시행 영국 인사 예산 독립 책임 기관 국립연구기관 순위 행정 학회 행정 행정 프로세스 성과 평가 성과 지표 관리 성과 포장 역량 언론 기관 소개 이름 기관 이름 책임운영기관 포함 홍보 실적 평가 연구성과 언론 소개 프로듀서 책임운영기관 언급 부탁 창출 실질 가치 제도 평가 인력 세금 투입 연구개발 숫자 표현 성과 자리 숫자 과학기술 가치 평가 설정 지표 달성 집중 근원적 호흡 탐구 무시 무가치 가치관 태도 팽배 연구자 호기심 상상력 저평가 당장 소용 주제 자리 과학 독단적 년 과학 분야 존재 세상 과학 과학 생각 용납 대처 개방적 진리 민주 방법 중요 과학 믿음 과학 브로노우스키 과학 인간 미래 주장 정책 우리나라 과학 대 본격적 시작 과학 산업기술 확보 수단 정책 관료 주도 초기 년 그동안 과학 캐나다 오타와대학 김우재 교수 전두환 시절 정부 과학기술정책 블라인드 테스트 전복 시점 국립연구기관 국가적 해결 국가 과학기술 전위 임무 수행 정책 구호 바람 실질적 변화 작용 민주적 개방적 세계 과학 정신 수용 미래 포기 미래 과학 과학 우수 연구원 미래 세계 대기과학자 연구개발 과학기술 국립연구기관 연구원 우리나라 기상청 영국 책임운영기관 연구관
문재인정부,고용,월 일 인사 국토교통부 책임운영기관장 항공교통본부장 문갑석 과학기술정보통신부 파견 실장급 차산업혁명위원회 지원단 장석영 과장급 우영규 고용휴직 국장급 국제원자력기구 김봉수 통계청 과장 빅데이터통계 우영제 물가동향 김윤성 한국기초과학지원연구원 부원장 정재준 바이오융합분석본부장 정영호 국가연구 인사 국토 교통부 책임 운영 기관장 항공 교통 본부장 문갑석 과학 정보 통신부 파견 실장 산업혁명위원회 과장급 지원단 장석영 과장 우영규 고용 휴직 국장 국제원자력기구 김봉수 통계청 과장 빅데이터 통계 우영제 물가 동향 김윤성 한국 기초 과학 지원 연구원 부원장 정재준 바이오 융합 본부장 정영호 국가 시설 장비 진흥 센터장 정의덕 국가 시설 장비 진흥 센터 장비 정책 팀장 김동우 성과 확산부 중소기업 지원 강재윤 고려대 세종교정 원장 미래인 김명기 세종 평생 교육 정진호 세종학술정보 세종기록자료실장 강은숙 손재욱 라비오뜨 사장 문갑석 김동우 김명기 우영제 김윤성 정의덕 본부장 정영호 국제원자력기구 라비오뜨 우영규 정진호 지원단 정재준 부원장 세종학술정보 통계청 장석영 산업혁명위원회 김봉수 기관장 세종교정 자료실장 세종기록 고려대 교통부 한국 강은숙 확산부
문재인정부,고용,연준 기준금리 전격 인하 코로나쇼크 긴급처방 미국 연방준비제도 연준 가 기준금리를 포인트 전격 인하했다 년 금융위기 이후 금리 인하 폭이 가장 크다 연준은 이날 홈페이지에 올린 성명을 통해 이같이 밝혔다 이에 따라 미국 기준금리는 가 됐다 연준은 성명서에서 미국 경제 펀더멘털은 여전히 강하다 면서도 코로나바이러스가 경제 활동에 점차 진화하는 연준 기준 금리 전격 인하 코로나쇼크 긴급 처방 미국 연방 준비 제도 기준금리 포인트 전격 인하 금융 위기 금리 인하 연준 이날 홈페이지 성명 미국 기준 금리 연준 성명서 펀더멘털 미국 경제 코로나바이러스 경제 활동 진화 위험 위험 완전고용 물가 안정 달성 지원 금리 포인트 결정 연준 경제 전망 영향 모니터링 경제 지원 도구 사용 행동 미국 기준 금리 인하 공개 시장 위원회 정례회의 예측 예정 코로나 코로나 확산 선제적 기준 금리 인하 풀이 의장 이날 제롬 파월 연준 포함 명 참석자 만장일치 금리 인하 결정 도널드 트럼프 미국 대통령 트위터 기준 금리 인하 트위 추가 인하 주문 세계 중앙은행 공격적 금리 인하 언급 평등 입장 경기 미국 공평 연준 기준 금리 인하 주도 완화 일각 연준 기준금리 관측 얼라이언스베르스타인 수석 이코노미스트 에릭 위노그래드 연준 추가 인하 시장 이날 연준 기준 금리 인하 인하 연내 차례 전망 이날 연준 기준 금리 인하 개국 재무장관 중앙은행 총재 콘퍼런스콜 전화 회의 주요국 기준 금리 관심 공동성명서 코로나 글로벌 경제 잠재 충격 감안 지속가능 성장 유지 하방 위험 보호 정책 수단 사용 약속 재확인 재무 장관 재정 조치 포함 행동 준비 국제통화기금 세계은행 가용 가능 수단 최대 사용 약속 제롬 파월 연준 의장 긴급성명 지난달 긴급 성명 연준 코로나 상황 전개 경제 전망 시사점 예의주시 연준 정책 수단 행동 가능성 기준 금리 인하 가능 시사 연준 미국 기준금리 중앙은행 코로나 코로나 제롬 성명서 위노그래드 코로나쇼크 도널드 주요국 세계은행 가능성
문재인정부,고용,혁신의 방향을 묻는 과학기술의 새 흐름 사회문제에서 길을 찾다 지난 월 로마에서 열린 학회의 주제는 지속가능발전 목표 를 위한 과학기술혁신정책 이었다 지속가능발전 목표를 달성하기 위한 혁신정책 수단과 함께 임무 지향적 연구개발 새로운 거버넌스 사회혁신 등이 세부 혁신 방향 과학기술 흐름 사회문제 로마 학회 주제 지속가능발전 과학기술혁신정책 지속가능발전 달성 혁신 정책 수단 연구개발 임무 지향 거버넌스 사회혁신 주제 혁신 자체 해결 혁신 중요 강조 혁신정책 학술지인 특집 주제 차세대 혁신 정책 도전 대응 정책 임무 지향 방식 정책 사회 직면 해결 접근 학계 패러다임 혁신정책 전환 혁신 정책 등장 사건들 치료 예방 관리 추구 전환 대전 혁신정책 논의 세대 진화 세대 혁신 정책 혁신 사회 경제 프레임 차이 세대 앞세대 대체 병존 혁신 정책 기초연구 응용 실용화 산업발전 공공 기여 선형모델 혁신 정책 국가 산업성과 나라 연구개발 혁신 조직화 활용 제도적 네트워크 구성 혁신체제 규정 파악 혁신 창출 활용 확산 촉진 제도 형성 정책 관점 혁신 공급 중점 혁신 창출 산업발전 사회문제 해결 생각 기술공급자 과학 연구자 산업 관점 정책 논의 경향 부상 혁신 정책 혁신 사회 기술시스템 전환 주장 정책 과학 혁신 공급 사회 직면 양극화 기후변화 고령화 구조적 해결 출발 근원 해결 개선 구성 사회 기술시스템 전환 주장 중심 병원 치료 보건 의료시스템 예방 관리 치료 관리 병원 예방 관리 중심 전환 주장 전환 혁신 정책 지속가능발전 정책 지향점 해결 사회 도전 출발 산업발전 성장 활성화 초반 논의 혁신 정책 관점 핵심 정책 구체화 유럽연합 프레임워크 프로그램 혁신정책 입안 집행 프로그램 호라이즌 프로그램 대응 사회 도전 혁신정책 임무 지향 혁신 정책 핵심 원리 설정 중심 해결 영역 구축 혁신 플랫폼 혁신정책 임무 지향 혁신 정책 혁신 방향성 강조 지속가능발전 달성 지속 가능 발전 치매 플라스틱 사회 난제 해결 핵심 임무 설정 임무 달성 분과 영역별 프로젝트 중심 해결 통합 혁신활동 수행 혁신 플랫폼 구축 과학기술혁신 사회혁신 진행 전문가 활동 시민 사회 활동 통합 혁신성장 도전 해결 시장 형성 혁신성장 기회 제공 난제 해결 혁신성장 지속가능 전환 정책 담론 지형 변화 것들 시사 혁신 성장 수단 단편적 시각 혁신 정책 관점 지배적 우리나라 지형 포용 복지 성장 혁신 영역 분리 경향 포용 혁신 일종 형용모순 성장 혁신 필연적 불균등 진행 혁신 집단 배제 혁신 결과 양극화 실업 환경문제 사회복지정책 해소 혁신 정책 접근 관점 사회 통합 고용 유지 환경생태계 보호 궤적 혁신 가능 지속가능발전 달성 혁신 혁신 자체 중요 사회 도전 해결 포용사회 구축 성장 혁신 포용 혁신 가능 혁신 정책 현실적 관점 과학기술혁신 미래 조망 마천루 사이 자동차 안드로이드 로봇 서비스 제공 유토피아 관점 치매 부모님 가족들 건강 안전문제 지역 환경 에너지 연계 과학기술혁신 사회 시민들 체감 공감 과학기술 사회 미래 시민 관점 서야 현장 수용 과학기술 창출 시장 형성 산업 발전 사회적 확보 활성화 혁신정책 혁신 실천 우리나라 혁신 정책 지향 활동 정책들 도시재생 커뮤니티 케어 뉴딜 사회 직면 주거 사회서비스 에너지 환경문제 해결 과학기술 연계 흐름 과학기술영역 연구개발 사회 해결 디지털 사회 혁신 리빙 사업들 사회 지향 사업 진행 사회 접점 확대 흐름 그동안 활동 공간 영역 네트워크 생활세계 협업 구축 어려움 방식 과학기술 사회혁신 산업 복지 전문가 시민사회 해결 공동 작업 수행 혁신 플랫폼 사회 해결 구체적 비전 바탕 이해관계자 리더십 조정활동 요청 사일 부처들 활동 해결 사회 도전 혁신성장 동시 추구 사업 정책실험 전환 혁신 정책 가능성 혁신정책 혁신 정책 혁신 등장 시점 깃발 그림 선임연구위원 송위진 과학 정책 연구원 선임 위원 혁신정책 과학기술 지속가능발전 사회문제 연구개발 사회혁신 혁신성장 송위진 네트워크 우리나라 산업발전
문재인정부,공감,출근길 지하철 시위 멈췄지만 대선 후보들의 장애인 이동권 보장 응답은 전국장애인차별철폐연대 전장연 가 장애인 권리 예산 보장을 요구하며 벌여 온 출근길 지하철 시위 가 일 만에 잠정 중단됐다 전장연은 일 차 대선 후보 토론이 열리는 다음달 일까지 시위를 중단하기로 했다고 밝혔다 단체는 심상정 정의당 대선 후보가 지난 일 토론에서 장애인 권리 예산을 언급하고 이날 오전 단체의 시위 현장을 방 시위 출근길 지하철 대선 후보 보장 장애인 이동 응답 전국장애인차별철폐연대 전장연 예산 장애인 권리 보장 요구 시위 출근길 지하철 일 잠정 중단 전장연 토론 대선 후보 토론 시위 중단 단체 심상정 정의당 대선 후보 토론 예산 장애인 권리 언급 이날 단체 시위 현장 방문 시위 대선 후보 여부 입장 표명 계획 경향신문 장애인 이동 후보 대선 공약 정책 검토 장애인 단체 평가 이동권 대선 후보 장애인 이동 공약 이재명 더불어민주당 대선 후보 장애 성별 나이 사용 대중교통 이용 특별 교통수단 지원 보장 장애인 이동 유니버설 디자 공약 장애인 이동 후보 공약 장애인 장애인 당사자 선택 서비스 확대 장애인 권리 보장 장애인 예산 증액 장애인 개인 맞춤 서비스 강화 후보 관계자 후보 특별교통수단 국가 예산 지원 소홀 법안 개정 국회 요청 장애인 이동 보장 사업 재원 중앙정부 일반 회계 확대 마련 방침 윤석열 국민 대선 후보 시외 고속 광역버스 투입 저상버스 확대 시내버스 평균 단계 확대 확대 중증 장애인 콜택시 서비스 대기 절반 절약 확대 시각 장애인 네비게이션 투자 공약 장애인 콜택시 이용 제한 지역 중심 중증 장애인 대 명 대 확대 방침 중증 장애인 콜택시 민간 택시 확대 운용 대형택시 편의설비 장애인 택시 편의 설비 지원 장애인 이용자 응대 교육 교육 인식 개선 강화 중증장애인 카카오 범용 사용 개선 대형 택시 이용 차액 이용 지원 계획 후보 관계자 예산 중앙정부 일반 회계 확대 수용 가능 수준 판단 자동차 손해 배상 보장법 자동차 사고 피해 지원 기금 활용 방안 가능 설명 심상정 정의당 대선 후보 시내버스 폐차 차량 교체 저상버스 고속버스 시외버스 저상 버스 무장애 시내버스 정류장 확대 마련 장애인 콜택시 전국 단일 기준 공약 제시 후보 통과 교통약자법 개정안 대표발의자 개선 특별 교통수단 운영 개선 후보 관계자 교통시설특별회계 장애인 이동 재원 출연 방안 검토 사회기반시설 투자 예산 여유 재원 활용 방안 안철수 국민 후보 전국 시내버스 저상버스 확대 임기 장애인 전용 택시 확대 명 대 명 대 장애물 생활환경 달성 인증 의무 기관 공약 후보 관계자 후보 일반회계 사업 이동 보장 진행 계획 비중 장애인 예산 확대 저상버스 장애 공약 핵심 사안 현실 반영 보완 장애인 단체 지원 장애인 특별 교통수단 운영 국비 마련 장애인 콜택시 단일 기준 시외버스 저상버스 확대 공약 환영 후보들 시행령 개정 필요성 공감 공약 특별 교통수단 운영 보조비 비율 명시 지적 단체 보조금법 시행령 개정 보조비 비율 국비 국비 지방비 조정 제안 상임공동대표 박경석 전장연 상임 공동 대표 통화 이동 공약 실질적 핵심적 명시 지엽적 문제들 기획재정부 중앙정부 이동 예산 표현 후보 장애인 단체 저상버스 의무화 저상버스 의무 특별교통수단 장애인 평생 교육 시설 운영비 국비 지원 개정 보조금법 시행령 편성 장애인 권리 예산 증액 요구 연휴 일 시위 출근길 지하철 월 국회 본회의 통과 개정 교통약자 이동편 증진법 장애인 이동권 보장 한계 교통약자법 통과 시내버스 폐차 저상버스 의무화 특별 교통수단 운영 중앙 정부 예산 지원 근거 마련 시외 고속버스 저상버스 저상버스 의무 대상 제외 버스 사업자 구조 시설 저상버스 운행 적합 승인 저상 예외규정 정부 전국 시내버스 저상버스 보급 계획 달성 기준 저상버스 서울 충남 지역편차 개정 군간 원활 환승 연계 지원 광역 이동 지원 센터 설치 의무화 국가 센터 설치 운영비 지원 임의조항 규정 정부 예산 책임 장애인 콜택시 지자체 예산 보조 형태 운영 지자체 편차 접수 배치 창구 제각각 지역 이동 지자체 신청 택시 고질적 전장연 정책 실장 장애인 콜택시 차량 수요 대비 미달 지자체 차량 기초지자체 인건비 재원 마련 운전원 부족 주말 야간 운행 원활 시간 이용 인력 책정 운영비 마련 핵심 지적 주체 특별 교통수단 운영 민간사업자 확대 공약 민간사업자 확장 요금 이용자들 감당 실효성 공공 교통 정책 서비스 이용 보장 선행 강조 바퀴 절벽 인터랙티브 배너 클릭 주소창 입력 장애인 저상버스 이동권 특별교통수단 전장연 시내버스 콜택시 지자체 운영비 중증장애인
문재인정부,공감,봄이 온다 예술단 오늘 평양 공연 김용현 동국대 북한학과 교수 신범철 외교안보연구원 교수 앵커 오늘 동평양대극장에서 우리 예술단의 차 공연이 열립니다 우리 예술단의 평양공연은 조용필 씨의 단독 콘서트 이후 년 만입니다 김용현 동국대 북한학과 교수 그리고 신범철 외교안보 연구원 교수와 함께 자세한 내용 살펴보겠습니다 어서 오십시오 오늘 오후 시 우리 예술 예술단 예술단 평양 공연 김용현 교수 동국대 북한 학과 신범철 외교 안보 연구원 교수 앵커 동평양대극장 예술단 공연 예술단 평양공연 조용필 단독 콘서트 년 김용현 동국대 북한 학과 교수 신범철 외교 안보 연구원 교수 시 예술단 공연 공식 명칭 남북 평화 협력 기원 남측 예술단 평양 공연 부제 부제 공연 의미 인터뷰 평양 버드나무 새순 평양 원래 명칭 류경 버드나무 류자 류경 평양 서울 한반도 한반도 정세 변화 남북 개선 비핵화 북핵 진전 염원 차원 공연 평양 남북 문화사 중요 의미 공연 앵커 교수 인터뷰 생각 기회 북한 교류 확대 북한 비핵화 견인 한반도 지속 가능 평화 정착 계기 마련 이참 노력 남북관계 한미 한중 동원 노력 생각 앵커 공연 이틀 예술단 단독 공연 인터뷰 공연 단독 공연 동평양대극장 석 동평양대극장 국립극장 고급 문화 예술 공연 극장 그다음 일 류경정주영체육관 만 석 체육관 체육관 남북 합동공연 전개 부 부 공연 공연 김정은 위원장 참석 여부 여부 리설 주의 참석 것들 전체적 남측 단독 공연 얼마 북한 주민 명 공연 북한 주민 나중 실황중계 녹화 녹화 북한 주민 표정들 나중 앵커 공연 가수 조용필 최진희 방문 북한 인터뷰 조용필 가수 겨울 찻집 국방위원장 과거 김정일 국방 위원장 애창곡 최진희 사랑 북한 주민 노래 북한 주민 참석 주민들 친숙 아이돌 가수 노래들 북한 주민 관심 레드벨벳 가수 노래 것들 한국 사회 자유 인식 북한 주민 조심 반응 참관 참석자들 표정 생각 공연 교류 협력 효과 협상 협상 그다음 단계 진행 교류 협력 속도 상황 순수 민간 교류 확산 생각 인터뷰 가수들 서현 노래 버드 노래 노래 한번 주목 노래 북한 노래 과거 김광숙 사람 북한 가수 월 사망 북한 인민배우 인민 가수 칭호 시대 김정일 위원장 시대 김정은 위원장 가수고 세 일기 사망 김정은 위원장 조화 정도 북한 이선희 정도 이선희 이미자 정도 이미자 북한 최고 가수 사망 사망 김광숙 대표곡 버드나무 버드나무 평양 아까 말씀 류경 버드나무 상징 평양 상징 나무 버드나무 버드나무 정치색 노래 제목 가사 나무야 시냇가 나무 머리 서정적 노래 노래 서현 한번 주목 앵커 교수 레드벨벳 말씀 교수님 인터뷰 레드벨벳 세대 가수들 앵커 백지영 레드벨벳 그룹들 공연 북한 주민 영향 인터뷰 과거 북측 공연 반응들 조용필 공연 최진희 노래들 북한 주민 공감대 형성 나중 정도 소개 과거 팝 가수들 가수 실제 아이돌 표현 가수들 반응 사람 이야기 조명균 장관 전언 이야기들 정도 불편 팝 음악들 북한 확산 영향 레드벨벳 노래들 노래 노래들 예전 북한 주민 느낌 앵커 가수들 공연 별도 태권 시범단 공연 인터뷰 상호주의 평창 동계 올림픽 기간 북한 예술단 태권 시범단 시범 태권 시범단 태권도 태권도 위용 나중 통합 진일보 협력 앵커 교수님 얘기 공연 북한 김정은 관심 예상 인터뷰 상호주의 적용 측면 북한 공연단 대통령 문재인 김정숙 여사 참관 생각 합동공연 일 공연 참관 가능성 김정은 위원장 리설주 참관 긍정적 메시지 발신 예상 인터뷰 공연 김정은 위원장 요청 측면 공연 북측 공연단 공연 특사단 북한 위원장 김정은 남측 예술단 입장표명 김정은 위원장 예술성 공연 내일모레 공연 대중 공연 정도 부인 참석 남북관계 북한 김정은 위원장 이미지 부분들 국제사회 기회 참석 앵커 평창 동계 올림픽 기간 한미연합훈련 얘기 독수리 연습 시작 훈련 기간 규모 평가 인터뷰 훈련 기간 연습 보통 독수리 월 월 원래 평창 올림픽 기간 축소 공식적 부대훈련 별도 분리 월 진행 진행 키리 졸브 훈련 중순 진행 기간 당국 훈련 충실 얘기 기간 훈련 대화 기간 훈련 대외적 로우키 유지 훈련 바깥 방식 지속 북한 지속 핵실험 미사일실험 대응 차원 대화 분위기 대외 전달 안정적 진행 훈련 내실 대외 로우키 접근 접근 방향 생각 앵커 김정은 위원장 남측 공동 합동훈련 이해 얘기 반응 인터뷰 이해 한미군사훈련 북한 긍정 반대 진행 상황 미국 행동 자체 측면 과거 북한 한미군사훈련 반응 부분들 미국 전략무기 한미군사훈련 전개 전략폭격기 전략폭격기 랩터 전략 무기 기지 발진 미국 항공모함 동해상 전개 것들 반응 전략무기들 북한 특별 반발 모습 것들 노동신문 언론 북한 내부 주민들 한미군사훈련 비난 정도 과거 강도 앵커 김정은 위원장 위원장 국제올림픽위원회 그전 중국 방문 공개적 외교활동 인터뷰 남북 정상 회담 북미 정상 회담 워밍업 북중 정상 회담 북한 중국 전략 이해관계 김정은 위원장 방문 위원장 토마스 바흐 김정은 체제 정상적 체제 국제사회 교류 체제 국제 체육 행사 북한 과시 화면 바흐 위원장 김정은 위원장 동석 자리 북한 체육행사 관람 자리 사람 만남 공간 사람 모습 국제사회 김정은 위원장 개선 적극 이미지 생각 앵커 일본 북한 북한 러시아 회담 얘기 인터뷰 남북 정상 회담 미북 정상 회담 합의 상황 중국 해결 김정은 위원장 초청 모습 구도 형성 과거 회담 참여국 일본 러시아 배제 일본 나름 해결 북한 해결 납치자 러시아 동북아 다자평화체제 다자안전보장체제 러시아 주도 나름 이익 외교 행보 긍정적 생각 가능 북한 변화 유도 나라 목소리 김정은 위원장 전달 비핵화 자신 외교 확신 긍정적 생각 한편 비핵화 북한 공통 목소리 조율 중요 가능 보유 외교 고립 탈피 생각 주변국 공조 대화 북한 변화 대원칙 국가 끼리 합의 북한 조치 실질 변화 압박 목소리 가지 조건 조화 비핵화 개선 생각 인터뷰 러시아 일본 김정은 위원장 방문 북러 북일 개선 한편 측면 김정은 위원장 효과 북중 입장 김정은 위원장 비핵화 구체적 의지 핵실험 발사 미사일 이야기 것들 것들 주변 국가 김정은 위원장 행동 중요 대화 중요 트럼프 대통령 억지 효과 중국 일본 러시아 한반도 지형 변화 참여 가능 중심 현실적 불가능 실질적 중국 일본 러시아 구도 안정적 상황들 유리 북한 중국 러시아 일본 관계개선 전폭적 지지 중요 앵커 남북 정상 회담 이달 회담 남북 고위급 일 회담 의제 결정 인터뷰 회담 고위급 회담 확인 사안 고위급 회담 날짜 집중 일 각종 실무 회담 실무회담 비공식적 접촉 진행 중요 남북 정상 회담 의제 비핵화 평화체제 그다음 남북관계 발전 가지 의제화 사전 얼마 남북 의제 공감대 형성 미국 입장 반영 공감대 형성 남북 정상 회담 성공적 성공적 북미 정상 회담 성공적 회담 남북 고위급 중요 출발점 북미 정상 회담 성공적 가지 환경 중요 앵커 북한 남북 정상 회담 비핵화 가능 논의 비핵화 미국 회담 얘기 예상 인터뷰 의지 김정은 위원장 남북 정상 회담 공개적 공동성명 공동선언 비핵화 평화체제 구체적 정상회담 공동선언 공동성명 추상적 남북 사안 남북 가능성 정도 이산가족 상봉 전체적 남북 정상 회담 북미 정상 회담 징검다리 디딤돌 마중물 역할 정상회담 대화 집중 협의 자리 생각 현실적 현실적 가능 영역 앵커 교수 의제 인터뷰 김용현 교수 말씀 가지 의제 핵심 안건 논의 그중 중요 비핵화 남북 중요 미북 정상 회담 시점 북한 생각 구체적 비핵화 개념 조치들 북중 정상 회담 이야기 한국 미국 단계 조치 확인 입장 확인 미국 공동 대안 마련 미북 정상 회담 파국 안정적 개최 성공 비핵화 개선 조건 비핵화 논의 생각 중요 남북 정상화 서로 인식 북한 정상회담 수뇌상봉 이야기 수뇌상봉 북한 일방적 이야기 이야기 중국 시진핑 주석 회담 북한 설득 기회 남북 논의 논의 문재인 정부 북한 진정성 생각 변화 유도 다각적 접근 성공적 결과 남북 미북 한반도 동북아 평화 근본적 해결 가능 생각 앵커 남북 정상 회담 초반 문재인 정권 만큼 결과 정례 가능 거론 문정인 특보 얘기 전망 진짜 남북 정상 회담 정례화 인터뷰 정상회담 명칭 정상회담 남북 정상 회담 정상회담 정상 회담 이름 남북 정상 회담 가능성 차 정상 회담 북미 정상 회담 남북 정상 회담 북미 정상 회담 성과 접근 가능 대화 토론 중심 대화 집중 정상회담 캐치프레이즈 집중 성과들 차 정상 회담 북미 정상 회담 정상 회담 실제 구체적 말씀 우선 비핵화 합의 그다음 이행 단계적 이행 보상 단계 이행 행동 행동 행동 보상 접근법들 정상회담 과도 정상회담 출발점 우물가 숭늉 우물가 숭늉 정도 단계 단계 앵커 남북 정상 회담 미북 정상 회담 극보수적 의견 북한 의도 걱정 분들 소수 부분들 의견들 인터뷰 북한 시각 의견 존재 생각 안보 북한 의심 접근 교류 측면 기회 측면 존재 의심 기회 생각 중요 북한 의지 북한이 얘기 단계 조치 확인 의혹들 해소 정상회담 차 차 차 발전 의혹 신뢰 접근 생각 남북 정상 회담 김용현 교수 말씀 중요 의미 생각 출발 동일 미북 정상 회담 월 미북 정상 회담 핵문제 진전 파국 트럼프 대통령 방식 맥시멈 프레슈어 군사 옵션 가능 정상회담 사실 분위기 상황 핵문제 진전 단계 문제의식 추진 생각 앵커 문재인 대통령 주석 중국 시진핑 특별 대표 자격 방한 양제츠 외교 정치국 위원 접견 이야기 비핵화 가지 제기 인터뷰 위원 양제츠 정치국 방한 원래 일 이야기 정도 결국 김정은 위원장 방중 결정 직전 결정 간접적 확인 양제츠 위원 방한 미국 입장들 정리 확인 측면 북중 정상 회담 결과 문재인 대통령 설명 자리 의미 원래 이야기 북중 정상 회담 결과 설명 의미 가지 현안 논의 결정적 중요 부분들 한반도 중국 역할 중요 중국 북한 지렛대 경제적 측면 정치 군사적 측면 부분적 얼마 한국 공감대 형성 집중 미국 미중 북한 핵문제 평화체제문제 부분들 대화 의미 회담 앵커 김용현 동국대 북한 학과 교수 교수 신범철 외교 안보 연구원 얘기 말씀 감사 인터뷰 감사 비핵화 위원장 김정은 미국 정상회담 중국 평양 예술단 러시아 문재인 레드벨벳 버드나무 부분들 미북 일본 북중
문재인정부,공감,사회복지 이제는 인권을 중심에 두어야 사회복지는 인간의 존엄과 가치를 추구하지만 현장에서는 그 가치가 잘 지켜지지 않는 경우가 드물지 않게 발생한다 영화 도가니 로 잘 알려진 청각장애인학교 내 성폭력과 학대 사건 년대 형제복지원 사건 등이 그 예다 인권에 기반을 둔 사회복지 영역에서 왜 인권을 침해하는 일이 발생할까 이와 같은 문제의식을 바탕으로 한국사회복지학회가 사회복 사회복지 인권 중심 사회복지 인간 존엄 가치 추구 현장 가치 발생 영화 도가니 청각장애인학교 성폭력 학대 사건 사건 형제 복지원 인권 사회 복지 영역 인권 침해 발생 문제의식 바탕 한국사회복지학회 사회복지 불편 진실 인권 주제 춘계 학술 대회 경기도 의정부시 신한대 주최 토론 과거 시혜적 패러다임 자선 복지 사회복지 원인 인권 침해 제시 오선영 한국 인권 재단 사무국장 사회 빈곤 개인 무능력 생각 수급권자 사람들 인식 불평등 사회구조 해결 급선무 해결책 복지정책 기획 실행 평가 단계 인권 원칙 가치 적용 인권 사회복지 제안 인권 사회복지 의식주 기본 욕구 지원 수급권자 자신 해결 장기적 도움 의미 사회보장 국가 책무 소외 배제 집단 사회구성원 행복 보장 사회 복지 제도 운용 발생 인권 침해 비판 의견 사무국장 김윤영 빈곤 사회 연대 국민기초생활보장제도 빈곤 형벌화 강화 제도 개선 촉구 빈곤 형벌화 빈곤 개인 무능 게으름 빈민 인권 기본 제한 의미 가난 동등 사람 동정 대상 스마트폰 사용 브랜드 신발 비난 사무국장 국민기초생활보장제도 부양 의무자 기준 근로능력평가 원칙 연락 가족 부재 증명 설명 상황 수급권자 자신 상황 비정상 인식 심적 위축 비판 신청 절차 수급률 년 기준 비판 최저임금 노동조건 노동자 은행 주민센터 방문 서류 발급 제출 현실 빈곤층 부정수급 편견 기초생활보장제도 신청 지적 부정 수급 통합 콜센터 억 부정 수급 사례 억 제공기관 비리 수급자 부정 수급 사례 조사기관 조사 미비 누락 오지급 빈곤층 복지수급자 편견 반박 대표 한종선 형제 복지원 생존자 모임 시설 관리 감독자 이용 규칙 개인 시설 이용자 인권 자립성 침해 이용자 시설 운영 박숙경 경희대 후마니타스칼리지 교수 사회복지법인 시설 영향력 운동 그동안 시설 민간 운영 사회 복지 시설 밥그릇 지적 사회 복지 시설 인권 추구 정치 권력 자본 이해관계 운영 교수 사회 약자 직업 능력 상실 구체적 피해 시설 보호 정책 폐지 지역사회 일원 탈시설화 필요성 강조 복지 정책 패러다임 변화 사회복지사 인권 감수 주장 사회복지사들 수급권자 신체적 정신적 학대 수급권자 권리 침해 홍선미 한신대 사회 복지 학과 교수 사회복지 인간 필수 욕구 충족 생각 개개인 의사 권리 무관심 인권 침해 발생 교수 사회복지사 수행 수급권자 인권 침해 사회복지사 인권 감수 교육 구체적 방안 사회복지사 교육 인권 교과목 인권 사회 복지사 자격시험 인권 과목 추가 방안 논의 제안 참석자들 사회복지사 상황 개선 지적 오선영 사무국장 사회복지사들 복지 형편 사회복지사들 균형 휴식권 현실 비판 사회복지사 인권 침해 구제 제도 감시 사무총장 조영선 국가 인권위 기조강연 소록도 형제복지원 선감학원 사회복지시설 폐해 공감 사회복지시설 사회 편의 소수자 격리 운영 시설이용자 사회복지사 인권 침해 비판 사무총장 복지시설 기관 운영 이용자 종사자 인권 보호 방향 국가인권위 인권 침해 예방 구제 감시자 옹호자 역할 송진영 한겨레경제사회연구원 사회 정책 센터 연구원 수급권자 사회복지 사무국장 사회복지사 복지사 부정수급 형제복지원 이용자 신한대 탈시설화 한종선 콜센터 국가인권위 그동안 조영선 오선영 사무총장 김윤영 사회복지사들 수급자 자격시험 송진영
문재인정부,공격,이범준의 법정 영화 국민참여재판 배심원의 상식과 판사의 법 지식 사이 간극을 묻다 소수의견 감독 김성제 년 한국 어디서든 비슷하지만 전국의 판사가 명에 불과한 법원에서는 평판이 특히 중요하다 가령 대법관이 읽는 사건 기록에는 하급심을 처리한 재판장의 이름이 적혀 있다 상고심을 맡은 대법관은 누가 한 재판인지 먼저 보고 그다음에 사건 내용을 파악한다 대법관이 사건 처리에 참고하는 보고서에도 연구관 누가 어떤 국민참여재판 배심원 상식 판사 사이 지식 간극 소수의견 감독 김성제 한국 전국 판사 명 법원 평판 중요 대법관 사건 기록 하급심 처리 재판장 이름 상고심 대법관 재판 그다음 사건 파악 대법관 사건 처리 참고 보고서 연구관 의견 최고 법률가들 법원 판결 판결 보고 보고 기자들 기사 취재기자 이름 평판 기사 품질 짐작 아마추어 조직 일원 프로 자신 승부 운동경기 아마추어 등번호 프로선수 이름 영화 소수 의견 구역 철거 현장 죽음 철거 저항 주민 이경영 아들 철거 투입 의경 죽음 언론 검찰 정치권 형사법정 소환 욕망 재판 결국 분쟁 종착지 법원 도착 사건 국민참여재판 진행 한국 배심 재판 프로 직업법관 아마추어 배심원 재판 제도 배심원 이름 판사 이름 영화 현실 영화 영화 법정 안팎 이야기 번 배심원 관객 치열 변론 철거 저항 주민 의경 현장 죽음 국가 책임 검사와 국가 주체 지목 변호사 명 배심원 재판부 판단 아들 의경 아버지 무죄 징역 년 의견 판결 의미 질문 영화 주민 아들 사람 경찰 검찰 은폐 용역 회사 직원 연습 범인 기소 사건 성격 조작 경찰 주민 아들 주민 경찰 공격 주민 용역 민간인들 폭행치사 검사 목적 국가 살인자 위치 검사 시도 법조 엘리트 판사 실현 눈치 변호사 국민참여재판 신청 예측 재개발 정치 현장 젊음 죽음 형사법정 정치 공간 재해석 사람들 의무 언론 정치권 각자 방식 사건 개입 기사 성명 민간인 살해 은폐 주체 청와대 정권 규정 국가 존재 청와대 의미 주체 국가 은폐 시도 애국심 청와대 검사 출세욕 사건 조작 검사 자신 변호사 국가 희생 봉사 유지 아들 경찰 살해 박재호 희생 봉사 결국 에너지 폭발 장소 영화 후반부 법정 장면 사흘 재판 검사 변호사 죽음 실체 정권 공작 공방 검찰 대표 검사 사람 출정 사건 조작 부장검사 김의성 배심원 관객 호감 여성 검사 오연아 여성 검사 배심원 관객 첫마디 식사 예상 친절 사실 미소 먼저 관객 검찰 국가조직 공정 선의 형사법정 검사 존재 검사 처벌 법원 요구 공판 시작 지방대 출신 족보 변호사 윤계상 변호사 지역 주민 아들 경찰 주력 국회의원 수감 조직폭력배 주민 아들 경찰 용역 회사 직원 주민 혐의 의경 살해 아들 사람 신분 여부 정당방위 인정 형법 정당방위 타인 법익 부당 침해 방위 행위 법정 명 배심원 살해 범인 용역 경찰 살해 범인 박재호 유무죄 영향 국민참여재판 특성 변호인 검찰 사흘간 재판 선고 토론 아마추어 배심원 집단 무죄 의견 법률 프로 재판부 의견 징역 선고 결정 근거 배심원 평결 의견 법원 기속 항 국민 참여 재판법 영화 변호사들 검사 범인 조작 사실 입증 박재호 지역 주민 의경 살해 정당방위 입증 선고 관객 사건 현장 정당방위 인정 박재호 의경 가격 시점 아들 의경 아들 구타 헬멧 의경 뒷머리 쇠파이프 행위 정당방위 현실 국민참여재판 배심원 판단 재판부 판단 일치 통계 년 사건 일치 일반인 배심원 유무죄 감각 프로들 법관들 유무죄 법리 사실 좌우 사건 감독 재현 현장 화면 배심원 유죄 결정 가능성 배심원 의견 의미 영화 제목 소수의견 국가 용역깡패 재개발 현실 국가 근본적 책임 제기 국민참여재판 의의 일반시민 직업법관 유무죄 감각 괴리 근본적 의문 프로 도그마 아마추어 상식 법정서 정의 상식 극적 소수의견 판사 판사 배우 권해효 영화 등장 특정 직업군 전형적 극적 영화 소수 의견 사회부 공수경 사회부 김옥빈 취재원 반말 인사 상사 사회부장 기자들 태도 실제 외양 본질적 특징 특종 이름 욕심 사회 자기합리화 현직 입장 현직 영화 기자들 영화 언론 은어 특성 장면 감탄 소수의견 재판장 배우 권해효 판사 법조인 실제 판사 평가 전직 년 판사 판사 소수의견 핵심 후반부 차지 법정 장면 생각 재판장 존재 정당방위 다수 관객 재판부 현실적 일 권해효 촬영 판사 사람 판사 사람 궁리 감독 상의 출신 한양대 연극 영화학 연기론 정통 영화 판사 단정 생각 판사 검사 변호사 정의 실현 생각 자신 법정 지배하 훼손 시도 사람 검사 변호사 용납 재판 마지막 마지막 촬영 판사 사람 궁리 소수의견 의미 영화 제목 다수 진실 호의적 적대적 재판장 캐릭터 징역 영화 법정 영화 관객 공정 영화 지향 중의적 훼손 물론 영화 국민참여재판 소재 영화 배심원 법원장 촬영 국민참여재판 무죄율 다중 법정 정의 상식 법률가 탐정 극적 생각 영화 소수 의견 개봉 만 관람 촬영 정치적 공개 극장 개봉 영화 오프닝 투자사 이름 영화 모티브 이명박 정권 시절 용산 참사 개봉 문화 블랙리스트 박근혜 정부 다행 영화 촬영 법정 장면 허가 춘천지법 법정영화 영화 법정 장면 도전 논리 싸움 법정영화 조서 기록 법정 긴장 방청석 등장 재판장 중요 촬영 법대 재판석 법정 조망 검사석 변호사석 방청석 주목 무게감 소수의견 제목 다수의견 진실 사회 영화 사회 애정 이해 명배우 배심원 변호사 정당방위 재판장 소수의견 박재호 국민참여재판 기자들 유무죄 대법관 재개발 청와대 재판부 한국 후반부 권해효 한양대 방청석 사회부 민간인 법률가
문재인정부,공격,돌아온 빛현우 공도 막고 코로나도 막겠다 한국 축구대표팀 수문장 조현우 울산 에게 지난해 월은 축구 인생에서 지우고픈 기억일지 모른다 대표팀의 유럽 원정 평가전 매치 엔트리에 이름을 올려 오스트리아에 건너갔다 현지에서 코로나 확진 판정을 받았다 곧바로 동료들과 격리돼 치료를 받았다 결국 대한축구협회가 현지에 보낸 전세기 편으로 귀국했다 정상 궤도로 돌아오기까지 빛현우 코로나 수문장 조현우 코로나 확진 절치부심 약점 빌드업 능력 버블 축구 협회 방역 선수 보호 한국 축구 대표 수문장 조현우 월 축구 인생 기억 대표팀 평가전 유럽 원정 매치 엔트리 이름 오스트리아 현지 판정 코로나 확진 동료들 격리 치료 결국 대한축구협회 현지 전세기 귀국 정상 궤도 육체적 정신 타격 아시아축구연맹 챔피언스 리그 본선 출전 동료 아시아 정상 등극 모습 중계 조현우 무증상 치료 격리 불안 귀국 심리적 불안 신체적 심리 치료 조현우 대표팀 일원 해외 원정 행선지 나라 일본 일 일본 요코하마 닛산 스타디움 대결 통산 매치 역사 의미 카타르 월드컵 최종 예선 일본 기선 제압 조현우 인터뷰 일본 출국 직전 축구 코로나 대표 안전 걱정 팬들 방역수칙 일본 방역 유럽 원정 자신 바이러스 만반 준비 각오 코로나 확진자 경험 조현우 축구 격리 기간 축구 최선 스타일 각오 시즌 조현우 평가 빛현우 만큼 방어 능력 약점 지적 빌드업 수비 지역 패스 공격 전개 능력 빌드업 감독 파울루 벤투 추구 점유 축구 핵심 키워드 조현우 롱킥 패스 빌드업 인식 경향 시즌 전방 전달 설명 동료 믿음 조현우 감독님 시즌 홍명보 감독 부임 울산 선수 감독 선수 신뢰 선수 감독 의지 동료 믿음 대표팀 조현우 별명 사랑꾼 가족 사랑 각별 아내 이희영 아이들 하린 예린 울산 울산 주변 공원 산책 아이들 칭찬 사실 아이들 년 남편 년 결혼 아내 남자 대한축구협회 기간 일본 원정 대표 동선 중심 방역 버블 구축 선수단 코로나 검사 숙소 훈련장 경기장 이외 장소 출입 미팅 사전 방역 개방 공간 진행 숙소 차례 객실 차례 객실 환기 이동 버스 거리 유지 장갑 체온감지 손목 밴드 착용 축구 협회 관계자 원정 유럽 원정 방역 실패 의무분과위원회 수칙 선수단 방역 선수들 협조 분위기 설명 조현우 일본 울산 코로나 대표팀 빌드업 유럽 선수단 수문장 아이들 빛현우 대한축구협회 한국 코로나 관계자
문재인정부,공격,챔피언스리그의 사나이 황희찬 경기 연속골 공격축구에 부족함이 없는 재능들의 쇼 그 중에서도 한 선수가 눈길을 끌었다 잘츠부르크의 황희찬이 일 한국시각 영국 리버풀의 안필드에서 열린 유럽축구연맹 챔피언스리그 본선 강 조 조별리그 리버풀과의 차전 패 에서 골 도움으로 맹활약하자 유럽축구연맹 누리집이 주요 뉴스로 그를 다루면서 평가한 대 챔피언스리그 사나이 황희찬 연속골 공격축구 부족 재능들 선수 눈길 잘츠부르크 황희찬 일 한국시각 영국 리버풀 안필드 유럽축구연맹 챔피언스 리그 본선 강 리버풀 조별 리그 차 패 맹활약 유럽축구 연맹 누리집 평가 대목 황희찬 이날 전반 후반 번째 발판 도움 기록 후스코어드닷컴 평가 점 점수 최고 경기 챔피언스리그 경기 골 관여 도움 시즌 각종 경기 도움 기록 황희찬 주가 황희찬 국제축구연맹 선수 후보 리버풀 판데이크 중앙 수비수 피르힐 농락 개인기 인상 영국 축구 전문 매체 스포츠바이블 판데이크 프리미어 리그 경기 연속 드리블 허용 황희찬 자신 득점 모습 황희찬 중앙수비수 세계 최고 중앙 수비수 두통 묘사 시즌 리버풀 행진 챔피언스 리그 안방 황희찬 잘츠부르크 황희찬 미나미노 다쿠미 홀란드 득점 동점 리버풀 후반 무함마드 살라흐 결승골 잘츠부르크 응원단 경기 오랫동안 노래 함성 외신 잘츠부르크 승 승점 골득실 승점 나폴리 승 승점 자리 리버풀 위 승 승점 골득실 승점 헹크 위 무 승점 김대길 해설 위원 공격수 아시아 출신 유럽무대 성공 황희찬 적응 스피드 도전적 황희찬 빅리그 칭찬 발렌시아 이강인 이날 메스타 스타디움 아약스 조 차 후반 고메스 투입 패배 아약스 발렌시아 승 승점 골득실 승점 첼시 승 승점 골득실 승점 위 패 위 김창금 김창금 황희찬 리버풀 차 잘츠부르크 승 챔피언스리그 영국 판데이크 중앙수비수 유럽축구연맹 아약스 위 발렌시아 누리집 스포츠바이블 연속골 피르힐 위 김대길 아시아 김창금 수비수
문재인정부,공공,간호사가 환자 복부 절개 심장 마사지 국제 간호사의날 맞아 불법의료 실태 증언 의사 대신 수술 처방 진료기록 작성 등 전임의 수준 의료 위험천만 문제 제기 땐 나가라 합법화 전문간호사 확대 등 대책 필요 제가 한 일 중 기록으로 남은 건 아무것도 없습니다 병원에 입사했고 월급 받아가고 그게 제 기록의 전부입니다 년차 간호사 씨는 신규 간호사 시절부터 간호사 절개 환자 복부 심장 마사지 국제 간호사의날 증언 불법 의료 실태 의사 수술 처방 진료기록 작성 전임 위험천만 수준 의료 합법화 전문간호사 확대 대책 기록 아무것 병원 입사 월급 기록 년 간호사 시절 신규 간호사 외과 소속 수술 집도의 환자 복부 절개 복강 배액관 삽입 충수 담낭 위장 절제 각종 의무 기록 이름 불법의료행위 의료법 의료인 면허범위 의료행위 규정 씨 전임 수준 불법의료행위 고백 씨 간호사 국제 간호사의날 주최 보건 의료 노조 좌담회 처방 수술 시술 처치 진료 기록지 작성 의사 업무 불법 의료 행위 실태 증언 신변 보호 동물 가면 목소리 변조 전국 규모 만 추산 병원들 의사 부족 고질적 전공의 시간 근무 시간 제한 전공의법 시행 규모 지속적 의대 정원 확대 공공의대 설립 반대 전공 파업 의료현장 현행법 자체 신분 인정 존재 존재 사람들 간호사들 불법의료행위 노출 중환자실 년 간호사 신규 간호사 의사 아이디 처방 욕창 근육 침범 간호사 블레이드 조직 소독 증언 씨 간호사 의사 환자 동맥라인 신경 절단 사례 언급 운전 아이 운전 년 간호사 흉부외과 씨 심장수술 사지 혈관 채취 업무 수술 예기 상황 집도의 에크모 체외막산소공급장치 삽입 환자 심장 마사지 결국 법적 보호 테두리 인력 제공 대체재 생각 제기 년 씨 중환자실 간호사 의사 문제제기 간호사 근무 오더 퇴근 보복 조치 씨 부서 관리자 의사 간호사 업무 간호사 요청 자리 대체 사람 간호사들 정부 차원 대책 미국 체계 교육 자격 전문간호사 직업군 존재 보건 응급 마취 노인 가정 중환자 정신 분야 전문 간호사 제도 의료행위 허용 의료계 확대 전문 간호사 제도 합법화 방안 의료법 개정 의사 간호사 업무 방안 거론 위원장 나순자 보건 의료 노조 보건복지부 병원협회 의사협회 전공의협의회 간호협회 공개 토론 제안 월 상황 지지부진 총파업 방침 간호사 전문간호사 불법의료행위 의료법 중환자실 씨 나순자 집도의 합법화 전공의 간호사의날 흉부외과 의료행위 간호사들
문재인정부,공공,건축단체들 새 청사 기획 부실 당선안 문제 삼는 건 아니다 정부세종청사 새 청사 설계 공모전 당선작을 두고 심사 과정의 문제를 제기하며 심사위원장이 사퇴한 일과 관련해 국내 대 건축가 단체가 새 청사 기획 자체가 부실했다 고 재차 비판하고 나섰다 그러면서도 당선된 설계안에 대해서는 문제 삼지 않는다 고 선을 그었다 대한건축사협회 한국건축가협회 새건축사협의회 한국여성건축가협회 등 건축단체 곳은 건축단체들 부실 청사 기획 당선안 정부세종청사 청사 설계 공모전 당선작 심사 제기 심사위원장 사퇴 건축가 단체 자체 청사 기획 부실 비판 당선 설계안 대한건축사협회 한국건축가협회 건축사협의회 한국여성건축가협회 건축 단체 성명 일 건축사회관 서울 서초구 건축 사회관 기자회견 자리 참석 회장 윤승현 건축사 협의회 정부세종청사 청사 사업 억 사업 기획 전제 기획 자체 부실 판단 지적 논란 국제 설계 공모 심사 당선 설계안 회장 성명 설계안 구체적 언급 심사과정 입장 결과 판단 회장 김용성 한국건축가협회 설계안 이슈 회장 국가건축정책위원회 대통령 소속 국가 건축 정책 위원회 심사 조사 국가건축위 조사 공정성 변별력 주문 성명 국민 요구 공공 건축 설계 공모 국가 운영 취약 공모 건축 설계 심사 지속적 발생 공공건축 사회 역할 합의 전문적 공모 심사 지적 채윤태 채윤태 설계안 한국건축가협회 공공건축 윤승현 건축사협의회 정부세종청사 채윤태 협의회 서울 건축사 당선작 김용성 변별력 기자회견 한국여성건축가협회 공정성 건축가 건축사회관 사회관 국가건축정책위원회 위원장 심사과정 당선안
문재인정부,공공,탄소제로 도전 폐음식물로 난방 수소차로 쓰레기 수거 일 경기도 고양시 덕양구 고양바이오매스 에너지시설 고양시 주민들이 버린 음식물쓰레기가 매일 씩 모여드는 곳이다 음식물쓰레기는 복잡한 처리시스템을 거쳐 친환경 퇴비 등으로 재활용되는데 이 과정에서 온실가스의 일종인 메탄가스가 발생한다 이상진 고양바이오에너지 처장은 음식물쓰레기 처리 시스템은 사람의 소화 과정과 비슷해 음식물을 소화하면서 탄소제 도전 폐음식물 난방 수소차 쓰레기 수거 지자체 탄소 중립 경쟁 고양 설비 축구장 크기 태양광 울산 해상풍력 대표 산업 육성 전남 염전 태양광 발전 확대 환경 공단 탄소제 중요 지역 역할 경기도 고양시 덕양구 고양 바이오매스 에너지 시설 고양시 주민 음식물쓰레기 씩 음식물쓰레기 처리시스템 퇴비 재활용 온실가스 일종 메탄가스 발생 처장 이상진 고양바이오에너지 음식물 쓰레기 처리 사람 소화 음식물 소화 가스 음식물쓰레기 처리 메탄가스 배출 설명 과거 메탄가스 고양바이오 민간업체 메탄가스 원료 바이오가스 생산 지역난방공사 판매 시작 길이 배관 이송 바이오가스 난방 에너지 음식물 처리 악취 제거 자체적 고양시 억 경제 효과 온실가스 감축 추산 인근 향동 행복 주택 단지 리빙랩 프로젝트 진행 설계 단계 공공임대주택 세대 대상 미니 태양광 발전 설비 설치 관리사무소 모니터링 세대 발전량 이산화탄소 저감량 실시간 고양시 면적별 전기세 절감 한편 연간 효과 온실 가스 감축 파악 정창희 관리소장 입주민들 모바일 설치 발전 절약 에너지 비용 확인 미니태양광 가정 년 만 전기료 정부 그린 뉴딜 정책 탄소 중립 선언 계기 지방자치단체들 경쟁 탄소 배출 저감 본격화 지역 특성 감안 사업 맞춤 감축 온실 가스 배출량 기후 변화 대응력 광역 지자체 기초지 자체 실천연대 지방 정부 실천 연대 발족 탄소중립 선언 인구 대도시 산업시설 밀집 지자체 온실 가스 감축 인구 돌파 경기 고양시 파리 기후 변화 협약 이행 프로젝트 온실 가스 감축 추진 건물 도로 주차장 부지 활용 면적 축구장 태양광발전소 건설 에너지 전환 투자 확대 년 온실가스 배출 전망 감축 대비 계획 기후환경국장 이재혁 고양시 기후 환경 국장 분기별 온실 가스 감축 지표 산정 이행 점검 예산 투입 탄소중립 기후변화 대응 지자체들 지역 특성 정책 온실 가스 저감 창원시 년 차량 등록 만 수소차 보급 창원 수소 비전 충전소 확충 인프라 집중적 투자 월 한편 내년 수소트럭 차량 쓰레기 수거 활용 석탄발전소 밀집 충남 당진시 산업단지 조성 방안 추진 태양광 풍력 재생에너지 산업단지 지역 발전 전환 에너지 마리 토끼 계획 전라남도 염전 부지 활용 농지 태양광 시설 전남 염전 밀집 서해 바다숲 조성 심화 바다 사막 만 온실가스 감축 울산시 동해 세계 최대 규모 부유식 해상 풍력 발전 단지 조성 해상풍력발전 제 조선산업 육성 방안 추진 전문가들 정부 탄소 중립 선언 구호 지방정부 역할 중요 강조 박연희 이클레이 지속가능성 세계지방정부 한국사무소장 그동안 중앙정부 정책 지방정부 정책 실천 파트너 탄소중립 실현 방식 지방 정부 단위 혁신 정책 실천 지원 환경부 한국환경공단 지자체 온실 가스 감축 이행 점검 컨설팅 지역 여건 감축 사업 발굴 지자체 능력 기후 변화 대응 지원 방침 기후대기본부장 한국환경공단 조강희 기후 대기 본부장 문재인 대통령 비전 탄소 중립 선언 실질적 온실 가스 감축 지역 역할 중요 내년 탄소중립계획 지역 맞춤 탄소 중립 계획 차질 마련 실무 컨설팅 강화 온실가스 고양시 태양광 지자체 메탄가스 탄소중립 지방정부 축구장 음식물쓰레기 기후변화 해상풍력 고양 음식물 한국환경공단 탄소제 부유식 미니태양광
문재인정부,공정,당권 도전 이인영 상생 분배의 경제 제 차 진보의 길 더불어민주당 선 이인영 의원이 중소기업과 자영업자 등을 아우르는 상생 분배의 경제와 노동문제 평화 통일 등 이제는 제 차 진보의 길 로 가야 한다며 당 대표 출사표를 던졌습니다 이 의원은 출마 기자간담회를 통해 최저임금 인상보다 대기업이나 가맹점 본사의 약탈적 이윤 추구가 더 문제라며 납품단가 후려치기 등 불공정 관행을 개선하지 않고는 실타래 도전 이인영 상생 분배 경제 제 차 진보 더불어민주당 이인영 의원 중소기업 자영업자 상생 분배 경제 노동문제 평화 통일 진보 출사표 대표 의원 출마 간담회 최저 임금 인상 대기업 가맹점 추구 약탈 이윤 납품단 관행 개선 실타래 설명 재벌 야당 입법 정부 여당 재벌 기업 대화 대표 역점 강조 의원 국민 민주당 후광 문재인 대통령 혁신 변화 주목 능동적 청와대 정부 의견 이인영 더불어민주당 문재인 가맹점 제 차 실타래 청와대 노동문제 간담회 민주당 납품단 대기업 출사표 자영업자 중소기업 의원 재벌 대표 상생 정부 인상 이윤 진보 관행 대통령 출마 경제 기업 추구 야당 도전
문재인정부,공정,김근태 주기 이재명 민주주의 완성 위해 전진하겠다 영원한 민주주의자 김근태 전 열린우리당 의장 주기를 맞아 이재명 더불어민주당 대선 후보 등이 추모식에 모여 그를 기렸다 참석자들은 고인이 생전에 유언 같이 남긴 년을 점령하라 는 말을 떠올리며 대선 승리를 다짐했다 일 경기 남양주시 마석 모란공원에서는 김근태 주기 추모식이 열렸고 그와 고락을 함께 한 부인 인재근 의원 우 김근태 주기 이재명 민주주 완성 전진 영원 민주주의자 김근태 주기 열린우리당 의장 주기 이재명 더불어민주당 대선 후보 추모식 참석자들 고인 생전 유언 년 점령 대선 승리 다짐 모란공원 경기 남양주시 마석 추모식 김근태 주기 고락 인재근 의원 우원식 박완주 박홍근 의원 유인태 국회 사무총장 참석 고인 민주 운동청년연합 조직 전두환 독재 항거 체포 남영동 치안 본부 대공 분실 고문 기술자 이근안 잔혹 고문 국회의원 정치 시작 장관 노무현 정부 시절 보건 복지 열린우리당 의장 고문 후유증 파킨슨병 세상 블로그 그해 유언 내년 기회 최선 참여 참여 사람들 권력 권력 세상 방향 이명박 정부 역주행 총선 대선 호소 추모식 참석 김근태 정신 계승 강조 이재명 후보 김근태 의장 불공정 불평등 년 점령 유언 명령 귓가 의장님 세상 이재명 세상 민주주의 최종 완성 전진 전진 이사장 장영달 김근태재단 년 김근태 의장 년 점령 나라 재앙 점령 파탄 결국 국정 국민 신음 김근태 의장 년 사흘 나라 국정농단 국정 파탄 최선 김근태 이재명 추모식 남영동 그해 주기 노무현 국회의원 장영달 김근태재단 마석 전두환 운동청년연합 박완주 파킨슨병 우원식
문재인정부,공정,해봤어 일단 해봐 스타트업에겐 통큰 규제 가 필요하다 더 오래 김진상의 반짝이는 스타트업 시장의 변화를 따라가지 못하면서 사사건건 간섭하는 구시대적 규제와 정부조직의 한계는 어찌 보면 인공지능 등으로 대변되는 차 산업혁명 시대의 독극물이다 그런데도 수많은 사전 규제로 변화와 혁신을 통제하려는 악습은 여전히 현재진행형이다 힘없는 가젤이 혁신 만드는 초연결 시대 스타트업 통큰 규제 김진상 스타트업 시장 변화 간섭 시대 규제 정부조직 한계 인공지능 대변 시대 산업 혁명 독극물 사전 규제 변화 혁신 통제 악습 현재진행형 가젤 혁신 시대 미국 오션토모 기업들 시장가치 무형 자산 유형 자산 비중 년 역전 무형자산 혁신 결과 혁신 중요 시대 산업 혁명 혁신 산업 혁명 시대 철학 문화인 투명 공유 협력 권한이 중심 토양 하버드비즈니스리뷰 소셜 시대 시대 거대 파운드 고릴라 지배 시대 종식 리더 마리 가젤 가치 혁신 극단 주장 공무원 대마불사 압축성장시대 환상 정책 정부 주도 만능주의 스타트업 정부 정책 복종 주장 스타트업 정부 대기업 원래 상호적 과거 압축 성장 시대 주종 원청 하청 혁신 성장 본질 거리 무능 창업자 지원 나라 생태 앞날 양성 무능 창업자 자신 능력 과대평가 시장 정부 지원사업 정치 목적 고객 만족 에너지 자신 존재감 정부지원 스타트업 결국 가짜 왜곡 시장 스타트업 낭비 소모 자원 악순환 면피 정책 눈치 정책 전시행정 가짜 생태 탄생 스타트업 실제 한국 시도 규제 좌절 사례 만큼 포지티브 규제 단기적 사업자 구성원 보호 실상 기업 시대 변화 적응 기회 기업가 후대 밥그릇 박살 상황 슈퍼컴퓨터 정신 정도 시대 사안 발생 사전 규제 기업 생태 규제 천국 기업 경영 사람 규제 이야기 사업자들 시대 변화 정상적 정부 역할 도전 정신 허락 눈치 패배주의 만연 현실 자라 솥뚜껑 포함 자라 사전 규제 진짜 자라 확인 사후 처벌 생각 네거티브 규제 자유 혁신 정신 보장 책임 요구 혁신 성장 네거티브 규제 성공 정착 공정 확보 규제 적용 혁신 의지 타인 노력 부당 사회 질서 혼란 거래 탈취 기업 행위 징계 수위 실효성 의심 규정 징벌 손해 배상 최소 배상 규정 개정 처벌 마련 책임 강화 제도 마련 포지티브 규제 네거티브 규제 주주 이익 특정 주주 배임 횡령 사익편취 명분 출자 제한 공정 거래법 스타트업 투자 인수 합병 활성화 규제 불공정 악용 패가망신 정도 처벌 강화 사안 규제 원칙 행위 처벌 사안 시도 기회 창출 방식 접근 잠재력 스타트업 창업가 구조 한계 김진상 앰플러스파트너스 대표이사 인하대 겸임교수 스타트업 가젤 무형자산 사업자 불공정 대기업 김진상 압축성장시대 창업자 앞날
문재인정부,공직자,인허가 업무 년 지나면 교체 퇴직자 공무원 사적 만남 금지 서울시 공무원은 인허가같이 비리 발생 확률이 높은 업무를 년 이상 맡을 수 없게 된다 퇴직 후 유관업체에 취업하면 년간 현직 공무원과 골프나 여행 같은 사적인 접촉을 할 수 없다 서울시는 일 이 같은 내용을 담은 부정비리 차단 대 종합대책 을 발표했다 년 월 시행한 일명 박원순법 서울시 공무원 행동강령 을 년 개 년 업무 교체 퇴직자 공무원 만남 서울시 박원순법 강화 퇴직후 취업 제한 기관 확대 재산등록 비리 취약 업무 근무자 재산 등록 서울시 공무원 인허가 확률 비리 발생 업무 년 퇴직 유관업체 취업 년 현직 공무원 골프 여행 사적 접촉 서울시 일 부정 비리 차단 종합 대책 시행 일명 박원 순법 서울시 공무원 행동 강령 보완 종합대책 서울시 도시 교통 본부 현직 공무원들 버스업체 뇌물 의혹 경찰 조사 수사선상 자살 발생 후속 조치 서울시 감사 위원회 월 도시 교통 본부 감사 월 감사결과 예정 업무 년 전보제 장기 의무 전보 마련 동일 업무 장기간 발생 비리 사전 차단 얘기 인사 이달 서울시 반영 서울시 설명 일률적 인사 조치 단점 보완 정책 기획 전문성 분야 장기 복무 투트랙 전략 퇴직 유관기관 업체 취직 공무원 공무원 현직 서울시 년 골프 여행 사행 오락 경조사 사적 현직 공무원 서면 사전 보고 공무원행동강령 서울시 공무원 행동 강령 개정 방침 대책 실효성 확보 퇴직 취업 제한 기관 업무 범위 재산등록 대상 교통 비리 취약 공무원 업무 종사 추가 인사혁신처 인사 혁신처 공직자 윤리 개정 건의 급 재산 등록 대상자 급 인허가 업무 공무원 포함 건의 방침 건의 재산등록 서울시 공무원 서울시 명 공익신고 활성화 한도액 공익 제보 보상금 전국 폐지 신고자 시장 제보 직통 이날 가동 서울시 공무원 재산등록 종합대책 보상금 퇴직후 대상자 한도액 인사혁신처 박원순법 근무자
문재인정부,공직자,법원 유재수 뇌물죄 인정하고도 공여자들과의 친분 이유로 집유 금융업계 인사들로부터 수년간 뇌물을 받은 유재수 전 부산시 경제부시장이 심에서 집행유예를 선고받은 것을 두고 고위공직자의 뇌물 범죄를 엄벌하는 최근 추세에 역행하는 판결이라는 비판이 나온다 지난 일 서울동부지법 형사 부 재판장 손주철 는 뇌물수수와 수뢰 후 부정처사 등 혐의로 기소된 유 전 부시장에게 징역 년 개월 집행유예 년 및 벌금 법원 인정 유재수 뇌물죄 공여자들 친분 집유 금융업 인사 수년 뇌물 유재수 부산시 경제 부시장 심 집행유예 선고 고위공직자 뇌물 범죄 엄벌 추세 역행 판결 비판 형사 부 서울 동부 지법 형사 재판장 손주철 뇌물수수 수뢰 부정처사 혐의 기소 부시장 징역 개월 집행 유예 벌금 추징금 선고 재판부 부시장 대표 금융 위원회 재직 시절 금융 투자 업체 명 만 뇌물 직무 대가성 인정 재판부 피고인 뇌물 공여자 사이 사적 친분관계 부인 피고인 액수 개별 뇌물 단정 피고인 공여자들 친분 선의 재산 이익 제공 생각 여지 집행유예 선고 부시장 집행유예 재판부 공여자 여럿 혐의 범죄 양형 판단 뇌물죄 가중처벌 특정 범죄 가중 처벌 법률 사람 뇌물액 천만 적용 부시장 뇌물 총액 천 공여자들 뇌물 액수 천만 미만 개별 수수액 감형 가능 현직 판사 수뢰자 입장 천만 열명 만 원씩 후자 죄질 결과적 공무원 천만 뇌물 집행유예 선고 친분 감형 사유 반영 도마 금품 금융 신용 업계 종사자 금융업 전반 막강 영향력 금융위 고위 간부 출신 부시장 직무 인물들 부장 검사 출신 변호사 공무원 개인적 사람 행위 수수 죄질 판결 범죄 뇌물 양형기준 부합 대법원 급 공무원 수뢰자 적극 년 장기간 뇌물 수수 공여자 업무 양형 가중 요소 부시장 요소 가중 장예지 장예지 부시장 공여자 공무원 집행유예 양형 피고인 공여자들 재판부 유재수 대법원 뇌물죄 수뢰자 천만 가중처벌 형사 부 금융업 부산시 추징금 장예지 금융위 급 장기간
문재인정부,공직자,오만한 조직 신뢰 어렵다 떠나는 날 검찰 때린 박상기 문재인 정부 초대 법무부 장관인 박상기 전 법무부 장관 이 일 년여간의 임기를 끝내고 자리에서 물러났다 박 전 장관은 이날 이임사에서 자신의 후임자인 조국 법무부 장관에게 힘을 실어주려는 듯 조 장관을 겨냥한 검찰 수사에 날선 발언으로 해석될 말들을 쏟아냈다 박 전 장관의 이임식엔 현재 조 후보자 관련 수사를 지휘 중인 오만 조직 신뢰 검찰 박상기 수사기관 공소 기관 피의 공표 개선 장관 문재인 정부 초대 법무부 박상기 법무부 장관 임기 자리 장관 이날 이임사 자신 후임자 조국 법무부 장관 장관 겨냥 검찰 수사 날선 발언 해석 말들 장관 이임식 후보자 수사 지휘 배성범 중앙지검장 강남일 대검 차장 김영대 서울 고검장 참석 검사장 차장 후보자 취임식 참석 박상기 오만 정부 조직 국민 신뢰 장관 이날 이임사 법무 검찰 국민 정부조직 사실 명심 국민 지도 명령 기관 국민 봉사 기관 겸손 자세 중요 장관 오만 정부조직 국민 신뢰 장관 주장 국회 인사 청문회 후보자 수사 개시 검찰 국민 대표 기관 국회 권한 침해 여당 의원 주장 청와대 관계자 수사 재정립 공소 기관 장관 검찰 수사권 검찰 수사기관 공정 공소 행사 기관 재정립 수사권 공소권 중첩 무리 기소 심리적 강제 무리 제도 비판 장관 의혹 검찰 수사 상황 검찰 필요성 수사 폐지 언급 장관 이날 발언 국회 패스트 트랙 상정 조정안 검경 수사 개혁적 발언 장관 청와대 민정 수석 시절 추진 조정안 검경 수사 검찰 수사권 폐지 축소 언급 장관 장관 인사 청문회 검찰 특수부 축소 전적 동의 입장 장관 여권 수사 후보자 검찰 비판 피의 공표 언급 피의 공표 비판 장관 수사과정 피의 공표 포토 라인 설정 심야조사 문제점 인권 관점 개선 제도 직무 수행 방식 국민 문재인 정부 정책 기조 장관 임기 피의 공표 포토 라인 폐지 마무리 의혹 후보자 상황 정책 결정 법무부 후보자 피의 공표 제재 입장 장관 임명 초기 장관 언급 드라이브 제도 개혁 가능성 장관 자신 년 임기 성과 법무부 탈검찰화 조정 검경 수사 고위공직자 비리수사처 공수처 상정 법안 패스트 트랙 장관 검찰 역사 시도 법무부과거사위원회 과거 반성 사례 재발방지 약속 장관 과거사 위원회 업무 종료 장관 입장 질문 거부 기자들 참여 기자회견 조국 박상기 검찰 내부 이날 장관 이임사 가족 수사 대상자 장관 반응 장관 언급 검찰 개혁 장관 청와대 추진 검찰 개혁 변호사 검사장 출신 장관 발언들 정권 겨냥 검찰 적폐 청산 수사 진정성 검찰 수사 정권 불쾌감 해석 박상기 법무부 장관 이임사 사랑 법무가족 동고동락 법무부 여건 법무 가족 분께 진심 감사 년 기간 법무행정 기간 법무 행정 책임자 법무 검찰 개혁 실현 공정 정의 사회 인권 존중 사회 미력 최선 성과 검찰개혁 미완 법무가족 취임 자리 분께 법무부 존재근거 국민 신뢰 회복 법무 검찰 변화 당부 법무 검찰 환골탈태 국민들 열망 부응 국민 입장 생각 법무 검찰 변화 강조 국정과제 정부 핵심 국정 권력 기관 개혁 토대 검찰 집중 권한 검찰권 남용 가능성 권한 분산 차원 고위공직자범죄수사처 설치 법무부안 마련 수사기관 견제 균형 과잉수사 이중수사 문제점 해소 경수사권 조정 합의안 마련 국회 논의 법무정책 연속성 전문 강화 법무부 탈검찰화 추진 사랑 법무가족 법무행정 변화 검찰청 일반 형사 사건 처리 현장 교정기관 범죄예방 구체 노력 출입국 현장 외국인 정책 체감 수사과정 피의 공표 포토 라인 설정 심야조사 문제점 인권 관점 하루 개선 대표적 사건관계인 인권보호 가치 관행 전면 제도 직무수행 방식 국민 문재인 정부 정책 기조 변화를 존경 법무가족 미래 과거 자신 성찰 년 법무 검찰 역사상 과거 인권 침해 의혹 검찰 남용 사건들 조사 국민 과거 반성과 유사사례 재발방지 약속 고통 국가기관 자신 인정 국민 존중 요구 법무 검찰 국민 사랑 법무가족 국민 법무 검찰 중요 사실 법무 검찰 국민 정부조직 사실 명심 국민 지도 명령 기관 국민 봉사 기관 겸손 자세 중요 오만 정부조직이 국민 신뢰 검찰 수사기관 공정 공소권 행사기관 재정립 수사권 공소권 중첩 무리 기소를 심리적 강제 위험 제도 사랑 법무가족 동참 책무 수행 감사 마지막 법집행 불편부당 균형감 형평성 유지 당부 그간 행복 건강 행복 감사 법무부 장관 박상기 법무부 박상기 후보자 청와대 수사권 검경 이임사 법무가족 분께 공소권 검사장 재정립 검찰권 수사처
문재인정부,관리,기업 캠코 지역 소외계층 취업 지원 사업 추진 한국자산관리공사 캠코는 제도권 지원이 부족한 잠재적 소외계층을 발굴하고 이들을 대상으로 직무교육과 취업컨설팅 취업알선 등을 통해 경제적 자립을 지원하는 사업을 새롭게 추진하기로 했습니다 올해 처음 시행되는 캠코의 지역사회 일자리 지원 사업은 미혼모 시설 입소자와 보호시설 퇴소 또는 퇴소예정인 세 청년을 대상으로 자격증 취득을 지원하고 지역 캠코 지역 소외 계층 취업 지원 사업 추진 한국자산관리공사 캠코 제도 지원 부족 잠재 소외 계층 발굴 대상 직무교육 취업컨설팅 취업알선 경제 자립 지원 사업 추진 시행 캠코 지역 사회 일자리 지원 사업 입소자 미혼모 시설 보호 시설 퇴소 퇴소예정 세 청년 대상 자격증 취득 지원 취업 지역 기업 연계 프로그램 일체 자립 지원 캠코 사업 추진 사업 운영비 초록우산어린이재단 전달 자립 의지 미혼모 보호 시설 청년 자격증 취득 직무전문교육 예정 캠코 미혼모 자격증 일자리 직무전문교육 직무교육 세 운영비 취업알선 취업컨설팅 입소자 한국자산관리공사 퇴소예정 지원 취업 지역 사업 자립 시설 퇴소 추진 직무 교육 대상 청년 프로그램 예정 계층
문재인정부,관리,한국관광공사 오디오 가이드 앱 스마트투어가이드 굿 콘텐트서비스 인증 한국관광공사 사장 정창수 이하 공사 가 운영하는 오디오 관광가이드 앱 스마트투어가이드 가 지난 월 굿 콘텐츠서비스 인증 콘텐츠제공서비스 품질인증 사업으로 인정받았다 굿 콘텐츠서비스 인증은 과학기술정보통신부가 주최하고 한국데이터진흥원이 주관하는 인증 서비스 인증 절차로 콘텐츠산업진흥법 제 조 규정에 의해 편의성 제도준수 고객관 스마트투어가이드 한국관광공사 오디오 스마트 투어 인증 콘텐트 서비스 한국관광공사 사장 정창수 공사 운영 오디오 관광 스마트 투어 월 콘텐츠 서비스 인증 콘텐츠제공서비스 품질인증 사업 인증 콘텐츠 서비스 과학기술정보통신부 주최 한국데이터진흥원 주관 인증 절차 서비스 인증 콘텐츠 산업 진흥 규정 편의성 제도준수 고객관리 종합적 평가 공사 운영 스마트투어가이드 위치인식 적용 문화 관광지 여행객 개 국어 음성 해설 텍스트 사진 제공 관광 정보 서비스 지자체 건 관광콘텐트 연령층 이용 가능 구성 편의 측면 평가 스마트투어가이드 구글 플레이스토어 애플 앱스토어 다운로드 공사 지자체 유관기관 협업 평창 동계 올림픽 인기 관광지 시티 투어 코스 유네스코 세계 문화유산 개 지역 관광 명소 이야기 무료 스마트투어가이드 공신력 기관 수상 신뢰성 사례 역대 수상 년 스마트앱어워드 여행 관광분야 최우수상 한국인터넷전문가협회 인증 접근 국가표준 모바일 한국시각장애인연합회 년 금상 정부 서비스 알리미 장관 행정자치부 공사 관광지 스토리텔링 스마트투어가이드 장점 관광지 콘텐트 추가 지자체 기관 협업 확대 강화 예정 스마트투어가이드 월 평창 동계 올림픽 오픈 신규 콘텐트 기념 평창 동계올림픽 수호랑 이벤트 당첨자 올림픽 경기 티켓 제공 예정 서비스 이벤트 스마트투어가이드 확인 가능 온라인 스마트투어가이드 관광지 지자체 평창 편의성 여행객 한국관광공사 유네스코 한국데이터진흥원 고객관리 문화유산 행정자치부 한국인터넷전문가협회 스마트앱어워드 앱스토어 플레이스토어 최우수상 한국시각장애인연합회 제도준수 개 신뢰성
문재인정부,관리,미분양 논란 곳 규제지역으로 확정 미분양 관리지역이었다가 부동산 대책 에서 규제 지역으로 묶였던 지역 곳이 미분양 관리지역에서 해제될 예정이다 경기도 양주 평택 안성 화성 동탄신도시 제외 인천 중구 충북 청주 등 곳은 주택 경기 침체 우려가 있다며 미분양 관리지역으로 지정돼 있었는데 지난 일 정부가 부동산 과열 우려가 있다며 규제 지역으로 묶어 논란이 일었다 상 곳 논란 규제지역 확정 관리 지역 동산 대책 규제 지역 지역 관리 지역 해제 예정 경기도 양주 평택 안성 화성 동탄 도시 제외 인천 중구 충북 청주 곳 침체 주택 경기 관리 지역 지정 정부 부동산 과열 규제 지역 논란 상반 정책 기조 동시 적용 모순 부동산업 주택도시보증공사 이달 곳 관리 지역 해제 방침 관리 지역 규모 주택 시장 미분양 단기간 미분양 급증 지역 주택 공급량 조절 집값 급락 제도 지정 주택사업자 분양보증 사전 심사 추가적 규제 적용 곳 시장 상황 규제 정도 호전 청주 인천 중구 미분양 안성 가구 미분양 가구 화성 가구 가구 변동 양주 가구 가구 급증 지역 주민 집값 규제 지역 반발 관계자 조정대상지역 지정 관리 지역 유지 판단 해제 설명 미분양 곳 양주 청주 화성 안성 관계자 인천 중구 분양보증 부동산업 조정대상지역 부동산 경기도 사업자 주택도시보증공사 평택 충북 동탄 공급량 가구 가구 규제지역 주택사업자
문재인정부,권한,글로벌 포커스 우크라 대선 서방 후보 인 압축 푸틴 그림자 어른 러시아의 크림반도 병합이 일로 주년을 맞는다 년 월 러시아군이 크림반도를 무장 점령한 뒤 다음 달인 월 일 국민투표를 통한 합병 결의 하루 뒤 합병조약 서명이 숨 돌릴 틈 없이 진행됐다 우크라이나와 서방의 반발은 공염불에 불과했다 년이 흐른 지금 러시아는 호시탐탐 우크라이나 전체를 넘본다 지난해 월 러시아군은 크 우크라 대선 서방 압축 후보 어른 푸틴 그림자 크림반 점령 우크라이나 러시아 크림반도 병합 일 주년 러시아군 크림반도 무장 점령 국민투표 국민 투표 합병 결의 하루 합병 조약 서명 진행 우크라이나 서방 반발 공염불 년 러시아 호시탐탐 우크라이나 러시아군 크림반도 인근 케르치 해협 통과 함정 우크라이나 해군 나포 러시아 주민 우크라이나 동부 러시아 합병 시위 우크라이나 상황 최악 러시아 대국 위협 경제난 인구 감소 고질 부정부패 실종 리더십 정치 일 투표 대통령 선거 명 후보 난립 혼란 러시아 사이버 공격 대선 개입 우크라이나 혼란 부채질 우크라이나 대선 파전 압축 당선 기간 지정학 긴장 고조 관측 파전 선두 코미디언 우크라이나 대선 투표 과반 득표자 후보 맞대결 진행 지지율 상위 후보 배우 페트 대통령 율리야 티모셴코 총리 후보 공직 경험 정당 활동 젤렌스키 정치 신예 크리비리 서부 크리 비리 유대계 가정 세 정치인들 모사 스탠드 코미디 이름 년 교사 뇌물 정직 대통령 인민 드라마 봉사자 주인공 인기 전국 스타 드라마 프로덕션 제목 드라마 인민 봉사자 정당 개월 대선 출마 선언 지지율 드라마 드라마 현실 우크라이나 여론 조사 회사 일 여론조사 지지율 포로셴코 대통령 티모셴코 총리 티모셴코 결선투표 합종연횡 가능 당선 장담 단순 돌풍 수치 우크라이나 국민 배우 열광 기성 정치 부패 단절 이미지 부패 반신흥재벌 올리가르히 기성 정치 단절 주창 선거 캠프 자원 봉사자 모집 정치판 활동 조건 정도 유튜브 소셜 미디어 활용 정책 홍보 자원 봉사자 모집 선거운동 온라인 지지 고질 경제난 부패 우크라이나 경제 상황 젤렌스키 돌풍 이해 러시아 크림반도 병합 동부 분리 주의자 사실 내전 우크라이나 경제성장률 기록 년 년 대 성장 기록 성장 예상 연속 플러스 성장 기저 효과 기인 마이너스 성장 기록 년 기준 발생 플러스 성장 절대 크림반도 병합 회복 국내총생산 우크라이나 총생산 달러 수준 절반 달러 년 달러 전쟁 수준 전쟁 회복 화폐 단위 흐리브 가치 년 하락 안정세 유지 전쟁 수준 전쟁 경제난 일자리 서유럽 러시아 기업들 부족 숙련 노동자 우크라이나 경제 과점 소수 신흥 재벌 부정부패 조사 국제 투명 우크라이나 세계 개국 위 정도 부패 만연 후보 자처 젤렌스키 부패 자유 현지 언론 젤렌스키 유대계 금융 재벌 이호르 콜로모이스키 결탁 의심 보도 콜로모이스키 소유 우크라이나 최대 은행 프리바트 경영난 국유 콜로모이스키 은행 자신 경영권 주장 젤렌스키 콜로모이스키 두둔 발언 부패 발목 인 자국 정계 잔뼈 국제무대 인지도 포로셴코 대통령 티모셴코 총리 부패 이미지 발목 정치 풋내기 포로셴코 대통령 원료 시절 초콜릿 카카오 회사 로셴 창업 초콜릿 자동차 조선 방송 사업 확장 달러 조 재산 보유 부자 세계 크림반도 병합 우크라이나 러시아 급랭 러시아 제품 수입 재산 블룸버그 추정 재산 달러 억 포로셴코 대통령 세계 인사 역외 탈세 폭로 파나마 페이퍼스 이름 공분 우크라이나 국민 서방 노선 주창 경제 전문가 자처 경제 성과 신통 불만 년 대선 지지율 투표 낙승 로셴 대기업 경험 우크라이나 경제 공약 경제 서방 사이 예전 국제통화기금 우크라이나 달러 구제금융 차례 제공 년 차례 달러 지급 대가 전기 가스요금 인상 구조조정 경제개혁 요구 지지율 하락 포로 셴코 정권 잔금 지급 국민 불만 혁명 오렌지 친러 노선 표방 년 집권 레오니트 쿠치마 대통령 체제 시민 시위 사건 주도 오렌지 공주 각광 티모셴코 총리 혐의 부패 징역 선고 년 복역 번째 총리 재직 시절 우크라이나 러시아 계약 가스 수입 직권 남용 러시아 유리 계약 티모셴코 본인 대통령 자신 정적 빅토르 야누코비치 정치 보복 주장 이미지 타격 푸틴 그림자 후보 정도 차이 반러시아 크림반도 회복 집권 정책 고수 의미 국회 지난달 우크라이나 유럽연합 북대서양조약기구 가입 헌법 명문화 개헌안 통과 러시아 우크라이나 나토 가입 극렬 반대 러시아 대선 개입 전망 팽배 전문가들 서구 정치 전문가 러시아 우크라이나 전쟁 자국 사이버 시험소 거점 가능성 선거 유럽 의회 대선 내년 미국 우크라이나 시험적 가짜 사이버 공격 감행 선거 개입 의미 러시아 대선 미국 개입 도널드 트럼프 후보 당선 배후 조종 의혹 러시아 스캔 미국 정계 감안 전문가 영국 정치 이언 본드 유럽 개혁 센터 이사 우크라이나 위기 블라디미르 푸틴 러시아 대통령 우크라이나 서방 수단 대선 선전선동술 구사 지적 소련 영광 푸틴 대통령 크림반도 선전 도구 포기 전략 요충지 크림반도 러시아 남부 행사 크림교 개통 행사 덤프트럭 러시아 카마스 다리 로이터 푸틴 주년 크림반도 병합 기념 발전소 건설 선물 보도 강대국 각축장 크림반도 역사 흐루쇼프 우크라 양도 해체 영토 갈등 격화 동서양 교차로 부동항 크림반도 러시아인 부동항 확보 강대국 오랫동안 동서 각축장 세계사 장면 유명 인물들 배출 중앙아시아 유목민 칭기즈칸 후예 자처 타타르인 년 크림칸국 정식 국가 오스만튀르크 정복 오스만 세기 오스만튀르크 전쟁 러시아 러시아 크림 반도 남부 세바스토폴 흑해 함대 창설 러시아 귀족 휴양지 유명 년 러시아 오스만튀르크 크림반도 격돌 러시아 남진 정책 저지 유럽 각국 견제 백의 천사 유명 플로렌스 나이팅게일 오스만 영국군 부상병 간호 러시아 레프 톨스토이 전쟁 패배 상처 러시아인들 고양 전쟁 평화 오스만 승리 오스만튀르크 멸망 러시아 년 소비에트 소련 편입 년 러시아 자치공화국 크림반도 한국 연관 한반도 분단 도화선 얄타 회담 얄타 남부 항구 도시 프랭클린 루스벨트 미국 대통령 서기장 이오시프 스탈린 소련 공산당 환심 태평양전쟁 소련 참전 유도 세계 대전 윈스턴 처칠 영국 총리 반대 동유럽 사할린 일본 북방 영토 쿠릴열도 소련 우월적 권한 인정 영향 크림반 영토 분쟁 년 서기장 니키타 흐루쇼프 사진 크림반도 우크라이나 양도 우크라이나 인접 마을 러시아 국경 출생 흐루쇼프 유년기 우크라이나 이주 사별 아내 번째 우크라이나인 정치적 우크라이나 계파 지지 중앙 정계 무대 두각 러시아인 우크라이나 사랑 각별 우크라이나 크림반 소련 상징 이양 해체 소련 우크라이나 독립 본격적 영토 갈등 갈등 원인 크림반도 인구 구성 인구 러시아인 우크라이나인 인구 모어 러시아어 러시아 우크라이나계 주민 갈등 발생 구조 크림반 합병 주민투표 합병 주민 투표 압도 찬성 크림반도 진짜 소유 타타르인 갈등 존재 소련 타타르 자치 공화국 크림반도 타타르인들 이주 소련 붕괴 선조 보유 토지 반환 소송 이슬람 신앙 러시아인 우크라이나인 대립 파리 동정민 우크라이나 러시아 크림반도 소련 젤렌스키 지지율 러시아인 푸틴 콜로모이스키 오스만튀르크 티모셴코 미국 크림반 흐루쇼프 오스만 포로셴코 경제난
문재인정부,권한,속보 강경화 인사청문보고서 채택 간곡히 요청 청와대가 일 강경화 외교장관 후보자에 대한 국회의 인사청문보고서 채택을 간곡히 요청하고 나섰다 박수현 청와대 대변인은 이날 오전 시 강 후보자에 대한 인사청문회가 지난 일 개최됐지만 인사청문 경과보고서 채택 논의가 진척이 없어 보인다 그래서 이렇게 간곡히 호소드린다 며 이같이 밝혔다 박 대변인은 국회는 그간 한미동맹의 중요성을 인사청문 강경화 인사 청문 채택 요청 청와대 강경화 외교 장관 후보자 국회 인사 청문 보고서 채택 요청 대변인 박수현 청와대 이날 시 후보자 인사청문회 개최 인사 청문 경과 보고서 채택 논의 진척 호소 대변인 국회 그간 한미동맹 중요성 강조 문재인 정부 단추꿰기 개최 한미 정상 회담 목전 정상회의 정상 회의 정부 청와대 회의 핵심인사 외교장관 논의 진행 실정 강경화 후보자 국제사회 검증 인사 코피 아난 반기문 사무총장 유엔 안토니오 구테헤스 사무총장 중용 인물 후보자 외교부 유엔 무대 경험 외교 지평 요청 시일 보고서 채택 부탁 강조 정우택 자유 한국당 권한 대행 원내 대표 비리 후보자 임명 강행 도덕성 외교장관 자체 업무 자질 부족 후보자 위장전입 고발 검토 김동철 국민 원내대표 후보자 도덕 흠결 흠결 만큼 자질 역량 혹평 외교 개혁 비전 제시 실망 수준 외교 조직 리더십 비판 야당 후보자 비판 지명 철회 목소리 문재인 대통령 야당 협조 요청 대변인 일 회의 대통령 요청 발표문 대통령 말씀 설명 후보자 강경화 외교부 대변인 청와대 인사청문 외교장관 정우택 사무총장 한미 문재인 보고서 정상회의 박수현 김동철 한국당 중요성 한미동맹 반기문 원내대표 아난 도덕성 구테헤스
문재인정부,권한,저널리즘토크쇼 노무현과 언론개혁 전투에서 처절하게 패하다 언론개혁의 시작 저는 언론을 권력으로써 어떻게 흔들 생각도 없지만 그러나 언론에게 고개를 숙이고 비굴하게 굴복하는 정치인은 되지 않겠습니다 언론 이거 개혁해야 합니다 언론자유는 정치권력으로부터의 자유만 말하고 있는데 사실은 돈으로부터의 자유 말하자면 금권으로부터의 자유가 대단히 중요한 것이고 사주로부터의 기자의 자유는 어떻게 확보할 노무현 언론개혁 전투 처절 언론개혁 시작 언론 권력 생각 언론 고개 비굴 굴복 정치인 언론 개혁 언론자유 정치권력 자유 사실 자유 금권 자유 중요 사주 자유 확보 정치 언론 선진국 수준 미달 부탁 정책 사실 전달 동아일보 조선일보 민주당 경선 노무현 대통령 발언 전쟁 시작 앵커 우리나라 파문 대통령 앵커 노무현 대통령 대통령직 생각 위기감 앞뒤 유시민 노무현 재단 이사장 천호선 노무현 재단 이사 기념식 광주 경찰력 학생들 제압 모습 대통령직 생각 언론 수준 사회 수준 좌우 언론 시샘 박해 스스로 방어 노무현 대통령 발언 앵커 노무현 대통령 언론 발언 언론통제 언론 정상 정치권 공방 노무현 대통령 자신 배치 진술 검찰 공식적 확인 기정사실 보도 대통령 인권 인격침해 반복 주장 면목 말씀 면목 참여정부 보람 정책 언론정책 언론대응 노무현 대통령 발언 노무현 대통령 언론 언론 본래 자리 국민 국민 권리 이익 대변 시민 권력 약자 권력 소비자 시민 언론 개혁 수준 민주주 최후 보루 시민 조직 미래 노무현 대통령 발언 정세진 안녕 저널리즘 토크 이야기 소개 저널리즘 전문가 정준희 교수 정준희 안녕 정준희 정세진 최욱 팟캐스트 황태자 최욱 유시민 이사장 어깨 최욱 정세진 웃음 저널리즘 토크 송수진 안녕 송수진 안녕 송수진 정세진 안톤 숄츠 안녕 정세진 패널들 웃음 정세진 주제 초대 유시민 노무현 재단 이사장 유시민 유시민 수차례 섭외 거절 요즘 대외활동 본인 부인 대권설 정세진 얘기 웃음 유시민 소리 노무현 재단 이사장 언론 생각 거리 웃음 정세진 자리 분들 최욱 인연 유시민 최욱 특별 인연 정세진 인연 유시민 소문 얘기 상태 입장 웃음 유시민 팟캐스트 황태자 정세진 최욱 평가 유시민 최욱 김구라 업그레이드 버전 말씀 유시민 구라 웃음 사이 정준희 교수 유시민 만남 유시민 말씀 정준희 개인적 영광 얘기 정세진 웃음 웃음 정준희 웃음 유시민 분위기 웃음 정세진 원래 분위기 저널리즘 토크 평가 년 방송이 유시민 평가 언론사 방송국 언론 비평 지난주 셀프디스 셀프디스 개인 조직 성찰 평소 정세진 의미 바람 방송 시작 프로그램 유튜브 페이스북 정세진 년 일 노무현 대통령 세상 서거 주기 노무현 대통령 다각도 재조명 대통령 이슈들 차지 언론 저널리즘 토크 노무현 언론 노무현 대통령 중요 화두 중요 언론개혁 언론 주소 마련 언론 대우 대통령 이야기 동의 유시민 언론 그전 차이 노무현 대통령 언론과 차이 정세진 얼마 뉴스타파 노무현 대통령 자필 메모 입수 공개 언론 메모 정치 식민지 독재 언론 언론 웃음 유시민 표현 웃음 정세진 유시민 정세진 메모 유시민 메모 메모 말씀 구어체 짐작 메모 카피라이터 정세진 저널리즘 측면 언론학계 노무현 존재 각별 생각 정준희 정치인 일반적 발언 행동 언론개혁 모토 정책적 추진 메모 언론 적대감 개혁 의지 것들 정치인들 표현 정치인들 언론 생각 펜대 정치 생명 세계 나라 정치인 대통령 사람들 생각 언론개혁 언론학 언론 대응 방식 저항 당황 모습들 언론 언론학 민낯 계기 개인적 평가 정세진 숄츠 기억 한국 언론 제도 옛날 생각 개혁 생각 커뮤니케이션 스타일 노무현 대통령 스타일 정세진 질문 이사장님 대통령 재임 시절 기사들 뇌리 기사 유시민 뇌리 중요 송수진 웃음 유시민 괴상 생각 청와대 행정관 보도 노무현 대통령 비리 의혹 기억 웃음 정세진 조선일보 기사 유시민 패널들 웃음 정세진 유시민 청와대 행정관 비리 증거 의혹 제기 의혹 사실 취재 보도 사람 권양숙 여사 촌 기사 사람들 영부인 촌 친척 권력 비리 가능성 대통령 책임 생각 기사 촌 명쯤 계산 촌 조상 조상 세대 년 년 사람 공통 조상 년 병자호 얼마 병자호 얼마 자손들 대 촌 세대 자녀 세대 명씩 가정 만 계산 계산 웃음 유시민 만 만 사이 대통령 촌 영부인 촌 만 대통령 정부 비판 권력 남용 유혹 인간 언론 감시 지적 비판 추적 언론 권리 의무 최소 정세진 친척 정준희 팩트 체크 대상 체크 팩트 자체 뒷받침 표현 권씨 권양숙 여사 고향 출신 마산 진전면 안동 씨족 씨족 연결 증거 얘기 형태 유시민 보도 신문 이명박 대통령 영부인 사촌 언니 정세진 촌 사촌 유시민 사촌 사촌 친족 범위 사촌 언니 공천 헌금 적발 구속 기사 영부인 노무현 대통령 비리 의혹 사례 비난 정치 보도 정치 특정 언론사 정치적 이념적 지향성 오케이 사람 기계 취재 사실 기사 작성 최소 일관성 정세진 노무현 대통령 언론 일종 수모 대우 취임 일 평검사들 공개 토론 법무부 장관 인사제청권 검찰 총장 의견 자리 평검사들 대화 장면 이야기 영상 노무현 대통령 전국 검사 대화 대화 허상구 검사 대통령 인식 토론 달인 생각 토론 아마추어들 대통령 검사들 토론 제압 토론 무의미 대통령님 승리 대통령 검사들 제압 마련 자리 만큼 검사 의견 노무현 대통령 잔재주 대화 제압 인품 사람 비하 모욕감 자리 모욕 토론 지장 김영종 검사 대통령 대통령 취임 부산 동부 지청장 청탁 전화 뇌물 사건 처리 신문 보도 검찰 전화 검찰 정치 중립 훼손 발언 생각 노무현 대통령 이쯤 청탁전화 이정만 검사 일관 신념 소신 약속 생각 대통령 혼자 결의 형님 해프닝 포함 주위 노무현 대통령 해프닝 얘기 자리 대통령 토론 박경춘 검사 대통령님 학번 보도 기억 노무현 대통령 학번 박경춘 검사 노무현 대통령 박경춘 검사 학번 보도 학번 동기생 대통령 생각 정세진 방송 충격 시청자 국민 입장 최욱 분노 개인적 영상 영상 방송 준비 이야기 노무현 대통령 자리 마련 사회 검사 이해도 상황 예견 유시민 노무현 대통령 검사들 토론 결정 생각 문재인 대통령 인사 대통령 권한 대통령 법무부 장관 검찰총장 얘기 검찰 인사 원칙 생각 원칙 적폐 인사 혁신 지시 권한 노무현 대통령 검찰 당사자들 대화 공감 지점 정세진 유시민 실패작 부작용 부작용 의도 부작용 실제 토론 진행 기성 언론 보도 사이 얼마 간극 확인 기회 실제 토론회 시민들 언론 보도 영향 유시민 사례 생각 정세진 언론 보도 송수진 언론 검사들 질문 비판 대통령 질문 반응 초점 보도 대통령 공격적 노기 보도 조선일보 보도 시민들 수원지검 특수 김영종 검사 눈길 노무현 대통령 취임 검찰 청탁 전화 사실 괘씸죄 질문들 검사 검찰 편법 사용 수사검사 수원지법 안산지원 이철규 분당 서장 구속 영장 기각 판사 변호사 처신 내사 보도 정세진 보도 언론 청와대 분위기 유시민 검찰 시민들 불신 대통령 검찰 국민 신뢰 회복 중요 그다음 신뢰 회복 일들 그중 중요 인사 인사 절차 원칙 정치 외풍 전문성 기준 인사 원칙 토론 대통령 검사들 얘기 조금 토론 엉망 언론 보도 결국 대통령 비방 대통령 무례 대통령 조롱 검사들 영웅 보도들 언론 수준 검사 수준 정준희 처벌 인사권 언사들 학번 얘기 조롱 전형적 언론 검사 조직들 카르텔 속성 그다음 대통령 대통령 민주적 자처 권력 조롱 시험 대통령 시각 자체 검사 언론 사이 동일 공유 모습들 느낌 집단 따돌림 언론 학생 반응 얘기 송수진 검사 유행어 정세진 검사 정준희 검새 웃음 송수진 검새 검사 웃음 정세진 언론 대통령 유시민 노무현 대통령 대통령들 인신공격성 정치권력 사람 규정 태도 언론 언론인 자부심 언론 사명감 기본 권력 생각 입각 보도들 노태우 대통령 시작 민주화 노무현 대통령 싸움 화력 동원 강도 차이 그다음 정도 차이 차이 노무현 대통령 인신공격 인격모독적 공격 행태 대통령 재임 기간 노무현 일반인들 인식 대통령감 대통령 비판 언행 학벌 정세진 외모 외모 인격 비판 기억 정세진 기사들 송수진 년 한나라당 전여옥 대변인 방송 대졸 대통령 주장 대학 경험 사람 대통령 시대 대통령 발언 국민일보 대통령 인터넷 네티즌 투표 대통령 학력 결과 절반 대학 응답 기사화 기사 노무현 대통령 언행들 일정 품격 거론 만큼 빌미 제공 의미 해석 국민일보 대통령 학력 정도 설문조사 진짜 정준희 밑바닥 진짜 설문조사 발상 정준희 자신 무의식 사실 언론 메이저 언론 완전 학벌주의 정도 생각 가지 대통령 언행 일반적 요소 직설적 정치인 대통령 화법 당황 것들 사실 나중 조롱 무시 일상어 직설적 설화 대상 조롱 무시 대상 막말 구별 요즘 막말들 정치인 막말 막말 약자 비하 국민 비하 경우들 강자 것들 막말들 약자 국민들 존재들 비하 폄하 형태 막말들 노무현 대통령 실제 화법 것들 판단 방법 대중 언어 대중 자체 정준희 반증 스티브 잡스 대학교 졸업 세계 사람 명들 대학교 졸업 법대 변호사 정도 보통 생각 법대 혼자 변호사 사람 서양 사람 생각 유시민 생각 공격 설명 언론사 엘리트들 권력 탈환 야권 명문대학 정치인들 분들 노무현 대통령 생각 대통령 년 생각 데이터 노무현 대통령 추진 개별 정책 지지율 과반 언론개혁 사학법 개정 그다음 국가 보안법 개정 한미 이라크 파병 찬성률 메시지 대통령 발산 메시지 논리적 정합성 국민 여론 부합 거였 메시지 메시지 메신저 공격 발화자 메시지 발산 사람 인격 공격 효율적 방법 참여정부 데이터 참여정부 정책 지지율 전국 평균 과반수 대통령 지지율 임기 초반 임기 바닥 퇴임 메시지 공격 메신저 공격 일종 미디어 전략 커뮤니케이션 전략 공격 효율적 효과적 노무현 대통령 임기 메신저 공격 공격거리 제공 결과 전투 해석 기사 사람 정치 지향 정책적 진보 보수 총공세 정준희 노무현 대통령 계통 인물 친노 프레임 이익 듣보잡들 사람들 운동권 얼치기들 애들 노무현 국정 농단 반감 것들 바탕 인정 좌파 관점 우파 관점 계통 계파 보호막 사람 유시민 노무현 대통령 나중 직전 말씀 고향 봉화산 존재 노무현 대통령 육성 봉화산 존재 산맥 봉화산 산맥 연결 산맥 아무것 돌출 유시민 사람 계열 보수 보수 진보 진보 학연 지연 민주 운동 운동권 노동조합 노무현 대통령 대한민국 들판 혼자 존재 말씀 비바람 눈보 정준희 사람 유시민 사람 정세진 재임 기간 경제 경포대 경제 포기 대통령 주요언론들 경제 파탄 경제 위기 표현 경제정책 비판 기자회견 신년 회견 노무현 대통령 공개적 언론 경제 위기 반박 장면 영상 신년연설 노무현 대통령 신년 연설 년도 위기 파탄 얘기 사실 얘기 대통령 얘기 심리적 악영향 차단 경제 심리 위기 파탄 소비 경제 파탄 위기 야당 언론 국민들 정치 사람 언론 사람 위기 파탄 얘기 조심 정세진 보도 언론 대통령 이야기 송수진 한국 경제 보도 중앙일보 일 사설 제목 제목 조선일보 일자 정권 경제 성적표 역대 정부 최악 표현 제목 중앙일보 일자 한국 경제 년 표현 어조 경제 경제 풍요 경제 경제 마련 참여 정부 경제 유시민 데이터 경제 성적표 거시 데이터 보수 언론 중요 성장 지표 거시 데이터 성장지표 분배 지표 총체적 말씀 분배지표 성과 성장 지표 의외 유시민 송수진 진짜 의외 유시민 김대중 대통령 초기 자릿수 성장 기록 전체적 성장률 연평균 성장 기록 참여정부 년 보수 집권 이명박 정부 비즈니스 프렌들리 기업친화적 대 년 박근혜 정부 경제학 공부 사람들 언론인들 반성 정준희 사후적 비판 경제 보도 보도 우리나라 경제 사실 수준 정견 경제 희망 투사 정치적 이익 유시민 희망 웃음 정준희 국민 생각 정부 정부 허점 일종 희망사항 생각 기사 형태들 민주주의 민주화 년 경제 보도 유시민 정준희 경제 정세진 연설 노무현 대통령 신년 경제 민생 노무현 대통령 입장 영상 신년연설 노무현 대통령 신년 연설 민생문제 참여 정부 책임 책임 말씀 국민들 책임 회피 민생문제 참여정부 책임 민생문제 책임 초래 책임 참여정부 말씀 정세진 기자회견 회견 조선일보 톱기사 대통령 민생 파탄 책임 동아일보 톱기사 정부 민생 과거 집값 반대 세력 제목 기사 중앙일보 톱기사 민생 어려움 책임 문민 국민 정부 경제 정부 골병 제목 보도 정준희 앞뒤 왜곡 관심법 원래 얘기 표현 보도 형태 동아일보 정부 민생 과거 집값 반대 세력 얘기 과거 정부 책임 얘기 정도 반영 중앙일보 문민 국민 정부 경제 정부 골병 갈라치기 의혹 왜곡 형태 정세진 프레임 경제 파탄 보수 언론들 정준희 경향신문 보도 기획기사 도탄 승부 악의 측면 민생 도탄 노심 승부 집착 정세진 신문 도탄 민생 기사 서울 안국동 아파트 모델 하우스 건설 현장 경향신문 취재 동행 취재 김철웅 일용 노동자 김철웅 시 피곤 소주 희망 정치판 싸움질 나라 항변 메아리 승부 노심 노무현 대통령 정치 임기 발언 국무회의 지난달 국무 회의 당원들 편지 피해 축산 농가 위로 전무 자유무역협정 협상 조기 타결 농민들 마음 외면 기사 유시민 보수 진보 양쪽 경제파탄론 사실 근거 보수 경제파탄론 진행 데이터 선동 진보 제기 데이터 뒷받침 나중 데이터 확인 배분 소득 격차 배율 그다음 지니계수 분배지표 악화 참여정부 해결 관점 가지 대책 역부족 대책들 도탄 민생 표현 의문 승부 노심 대비 선동 노무현 대통령 승부 증인 열린우리당 해체 움직 정치인들 수석 당원 당원들 의견 표시 그다음 후계자 여권 작업 거짓말 진보 대통령 정권 교체 수수방관 비난 대비 대통령 정치 승부 경제 민생 도탄 얘기 선동 경제파탄론 선동 말씀 사람 선동 경제 정준희 성장 측면 성장 측면 유시민 시 메인 조간신문들 공포감 고립무원 대통령 혼자 바다 느낌 정세진 신문 언론 방송 유시민 신문 방송 분 토론 진행 년 년 년 무렵 방송 신문 설정 의제 토론 주제 선정 방송 의제 설정 신문 유시민 프로그램 제작인 국장급 고위 간부 옛날 신문기자들 방송기자들 취급 기자회견 중요 인물 회견 방송 카메라 방송 옛날 신문 언론 방송 언론 취급 세월 무렵 방송 고위 간부 기억들 일리 정세진 노무현 정부 방송 공정 의견 유시민 방송 정세진 지적 유시민 의제 설정 제외 방송 독립적 정준희 방송 저널리즘 황금기 보통 평가 유시민 사장 대통령 언론노조 난리 결국 철회 초기 문화방송 공영방송 사건 정부 눈치 요만큼 방송 정치적 이념적 편향 정세진 노무현 대통령 언론 일종 공격 퇴임 검찰 수사 이야기 하이에나 저널리즘 정수 표현 퇴임 박연차 리스트 연루 의혹 기사 화류관문 중앙일보 금전관문 제목 칼럼 자신 얼굴 온몸 사람들 시절 나라 대통령 부인 아들 활개 얼굴들 조선일보 대통령 부인 대통령 아들 제목 사설 대통령 가족들 자신들 행위 국민 법률 감시 권력 가림막 영원 착각 모양 검찰 먼지떨이 먼지 온몸 먼지 년 모습 노출 경향신문 아내 핑계 남편들 칼럼 연극 공연 대사 여자 구속 대통령들 억 억 남자 판사 출신 대통령 고시 가족생계 여자 대통령 사랑 아내 동정표 총대 남자 걱정 막무가내 초딩화법 달인 초지일관 조롱 한숨 진짜 정도 과도 정준희 경향신문 노무현 대통령 진보 정도 기여 차례 배반감 표현들 극단적 모습 이라크전 참전 개혁 입법 실패 것들 경향신문 지속적 노무현 정부 거리 경향 송수진 대통령 경향신문 소속 노무현 비판기사 통화 기사 후회 약속 것들 양극 해소 재벌 개혁 것들 약속들 사람 배신감 비판 비판 말씀 유시민 논평 일종 논평 사실 전제 논평 논평 잔인 사실 실망 정도 사실 상상 동원 죄악 정책 비판 얼마 극본 사실 전제 원망 노무현 노무현 진보 세력 진보 정치 진보 세력 노무현 분리 분리 사람 진보 대표 진짜 진보 논증 공격 정세진 수사 진행 언론 검찰 정보 무차별적 보도 논두렁 시계 뉴스장면 영상 명품 시계 논란 보도 검찰 박연차 부부 명품 시계 선물 앵커 박연차 회장 노무현 대통령 부부 억 명품 시계 선물 검찰 뇌물죄 적용 검토 보석 가격 억 이름 스위스 명품 시계 회장 검찰 대통령 회갑 선물용 억 시계 선물 진술 확인 여사 논두렁 시계 앵커 권양숙 여사 노무현 대통령 회갑 선물 명품 시계 논두렁 대통령 검찰 진술 확인 지난달 검찰 소환 노무현 대통령 과장 우병우 중수 박연차 태광실업 회장 명품 시계 처리 질문 대통령 여사 시계 보관 회장 수사 시작 시계 봉하마을 논두렁 진술 확인 정세진 보도 대통령 검찰 진술 부인 언론들 기정사실화 조선일보 피아제시 집사람 봉하마을 동아일보 억 시계 포털 누리 경향신문 검찰 증거 인멸 시도 제목 기사 논두렁 시계 만평 신문 이야기 유시민 시계 대통령 시계 대통령 검찰 진술 시계 발견 지원 복사 퇴임 얼마 검찰 참모 기소 조사 봉하마을 조사 봉하마을 사본 압수수색 대통령 재물 조사 압수수색 재물 목록 시계 시계 박연차 선물 대통령 회갑 형님 노건평 현직 시계 퇴임 시계 형님 권양숙 여사님 방법 대통령 서랍 시계 얼마짜리 시계 망치 얘기 케이스 스토리 생각 독일 신문 스토리 스토리 논란 유시민 언론 생리 상업 언론 기본 생리 정치적 정세진 노무현 대통령 서거 한국일보 창간 주년 국민 의식 여론 조사 한국일보 제목 책임 대통령 서거 언론 본인 가족 제목 기사 책임 대통령 서거 개 복수응답 합산 결과 언론 차이 대통령 자신 가족 이명박 대통령 검찰 정치 이해관계 검찰 수사 언론 보도 대통령 사적 결과 얘기 보도 유시민 언론 사안들 보도 방식 생각 원래 정치 언론 본질적 정치 언론 일들 고대 로마 콜로세움 검투 경기 전제 검투사 출전 사람 객석 손가락 사람들 검투 경기장 공정 게임 암수 살수 것들 동원 영웅 단면 생각 예고 영상 노무현 언론 개혁 전쟁 노무현 정세진 유시민 정준희 조선일보 송수진 경향신문 그다음 최욱 촌 중앙일보 정치인
문재인정부,규제,가상화폐 규제로 세계 최대 채굴지 돼 중국 정부가 최근 가상 화폐에 대한 초강력 규제를 잇따라 쏟아내면서 미국이 중국을 제치고 세계 최대 비트코인 채굴지에 등극했다고 파이낸셜타임스 가 일 현지 시각 보도했다 영국 케임브리지대학 대안금융센터 에 따르면 월 미국의 비트코인 채굴 점유율은 로 전 세계에서 가장 높았다 위는 카자흐스탄 이었고 중국 규제 가상 화폐 채굴 세계 최대 전기료 채굴 업자 이동 중국 정부 가상 화폐 규제 미국 중국 비트코 세계 최대 채굴지 등극 파이낸셜타임스 일 현지 시각 보도 대안금융센터 영국 케임브리지대학 대안 금융 센터 미국 비트코 채굴 점유 세계 위 카자흐스탄 중국 점유 채굴 컴퓨터 수학 연산 보상 가상 화폐 중국 정부 년간 세계 최대 비트코 채굴 국가 비트코 채굴 점유 미국 중국 상대 월 중국 점유율 미국 중국 정부 전력난 돈세탁 단속 비트코 거래 채굴 전면 판도 변동 중국 채굴 공장 채굴업자들 중국 탈출 전기료 국가 이동 미국 전기료 채굴 적합 조건 덕분 중국 채굴업자들 텍사스 미국 남부 에너지 가격 세계적 전기 소모량 채굴 업체 둥지 적합 평가 미국 미국 채굴 산업 확보 지배력 규제 중국 감사 공격적 투자 기업 미국 채굴 등장 월스트리트저널 미국 블록체 스타트업 코어 사이언티픽 년 투자금 달러 억 노스캐롤라이나주 청바지 공장 조지아주 카펫 공장 채굴장 탈바꿈 런던 핀테크 데이터 소브 중국 비트코인 지배 고정관념 중국 미국 비트코 전기료 채굴업자들 투자금 스타트업 케임브리지대학 영국 핀테크 전력난 점유율 파이낸셜타임스 월스트리트저널 억 노스캐롤라이나주 탈바꿈 런던 공격적 대안금융센터
문재인정부,규제,미중 오늘 무역협상 재개 난항 예상 앵커 미국과 중국이 오늘 상하이에서 무역협상을 재개합니다 양국 정상이 협상 재개에 합의한 지 한 달 만에 열리는 것인데 난항을 겪을 것이라는 전망이 나오고 있습니다 중국 베이징 전화로 연결합니다 강성웅 특파원 협상이 시작됐습니까 기자 협상이 내일까지 이틀간의 일정으로 잡혀있는데 협상이 시작됐다는 발표는 아직 없습니다 첫날인 미중 무역 협상 재개 난항 예상 앵커 미국 중국 상하이 무역협상 재개 양국 정상 협상 재개 합의 난항 전망 전화 중국 베이징 연결 강성웅 특파원 협상 시작 협상 이틀간 일정 협상 시작 첫날 미국 협상단 상하이 도착 인사 협상 본격적 협상 시작 협상 미국 지난달 중국 정상회담 일본 오사카 정상 회담 협상 재개 합의 정상 협상 재개 합의 중국 미국 농산물 구매 미국 상응 화웨이 제재 완화 중국 이틀 미국산 포함 미국 농산물 구매 시작 미국 가지 중국 제품 추가 관세 면제 화웨이 안보 장비 규제 협상 농산물 구매 화웨이 제재 완화 논의 구체적 예상 관세 상호 철회 강요 합의문 조문화 핵심 이슈 논의 진전 전망 미국 중국 수입품 달러 어치 중국 미국 수입품 달러 어치 최고 관세 해결 미국 관세 수입 추가 판단 중국 굴욕적 양보 입장 신화통신 중국 관영 협상 재개 미국 중국 주권 핵심이익 굴복 협상 노딜 협상 장소 중국 제안 호텔 상하이 시자오 닉슨 미국 대통령 주언라 중국 총리 상하이 공동 성명 중국 신화통신 이념 격차 상하이 공동 성명 양국 지도자 용기 미국 중국 성과 무역관계 논평 베이징 중국 미국 상하이 수입품 미국산 화웨이 베이징 무역협상 농산물 오사카 어치 시자오 일본 신화통신 닉슨 미중 합의문 조문화
문재인정부,규제,이해찬 민감한 문제도 답 척척 발언마다 내가 총리할 땐 주택 이상 초고가 주택에 대해 종부세 종합부동산세 강화 지난달 일 고위 당 정 청 협의회 더 중요한 것은 역시 주택 공급을 크게 확대하는 것 일 당 최고위원회의 수도권 공공기관 중 국가균형발전 특별법 에 따라 이전 대상이 되는 개 기관은 적합한 지역으로 옮겨가도록 당정 간 협의할 것 일 국회 교섭단체 대표 연 이해찬 발언 총리 주택 초고가 주택 종부세 종합부동산세 강화 지난달 고위 협의회 중요 주택 공급 확대 일 최고 수도 공공 기관 국가 균형 발전 특별법 대상 기관 적합 지역 당정 협의 당정 일 국회 교섭 단체 대표 연설 대표 이해찬 더불어민주당 발언 행보 연일 언론 헤드라인 장식 찬반양론 의제 메시지 중요 이슈 선점 부동산 대책 공공기관 현안 규제개혁 노동 통일 분야 자신 약속 여당 존재감 실제 정부 요구 추석 부동산종합대책 예정 대책 대표 강조 종부세 강화 주택 공급 확대 방안 포함 가능성 공공기관 지방 정부 목록 대상 기관 준비 작업 대표 여야 당내 이견 이슈 민주 노총 방문 자리 장관 교육부 전교조 합법화 보수 정권 교원노조 법외노조 전교조 부활 암시 일 자신 규제 개혁 입법 호소 회장 박용만 대한상공회의소 당내 이견 해소 권고 당론 해결 일 통일 이슈 추가 대표 방북 추진 확인 평양 북측 공동 개최 계획 민주당 대표 대표 선출 자격 지난달 노무현재단 이사장 남북고위급회담 북측 제안 대표 취임 대표 재단 사임 표명 후임자 이사장직 유지 대변인 이해식 민주당 북측 방북단 규모 상태 방북 여야 공동 대표 의중 방북 여부 야당 공식 제안 대표 행보 노무현 정부 실세 총리 국정 주도적 운영 경험 실제 대표 고위 지난달 고위 협의회 방안 종부세 강화 주문 총리 현상 대책 민주 노총 만남 총리 총리 공무원 노조 합법화 대표 이날 전남 무안 전남도청 현장 최고 위원 회의 예산 정책 협의회 국무총리 광주 전남 공동 혁신도시 중앙 행정 업무 사무 일괄적 지방 규정 지방이양일괄법 연내 처리 약속 공공기관 종부세 이사장 기념행사 민주당 협의회 특별법 전교조 부동산 규제개혁 전남 이해찬 당론 박용만 교육부 대한상공회의소 전남도청 이해식
문재인정부,근무,월 일 알림 제주올레 이사장 서명숙 은 공심채농업회사 대표 홍창욱 와 함께 새달 일 제주 서귀포시 올레여행자센터 층에서 팝업 레스토랑 청년올레식당 을 연다 청년 셰프들이 제주 다문화가정에서 키운 아열대 채소를 활용한 메뉴를 개발해 판매한다 새달 일에는 사전 이벤트 티켓 사전 구매자 명에게 공심채 콜라보 메뉴 종 세트 등을 제공하는 함께하는 알림 제주올레 이사장 서명숙 공심채농업회사 대표 홍창욱 새달 일 제주 서귀포시 올레 여행자 센터 청년올레식당 팝업 레스토랑 청년 셰프 제주 다문화 가정 아열대 채소 활용 메뉴 판매 사전 이벤트 티켓 사전 구매자 세트 공심 콜라보 메뉴 제공 점심 행사 누리집 티켓 환경재단 일 시 서울 서소문 환경 재단 레이첼카슨 시민 정책 포럼 밥상 발자국 선택 음식 식재료 조리방법 기후변화 영향 사례 이야기 논의 고기 이현주 한국 월요일 대표 선임연구원 이윤희 기후 변화 행동 연구소 선임 연구원 대표 임송택 에코네트워크 전태일재단 일 서울 조계사 전통문화 예술 공연장 세상 희망 불꽃 주제 한바탕 전태일 문화 예술 양기환씨 사회 윤선애 정태춘 이소선합창단 송경동 시인 최호철 만화가 출연 무료 예약 동아리 제주 대정고 기억 제작 분량 단편영화 제주대 영상제 대상 영화제 지평선 청소년 황금줄기상 은상 수상 영화제 상금 장애인협회 기부 부산독립영화협회 일 영화 전당 시네마테크관 시상식 기프실 장편 다큐멘터리 감독 문창현 대상 부산 독립 영화제 수여 경쟁부문 메이드인부산 편 출품 신나리 감독 분 김혜정 감독 철원에서 분 심사 위원 특별상 국민연금공단 소외계층 정보 소외 계층 컴퓨터 기증 기증 컴퓨터 전북도 사랑 그린 보급사업 한국 복지진흥원 전국 정보소외계층 사회복지시설 지역아동센터 전달 사랑 사업 사용연한 직원 업무 재조립 소외계층 기증 사회공헌활동 년 만 대 기증 산업통상자원부 코엑스 서울 국가품질경영대회 품질혁신 향상 국가 산업 경쟁력 기여 유공자 우수기업 점 포상 수여 항온 항습기 국산 성공 회장 에이알 한승일 최고 영예 금탑산업훈장 한국문화예술위원회 소극장 새달 서울 대학로예술극장 신진예술가들 단체들 공동기획 편 무용공연 참여 단체 직임연구소 댄스 프로젝트 댄스 다크서클즈 컨템포러리 더파크댄스 곳 패키지티켓 할인상품 준비 누리집 참고 삼성전자 사회복지공동모금회 장애인 동행영화관 운영 작은영화관 사회 협동조합 영리 단체 사업 지원 대상 선정 회 사업 아이디어 재원 부족 어려움 비영리단체 취지 규모 최대 사회 복지 공모 사업 억 지원 대구은행 부행장 황병욱 포항지방해양수산청 방문 전우진 청장 후생복지 독도등대 근무 직원 후생 복지 후원금 전달 협약 년 독도등대 근무자 후원 한국문화예술교육진흥원 예술 글로벌 창의교육온라인학습 플랫폼 카덴저 업무협약 카덴저 온라인 학습 플랫폼 활용 콘텐츠 문화 예술 교육 영상 확산 문화 예술 교육 관계자 역량 강화 프로그램 단계 맞춤 기획 기관 전문성 바탕 상호 협력 협력사업 링컨센터 교육부 퀸즐랜드 공연 예술 센터 시드니 오페라 하우스 각국 문화 예술 교육 전문가 참여 예술교육 시리즈 강좌 예술 교육 기초 강좌 강의내용 수업자료 국문 서비스 제공 예정 서울 제주 독도등대 영화제 새달 한국 장애인 누리집 특별상 연구소 공심채 부산 전태일 이윤희 온라인 경쟁력 카덴저 레이첼카슨 환경재단 소외계층 전문가
문재인정부,근무,근로시간 먼저 단축하면 매달 최대 백만 원 지원 앵커 오는 월 일부터 시작되는 근로 시간 단축 시행을 앞두고 현장을 점검하는 연속 보도 오늘은 정부가 내놓은 대책을 살펴봅니다 노동시간 단축에 일찍 들어가는 중소기업에는 신규채용 인건비로 매달 최대 만 원까지 지원한다고 합니다 백승우 기자입니다 리포트 시뻘건 쇳물을 녹여 맨홀 뚜껑을 만듭니다 노동자 이재홍 근로시간 단축 최대 지원 앵커 시작 근로 단축 시행 현장 점검 연속 보도 정부 대책 노동 시간 단축 중소기업 신규 채용 인건비 최대 지원 백승우 리포트 쇳물 맨홀 뚜껑 노동자 이재홍 특근 야근 시간 월급 만 근로시간 연장근무 월급 만 이재홍 여유 생활 여 공장 직원 임금 최저임금 천 인력난 업종 근로시간 사람 걱정 송권섭 대표 유입 상황 업체 생존 진짜 노릇 정부 지원책 신규 채용 임금 보전 초점 근로자 미만 기업 법정 시행일 개월 근로시간 인건비 신규 채용 명 최대 백만 최대 임금 감소 만 지원 당장 월 적용 기업 인건비 신규 채용 지원 예산 억 천 지원 규모 장관 김영주 고용 노동부 노동시간 창출 청년 일자리 정부 근로 시간 단축 대응 고민 기업들 상담 기업 설비 투자비 최대 근로시간 이재홍 김영주 근로자 노동시간 천 인건비 노동자 일자리 백승우 백만 송권섭 쇳물 여 시행일 억 노동부 기업들 개월 인력난
문재인정부,근무,더뉴스 더정치 막판에 나온 년 녹취 위증 공세 진행 노종면 앵커 출연 현근택 더불어민주당 법률위 부위원장 윤기찬 자유한국당 홍보위 부위원장 아래 텍스트는 실제 방송 내용과 차이가 있을 수 있으니 보다 정확한 내용은 방송으로 확인하시기 바랍니다 앵커 인사청문회는 통상 자정 전에 끝나지만 이번 윤석열 청문회는 차수를 변경하며 거의 새벽 시까지 진행됐습니다 하루 막판 녹취 위증 공세 진행 노종면 앵커 출연 현근택 부위원장 더불어민주당 법률위 윤기찬 부위원장 자유 한국당 홍보위 부위 원장 텍스트 실제 방송 차이 방송 확인 앵커 인사청문회 자정 윤석열 청문회 차수 변경 시 진행 맹탕 하루 종일 비판 청문회 보도 자정 무렵 녹취 윤석열 녹취 막판 분위기 청문회 증언 청문회 당일 과거 녹취 불일치 위증 논란 여야 미니 토론 정치 현근택 더불어민주당 법률 위원회 부위원장 윤기찬 자유 한국당 홍보 위원회 부위원장 안녕 윤석열 청문회 가지 사안 집중 윤우진 변호사 소개 윤우진 사건 정리 진행 한국당 제기 윤기찬 부위원장 정리 윤기찬 윤우진 옛날 세무서장 세무서장 가공업자 금품 혐의 경찰 수사 수사 윤우진 대검 근무 중앙수사부 후보자 중앙지검 근무 상황 앵커 윤우진 동생 윤기찬 동생 상황 중앙 근무 변호사 윤석열 후보자 소개 의혹 청문회 변호사 윤우진 변호사 윤우진 얘기 것들 실정법 위반 수사 모종 영향력 의혹 상황 수사 진행 예사 특정 골프장 압수 수색 영장 정도 기각 기각 보완 수사 제보자 상황 제보 사람 피의자 대질 이례적 지휘 보완 수사 그다음 해외 사람 영장 신청 기각 앵커 의혹들 윤석열 후보자 연결고리 청문회 윤기찬 연결고리 의혹들 의혹들 연결고리 생각 짐작 생각 것들 변호사 소개 연관 것들 결과 비교 후보자 정도 관여 의혹 제기 앵커 청문회 야당 의원 질의 윤석열 후보자 변호사 윤우진 소개 답변 청문회 막판 자정 무렵 뉴스타파 보도 가지 녹취 녹취 진행 윤석열 년 녹취 검찰 총장 후보자 뉴스타파 보도 중수부 연구관 이남석 변호사 대진이 얘기 대진 한참 머리 윤우진 서장 앵커 생각 현근택 소개 일반적 관념 소개 여당 사과 설명 오해 얘기 얘기 후보자 입장 변호사법 위반 변호사법 가지 조항 조 조 조 업무 변호사 선임 소개 알선 조 근무 기관 사건 반대 조 조 직무 후보자 선임 소개 후배 얘기 선임 소개 판단 소개 변호사법 위반 검토 선임 위반 앵커 위법 논란 질문 녹취 후보자 단순 소개 생각 모양 수사 부서 민원 상담 정도 나름 기준 윤석열 검찰 총장 후보자 사건 지휘 검찰 부서 얘기 얘기 분위기 대진이 윤대진 검찰국장 이철규 경기경찰청장 경찰 윤우진 용산세무서장 거구나 생각 사람 변호사 양반 사건 상담 소개 앵커 윤우진 상담 소개 역할 윤석열 부장검사 윤석열 부장 검사 녹취 이해 윤기찬 진실 단어 상담 사건 대화 암시 단어 녹취 상황 윤석열 후보자 윤우진 병문 얘기 그날 얘기 수사 본격적 시작 본인 판단 행동 이남석 변호사 실제 선임 말씀 선임장 제출 선임장 제출 변론 여지 실무상 오해 요지 변호사 실제 이남석 국세청 자료 요청 윤우진 변호인 자격 자료 요청 말씀 생각 앵커 이남석 변호사 선임 윤우진 선임 변호사 자료 요청 윤석열 후보자 책임 윤기찬 전반적 느낌 가정 윤석열 후보자 본인 윤우진 대화 접촉 불편 사람 변호사 역할 실제 선임 사람 변호사 역할 경찰 압수 수색 영장 번 기각 나중 처리 시나리오 인사청문회 가지 제기 해명 앵커 시나리오 생각 현근택 상상 동생 가족들 얘기 선임 나중 변호사 변호사 선임 가족들 관여 가족들 예외조항 가족 검찰 근무 가족 선임 소개 예외조항 상상 청문회 수사 경찰들 진술 증거 관여 증거 수사 분들 전화 추측 수사 증인 상상력 윤기찬 한마디 윤대진 검찰 국장 기자분들 해명성 실제 본인 본인 변호사 소개 윤석열 후보자 본인 걱정 말씀 말씀 조 혈족 위반 윤대진 검찰국장 법률 전문가 윤석열 후보자 윤대진 검찰국장 거짓말 성립 앵커 이해 후보자 청문회 자리 취지 관여 정리 윤대진 국장 과장 중수부 사람 본인 얘기 얘기 현근택 얘기 사실 말씀 조종 대리인 관여 정도 수사 관여 관여 얘기 수임 관련성 하소연 정도 생각 후보자 윤대진 부담 생각 수사 윤대진 가족들 관여 선상 선상 경찰 증언 중요 앵커 윤석열 후보자 녹취 검찰 윤대진 과장 중수부 이철규 경기 경찰청장 경찰 일종 보복 윤대진 검사 윤우진 사건 이해 대목 현근택 검경 수사 검경 수사 본격적 정부 본격적 해결 이철규 경기청장 시절 저축은행 혐의 구속 수사 결국 나중 무죄 안산서장 재판 무죄 특징 독립 경찰 수사 주장 경찰 미운털 윤대진 구속 수사 생각 전반적 수사 분위기 검경 수사 충돌 경찰 검찰 수사 대립 분위기 앵커 가지 배경 팩트 청문회 후보자 윤우진 변호사 선임 나중 기사 녹취 확인 년 선임 인정 녹취 해명 입장들 현근택 선임 인정 앵커 소개 인정 소개 선임 관여 차이 법적 차이 질문 법률가 소개 윤기찬 소개 구속 요건 소개 알선 소개 소개 선임 구속 요건 해석 법원 최종적 일반적 소개 개념 생각 소개 요건 구속 충족 결과적 선임 소개 적용 생각 앵커 일종 선임 미수 윤기찬 선임 규정 미수 규정 말씀 소개 구속 요건 문언 구속요건 해석 해석 생각 앵커 변호사법 말씀 소개 알선 현근택 소개 알선 유인 얘기 중요 조 기관 조 조 과태료 조 징역 만 벌금 소개 처벌 취지 얘기 얘기 브로커 소개 수수료 전제 수임 후보자 이익 평소 후배 사실 경찰 조 조 여부 적용 검토 조 앵커 직무 현근택 기관 취급 조 검토 앵커 조 조 사건 사무 수임 전제 윤기찬 앵커 수임 소개 알선 유인 윤기찬 수임 소개 법률 사무 변호사 수임 소개 사안 의혹 윤우진 세무서장 출신 사람 노무현 정권 참여정부 총리실 참여 정부 암행감찰반 근무 변호사 네트워크 변호사 소개 의미 말씀 앵커 가지 법적 후보자 부인 기사 사실 인정 위증 성립 현근택 위증 현행법 성립 당사자 후보자 규정 위증 처벌 위증 기본 증인 제 자 형사사건 피고인 자신 진술거부권 위증 도덕적 논란 거짓말 논란 법적 위증 말씀 변호사법 형벌 규정 과태료 시효 과태료 법적 고소고발 검토 앵커 법적 논란 여지 도덕성 제기 여지 현근택 한국당 변호사법 위반 고발 검토 가능성 앵커 윤우진 동생 윤대진 국장 입장 얘기 혈족 위법 조각 윤기찬 말씀 대로 가지 조항 본인 처리 업무 업무 소개 앵커 혈족 윤기찬 직장 소개 민법 혈족 혈족 배우자 인척 처벌 규정 앵커 윤대진 국장 소개 선임 관여 팩트 위법 윤기찬 보통 가족 얘기 정상적 절차 문자 노출 문자 후보자 문자 문헌 자체 논란 소개 이남석 변호사 문자 선임 이례적 앵커 팩트들 확인 가지 여야 민주당 한국당특정 뉴스타파 공개 녹취 주간동아 보도 검색 기사 녹취 기사 민주당 한국당 제 당 제 당 청문회 얘기 윤기찬 앵커 보도 녹취 윤기찬 속기록 파워포인트 기사 기사 후보자 제시 질문 후보자 사실 취지 답변 기억 앵커 현근택 나중 녹취록 청문회 자체 자료 수집 방어 입장 얘기 야당 얘기 제기 그동안 의혹 언론 그동안 정보 야당 언론 보도 상황 녹취 예전 보도 앵커 한국당 주간동아 기사 파워포인트 질의 후보자 부인 말씀 윤기찬 부인 취지 답변 앵커 한국당 대응 고발 윤기찬 고발 결정 법리 검토 사실 변호사법 위반 고발 의견 논평 자진 사퇴 취지 논평 그다음 청문경과보고서 의견 방안 생각 앵커 보고서 채택 의견 윤기찬 당론 앵커 민주당 예상 현근택 청문보고서 채택 가능성 법사위원 한국당 법사 위원 기자회견 취지 사퇴 주장 채택 의원 채택 전제 앵커 현근택 바른미래당 사퇴 얘기 채택 가능성 규정 윤기찬 민주당 현근택 민주당 의견 적격 채택 제시 소개 고발 변호사법 위증 윤기찬 거짓말 현근택 논란 본인 생각 변호사 선임계 후배 정도 사과 사과 공식적 사과 입장 정도 검찰총장 직무 수행 정치 독립 정권 눈치 공수처 입장 검경 수사 공수처 정도 인정 검경 수사 수직적 수평적 협력관계 인정 지휘권 취지 정도 검증 앵커 거짓말 강조 위증 성립 청문회 후보자 입장 청문회 도중 청문회 기사 막판 마지막 기사 후보자 인정 거짓말 해소 윤기찬 해소 거짓 말씀 기억 종료 시정 정정 말씀 감안 기사 사실 말씀 말씀 사과 전제 생각 앵커 자사고 얘기 정치권 자사고 이슈 관심 서울시교육청 결과 재지정 심사 곳 곳 탈락 입장 정리 현근택 입장 곳 곳 년 탈락 자사고 자사고 과고 자사고 일반고 황폐화 현장 분들 걱정 교육 부분들 평준 반대 비평준화 년 재평가 정상적 법절차 자사고 앵커 말씀 교육 평준 교육 반대말 현근택 앵커 정도 탈락 예상 윤기찬 분위기 예상 교육감 교육 당국 정책 말씀 자사고 평준화 해법 앵커 자립형 윤기찬 자립형 자율형 자사고 평준화 공교육 황폐 대책 교육 당국 공교육 황폐 책임 자사고 자사고 반대 고교 서열 학생 우선 선발 고등학교 학생 일반 취지 학습능력 사람들 상대 공교육 자체 실패 원인 공교육 실패 원인 일반고 실패 원인 학습 그다음 교사들 학원 학습 옛날 열정 학부모들 반발 가지 공교육 실패 원인 학부모 학생 교원 만족 자사고 인위적 공정 교육 자사고 평가 말씀 평가 방식 기준 불공정 평가 기준 배점 교육 배점 그다음 학부모 학생 교원 만족도 만족 만점 점 점 감사 지적 사항 예전 점 점 교육 당국 자의적 편견 기준 마련 교육정책 진행 학부모 의견 앵커 배점 기준 것들 평가방식 자연 무리 말씀 윤기찬 자사고 도입취지 부합 배점 부합 교육감 지시 배점 점 점 교육 프로그램 이행 배점 본인들 취득 배점 얘기 만점 상산고 구체적 결과 공개 문제점 앵커 년 년 재지정 평가 시작 단위 평가 년 교육부 표준안 토대 시도교육청별 평가 년 기준 강화 기준점수 기준 강화 배점 수정 것들 현근택 감점 말씀 서울교육청 감정 점 통과 합격 제일 점 감점 탈락 감점 결정적 요인 그동안 사실 배점 결국 교육 학생 선발 것들 학교 학교들 교육 철학 차이 평준화 비평준화 논란 과고 자립 사립고 일반고들 평준화 회귀 정책 일반고 분위기 사실 말씀 배점 교육철학 기본 학부모들 반대 학교 분들 학교 학부모 분들 일반고 분들 동시 동시 동시 선출 학생 선발 특혜 선호 분들 앵커 정부 여당 정책 방향 제도 조금 축소 방향 궁극 폐지 입장 특목고 자사고 현근택 취지 특목고 자사고들 위주의 그동안 입시 상산고 의대 의대 학교들 교육관념 의대 로스쿨 다양성 학교 특색 입시 전문 학원 애초 취지 사실 과고 원래 외고 외국어 사람 국제경쟁력 과고 과학 과기대 연구자 과고 위주 입시 반복 앵커 문제들 합리성 자립형사립고등학교 특정 목적 운영 이해 윤기찬 말씀 의대 상산고등학교 결과 가지 갑론을박 입시 성적 자율형 취지 입시성적 저조 분야 양성 데이터 입시성적 자율 사립고 원래 취지 논리 앵커 근본적 교육철학 질문 자사고 교육 자원 선점 공교육 평균적 교육 여건 주장 학생 선발 교사 포함 교육 우수자원 자사고 특목고 집중 현상 윤기찬 특목고 특성화 그다음 자사고 자율형사립고 자율형 공립학교 자율형사립고 재정 국가 투입 그다음 등록금 표현 학교 메리트 추종 학생들 학교 인기 학교 정도 특성 평판 학생들 경쟁 평준화 명문고등학교 평준 지방명문고등학교 비평준화 안양 고등학교 분당 고등학교 고등학교들 공립 등록금 서민 아들 서민 아들 특별 사교육 기회 것들 앵커 자립 고등학교 윤기찬 공립학교 비평준화 학교 본인들 자립 고등학교 예산 지원 국가 국가 예산 지원 자원 배분 불균형 학생들 본인 학교 학교 선택 상황 교육 철학 납득 특목고등학교 소리 앵커 반박 기회 가지 답변 부탁 탈락 서울 년 탈락 단계 교육부 최종 일종 구제 기준 과거 평가 사례 평가 윤기찬 평가 결과 공개 평가 결과 공개 말씀 학교 약속 결과표 공개 합지표 교육 당국 앵커 반박 기회 현근택 논란 로스쿨 논란 사람 머리 공부 말씀 선발 공부 대물림 교육 대물림 세습 비판 학교 나머지 공교육 형태 교육 정도 윤기찬 말씀 자율 사립 고등학교 교원들 능력 일반 공립 고등학교 교원들 능력 차이 현근택 차이 윤기찬 차이 현근택 학생 선발 등록금 평가 지원 사회 계층 수치상 장학금 혜택 분들 부족 결국 부모 능력 비판 윤기찬 우선선발권 배려 계층 우선 선발 현근택 적용 앵커 교원 능력 질문 질문 취지 말씀 선생님 능력 객관적 평가 계량 방송 진행 입시 취적화 교수 능력 차이 문제의식 정도 정리 토론 정리 윤기찬 후보자 현근택 청문회 자사고 윤우진 변호사 고등학교 윤석열 한국당 윤대진 공교육 조 분들 변호사법 그다음 부위원장 조
문재인정부,네트워크,사건과 법 수술실 내 설치법 통과 내용은 광주 앵커 수술실 내에 를 설치하도록 하는 의료법 개정안이 본회의 상정을 앞두고 있습니다 사건과 법 이종완 변호사와 자세한 이야기 나눠보겠습니다 보신 대로 법안이 발의된 지가 년이 됐습니다 법안 발의 취지가 가물가물한데요 다시 짚어볼까요 답변 년 문제가 됐던 수술실 생일 파티 논란이나 수술실 통과 설치법 앵커 수술실 설치 의료법 개정안 본회의 상정 사건 이종완 변호사 이야기 대로 법안 발의 년 법안 취지 답변 년 수술실 생일 파티 논란 무자격자 대리 수술 의료실 성범죄 수술실 일련 사건들 발생 필요성 설치 논의 의료계 반발 법안 발의 폐기 반복 통과 앵커 상임위 법사위 통과 본회의 통과 처리 가능 답변 여야 합의 통과 만큼 본회의 본회의 처리 예정 법안통 보류 상황 앵커 의무화 수술실 설치 의무 법안 핵심 설명 답변 의료기관 수술실 수술실 내부 설치 핵심 환자 신체 부위 촬영 환자 보호자 요청 녹화 가능 영상 녹화 음성 의사 환자 동의 가능 유출 방지 인터넷 네트워크 연결 방식 허용 앵커 법안 의사 촬영 거부 예외조항 답변 개정안 예외 조항 수술 지체 환자 생명 위험 중대 장애 응급수술 위험도 위험 수술 전공 분들 수련 단계 촬영 수련 목적 저해 가지 거부 앵커 녹화 영상 요청 열람 답변 수술실 설치 분쟁 환자들 입증 영상 가지 범죄 수사 재판 수행 기관 요청 한국의료분쟁조정중재원 의료 분쟁 조정 중재 절차 요청 마지막 환자 의사 정보 주체 동의 열람 가능 가지 제외 환자 의사 단독 자유 열람 앵커 법안 통과 환자단체 의료 입장 답변 국민들 일반적 법감정 여론 국민권익위원회 진행 온라인 설문 조사 국민들 설치 찬성 환자단체 비전문가 환자 전문가 의사 대응 유일 방법 의무화 설치 의무 환영 의료 개정안 반발 입장 의사 감시 대상 판단 수술 상황 기피 풍조 개정안 위헌성 주장 헌법소원 준비 앵커 마지막 법안 통과 시행 답변 개정안 적용 년 유예기간 설치비용 관리자 지정 의사분들 적응 요령 제도 자연 안착 유예 기간 개인적 유예기간 촬영 유예 기간 거부 예외 사유 구체적 유형화 생각 수술 응급 수술 전문의 촬영 거부 구체적 기준 마련 필요성 수술실 개정안 가지 유예기간 의료계 본회의 의무화 온라인 국민들 필요성 만큼 환자단체 예외조항 설치법 헌법소원 네트워크 변호사 국민권익위원회 의사분들
문재인정부,네트워크,문 열리는 시대 자율주행차 초 응답 초고속 초연결 네트워크 현실로 생활을 바꾸는 혁명 세대 이동통신이 보편화한 지 년이 흐른 년 어느 날 출근길이지만 씨는 자가용이 알아서 주변 차와 실시간 통신하며 안전하게 주행해주는 덕에 느긋하게 앉아 있다 년 전부터 가능해진 완전 자율주행차 덕분이다 분 뒤 지나갈 지점에 비가 내릴 것이라고 표시가 떴다 서울 양양 고속도로로 들어서 속도를 높였다 자율주행차 응답 초고속 초연결 네트워크 현실로 생활 혁명 세대 이동통신 보편화 년 출근길 씨 자가용 주변 실시간 통신 안전 주행 년 가능 덕분 완전 자율 주행차 분 지점 표시 서울 양양 고속도로 속도 급제동 차량 충돌사고 시속 씨 앞차 거리 차이 추돌 덕분 완전 자율 주행차 출시 시대 통신 추돌 시속 거리 장애물 인식 제동 지연시간 초 시대 시대 지연시간 초 사고 인식 찰나 사고 현장 도로 설치 센서들 자동차 카메라 경찰 구조대 병원 보험사 전송 사고 영상 정보들 보험사 전송 과실 여부 차 운전자들 언쟁 옛일 시대 산업 혁명 사람 자율주행차 사물인터넷 기기들 통신망 연결 초연결 네트워크 시대 가능 연결고리 이동 통신 네트워크 편리 씨 원론적 초 통신속도 생명 좌우 화상회의 가능 재택근무 직업생활 변화 초연결 사회 시대 초연결 네트워크 도시 그물망 기기 센서들 순간 전송 데이터양 시장조사기관 오토모티브 예측 년 자율주행차 하루 테라바이트 기가바이트 영화 데이터 소모 대용량 데이터 처리 통신기술 한계 지연속도 치명적 지연속도 명령 응답 지연속도 상용화 자율 주행차 상용 불가능 상황 주변 교통 감지 브레이크 제로 초저지연 자율주행차 필수 조건 초연결 초고속 초저지연 특징 한계 극복 국제전기통신연합 정의 가비피에스 전송 속도 자랑 콘텐츠 메가바이트 영화 초 전송 속도 이동 통신 배 주파수 대역 대비 최대 도로 이용 차선 도로 이용 망 통신 기지국 반경 만 기기들 동시 접속 데이터 시속 고속 열차 인터넷 이용 프로메테우스 산업 혁명 인간 인식 시각 청각 정보 데이터 환산 기가바이트 최대 기가바이트 트래픽 실시간 처리 가상현실 증강현실 콘텐츠 실감 기기 시야 변화 실시간 반영 착용 구토 어지럼증 공간 감각 정보 일치 화상회의 보편화 회의 느낌 중요 음성 영상 실시간 전달 장소 화상회의 가능 홍승 전자통신연구원 사업 전략실장 사용자 시야 기기 즉시 영상 지연시간 전송속도 안착 설명 무지연성 수술 원격 로봇 도 시야 게임 현장 체험 스포츠 경기 가수 콘서트 현장 서비스 불가능 속도 저전력 소모 저지연 기기 연결 초연결성 커넥티드 기기 수집 데이터 인공지능 발전 도움 사회 지능 핵심 인프라 인간 감각 센서 만물 망 연결 자율주행차 웨어러블 기기 서비스 진보 확산 결정 계기 산업 혁명 프로메테우스 평가 연구원 배현표 경제 경영 연구소 커버 고속 전송 요구 자율주행차 원격 의료 지연시간 충족 인공지능 블록체인 산업 혁명 토대 전송 속도 증가 기본 신뢰성 실시간 서비스 차별화 가상망 네트워크 슬라이싱 이동통신 주기 세대 진화 통신 속도 배 배 증가 등장 이동 통신 아날로그 방식 통신 방향 개인 가능 속도 음성통화 제공 등장 이동 통신 폰 휴대폰 서비스 대중화 한국 미국 퀄컴 세계 상용화 통신 강국 성장 발판 마련 등장 초반 이동 통신 영상통화 가능 세대 등장 스마트폰 시대 급속도 확산 단말기 전송 속도 실시간 영상 데이터 서비스 증가 전송 속도 증가 초저지연 초연결 제공 사람 사물 연결 만물 인터넷 가능 홍승 전자통신연구원 사업 전략실장 데이터 전송속도 증가 집중 발전 추가적 고신뢰 실시간성 응답시간 최소화 사물 연결 서비스 수용 세대 대비 차별점 네트워크 슬라이싱 물리망 기법 소프트웨어 가상 사용 특정 서비스 최적화 가상망 제공 온도 습도 강우량 측정 고정형 센서 전력 소모 통신규격 자율주행 제어 산업 로봇 반응 속도 서비스 초저지연성 물리적 구축 비용 네트워크 슬라이싱 해결 통신 인터넷 스마트공장 자율주행 스마트 헬스 케어 물류 농업 기후 특성 기기들 수용 실시간 네트워크 주행차 자율주행차 이동통신 씨 전송속도 슬라이싱 배현표 지연시간 전자통신연구원 상용화 프로메테우스
문재인정부,네트워크,아침햇발 문재인 정부는 친중 인가 박민희 박민희 논설위원 이 정부는 너무 친중 아닌가요 이런 이야기를 자주 듣는다 인터넷 검색만 해봐도 친중 정부 라고 비난하는 수없이 많은 글들을 발견할 수 있다 문재인 정부를 친중 으로 공격하는 보수 극우 세력들의 집요한 공세가 혐중 정서 확산과 맞물리며 심각한 오해를 만들어 냈다 보수 극우 세력이 문재인 정부의 외교안보 문재인 정부 친중 박민희 박민희 논설위원 정부 친중 이야기 인터넷 검색 친중 정부 비난 글들 발견 문재인 정부 친중 공격 보수 극우 세력들 공세 혐중 정서 확산 오해 보수 극우 세력 문재인 정부 외교 안보 정책 친중 비난 근거 코로나 초기 전면 조처 중국인 입국 전면 코로나 세계적 입국 중국 입국 방역 실패 국가들 가짜 공세 방중 문재인 대통령 베이징대학 연설 중국 산봉우리 국가 한국 중국몽 발언 외교 언사 과도 측면 미국 과도 언어들 사용 문재인 정부 외교정책 친미 평가 트럼프 행정부 설득 협상 진전 역량 외교 집중 청와대 중국 제외 남북미 종전 선언 추진 중국 반발 정상회담 하노이 북미 정상 회담 트럼프 대통령 자신 정치 이해관계 합의 거부 한국 트럼프 일변도 정책 중단 스스로 해법 미국 설득 집중 신냉전 여파 한국 외교 핵심 정부 중국 이해 전략 부족 반성 사드 갈등 불 입장 언급 봉합 대중 외교 가동 청와대 대중국 전략 전략가 문재인 정부 자문 전문가들 지적 대중국 전략 주도 타워 청와대 컨트롤 외교부 신냉전 대비 정책 보고서 작성 청와대 신경 청와대 안보실 미국파 외교부 북미국 주도 중국 정책 전문가들 이야기 주말 중국 외교 정책 총괄 양제츠 정치국원 싱가포르 방한 부산 서훈 국가 안보 실장 시간 정치국원 갈등 포함 국제 정세 중국 입장 설명 한국 시진핑 주석 우선적 방문 나라 확인 정치국원 시점 한국 갈등 중국 내부 미국 공세 대응 방향 강온파 논쟁 냉정 상황 관리 가닥 트럼프 행정부 중국 국제 반감 우군 확보 지구전 승리 전략 중국 치열 내부 논의 전략 행보 양제츠 정치국원 한국 싱가포르 방문 이번주 국무위원 외교부장 국무 위원 외교 부장 독일 유럽 방문 동북아 한국 동남아 싱가포르 유럽 독일 미국 국가들 중국 국가 합종연횡 핵심 대상 선택 국가들 독일 유럽 중국 경제적 활용 국가 트럼프 행정부 반기 국가 싱가포르 리콴유 총리 리셴륭 총리 세계 중국 이해 사이 외교 유명 시진핑 방한 해제 한한령 국한 중국 배제 경제번영네트워크 동참 요구 산업 중국 미래 핵심 화웨이 반도체 공급 미국 압박 극복 중국 설정 종합적 고민 해결 한반도 평화 프로세스 중국 협력 판단 홍콩국가보안법 원칙 중국 발신 시작 우호 신호 활용 압박 한반도 평화 번영 진전 전략 정부 고민 중국 한국 청와대 미국 싱가포르 문재인 친중 정치국원 국가들 유럽 이해관계 코로나 시진핑 신냉전 행정부 독일 남북미 하노이 북미 한한령 외교부장
문재인정부,논란,박찬수 칼럼 관료는 대통령의 적 인가 박찬수 논설위원실장 대통령제라는 정치제도 아래서 대통령과 관료의 갈등 은 어쩌면 숙명적이다 얼마 전 노무현 대통령 주기 행사에 참석했던 조지 부시 전 미국 대통령 시절 워싱턴에 회자됐던 재밌는 말이 있다 대통령의 정치적 반대자 는 민주당이지만 대통령의 적 은 정부 내부에 있다 부시의 외교정책에 반대하는 관료 대통령 인가 박찬수 논설위원 실장 대통령제 정치제도 대통령 관료 갈등 숙명적 얼마 참석 조지 부시 시절 미국 대통령 워싱턴 회자 대통령 정치 반대자 민주당 대통령 정부 내부 부시 외교정책 반대 중앙정보국 국무부 관료 내부 정보 언론 원내대표 전쯤 이인영 더불어민주당 원내 대표 정책실장 김수현 청와대 정책 실장 대화 논란 정부 관료 이인영 출범 진짜 정부 주년 김수현 마이크 사람 대화 공무원 청와대 여당 속내 열흘 참사관 주미 한국 대사관 정상 통화 강효상 의원 유출 사건 현직 외교관 기밀 정상 통화 외부 유출 외교 개청 이래 공무원들 기류 복지부동 야당 기밀 정보 수준 역대 정부 청와대 사이 부처 공무원 긴장 갈등 존재 문재인 정부 대통령실 공무원들 정부 부처 공무원 측면 지속 적폐 수사 영향 생각 정부부처 국장 공무원 강도 차이 공직사회 과거 청산 작업 박근혜 정부 이명박 정부 사람 배제 기간 정부 출범 인수위 핵심 정책 청와대 부처 공무원 공유 문재인 정부 정책 변화 추구 과거 정권 정책순위 관료사회 뒷받침 집행 준비 얘기 대통령제 국정 방향 수립 청와대 정책 현실 안착 관료 부인 공무원들 부처 이익 대통령 국정 운영 성공 중요 전후 미국 성공 대통령 로널드 레이건 직업 공무원 대통령 정책 지향 이해 이데올로기적 공유 성공 정권 필수적 공무원들 대통령 국정철학 자연 시대 정권 교체 불가능 년대 공무원 대통령 국정철학 자신 공직 철학 실천 애국 생각 이젠 년 대통령 공직 평생직장 관료들 생각 일치 청와대 정책 주도 정부 부처 관료들 좌지우지 부처 이해 관료 선거 지지 다수 국민 요구 중시 청와대 시각 근본적 방법 가지 관료 업무 장악 사람 장관 임명 대통령 정확 부처 집행 장관 대통령 철학 부처 최전선 공직자 얼굴마담 대통령 공무원들 스킨십 대통령 국가원수 동시 행정부 수반 수입금지 후쿠시마 수산물 수입 무역소송 승리 산업 통상 자원부 분쟁 대응 여성 사무관 얼마 결혼 얼마 결혼식장 대통령 축하화환 세종시 화제 공무원들 촛불 정부 탄생 지지세력 사실 유효 서기관 사무관 특강 대통령 생각 부처 밑바닥 방법 현직 외교관 기밀 유출 기강 해이 질타 부족 사건 관료사회 긴장감 열의 계기 중요 논설위원 실장 공무원 청와대 공무원들 김수현 미국 사무관 부시 이인영 관료들 수산물 후쿠시마 반대자 더불어민주당 문재인
문재인정부,논란,정호영 후보자 논란 경북대에 불똥 공정 타격 우려 대구 앵커 정호영 보건복지부 장관 후보자를 둘러싼 각종 의혹이 제기되는 가운데 정 후보자와 자녀들의 출신 학교인 경북대학교는 일단 문제 없다는 입장을 밝혔습니다 하지만 후보자의 해명에도 논란이 쉽게 가라앉지 않으면서 경북대도 타격을 입는 것은 아닌지 대학 안팎에서 우려가 커지고 있습니다 김도훈 기자의 보도입니다 리포 논란 정호영 후보자 경북대 불똥 공정 타격 앵커 정호영 보건 복지 장관 후보자 각종 의혹 제기 후보자 자녀들 출신 학교 경북대학교 입장 후보자 해명 논란 경북대 타격 대학 안팎 김도훈 보도 리포트 자녀 편입 경북대 의대 편입 부정 영향력 행사 각종 의혹 정호영 보건 복지 장관 후보자 기자회견 의혹 부인 논란 개인 일탈 입시 공정 직결 대학 구성원 시선 성지현 경북대학교 아동학 주제 공정 해결 생각 송기영 경북대학교 컴퓨터공학과 수능 입학 취소 학생들 이용 익명 게시판 후보자 논쟁 경북대 법적 행정적 입장 교육부 감사 외부 검증 대비 계획 김영하 경북대 대외협력처장 자체적 조사 결과 의혹 눈길 상황 기관 후보자 의혹 논란 일파만파 확산 인수위 시선 배현진 윤석열 당선 대변 법적 책임 도덕성 차원 차원 국민 사안 장관 후보자 자녀 경북대 논란 입시 공정 검증 결과 경북대 타격 사건 입시 공정 계기 목소리 촬영기자 한규석 후보자 경북대 경북대학교 정호영 김도훈 교육부 촬영기자 학생들 협력처장 윤석열 도덕성 영향력 배현진 게시판 인수위 컴퓨터공학과 송기영 아동학 구성원 성지현 대외협력처장 일파만파 김영하 기자회견 불똥 자녀들
문재인정부,논란,황교안 청년 만나는 날 나경원 점거농성 학생단체 기습시위 민생 대장정 일차 민노총 요구는 다 들어주면서 농민 위해 쌀 값 올려야 청년 간담회장 밖에는 기습시위 이 장면을 의원실 점거농성 단체가 생중계 자유한국당 황교안 대표는 일 보수의 심장이라는 대구 경북 지역에서 국민 속으로 민생투쟁 대장정 나흘째 일정을 이어갔다 황 대표가 이날 방문한 곳의 일부 주민들 황교안 청년 나경원 점거 농성 학생 단체 기습 시위 민생 일 민노총 요구 농민 청년 간담 회장 기습시위 장면 의원실 점거 농성 단체 생중계 대표 자유 한국당 황교안 보수 심장 대구 경북 지역 국민 민생 투쟁 나흘 일정 대표 이날 방문 주민들 대통령 대표 경북대 인근 학생들 황교안 처벌 시위 기습 피켓 원내대표 지난달 나경원 원내 대표 점거농성 여의도 국회의원실 점거 농성 단체 대표 민박집 경북 경주 보문단지 인근 민박 숙박 이날 펜션 숙박업 종사자 간담회 조찬 경북 영천 복숭아 농가 밀짚모자 토시 수건 열매 주민 년 대통령 작업 나무 팻말 기념 사진 요청 농업인들 간담회 농민들 대표 인상 가격 농촌 언급 대표 민주노총 요구 농민 말씀 문재인 정부 수준 가격 만 예산 직불 개편 조 확보 농민 대통령 건의 자영업자 시민 장사 밤새 대표 방문 현장 택시 대표 대구 달서구 성서 공단 자동차 부품 업체 업체 철도 차량 부품 직원들 대화 경북대 영진전문대 재학생 외국인 교환 학생 지역 청년 카페 경북대 인근 간담회 대표 대학생 취임 대표 대표 창업 실패 도전 대 고충 실패 경험 성공 가능성 얼마 시작 간담회 진행 카페 입구 학생 자유 한국당 해산 황교안 처벌 시위 지지자들 대표 지지자 말다툼 간담회장 강제 진입 경찰 제지 장면 한국대학생진보연합 대진연 단체 페이스북 생중계 장면 대구 대학 황교안 주장 단체 세미나 지난달 민주당 의원 참석 의원회관 여의도 국회 진입 의원실 나경원 원내 대표 점거농성 학생들 소속 단체 영상 종북콘서트 논란 황선 민노당 부대변인 인터넷 공유 대표 청년들 간담회 경찰 보호 행사장 대표 주말 일 대구 수성구 환경 봉사 활동 반야월 시장 무료 급식 봉사 대구문화예술회관 문재인 국민 심판 집회 장외 참석 예정 황교안 간담회 대구 경북 나경원 점거농성 경북대 여의도 생중계 문재인 기습시위 의원실 외국인 자동차 달서구 숙박업 간담회장
문재인정부,데이터,채인택의 글로벌 줌업 년 떠돌던 유대민족 나라 세운 지 년 팔레스타인엔 불행의 역사 년 환희와 통곡이 엇갈린 예루살렘 이스라엘이 건국 주년을 맞은 지난 일은 팔레스타인엔 비극의 하루였다 이날 이스라엘 주재 미국 대사관이 텔아비브에서 예루살렘으로 옮기면서 대규모 시위가 벌어지자 이스라엘 측이 발포해 팔레스타인 시위대 명 이상이 죽고 여 명이 다쳤다고 미국의소리 방송이 전했다 이스라엘의 초대 총 년 유대민족 나라 팔레스타인 불행 역사 건국 자체 기적 나라 이스라엘 민주주 정치 선진국 번영 경제 방울토마토 발명 부국 이집트 요르단 평화협정 국교 자초 팔레스타인 박해 국제 비난 환희 통곡 예루살렘 이스라엘 건국 주년 일 팔레스타인 비극 하루 대사관 이날 이스라엘 주재 미국 텔아비브 예루살렘 시위 이스라엘 발포 명 팔레스타인 시위대 여 미국 소리 방송 이스라엘 초대 총리 다비드 벤구리온 년 재임 이스라엘 현실주의자 기적 이스라엘 건국 년 로마 나라 고향 유대민족 나라 이스라엘 일 생일 건국 자체 아랍세계 생존 유지 중동 서구식 민주주의 운영 경제적 번영 사실 기적 건국기념일 이스라엘 국경일 유대 고유 헤브루 달력 이야르 제 일 그레고리우스 달력 날짜 이야르 그레고리우스력 고향 유럽 이주 유대인들 기독교 사회 예수 살해 민족 차별 박해 예수 초기 제자 유대인 영국 스페인 집단 추방 세기 홀로코스트 시련 멸종 직전 나라 유대인 보호 윌리엄 셰익스피어 작품 베니스 상인 문학작품 유대인 사악 탐욕적 종족 표현 일쑤 유대민족 유대교 신앙 모계 바탕 민족 정체 교육 공동체 사회 명맥 유지 중동 이주 유대인들 의사 건축가 환전상 기독교 이슬람 사회 동화 정체성 건국 유대 국가 이스라엘 건국 창조 불굴 행진 세기 유럽 시오니즘 운동 유대 국가 희망 로스차일드 가문 영향력 유대 금융인 기업인들 강대국 상대 로비 세계대전 결과 세계 대전 한창 밸포어 영국 외무 장관 아서 오스만튀르크 제국 영토 팔레스타인 유대인 민족 고향 밸포어 선언 영국 차 대전 팔레스타인 지역 점령 전후 위임통치 유대 이주 진행 이주 유대인 영국 아랍 틈바구니 자신 영역 확보 이스라엘인들 년 디아스포라 이산 마감 조상 나라 나라 고대 조상들 헤브루어 부활 국어 사용 달력 서구 그레고리우스력 헤브루 달력 이스라엘 건국 고대 민족 국가 부활 스타트업 천국 부자나라 세계 부자 나라 이스라엘 경제 년 발전 선진국 반열 건국 초기 공동 생산 분배 생활 지향 집단 농장 키부츠 농업 육성 교육열 바탕 과학기술 육성 하이테크 산업 이스라엘 세계 사용 세계 상품 한국 방울토마토 메모리 플래시 이스라엘 사용 인텔 마이크로프로세서 레이저 키보드 바이러스 효과 억제 인터페론 단백질 바이버 인터넷 전화 전자사전 통역도구 바빌론 이스라엘 발명품 결과 총생산 국제통화기금 명목 금액 기준 전망 달러 세계 인 만 달러 세계 부자나라 경제 수준 개 스타트업 창업기업 미래 희망 이스라엘 중동 실리콘 밸리 세계적 창업 국가 반열 스타트업 개 인공지능 사물인터넷 빅데이터 사이버보안 바이오 드론 과학영농 첨단 분야 세계 수준 독자 확보 건국 생존 위협 나라 이스라엘 건국 생존 위협 결의 유엔 요르단 지중해 사이 지역 이스라엘 팔레스타인 지역 분리 방안 마련 이집트 시리아 요르단 국가들 주변 아랍 국가 전쟁 응답 이스라엘 독립 전쟁 중동 전쟁 전쟁 이스라엘인들 남녀노소 필사적 대항 독립 결과 결국 이스라엘 영국 프랑스 주도 수에즈동란 제 차 중동전쟁 전쟁 제 차 중동전쟁 아랍 국가 대적 국방장관 모세 다얀 장군 일 전쟁 이스라엘 공군 기갑 작전 바탕 압승 일 요르단강 서안 지역 가자지구 동예루살렘 팔레스타인 이집트 시나이반도 시리아 골란고원 점령 이스라엘 군사 작전 능력 국토방위 의지 세계적 아랍 보복 기습 공격 전쟁 키푸르 제 차 중동전쟁 절체절명 위기 일 전쟁 성과 아랍권 이스라엘 기습 이스라엘군 장군 아리엘 샤론 기갑부대 수에즈 운하 이집트 수도 카이로 방면 역습 휴전 이스라엘 전쟁사 세계 국방 중요성 교훈 활용 평화 독립 교훈 전쟁 키푸르 이스라엘 현대사 중요 교훈 군사력 군사력 생존 보장 교훈 아랍 무력 이스라엘 굴복 이스라엘 이집트 평화조약 평화 조약 체결 외교관계 수립 대가 반도 점령지 시나이 이집트 품안 노벨 평화상 이스라엘 총리 메나햄 베긴 이집트 대통령 안와르 사다트 팔레스타인 해방기구 국가 공존 골자 오슬로합의 뮌헨 올림픽 선수촌 잠입 이스라엘 선수 학살 철천지원수 평화 대화 합의 자치정부 결과 팔레스타인 자치 정부 수립 정부 전환 이스라엘 이웃 아랍 국가 요르단 정상화 이츠하크 라빈 년 재임 이스라엘 총리 야세르 아라파트 재임 의장 오슬로 합의 시몬 페레스 년 년 총리 재임 외교장관 이스라엘 외교 장관 요르단 국교 정상 노벨 평화상 수상 이스라엘 역사 국민 수호 나라 평화 교훈 이스라엘 그늘 팔레스타인 박해 가디언 영국 일간 이스라엘 팔레스타인 불편 이스라엘 그늘 요르단강 서안 지구 라말라 수도 팔레스타인 정부 국제적 승인 자격 옵서버 유엔 활동 방해 가자지구 실질적 지배 무장 세력 하마스 이스라엘 대화 거부 총리 베냐민 네타냐후 미국 대통령 도널드 트럼프 설득 예루살렘 수도 선포 성전산 포함 동예루살렘 팔레스타인 관할 지역 이스라엘 영토 이스라엘 의회 예루살렘 이스라엘 영원 수도 선언 요르단강 서안 라말라 임시 행정 수도 팔레스타인 정부 공식 수도 예루살렘 예루살렘 유대교 기독교 이슬람 성지 트럼프 선언 중동 세계 항의 미국 그레고리우스 달력 주년 이스라엘 건국 주년 주이스라엘 미국 대사관 예루살렘 중동 문명 갈등 불씨 미국 과거 유엔 이스라엘 팔레스타인 지역 경계선 그린 라인 요새 거대 대사관 일본 방송 이스라엘 팔레스타인 아랍 이집트 영국 요르단 미국 유대인 예루살렘 중동 대사관 스타트업 요르단강 이야르 유럽 중동전쟁 기독교 유대민족
문재인정부,데이터,신학철 화학 부회장 배터리 자동차소재 강화하겠다 신학철 화학 부회장은 년을 실행의 해 로 선포했다 신 부회장은 일 신년사에서 올해 대 변화 이니셔티브 를 적극 실행해 나가겠다 며 이같이 밝혔다 먼저 신 부회장은 시장과 고객 중심의 포트폴리오를 강화할 것을 주문했다 그는 과거의 성장 방식과 경쟁 전략에서 과감하게 벗어나 철저하게 시장과 고객이 중심이 신학철 화학 부회장 배터리 자동차소재 강화 부회장 신학철 화학 년 실행 선포 부회장 신년사 이니셔티브 변화 적극 실행 부회장 시장 고객 중심 포트폴리오 강화 주문 과거 성장 방식 경쟁 전략 철저 시장 고객 중심 사업방식 혁신 포트폴리오 연계 중심 연구개발 혁신 가속화 성장 배터리소재 중심 자동차 소재 분야 고객 시장 감동 미래 미래 집중 육성 사업 경쟁력 강화 강조 빅데이터 인공지능 적극 활용 오픈 이노베이션 활성화 인력 잠재력 효율 당부 부회장 밸류체인 가치사슬 영역 효율성 선언 자산 효율성 극대화 디지털 트랜스포메이션 시그마 식스 적극 활용 화학 트렌드 선도 혁신기업 전사적 비전 추진 체계 확립 생산 품질 영역 접목 혁신과제들 발굴 실행 극대화 전사 효율 극대 적극 활용 부회장 글로벌 기업 인재 리더십 조직문화 구축 공부 변화 리더십 확산 다방면 노력 마지막 부회장 지속가능성 핵심 경쟁력 법규 준수 환경 인권 윤리 해결 글로벌 이슈 적극 참여 원료 생산 소비 폐기 밸류체인 지속가능성 화학 차별화 가치 부회장 효율성 신학철 자동차소재 경쟁력 극대화 신년사 밸류체인 지속가능성 화학 자동차 인공지능 다방면 빅데이터 활성화 조직문화 가치사슬 차별화 이니셔티브 가속화 혁신기업 혁신과제들
문재인정부,데이터,주간투자동향 스파크랩 신한캐피탈 억원 규모 펀드 조성 등 바야흐로 스타트업 시대입니다 년부터 시작한 국내 스타트업 열풍은 지난 년 동안 급속도로 성장했습니다 대한민국은 어느새 유니콘 기업 개를 배출한 세계 위 스타트업 강국으로 자리매김했는데요 쿠팡 우아한형제들 야놀자 블루홀 등 경쟁력을 갖춘 스타트업이 우리 실생활 속으로 파고들었고 지금 이 순간에도 성공을 꿈꾸는 수많은 스타트업이 스파크랩 신한캐피탈 억 조성 규모 펀드 스타트업 시대 년 시작 열풍 스타트업 년 급속도 성장 대한민국 개 유니콘 기업 배출 세계 스타트업 강국 자리매김 형제들 야놀자 블루홀 경쟁력 스타트업 실생활 순간 성공 스타트업 치열 경쟁 도전 동아 스타트업 현장 주간투자동향 정리 제공 유카네트웍스 벤처 캐피털 투자 유치 유카네트웍스 카셰어링 스타트업 증권사 벤처캐피털 투자 유치 유카네트웍스 투자유치 사업 강화 비즈니스 카셰어링 신규 사업 확장 계획 정확 투자금액 공개 유카네트웍스 이달 선보 부울 스타트업 사업 투자 조합 선보조합 시드단계 사업초기 투자유치 마무리 투자 집행 선보조합 투자증권 선보엔젤파트너스 부산 지역 투자 회사 공동운용 벤처펀드 연구소 기업 설립 유카네트웍스 부산 카셰어링 스타트업 기술창업기업 창업 기업 지원 프리팁스 지원사업 선정 유카네트웍스 공항 거점 중심 서비스 운영 사용자 카셰어링 전기차 다이렉트 인수인계 방법 절차 카셰어링 단말기 소프트웨어 설치 공유 스마트키 권한 공유 방법 특허 보유 유카네트웍스 유카포비즈니스 사업 모델 사업 확장 계획 유카포비즈니스 법인차량 효율적 활용 플랫폼 법인차량 활용 휴일 차량 개인 활용 전환 카셰어링 회사 효율적 법인차량 관리 효율관리 프로그램 골자 유카포비즈니스 활용 법인차량 실시간 모니터링 수기 작성 운행기록부 모바일 작성 관리 차량 운영 유휴시간 개인형태 전환 전환 카셰어링 서비스 추가 임직원들 활용 해빗팩토리 억 규모 시리즈 투자 유치 보험 운영 해빗팩토리 인슈어테크 스타트업 해빗 팩토리 공동대표 이동익 정윤호 억 규모 시리즈 투자 유치 투자 투자 세마트랜스링크인베스트먼트 후속 투자 해빗팩토리 투자 유치 서비스 시그널 플래너 충원 핵심 인력 오프라인 마케팅 실행 예정 세마트랜스링크인베스트먼트 시그널 플래너 보유 데이터 데이터 편의성 서비스 이용 편의 고객 만족도 데이터 플랫폼 보험 투자 설명 시그널 플래너 개인 가입 보험 관리 서비스 빅데이터 알고리즘 가입 정보 보험 계약 확인 평생 보험료 특정 나이 사고시 보상 보험 금액 확인 맞춤 보험 비교 서비스 제공 나이 성별 데이터 가입 보험 개인 보험 확인 실손보험 암보험 태아보험 연금저축보험 비교 서비스 제공 서비스 연내 보험 상품 비교 확대 계획 시그널 플래너 설계사용 일반 고객 운영 출시 설계사용 만 설계사 만 사용 일반 고객 출시 억 규모 프리시리즈 투자 유치 꾸까 투자자 인베스트먼트 메가인베스트먼트 현대기술투자 억 규모 프리시리즈 투자 유치 누적 투자 금액 억 설립 꾸까 플라워테크 스타트업 누적 누적 구매자 확보 화훼 산업 경조사 위주 중개물 중심 발전 일상 고안 비즈니스 모델 정기 구독 서비스 수요 배송 지역 한계 하루 다발 생산 구축 우체국 택배 제휴 전국 지역 발송 년 시장 확대 삼성화재 현대자동차 계약 억 규모 매출 전년 대비 성장 박춘화 대표 투자 문화 창출 명 꾸까 직원 회원 저력 결과 생각 화훼 단계 성숙 모습 일조 이피엔스 클리오 억 유치 규모 투자 이피엔스 라이브커머스 전문 기업 클리오 뷰티 기업 억 규모 투자 유치 이피엔스 커머스 플랫폼 분야 전문가 영상 컨텐츠 제작 전문 인력 설립 회사 스트리밍 라이브 방송 콘텐츠 제작 솔루션 투자 기업 클리오 매출 기록 기업 화장품 이피엔스 월말 쉐리샵 라이브커머스 플랫폼 적용 오픈 플랫폼 인플루언서 개인판매자 크리에이터 셀러 활동 라이브 방송 제품 소개 판매 방향 소통 쇼핑 채널 상품 매핑 태깅 적용 모바일 화면 크리에이터 상품 매핑 소비자 프레임 라이브 영상 태그 상품 확인 구매 방식 브랜드사 수수료 플랫폼 입점 참여 판매 상품 크리에이터 판매상품 검색 확보 셀러 참여 입점 브랜드 크리에이터 수익 상품 판매 확보 스파크랩 신한캐피탈 억 규모 공동 펀드 조성 글로벌 스타트업 액셀러레이터 스파크랩 대표이사 김호민 신한캐피탈 대표이사 허영택 발굴 스타트업 투자 스파크랩 신한 투자조합 오퍼튜니티 투자 조합 결성 펀드 억 규모 결성 총액 광동제약 영원무역홀딩스 에스비에스미디어홀딩스 에이치디에스자산관리 기업 개인 출자자 참여 스파크랩 년 스타트업 육성 경험 바탕 펀드 운용 글로벌 경쟁력 초기 기업 성장 지원 기업 혁신 조성 오픈 이노베이션 생태 펀드 공동 운용사 신한캐피탈 축적 벤처 투자 역량 시너지 신한금융 그룹사 결합 투자 기업 지원 계획 투자 프로그램 스파크랩 액셀러레이팅 선정 스타트업 기관 전문 지원 검증 기업 초기 단계 성장세 기업 대상 바이오 헬스 케어 분야 제조 산업군 검증 원천 바탕 안정적 성장세 기업 대상 투자 구주 매입 특징 스타트업 카셰어링 유카네트웍스 스파크랩 이피엔스 클리오 꾸까 신한캐피탈 라이브커머스 유카포비즈니스
문재인정부,디지털,대림산업 디지털 혁신 구축 신개념 주거 상품 개발 대림산업이 디지털 혁신에 적극 나서고 있다 차 산업혁명에 선제적으로 대응하기 위해서다 빅데이터를 적극 활용해 스마트 건설을 구현하는 한편 기술과 첨단 건설 공법을 결합해 업무 효율성과 원가혁신 생산성까지 한꺼번에 잡겠다는 의지다 실제로 대림은 보수적인 건설업계에서도 가장 빠르게 디지털 혁신에 나서고 있다는 평가다 이미 설계와 상품개 대림산업 디지털 혁신 구축 상품 주거 상품 대림산업 디지털 혁신 적극 산업 혁명 선제적 대응 빅데이터 적극 활용 스마트 건설 한편 기술 공법 첨단 건설 결합 업무 효율 원가혁신 생산성 의지 대림 보수적 건설업계 디지털 혁신 평가 설계 상품개발 마케팅 원가 공정 안전관리 분야 디지털 혁신 가속화 대림 건설사 유일 건설사 보유 빅데이터센터 활용 주거상품 하우스 만 소비자 대상 세대 취향 변화 생활 패턴 주거 빅데이터 구축 바탕 설계 구조 인테리어 스타일 차별화 하우스 완성 하우스 내력 벽체 최소화 개인 성향 개성 평면 구성 가능 특징 구성원 가구 평균 변화 주거 행태 자유 인테리어 소비자 수요 반영 이외 가사 동선 주방 설계 싱크대 팬트리 현관 호응 방식 분양 마케팅 데이터 최우선 대림 경남 거제 공급 유로아일랜드 거제 분양 가구 완판 성공 거제 지역 경제 견인 조선업 부진 물량 가구 주택 거래 대림 지역 고객 지역 밀착 사전 마케팅 단지 빅아일랜드 카페 통째 임대 유로아일랜드 거제 적용 커뮤니티 시설 컨셉 차용 운영 스페셜 라운지 기간 지역민 사전 마케팅 기간 대상 설문조사 요구사항 설계 반영 유로아일랜드 편한 세상 거제 해양 도시 이미지 연상 특화 외관 공기질 개선 대림만 솔루션 스마트 클린 케어 노천탕 사우 독채 게스트 하우스 오션 오션 피트니스 센터 적용 공동 주택 설계 디지털 대림 건설업계 공동주택 기획 설계단계 건설정보모델링 적용 설계도면 작성 기간 단축 원가절감 공기단축 리스크 제거 반영 착공 설계도서 품질 완벽 수준 전략 설계도면 오차 실제 건설 현장 발생 오차 공기지연 획기적 대림 각종 정보 분야 데이터 활용 집중 원가정보 추출 산출 원자재 물량 예산 작성 협력 업체 정산 원가관리 정보 각종 생산 연계 수립 현장 공정 계획 공사 일정 작성 활용 대림 거제 빅데이터 소비자 건설사 공동주택 생산성 원자재 건설업계
문재인정부,디지털,웰빙 차산업 선도 창의인재 양성 올해 자율개선대학 으로 선정돼 강동대는 대학의 설립이념인 홍익인간의 교육이념을 바탕으로 성실 창조 협동 의 인재관을 실현하기 위해 특성화 사업의 추진전략과 연계해 중부내륙 사회수요 맞춤형 웰빙 차산업 창의인성인재 양성 의 사업목표를 설정하고 특성화전문대학육성사업을 성공적으로 수행해 왔다 강동대의 특성화전문대학육성사업은 대 추진전략으로 웰빙 산업 창의 인재 양성 자율개선대학 선정돼 강동대 대학 설립이념 홍익인간 교육이념 바탕 성실 창조 협동 인재관 실현 특성 사업 연계 차 중부내륙 사회 수요 맞춤 웰빙 산업 창의인성 인재 양성 사업목표 설정 특성화전문대학육성사업 성공적 수행 강동대 특성화전문대학육성사업 대 추진 성과 창출 사업 강동 교육 혁신 특성 사업 비교 입학정원 명 감축 대학 특성화 구조혁신 실현 교직원 역량 강화 지원 교육 직무 능력 향상 사업 교과목 비율 학과 현장 중심 교육 운영 직무능력성취 향상 체제 관리 구축 직무능력성취비율 전공 직무 능력 성취 비율 향상 학생 역량 강화 사업 학생 학습지원 기초 학습 능력 향상 창의교육지원 학생지도프로그램 학생 포트폴리오 통합 관리 통합관리 인재 양성 통합 관리 사업 초기 구축 운영 학습배려자 지속적 학습지원 학사 경고 해소 향상 기준 년 특성 사업 개선 사업 산업 협력 체질 개선 다비치 안경체인 산학 협력 융합 네트워크 구축 실현 기업 대학 산학 협의체 운영 산학기술교류 진행 의료청력재활과 명 디지털광고홍보전공 명 안경광학과 명 취업약정 취업약정학 사회 수요 맞춤 취업 약정학 운영 성과 취업 창업 사업 네트워크 활성 취업지원 마인드 실전역량강화 성공노하우지원 조기이직예방 단계별 지원 졸업 관리 디딤돌 프로그램 직무 연계 취업 향상 성과 특성화전문대학육성사업 성과 바탕 추진 대학기본역량진단 자율개선대학 선정 결과 년 일반재정지원 일반 재정 지원 진행 대학혁신사업 특성 사업 성과들 예정 최은녀 특성 화전문대학 육성 사업 단장 네트워크 특성화 디딤돌 웰빙 중부내륙 강동대 특성화전문대학육성사업 강동 일반재정지원 통합관리 최은녀 자율개선대학 취업약정학 학습지원
문재인정부,디지털,국내 최초 인정 해외기업 인턴십 통해 글로벌 리더로 성장 고려대 경영전문대학원이 학년도 글로벌 이하 신입생을 모집한다 는 미래의 글로벌 육성을 위한 실무 중심 프로그램으로 년 풀타임 과정이다 전체 학생의 약 가 외국인 학생으로 구성되고 영어로 수업을 진행하는 점이 특징이다 급격히 변화하는 시대적 요구에 따라 기존 인정 해외 기업 인턴 글로벌 리더 성장 미래 선도 해외 명문대 교환 학생 프로그램 집중 현업 복귀 가능 고려대 경영 전문 대학원 학년도 글로벌 신입생 모집 미래 육성 글로벌 실무 중심 프로그램 풀타임 학생 외국인 학생 구성 영어 수업 진행 특징 변화 시대 요구 경영전략 재무 마케팅 디지털 트랜스포메이션 앙트러프러너십 전공과목 추가 학위 고려대 경영학 전문 석사 기본 개인 단일 학위 트랙 년 교환 학생 트랙 년 개월 트랙 복수 학위 년 선택 글로벌 경쟁력 교육과정 단일 학위 트랙 년 집중적 공부 현업 복귀 수요 패스트 트랙 이론 최신 경영 실무 중심 커리큘럼 제공 글로벌 시장 대응 교육 트랙 교환 학생 번째 단일 학위 트랙 년 수료 고려대 경영 전문 대학원 협정 여 해외 대학 개월 교환학생 트랙 트랙 복수 학위 선택 수료 번째 트랙 년 유럽경영대학원 프랑스 수학 기회 해당학교 석사학위 학위 고려대 복수 취득 고려대 경영 전문 대학원 장점 글로벌 경쟁력 교육 명문 비즈니스 스쿨 얼라이언스 셈스 글로벌 고려대 정회원 선정 고려대 위상 세계적 주목 시작 나라 최고 경영대학 자격 고려대 커리큘럼 구성원 국제화 대표 입학생 풀타임 외국인 학생 글로벌화 수업 영어 진행 파트타임 프로그램 영어강 비율 육박 국제화 인재 기업들 요구 충족 맞춤 글로벌 네트워크 구축 기회 학위 고려대 전문 경영학 석사 기본 경험 가능 프로그램 세분화 지원자 니즈 반영 고려대 전문 경영학 석사 학위 취득 년 교육과정 이수 년 추가 학기 학기 해외 명문 비즈니스 스쿨 공부 교환 학생 프로그램 매력적 옵션 고려대 미국 서던캘리포니아대 독일 만하임 이탈리아 보코니대 세계 대학 교류협정 체결 교환 학생 제도 운영 세계 양성 융복합 인재 고려대 경영 전문대 학원 정회원 선정 운영 고려대 전문 경영학 석사 취득 수료증 복수 가능 학기 고려대 협정교 학기 이수 주 해외 인턴십 인증 국어 필수 학생들 국제 감각 함양 글로벌 커리어 실질 도움 산학협력 매킨지컴퍼니 구글 로레알 글로벌 기업 기업 기타 해외 해외 인턴십 학생들 이론 글로벌 경영 이론 실무 적용 리더 글로벌 비즈니스 성장 모집 학년도 고려대 홈페이지 경영 전문 대학원 입시 진행 인터넷 원서 시 접수 제출 서류 서류 합격자 예정 서류 합격자 대상 면접 진행 최종 합격자 입학정원 명 입학 문의 고려대 경영 전문 대학원 대표 파트타 모집 시작 문의 경영 전문 대학원 행정실 고려대 교환학생 대학원 풀타임 독일 합격자
문재인정부,반발,국정원 돈으로 정치 개입 박승춘 전 보훈처장 기소 외곽단체 국발협 통해 등 비판 원세훈도 함께 재판에 이명박 박근혜 정부에서 년 개월 동안 국가보훈처장 자리를 지키며 극우보수의 아이콘 으로 불렸던 박승춘 전 처장 사진 이 일 이명박 정부 당시 국가정보원의 지원을 받아 정치에 관여한 혐의로 재판에 넘겨졌다 서울중앙지검 국정원 수사팀은 이날 박 전 처장과 원세훈 전 국정원장 국정원 정치 개입 박승춘 보훈처장 기소 외곽 단체 국발협 비판 원세훈 재판 이명박 박근혜 정부 년 개월 자리 국가 보훈처장 극우보수 아이콘 박승춘 처장 정부 국가정보원 이명박 정부 국가 정보원 지원 정치 관여 혐의 재판 수사팀 서울중앙지검 국정원 수사 이날 처장 원세훈 국정원장 국가발전미래협의회 국발협 회장 명 국정원 위반 정치관여 혐의 기소 처장 시절 이명박 정부 임명 박근혜 정부 유임 사퇴 자리 보훈처장 역대 보훈처장 장성 예비역 주축 국발협 창설 초대 회장 처장 이씨 국정원 국발협 설립 년 국발협 명의 이명박 대통령 여권 지지 김대중 노무현 대통령 반대 책자 발간 강연 개최 칼럼 게재 혐의 원장 국발협 운영 억 국정원 예산 지급 국고 목적 사용 혐의 처장 수사 국정원 개혁 발전 위원회 국발협 수사 의뢰 시작 개혁위 국정원 원장 지시 국발협 설립 청산 사무실 임차료 인건비 강사료 경비 국정원 예산 지출 조사 결과 처장 재임 기간 운동 기념식 행진곡 제창 합창 유가족 반발 이념 대결 비판 처장 보훈처장 재직 조직 의혹 각종 비위 방치 혐의 직무유기 서울북부지검 수사 기소 가능성 국발협 국정원 이명박 보훈처장 박승춘 원세훈 예비역 서울중앙지검 박근혜 행진곡 기념식 유가족 서울북부지검 서울 임차료 인건비 김대중
문재인정부,반발,수출규제 규정 위반 아니다 수출관리는 각국이 알아서 할 문제 일본 정부가 일 대 한국 반도체 소재 수출 규제 조치를 시행한 가운데 니시무라 야스토시 일본 관방부 부장관은 수출 관리 제도는 각국이 독자적으로 운용하는 것 이라는 기존 입장을 되풀이했다 수출 규제 조치가 세계무역기구 규정을 위반한 것이라는 비난을 의식한 발언이다 일본 산케이신문에 따르면 니시무라 부장관은 이날 정례 브리핑에 수출규제 수출 규제 규정 위반 수출 관리 각국 일본 정부 일 한국 조치 반도체 소재 수출 규제 시행 부장관 니시무라 야스토시 일본 관방부 제도 수출 관리 각국 독자적 운용 입장 조치 수출 규제 세계무역기구 규정 위반 비난 의식 발언 일본 산케이신문 니시무라 브리핑 이날 정례 일본 정부 조치 한국 반발 지적 원래 수출 관리 제도 각국 상대국 독자적 평가 운용 조치 제도 수출 관리 운용 규정 해명 주장 근거 유럽연합 한국 최고 우대 설명 니시무라 한국 일본 신뢰 변화 신뢰 수출 관리 어려움 한국 수출 관리 사안 발생 제도 운용 일본 정부 예고 규제 한국 반도체 소재 수출 이날 시행 대상 품목 스마트폰 디스플레이 사용 플루오린 폴리이미드 제작 반도체 기판 제작 감광제 리지스트 반도체 세정 사용 에칭가스 순도불화수소 반도체 소재 품목 조치 대법원 판결 강제 징용 배상 보복 조치 관측 우세 일본 정부 안전보장상 정부 항의 규제 철회 촉구 조치 위반 규정 판단 제소 검토 일본 수출 규제 위반 규정 주장 반복 일본 한국 반도체 니시무라 각국 수출규제 독자적 관방부 유럽연합 에칭 에칭가스 플루오린 감광제 안전보장상 순도불화수소 스마트폰
문재인정부,반발,제 제 금융중심지도 헛도는데 추가 지정 신경 국민연금 기금운용본부를 근거지로 전주 혁신도시를 서울 부산에 이어 대한민국 세 번째 금융중심지로 발전시키겠습니다 문재인 대통령은 대선 후보 시절인 년 월 전북 전주에서 제 금융중심지 공약을 발표했다 년이 지난 현재 주무부처인 금융위원회는 내부 검토 중 이라며 침묵을 지키고 있다 지난 월 제 금융중심지 추진에 대한 제 금융 중심 신경 추가 지정 대통령 전주 지정 대선 공약 전주 국민 연금 연계 중심지 부산 자리 내년 총선 정치권 가세 국민연금 기금운용본부 근거지 전주 혁신도시 서울 부산 대한민국 번째 발전 문재인 대통령 시절 대선 후보 전북 전주 공약 금융 중심지 년 주무부처 금융위원회 내부 검토 침묵 금융 중심지 추진 용역 보고서 공개 금융 중심지 추진 위원회 개최 월 사이 정치 전북 부산 지역 싸움 치열 전북 국가 균형 발전 지정 금융 중심지 추가 논리 국민연금 전주 혁신 도시 금융중심지 지정 해외 금융 회사 전망 의원 김광수 민주평화당 전주갑 전주 금융 인프라 집적 국민 노후 자금 국민 연금 운용 도움 기금운용본부 실제 국민 연금 기금 운용 본부 해외 금융사 전주행 유도 이사장 김성주 국민 연금 공단 월 뉴욕멜론은행 전주 사무소 정식 개소 실현 관계자 뉴욕멜론은행 서울 지점 전주사무소 신설 추진 차원 개월 부산 정책 금융 중심지 반발 금융 중심지 부산 제자리 상황 입지 주장 부산 문현 지구 여의도 서울 금융중심지 지정 한국거래소 예탁결제원 자산관리공사 기관 부산 자리 최종구 금융 위원장 부산 금융 중심지 내실 성장 평가 정도 현실 미흡 부산상공회의소 성명 지정 금융 중심지 비효율적 행정 반대 입장 의원 재수 더불어민주당 부산 강서구갑 금융 중심 순서 부산 해양 특화 금융 육성 추가이전 금융 공공 기관 추가 논의 주장 총선 내년 정치권 지역 여론 부산 경남 지역 내년 총선 최대 격전지 지역 국무총리 이낙연 질문 국회 대정부 답변 금융 중심지 추진 위원회 월 금융 중심지 정책 동북아 금융 허브 이름 노무현 정부 국정과제 년 지옌그룹 영국 컨설팅 업체 국제금융센터지수 서울 순위 위 부산 위 서울 부산 금융중심지 홍콩 싱가포르 도쿄 상하이 순위 정도 전문가들 장기적 비전 지적 강경훈 동국대 경영학부 교수 금융중심지 추진위원 제조업 중국 상황 금융 중심지 정책 한국 미래 먹거리 중요 정부 정치권 안목 장기 계획 부산 금융중심지 전주 중심지 서울 국민연금 뉴욕멜론은행 전북 위원회 정치권 김성주 한국 기금운용본부 지옌그룹 강경훈 이낙연
문재인정부,발굴,말모이 주인공 이극로 년 전 독일 대학서 한국어강좌 개설했다 영화 말모이 의 주인공 류정환 윤계상 분 의 실존 모델로 알려진 한글학자이자 독립운동가인 고루 이극로 선생 이 일제강점기 독일 대학에서 한국어강좌를 개설했다는 기록이 공개됐다 행정안전부 국가기록원은 조선어학회를 이끈 이극로 선생이 독일 유학 중이던 년 유럽 최초로 프리드리히 빌헬름대학 현 훔볼트대 에 개설한 한국어강좌 관 말모이 주인공 이극로 년 독일 대학 한국어 강좌 개설 영화 말모이 주인공 류정환 윤계상 실존 모델 한글학자 독립운동가 이극로 선생 대학 일제 강점기 독일 한국어강좌 개설 기록 공개 행정안전부 국가 기록원 조선어학회 이극로 선생 독일 유학 유럽 프리드리히 빌헬름대학 훔볼트대 개설 한국어강좌 한국어 강좌 독일 당국 공문서 자필 서신 공개 기록 국가기록원 독일 국립 프로이센 문화유산 기록 보존소 수집 기록물 기록물 공문서 장 훔볼트대 동양학부 독일 문교부 이극로 선생 한국어 강좌 개설 호 동양학부 발송 학장대리 문교부 장관 한국어 강좌 개설 허가 요청 문교부 이극로 겨울 동양어 세미나 한국어 수업 진행 허가 회신 이극로 선생 요청 유럽 훔볼트대 한국어 강좌 개설 입증 국가기록원 설명 철학부 훔볼트대 입학 이극로 선생 몽골어 수강 동료 학생 한국어 강좌 개설 요청 대학 건의 성사 이날 국가 기록원 공개 나머지 이극로 선생 타자기 작성 문건 장 자필 편지 초안 추정 문서 타자기 이용 이극로 선생 작성 기록 자기소개서 동양학부 학장 서신 한국어 만 사용 동아시아 번째 문자 독특 실용적 측면 언어학적 중요 의미 강조 극동아시아 언어 관심 독일 한국어강좌 필요성 논리 설파 기록 존재 국학인물연구소장 조준희 국학 인물 연구소장 발굴 공개 그동안 주목 조준희 소장 경험 경제학 박사 이극로 간사장 훗날 조선어학회 조선어 큰사전 편찬 주도 주시경 한글사업 완수 어문운동가 중요 계기 설명 기록 년 유럽인 대상 한국어강좌 독일 학계 한국어 강좌 개설 년 사료 가치 평가 국가기록원 기록물 번역 일반 제공 계획 이소연 국가 기록원장 세계 예상 역사 독립운동 기록 독립운동 수집 후대 사명 해외 기록 체계적 수집 일반 국민 연구자들 적극 제공 독일 이극로 한국어 한국어강좌 훔볼트대 동양학부 기록물 국가기록원 문교부 기록원 조준희 조선어학회 공문서 유럽 운동가 장 타자기 독립운동
문재인정부,발굴,일제 때 훼손된 백제 왕릉급 무덤 세상에 다시 나왔다 요즘 옛 백제 고도인 충남 부여 사비 와 공주 웅진 일대에서는 식민지시대 일본인들이 파헤쳐 조사했던 백제시대 무덤과 유적들이 국내 전문기관들의 재발굴로 새롭게 실체를 드러내고 있다 도굴왕 으로 악명 높았던 가루베 지온이 년대 굴착했다가 묻어버린 공주 교촌리 호분을 공주대 박물관이 찾아내 지난달 성과를 발표했고 이달에는 백제 사비시대 왕릉 영 일제 훼손 일제 백제 왕릉 무덤 세상 요즘 백제 고도 충남 부여 사비 공주 웅진 일대 식민지 시대 일본인 조사 백제 시대 무덤 유적들 전문 재발굴 실체 도굴왕 악명 가루베 지온 굴착 호 공주 교촌리 공주대 박물관 지난달 성과 이달 백제 사비 시대 왕릉 영역 고분군 부여 능산리 고분 서쪽 무덤 일본학자들 발굴 여년 얼개 한국전통문화대 고고학 연구소 부여군 년 기 능산리 고분 조사 장식 결과 용무늬금 따위 목관 조각 출토품 돌방 석실 사비 시대 특유 무덤 얼개 확인 일 능산리 고분 세기 사비 시대 왕릉 무덤 한데 국가사적 유네스코 세계 유산 등재 백제역사유적지구 구역 기 왕릉 무덤 동쪽 서쪽 기 기 고분군 고분군 무덤 고분군 구역 고분 금동대향로 백제 출토 능산리 절터 사이 능선 자리 일제 초기 조선 고적 조사 주도 야쓰 일본 역사학자 세이이쓰 년 발굴조사 야쓰이 왕릉군 서쪽 계곡 너머 능선 무덤 확인 그중 발굴 기록 지형도 고분 구체 규모 실체 파악 무덤 유물 무덤 조사 일제 강점기 도굴 호 돌방 바깥 도굴구덩이 용무늬 장식 금제 목관 조각 금동제 관못 눈길 길이 금속판 오각 모양 금속 비상 무늬 미세 알갱이 기법 출토 목관 조각 재질 무령왕릉 목관 금소나무 일본 특산종 목관 금속 관고리 관못 발굴 무덤들 능선 위아래 배치 바깥 모양 연도 사각형 육각형 무덤방 현실 사비 시대 전형적 굴식 돌방 무덤 횡혈식 석실분 확인 무덤방 벽면 돌판 축조 호 전북 익산 재발굴 쌍릉 무덤방 사다리꼴 천장 얼개 주목 연구소 둘레돌 봉분 주위 무덤 크기 추정 호 지름 지름 지름 석실 규모 정도 석재 가공 차이 무덤주인들 위계 추정 고분 주위 백제시대 건물터 특기 무덤 서쪽 능선 칸 세로 추정 건물터 호 호 사이 구덩이 수혈 주거터 발견 위치 구조 무덤 조성 임시 거처 제사 시설 가능성 백제인들 매장의례 단서 평가 노형석 백제 목관 능산리 일본 고분군 무덤방 호 돌방 연구소 무덤들 부여 재발굴 관못 호
문재인정부,발굴,현장 전세형 임대 가 공실 관리비만 펑펑 창원 앵커 정부와 가 서민과 중산층의 주거 안정을 위해 오피스텔과 아파트를 사들여 시세보다 싼 값에 빌려주고 있는데요 지난해 경남에 공급된 가구의 최종 계약 현황을 꼼꼼히 들여다봤더니 년이 넘도록 세입자가 없는 빈집이 절반을 넘었습니다 보증금과 임대료가 저렴한 데도 왜 외면을 받고 있을까요 현장 박기 전세 임대 공실 관리비 앵커 정부 서민 중산층 주거 안정 오피스텔 아파트 시세 경남 공급 가구 현황 최종 계약 년 세입자 빈집 절반 보증금 임대료 외면 현장 박기원 리포트 창원 도심 가구 규모 주거 오피스텔 오피스텔 가구 여억 신혼부부 시세 수준 년 빈집 가구 오피스텔 년 입주자 기본 관리비 오피스텔 관리비 천만 관계자 인근 부동산 음성변조 공실 세금 생각 억 김해 오피스텔 매입 가구 가구 가구 가구 김해 오피스텔 관리 사무소 관계자 음성변조 사람 기본 관리비 정도 모집 입주자 공인 중개사 관계자 음성변조 신청자 신혼부부 영역 공실 신혼부부형 청년형 가구 전세 공공 매입 임대 주택 전환 대상 확대 생계 의료 수급자 포함 소득 기준 조건 완화 절반 가구 빈집 오피스텔 공실률 관계자 인근 공인 중개사 음성변조 신혼부부 오피스텔 결혼식 청년 자체 소득 조건 외면 임대료 전용면적 구조 창원 오피스텔 보증금 관리비 포함 월세 만 면적 전세 주변 아파트 김지은 창원시 진해구 신혼부부 오픈 손님 아기 불편 고려대상 전용 내부 기준 대상 청년 임대 관계자 음성변조 방위적 홍보 진행 지자체 협의 지속적 수요발굴 노력 수요 예측 실패 지적 부동산 관계자 음성변조 수요 공급 생각 건물 매입 정부 상반기 전국 가구 전세 주택 추가 공급 계획 현장 박기원 촬영기자 지승환 그래픽 백진영 관계자 신혼부부 관리비 창원 빈집 박기원 보증금 입주자 음성변조 부동산 김해 임대료 가구 가구 중개사 가구
문재인정부,법인,단독 바늘구멍 뚫은 신입교사 알고보니 교장 조카 손녀 앵커 멘트 요즘 학교 선생님 되기가 바늘 구멍 통과하는 것 만큼이나 어려운데요 일부 사립학교에서 이 바늘 구멍을 통과한 사람이 누군지 봤더니 그 학교 교장의 조카와 손녀로 확인됐습니다 채용 절차에도 문제가 있었습니다 홍성희 기자가 단독 취재했습니다 리포트 서울의 한 사립학교법인은 올해 초 고등학교 교사 명을 채용했습 바늘구멍 신입교사 교장 조카 손녀 앵커 멘트 선생님 요즘 학교 선생 통과 바늘 구멍 만큼 사립학교 바늘 구멍 통과 사람 학교 교장 조카 손녀 확인 채용 절차 홍성희 단독 취재 리포트 서울 사립학교법인 명 고등학교 교사 채용 경쟁률 대 최종합격자 서류 성적 필기 시험 등 수업실연 면접 점수 등 수업 명 면접 평가 위원 학교 교장 교사 최종 합격자 교장 조카 채용지침 사립학교 교원 채용 지침 응시자 특수관계자 채용과정 배제 서울 학교법인 법인 명 교사 채용 합격자 명 교장 설립자 손녀 시험 채용 필기 수업실연 면접 점 면접 위원 명 합격자 할아버지 학교 교장 교육청 학교 채용 공정 관련자 경고 징계 법인 요구 서울시교육청 교사 채용 공정성 채용 절차 교육청 위탁 권고 수용 학교법인 곳 곳 사이 예비 교사 채용과정 불신 팽배 녹취 예비 교사 음성변조 과목 영어 영어 시험 논술 검증 내정자 얘기 인건비 사립학교 교사 교육청 지원 지원금 서울시 교육청 사립학교 교육청 합격자 명 명 서울 홍성희 수업실연 학교법인 서울시 고등학교 채용과정 신입교사 대 특수관계자 내정자 응시자 등
문재인정부,법인,직원 전화기까지 뒤져 증거인멸 임직원 첫 영장 앵커 삼성 바이오로직스의 회계 조작 의혹을 수사 중인 검찰이 조직적으로 증거를 인멸한 혐의로 삼성의 임직원 두 명에 대해 구속영장을 청구했습니다 직원들의 휴대전화를 직접 검사해 지우게 할 정도였다고 하는데요 이와 함께 당시 회계 감사를 맡았던 회계사들한테서는 삼성 측 요구로 거짓 진술을 했다는 증언도 확보했습니다 손 령 기자입니다 직원 전화기 증거인멸 임직원 영장 앵커 삼성 바이오로직스 의혹 회계 조작 수사 검찰 조직적 증거 인멸 혐의 삼성 임직원 구속영장 청구 직원들 휴대전화 검사 정도 감사 회계 회계사들 삼성 요구 삼성 거짓 진술 증언 확보 리포트 검찰 삼성 바이오로직스 자회사 삼성 바이오 에피스 상무 부장 구속영장 청구 검찰 수사 시작 회계 자료 조직적 인멸 혐의 직원들 휴대전화 컴퓨터 검사 금융감독원 의혹 분식 회계 내부 자료 요구 문서 조작 작성 과거 문서 제출 혐의 포착 검찰 압수수색 삭제 문서 자료 원본 확보 검찰 바이오 삼성 대대적 압수수색 수사 착수 구속영장 청구 검찰 삼성 바이오 회계감사 회계사들 분식 회계 조치 취지 진술 확보 바이오 삼성 미국 협력사 바이오에피스 지분 특정 가격 콜옵션 회사 부채 평가 권한 부여 공시 바이오 삼성 회계법인 공인 콜옵션 공시 해명 회계사들 검찰조사 삼성측 요구 거짓 해명 진술 검찰 분식회계 정황들 확보 경영진들 수사 경영 승계 합병과정 수사 속도 뉴스 삼성 콜옵션 구속영장 임직원 회계사 회계사들 에피스 직원들 압수수색 바이오에피스 바이오로직스 뉴스 휴대전화 합병과정 전화기 금융감독원 증거인멸 부여 감독원 협력사 경영진 경영진들 정황들 미국 삼성측 분식회계
문재인정부,법인,제주 특산 고급횟감 붉바리 완전 양식 성공 제주특산 고급어종인 붉바리의 완전 양식에 성공했다 완전 양식은 종묘에서 성어에 이르기까지 양식 기술을 완성했다는 의미다 제주도는 일 서귀포시 안덕면 화순리 행복나눔영어조합법인이 제주도의 종자구매비와 수온조절 시스템인 히트펌프 시설 등을 지원받아 년 월부터 지난달까지 년 개월 동안 붉바리 급 천여 마리를 생산하는 데 성공 제주 특산 고급 횟감 붉바리 성공 완전 양식 제주 특산 고급어종 붉바리 완전 양식 성공 완전 양식 종묘 성어 양식 완성 의미 제주도 행복 서귀포시 안덕면 화순리 영어조합법인 제주도 종자구매비 수온조절 히트 펌프 시설 지원 지난달 붉바리 천 마리 생산 성공 행복 영어종합법인 마리 입식 마리 상품 크기 생산 만 만 가격 도내외 횟집 붉바리 아열대 물고기 적정 수온유지 상품 크기 년 소요 폐사율 양식 성공 붉바리 생존율 년 년 입식 종묘 안팎 생존율 평가 제주대 해양 과학 연구소 해양 수산 붉바리 산업 추진 골든씨드프로젝트 치어 생산 성공 제주도 남해안 서식 붉바리 식감 개체 횟감 허호준 허호준 붉바리 제주도 마리 횟감 고급어종 제주대 허호준 화순리 서귀포시 생존율 제주 씨드 골든씨드프로젝트 연구소 구매비 만 도내외 수온조절 수온유지 폐사율 종자구매비 만 안덕면 영어조합법인 횟집 남해안 영어종합법인 식감 천
문재인정부,변경,유류탱크 안정성 재검토도 부실 부산 앵커 이처럼 안전 문제가 드러나자 뒤늦게 민간 사업자가 안정성 검토를 다시 진행했는데요 문제는 이마저도 부실하다는 겁니다 이어서 김아르내 기자가 보도합니다 리포트 터널 옆 주유소에는 개 유류 탱크가 묻혀있습니다 저장 용량만 만 리터 터널 공사를 맡은 사업자는 착공 년 반이 지나서야 유류 탱크 안정성을 재검토 유류 탱크 안정 부실 앵커 안전 민간 사업자 안정 검토 진행 부실 김아르내 보도 리포트 터널 주유소 터널 탱크 유류 저장 용량 리터 터널 공사 사업자 착공 안정성 유류 탱크 안정 검토 결과 터널 굴착 안정성 주유소 시설물 안정 안전 이우정 주유소 대표 유류 탱크 시공 업체 내부적 답변 근거 이야기 근거 위험물안전관리법 사고 피해 유류 탱크 지하 터널 간격 수평거리 미터 탱크 설계 유류 터널 주장 주장 탱크 터널 공사 유류 막대 형태 지지대 터널 사업자 지지대 사실 민간사업자 관계자 민간 사업자 음성변조 파일 조사 방법 터널 유류 탱크가 인접 위험물 저장 시설 안전 소방 당국 협의 부산시 소방당국 의견 요청 이달 소방당국 터널 사업자 변만훈 해운대소방서 예방안전 계장 공사 협의 협조 안전 유류 탱크 측면 안전 관리 설계대로 공사 안전 위험 의견 부산시에 제시 만덕 센텀 지하차 완공 년 논란 부산시 착공 터널 사업자 설계 변경 지하 안전 영향 평가 통보 촬영기자 장준영 그래픽 김희나 사업자 안정성 주유소 위험물 재검토 부산시 지지대 민간사업자 소방당국 관계자 김아르내 리터 시설물 장준영 센텀 촬영기자 지하차 미터 수평거리 해운대소방서 예방안전 부산시에
문재인정부,변경,전문 대통령 개헌안 대통령 중임제 국회 강화 순한글화 등 특징 청와대는 일 대통령 권한 분산과 지방분권 등을 골자로 한 대통령 개헌안 전문을 공개했다 청와대는 지난 일부터 이날까지 세 차례에 나눠 공개한 개헌안 조문을 이날 오후 국회와 각 정당에 전달했다 청와대가 일 공개한 대통령 개헌안의 특징은 그동안 한자로 표기됐던 헌법을 한글화했다는 것이다 한글화 작업과 함께 맞춤법 오류 모호한 표 대통령 개헌안 대통령 중임제 국회 강화 한글화 특징 청와대 대통령 권한 분산 지방분권 골자 전문 대통령 개헌안 공개 청와대 일 이날 차례 공개 개헌안 조문 이날 국회 정당 전달 청와대 공개 대통령 개헌안 특징 그동안 한자 표기 헌법 한글화 한글 작업 맞춤법 오류 표현 오류 이날 조국 청와대 민정 수석 춘추관 개헌안 요지 선거연령 세 대선 결선 투표 대통령 임기 단임 연임 예산법률주 정부 법안 제출시 국회 동의 요구 국회 권한 강화 방안 포함 국무총리 추천 국회 방안 포함 개헌안 전문 개정안 개정 전문 역사 전통 대한국민 운동 건립 대한민국임시정부 법통 불의 항거 혁명 부마민주항쟁 민주 운동 항쟁 민주이념 계승 조국 민주개혁 평화 통일 사명 바탕 정의 인도 동포애 민족 단결 사회 폐습 불의 타파 자치 분권 강화 자율 조화 바탕 자유 민주 기본 질서 정치 경제 사회 문화 영역 개개인 기회 능력 최고도 발휘 자유 권리 책임 의무 완수 국민생활 균등 향상 지역 균형발전 도모 세계평화 인류공영 이바지 자연 공존 미래 세대 안전 자유 행복 확보 다짐 일 제정 차 개정 헌법 국회 의결 국민투표 개정 총강 제 대한민국 민주공화국 대한민국 주권 국민 권력 국민 대한민국 지방분권국가 지향 제 조 대한민국 국민 요건 법률 국가 법률 재외국민 보호 의무 제 조 대한민국 영토 한반도 부속도서 대한민국 수도 사항 법률 대한민국 통일 지향 자유 민주 기본 질서 바탕 정책 평화 통일 수립 추진 제 조 대한민국 국제평화 유지 노력 침략 전쟁 부인 국군 국가 안전보장 국토방위 신성 의무 수행 사명 정치 중립 준수 제 조 헌법 체결 공포 조약 일반적 승인 국제법규 국내법 효력 외국인 국제법 조약 지위 보장 제 조 공무원 국민 봉사 국민 책임 공무원 신분 법률 보장 공무원 직무 수행 중립 정치 공무원 재직 퇴직 공무원 직무 공정 청렴성 훼손 제 정당 자유 설립 복수정당제 보장 정당 목적 조직 활동 민주적 정당 법률 국가 보호 국가 목적 공정 기준 법률 정당운영 자금 보조 정부 정당 목적 활동 민주 기본 질서 위반 헌법재판소 정당 해산 제소 제소 정당 헌법재판소 심판 해산 국가 문화 자율성 다양성 증진 전통문화 계승 노력 제 장 권리 기본 의무 제 사람 인간 존엄 가치 행복 추구 권리 국가 개인 불가침 기본 확인 보장 의무 제 사람 평등 성별 종교 장애 연령 인종 지역 사회 신분 정치적 경제적 사회적 문화적 생활 영역 차별 국가 성별 장애 차별상태 시정 실질 평등 실현 노력 제도 사회 특수 계급 인정 형태 창설 훈장 영전 효력 특권 제 사람 생명권 신체 정신 훼손 권리 제 사람 신체 자유 법률 체포 구속 압수 수색 심문 법률 적법 절차 처벌 보안처분 강제노역 고문 형사상 불리 진술 강요 체포 구속 압수 수색 적법 절차 청구 법관 발부 영장 제시 현행범인 장기 도피 증거 염려 사후 영장 청구 체포 구속 변호인 즉시 도움 권리 형사피의자 형사피고인 변호인 법률 국가 변호인 선임 도움 체포 구속 변호인 도움 권리 불리 진술 강요 권리 고지 체포 구속 체포 구속 사람 가족 법률 사람 일시 장소 지체 통지 체포 구속 사람 법원 적부 심사 청구 권리 고문 폭행 협박 부당 장기간 구속 기망 방법 자의 진술 인정 피고인 자백 정식재판 불리 유일 증거 피고인 자백 유죄 증거 자백 처벌 제 조 행위 법률 범죄 구성 행위 소추 동일 범죄 처벌 국민 소급입법 참정권 제한 재산권 박탈 행위 친족 행위 불이익 처우 제 국민 거주 이전 자유 제 국민 직업 자유 조 사람 사생활 비밀 자유 침해 사람 주거 자유 침해 주거 압수 수색 적법 절차 청구 법관 발부 영장 제시 국민 통신 비밀 침해 제 사람 양심 자유 제 사람 종교 자유 국교 인정 종교 정치 분리 제 언론 출판 표현 자유 보장 허가 검열 통신 방송 신문 보장 사항 법률 언론 출판 타인 명예 권리 공중도덕 사회윤리 침해 언론 출판 타인 명예 권리 침해 피해자 배상 정정 청구 집회 결사 자유 보장 허가 제 국민 권리 사람 자신 정보 보호 처리 통제 권리 국가 정보 독점 격차 폐해 예방 시정 노력 제 사람 학문 예술 자유 대학 자치 보장 저작자 발명가 과학기술자 예술가 권리 법률 보호 제 국민 재산권 보장 한계 법률 재산권 공공복리 적합 행사 공공필요 재산권 수용 사용 제한 보상 사항 법률 보상 제 세 국민 선거권 선거 행사 요건 절차 구체적 사항 법률 제 조 국민 공무담임권 구체적 사항 법률 제 조 사람 국가기관 청원 권리 구체적 사항 법률 국가 청원 심사 통지 의무 제 사람 헌법 법률 법원 재판 권리 군인 군무원 사람 군사법원 재판 대한민국 영역 비상계엄 선포 군사법원 중대 군사 기밀 초병 초소 유독음식물공급 군용물 법률 사람 예외 국민 재판 공정 신속 권리 형사피고인 지체 공개 재판 권리 형사피고인 유죄 판결 확정 무죄 추정 형사피해자 법률 사건 재판절차 진술 형사 피의자 형사피고인 구금 사람 법률 불기소처분 무죄판결 법률 국가 보상 청구 제 공무원 직무 불법 행위 손해 국민 법률 국가 공공단체 배상 청구 자신 공무원 책임 면제 타인 범죄행위 생명 신체 피해 국민 법률 국가 구조 제 국민 능력 적성 균등 교육 권리 국민 보호 자녀 아동 초등교육 법률 교육 의무 의무교육 무상 교육 자주성 전문성 정치 중립 법률 보장 국가 평생교육 진흥 학교교육 평생교육 포함 교육 제도 운영 교육재정 교원 지위 기본 사항 법률 제 국민 권리 국가 고용 안정 증진 정책 시행 국가 적정임금 보장 노력 법률 최저임금제 시행 국가 동일 가치 노동 동일 수준 임금 지급 노력 노동조건 노동자 사용자 동등 지위 자유의사 결정 기준 인간 존엄성 보장 법률 국민 고용 임금 노동조건 임신 출산 육아 부당 차별 국가 여성 노동 보호 정책 시행 연소자 노동 특별 보호 국가유공자 상이군경 전몰군경 의사자 유가족 법률 우선적 노동 기회 부여 국가 국민 생활 균형 정책 시행 제 노동자 자주적 단결권 단체교섭권 노동자 노동조건 개선 권익 보호 단체행동권 현역 군인 법률 공무원 단결권 단체교섭권 단체행동권 법률 제한 인정 법률 방위산업체 종사 노동자 단체행동권 법률 제한 인정 제 조 국민 인간다 생활 권리 국민 장애 질병 노령 실업 빈곤 사회 위험 적정 유지 사회보장 권리 국민 임신 출산 양육 국가 지원 권리 국민 안정적 주거생활 권리 국민 건강 권리 국가 질병 예방 보건 의료 제도 개선 노력 사항 법률 제 어린이 청소년 독립 인격주체 존중 보호 권리 노인 존엄 정치적 경제적 사회적 문화적 생활 참여 권리 장애인 존엄 자립적 영역 동등 기회 참여 권리 제 조 국민 안전 권리 국가 재해 예방 위험 사람 보호 제 국민 건강 환경 생활 권리 구체적 법률 국가 국민 지속가능 발전 가능 환경 보호 국가 동물 보호 정책 시행 혼인 가족생활 개인 존엄 양성 평등 바탕 성립 유지 국가 보장 제 자유 권리 헌법 열거 경시 자유 권리 국가안전보장 질서유지 공공복리 법률 제한 제한 자유 권리 본질적 침해 제 국민 법률 납세 의무 제 국민 법률 국방 의무 국가 국방 의무 이행 국민 인권 보장 정책 시행 병역의무 이행 불이익 처우 국회 제 입법권 국회 제 국회 국민 보통 평등 비밀 선거 선출 국회의원 구성 국회의원 법률 명 국회의원 선거구 비례대표제 선거 사항 법률 국회 의석 투표자 의사 비례 배분 제 조 국회의원 임기 년 국민 국회의원 소환 소환 요건 절차 구체적 사항 법률 국회의원 법률 제 국회의원 현행범인 제외 회기 국회 회기 동의 체포 구금 국회의원 체포 구금 현행 국회 요구 회기 석방 회기 국회의원 국회 직무 발언 표결 국회 책임 제 국회의원 청렴 의무 국회의원 국가이익 우선 양심 직무 수행 국회의원 지위 남용 국가 공공단체 기업체 계약 처분 재산상 권리 이익 직위 취득 타인 취득 알선 제 국회 정기회 법률 회 국회 임시회 대통령 분 국회 재적 의원 요구 정기회 회기 일 임시회 회기 일 초과 대통령 임시회 요구 기간 명시 국회 의장 부의장 선출 제 국회 헌법 법률 특별 규정 재적 의원 과반수 출석 출석 의원 과반수 찬성 의결 가부동수 부결 제 국회 회의 공개 출석 의원 과반수 찬성 의장 국가 안전보장 인정 공개 공개 회의 공표 법률 제 국회 제출 법률안 의안 회기 의결 폐기 국회의원 임기 만료 폐기 제 조 국회의원 법률안 제출 정부 국회의원 동의 법률안 제출 법률안 지방자치 국회 지방정부 통보 지방 법률안 의견 제시 구체적 사항 법률 제 국민 법률안 발의 발의 요건 절차 구체적 사항 법률 제 조 국회 의결 법률안 정부 이송 일 대통령 공포 대통령 법률안 이의 제 항 기간 이의서 국회 재의 요구 국회 폐회 대통령 법률안 법률안 수정 재의 요구 국회 대통령 요구 재의 재적 의원 과반수 출석 출석 의원 찬성 의결 법률안 법률 확정 대통령 제 항 기간 공포 요구 법률안 법률 확정 대통령 제 항 확정 법률 정부 이송 제 항 확정 법률 지체 공포 대통령 공포 국회의장 공포 법률 특별 규정 공포 일 효력 제 국회 국가 예산안 심의 예산법률 확정 정부 회계연도 예산안 편성 일 회계 연도 개시 국회 제출 국회 일 회계 연도 개시 예산법률안 의결 회계연도 개시 예산법률 효력 발생 정부 예산법률 효력 발생 목적 경비 전년도 예산 법률 집행 법률 설치 기관 시설 유지 운영 지출 의무 실행 예산법률 승인 사업 예산안 심의 예산법률안 의결 사항 법률 제 회계연도 지출 정부 연한 국회 의결 예비비 총액 국회 의결 예비비 지출 국회 승인 제 정부 예산법률 개정 추가 편성 국회 제출 국회 정부 동의 정부 제출 지출 예산 각항 금액 비목 설치 제 국채 모집 예산법률 국가 부담 계약 정부 국회 의결 조세 종목 세율 법률 제 국회 조약 체결 비준 동의권 안전보장 조약 국제조직 조약 제약 조약 국민 중대 재정 부담 조약 조약 법률 조약 국회 선전포고 국군 외국 파견 외국 군대 대한민국 영역 주류 동의권 제 조 국회 국정 감사 특정 국정사안 조사 서류 제출 증인 출석 증언 의견 진술 요구 국정감사 국정조사 절차 사항 법률 제 국무총리 국무위원 정부위원 국회 위원회 출석 상황 국정 처리 보고 의견 진술 질문 응답 국회 위원회 요구 국무총리 국무위원 정부위원 출석 답변 국무총리 국무위원 출석 요구 국무 정부위원 출석 답변 제 국회 국무총리 국무위원 해임 대통령 건의 제 항 해임건의 분 국회 재적 의원 발의 과반수 국회 재적 의원 찬성 제 국회 법률 위반 범위 의사 내부 규율 규칙 제정 국회 의원 자격 심사 의원 징계 국회의원 제명 분 국회 재적 의원 찬성 제 항 제 항 처분 법원 제소 제 대통령 국무총리 국무위원 행정각부 헌법 재판소 재판관 법관 중앙 선거 관리 위원회 위원 감사원장 감사위원 법률 공무원 직무 집행 헌법 법률 위반 국회 탄핵 소추 의결 제 항 탄핵소추 분 국회 재적 의원 발의 과반수 국회 재적 의원 찬성 대통령 탄핵 소추 과반수 국회 재적 의원 발의 분 국회 재적 의원 찬성 탄핵소추 의결 사람 탄핵심판 권한 행사 탄핵결정 공직 파면 파면 민사상 형사 책임 면제 정부 대통령 제 대통령 국가 대표 대통령 국가 독립 계속성 유지 영토 보전 헌법 수호 책임 의무 대통령 조국 평화 통일 노력 의무 행정권 대통령 수반 행정부 제 대통령 국민 보통 평등 비밀 선거 선출 제 항 선거 유효 투표 총수 과반수 사람 당선자 제 항 당선자 최고득표자 명 최고득표자 득표자 순위 최고득표자 명 최고 득표자 전원 결선투표 결과 다수 득표자 당선자 결선투표 최고득표자 명 과반수 국회 재적 의원 출석 공개회의 다수표 사람 당선자 제 항 결선투표 결선 투표 결선투표 당사자 사퇴 사망 최고득표자 재선거 최고 득표자 최고 당선자 대통령 후보자 명 총수 선거권자 분 득표 대통령 당선 대통령 선거 사람 국회의원 피선거권 대통령 선거 사항 법률 제 조 대통령 임기 만료 일 임기 만료 일 사이 후임자 선거 대통령 궐위 대통령 당선자 사망 판결 사유 자격 상실 후임자 선거 결선투표 제 항 제 항 선거일 일 제 대통령 취임 즈음 선서 헌법 준수 국가 조국 평화 통일 국민 자유 복리 증진 문화 창달 노력 대통령 직책 수행 국민 선서 제 대통령 임기 년 선출 중임 제 조 대통령 궐위 질병 사고 직무 수행 국무총리 법률 국무위원 순서 권한 대행 대통령 사임 질병 사고 직무 수행 대통령 사정 국회의장 제 항 권한대행 사람 서면 통보 제 항 서면 통보 권한 개시 여부 최종적 판단 국무총리 국무회의 심의 헌법재판소 신청 결정 권한대행 지위 대통령 복귀 의사 서면 통보 종료 복귀 대통령 직무 수행 가능 여부 다툼 대통령 분 국무 위원 국회의장 헌법재판소 신청 결정 제 항 대통령 권한 대행 사람 유지 대통령 선거 입후보 대통령 권한대행 사항 법률 제 대통령 인정 외교 국방 통일 국가안위 중요 정책 국민투표 제 대통령 조약 체결 비준 외교사절 신임 접수 파견 선전포고 강화 제 대통령 헌법 법률 국군 통수 국군 조직 편성 법률 제 대통령 법률 구체적 범위 위임 사항 법률 집행 대통령령 제 대통령 내우외환 천재지변 중대 재정 경제상 위기 국가 안전보장 공공 안녕질서 유지 긴급 조치 국회 집회 여유 재정 경제상 처분 법률 효력 명령 대통령 국가 안위 중대 교전 상태 국가 보위 긴급 조치 국회 집회 불가능 법률 효력 명령 대통령 제 항 항의 처분 명령 지체 국회 보고 승인 제 항 승인 처분 명령 효력 상실 명령 개정 폐지 법률 명령 승인 효력 회복 대통령 제 항 사유 지체 공포 제 대통령 전시 사변 국가비상사태 병력 군사상 공공 안녕질서 유지 법률 계엄 선포 계엄 비상계엄 경비계엄 구분 비상계엄 선포 법률 영장제도 언론 출판 집회 결사 자유 정부 법원 권한 특별 조치 계엄 선포 대통령 지체 국회 통고 국회 재적 의원 과반수 찬성 계엄 해제 요구 대통령 계엄 해제 대통령 헌법 법률 공무원 임면 제 조 대통령 법률 사면 감형 복권 일반사면 국회 동의 특별사면 사면위원회 심사 사면 감형 복권 사항 법률 대통령 법률 훈장 영전 수여 대통령 국회 출석 발언 문서 의견 표시 제 대통령 국법 행위 문서 문서 국무총리 국무 부서 군사 대통령 국무총리 국무위원 행정각부 법률 공사 대통령 내란 외환 제외 재직 형사 소추 대통령 전직 신분 예우 사항 법률 제 국가안전보장 대외정책 군사정책 국내정책 수립 국무회의 심의 대통령 자문 국가안전보장회의 국가안전보장회의 대통령 주재 국가안전보장회의 조직 직무범위 사항 법률 제 정책 평화 통일 수립 대통령 자문 민주평화통일자문회의 민주평화통일자문회의 조직 직무범위 사항 법률 제 국민경제 발전 정책 수립 대통령 자문 국민경제자문회의 국민경제자문회의 조직 직무범위 사항 법률 국무총리 국무위원 제 국무총리 국회 동의 대통령 임명 국무총리 대통령 보좌 행정 통할 현역 군인 국무총리 임명 제 국무위원 국무총리 제청 대통령 임명 국무위원 국정 대통령 보좌 국무회의 구성원 국정 심의 국무총리 국무위원 해임 대통령 건의 현역 군인 국무위원 임명 국무 회의 국가자치분권회의 제 국무회의 정부 권한 중요 정책 심의 국무회의 대통령 국무총리 명 명 국무위원 구성 대통령 국무회의 의장 국무총리 부의장 제 사항 국무회의 심의 정부 일반 정책 강화 중요 대외 정책 개정안 헌법 국민투표안 조약안 법률안 대통령령안 권한대행 대통령 권한 대행 개시 여부 판단 신청 결산 국유 재산 처분 국가 부담 계약 재정 중요 사항 긴급명령 긴급재정경제처분 명령 계엄 선포 해제 중요 사항 임시회 요구 수여 영전 복권 행정각부 권한 획정 권한 위임 배정 국정 처리 상황 평가 수립 중요 정책 조정 해산 정당 제소 제출 회부 정부 정책 청원 심사 합동참모의장 군참모총장 국립 대학교 총장 대사 법률 공무원 국영 기업체 관리자 임명 대통령 국무총리 국무위원 제출 사항 제 정부 지방정부 협력 지방 정부 추진 지방자치 지역 균형 발전 중요 정책 심의 국가자치분권회의 국가자치분권회의 대통령 국무총리 법률 국무위원 지방행정부 구성 대통령 국가자치분권회의 의장 국무총리 부의장 국가자치분권회의 조직 운영 구체적 사항 법률 행정 각부 행정각부 국무위원 국무총리 제청 대통령 임명 국무총리 행정각부 소관 사무 법률 대통령령 위임 직권 총리령 부령 제 행정각부 설치 조직 직무 범위 법률 법원 제 조 사법권 법관 구성 법원 국민 법률 배심 방법 재판 참여 법원 최고법원 대법원 각급 법원 조직 법관 자격 법률 제 조 대법원 일반재판부 전문재판부 대법원 대법관 법률 대법관 법관 대법원 각급 법원 조직 법률 법관 헌법 법률 양심 독립 심판 제 대법원장 국회 동의 대통령 임명 대법관 대법관추천위원회 추천 대법원장 제청 국회 동의 대통령 임명 대법관추천위원회 대통령 지명 명 대법원장 지명 명 법률 법관회의 선출 명 구성 대법원장 대법관 법관 법률 법관인사위원회 제청 대법관회의 동의 대법원장 임명 대법관추천위원회 법관인사위원회 조직 운영 구체적 사항 법률 제 대법원장 임기 년 중임 대법관 임기 년 법률 연임 법관 정년 법률 제 조 법관 탄핵 금고 선고 파면 징계처분 해임 정직 감봉 불리 처분 법관 중대 심신상 장해 직무 수행 법률 퇴직 제 조 법률 헌법 위반 재판 전제 법원 헌법재판소 제청 심판 재판 명령 규칙 조례 자치규칙 헌법 법률 위반 재판 전제 최종적 심사 권한 재판 전심절차 행정심판 행정심판 절차 법률 사법절차 준용 제 대법원 법률 위반 범위 소송 절차 법원 내부 규율 사무 처리 규칙 제정 재판 심리 판결 공개 심리 국가 안전보장 안녕질서 방해 선량 풍속 염려 법원 결정 공개 제 조 비상계엄 선포 국외파병 군사재판 관할 특별법원 군사법원 군사법원 상고심 대법원 관할 군사법원 조직 권한 재판관 자격 법률 헌법 재판소 제 조 헌법재판소 사항 관장 제청 법률 심판 위헌 여부 심판 해산 심판 상호 국가 기관 상호 국가기관 지방정부 지방 정부 상호 권한쟁의 심판 헌법소원 심판 권한대행 대통령 권한 대행 개시 대통령 직무 수행 가능 여부 심판 법률 사항 심판 헌법재판소 명 재판관 구성 재판관 대통령 임명 제 항 재판관 명 국회 선출 사람 명 대법관회의 선출 사람 임명 헌법재판소 재판관 호선 제 헌법 재판소 재판관 임기 년 법률 연임 헌법 재판소 재판관 정당 가입 정치 관여 헌법 재판소 재판관 탄핵 금고 선고 파면 제 헌법재판소 법률 위헌결정 탄핵 결정 정당 해산 결정 헌법소원 인용 결정 재판관 찬성 헌법재판소 법률 위반 범위 심판 절차 내부 규율 사무 처리 규칙 제정 헌법재판소 조직 운영 사항 법률 감사원 제 조 국가 세입 세출 결산 국가 지방정부 법률 단체 회계검사 법률 국가 지방정부 기관 공무원 직무 감찰 감사원 감사원 독립 직무 수행 제 감사원 원장 포함 명 감사위원 구성 감사위원 대통령 임명 제 항 감사위원 명 국회 선출 사람 명 대법관회의 선출 사람 임명 감사원장 감사위원 국회 동의 대통령 임명 감사원장 감사위원 임기 년 감사위원 재직 사람 감사원장 임명 임기 감사 위원 임기 기간 감사위원 정당 가입 정치 관여 감사위원 탄핵 금고 선고 파면 제 감사원 세입 세출 결산 검사 대통령 국회 결과 보고 제 감사원 법률 위반 범위 감사 절차 감사원 내부 규율 감사 사무 처리 규칙 제정 감사원 조직 직무 범위 감사위원 자격 공무원 감사 대상 범위 사항 법률 선거 관리 위원회 제 선거관리위원회 사무 관장 지방정부 선거 사무 국민투표 국민소환 관리 사무 정치자금 사무 주민투표 주민소환 관리 사무 법률 사무 중앙선거관리위원회 대통령 임명 명 국회 선출 명 대법관회의 선출 명 위원 구성 위원장 위원 호선 위원 임기 년 위원 정당 가입 정치 관여 위원 탄핵 금고 선고 파면 중앙선거관리위원회 법률 위반 범위 소관 사무 처리 내부 규율 규칙 제정 각급 선거 관리 위원회 조직 직무범위 사항 법률 제 각급 선거 관리 위원회 선거 명부 작성 선거사무 국민 투표 사무 행정 지시 제 항 지시 행정기관 지시 제 조 자유 선거운동 후보자 공정 후보자 기회 보장 법률 제한 선거 경비 법률 제외 정당 후보자 부담 지방 자치 제 지방정부 자치권 주민 주민 지방정부 조직 운영 참여 권리 지방정부 종류 지방정부 사항 법률 주민발안 주민투표 주민소환 대상 사항 법률 구체적 조례 국가 지방정부 지방 정부 상호 사무 배분 주민 지방정부 우선 원칙 법률 제 조 지방정부 주민 보통 평등 비밀 선거 구성 지방의회 지방의회 구성 방법 지방행정부 유형 지방행정부 선임 방법 지방정부 조직 운영 사항 법률 구체적 조례 제 조 지방의회 법률 위반 범위 주민 자치 복리 사항 조례 제정 권리 제한 의무 부과 법률 위임 지방행정부 법률 조례 집행 사항 법률 조례 구체적 범위 위임 사항 자치규칙 제 조 지방정부 자치사무 수행 경비 부담 국가 지방정부 위임 사무 집행 비용 위임 국가 지방정부 부담 지방의회 법률 위반 범위 자치세 종목 세율 징수 방법 조례 제정 조세 조성 재원 국가 지방정부 범위 사무 부담 부합 배분 국가 지방정부 지방 정부 상호 법률 적정 재정조정 시행 경제 제 대한민국 경제 질서 개인 기업 경제상 자유 창의 존중 기본 국가 균형 국민경제 성장 안정 적정 소득 분배 유지 시장 지배 경제력 남용 방지 경제 주체 상생 조화 경제 민주화 실현 경제 규제 조정 국가 지역 균형 발전 지역경제 육성 의무 제 국가 국토 자원 보호 지속 가능 균형 이용 보전 계획 수립 광물 중요 지하자원 해양수산자원 산림자원 수력 풍력 경제상 이용 자연력 법률 국가 채취 일정 기간 이용 특허 제 조 국가 농지 경자유전 원칙 달성 노력 농지 소작제도 농업생산성 농지 합리적 이용 사정 발생 농지 임대차 위탁경영 법률 인정 제 국가 국민 생산 생활 바탕 국토 효율적 균형 이용 보전 법률 제한 의무 부과 국가 토지 공공성 합리 사용 특별 제한 의무 부과 제 국가 식량 안정 공급 생태 보전 농어업 공익적 바탕 농어촌 지속 가능 발전 농어민 향상 지원 계획 시행 국가 농수산물 수급균형 유통구조 개선 노력 가격 안정 도모 농어민 이익 보호 국가 농어민 자조조직 육성 조직 자율 활동 발전 보장 제 국가 중소기업 소상공인 보호 육성 협동조합 육성 사회 경제 진흥 노력 국가 중소기업 소상공인 자조조직 육성 조직 자율 활동 발전 보장 제 국가 안전 우수 품질 생산품 용역 제공 소비자 권리 보장 정책 시행 국가 법률 소비자운동 보장 제 국가 대외무역 육성 규제 조정 국방 국민경제 법률 제외 사영기업 국유 공유 경영 통제 관리 제 국가 국민경제 발전 국민 향상 기초 학문 장려 과학기술 혁신 정보 인력 노력 국가 국가표준제도 확립 대통령 제 항 목적 달성 자문기구 개정 헌법 제 조 헌법 개정 과반수 국회 재적 의원 대통령 발의 제안 대통령 임기 연장 중임 변경 헌법 개정 제안 헌법 개정 제안 대통령 효력 대통령 제안 헌법 개정안 일 공고 제 조 제안 헌법 개정안 공고 일 국회 표결 분 국회 재적 의원 찬성 의결 헌법 개정안 국회 의결 일 국민투표 과반수 국회의원 선거권자 과반 투표 투표자 과반수 찬성 헌법 개정안 제 항 찬성 개정 헌법 확정 대통령 즉시 공포 부칙 제 헌법 공포 시행 법률 제정 개정 실현 규정 법률 시행 시행 제 항 헌법 시행 법률 제정 개정 헌법 시행 준비 헌법 시행 제 헌법 시행 종전 규정 적용 종전 헌법 구성 지방자치단체 지방의회 지방자치단체 헌법 지방의회 지방행정부 선출 지방정부 구성 헌법 지방정부 지방의회 지방행정부 제 조 제안 대통령 헌법 개정 제안 임기 일 중임 제 일 선거 보궐선거 선출 지방 의회 의원 지방자치단체 임기 일 제 항 지방 의회 의원 지방자치단체 후임자 선거 부칙 임기만료 대통령 선거 동시 제 조 헌법 시행 공무원 헌법 임명 선출 헌법 시행 대법원장 지명 임명 헌법 재판소 재판관 대법관회의 선출 임명 헌법 시행 대법원장 지명 중앙선거관리위원회 위원 대법관회의 선출 헌법 시행 감사원장 감사위원 헌법 후임자 임명 직무 수행 임기 후임자 임명 제 조 헌법 시행 군사 법원 사건 헌법 군사법원 관할 제외 사건 법원 이관 소송행위 효력 영향 제 조 헌법 시행 법령 조약 헌법 위반 효력 지속 종전 헌법 유효 처분 행위 헌법 처분 행위 제 헌법 시행 헌법 설치 기관 권한 직무 수행 기관 헌법 기관 설치 존속 직무 수행 제 조 헌법 시행 지방 자치 단체 규칙 헌법 자치규칙 국회의원 국무총리 대한민국 제 항 공무원 재판관 법률안 지방정부 헌법재판소 행정각부 감사원 위원회 대법원장
문재인정부,변경,서울 아동학대 발견율 높여라 용산구 시간 신고체계 구축 서울 용산구는 아동학대를 조기에 발견하고 구조하기 위해 시간 신고체계를 운영한다고 일 밝혔다 신고는 와 용산구 아동학대 긴급전화 로 가능하며 신고접수 시 곧바로 현장조사가 이뤄질 수 있도록 관계 공무원들은 주 야간 당직근무를 실시한다 용산구는 아동학대 발견율 확대 공공중심 대응체계 구축 지역사회 협력체계 용산구 아동 학대 발견 구축 시간 신고 체계 서울 용산구 아동학대 조기 발견 구조 시간 신고 체계 운영 일 신고 긴급전화 용산구 아동 학대 긴급 전화 가능 신고접수 현장조사 공무원 야간 당직근무 용산구 확대 아동 학대 발견 구축 공공 중심 대응 체계 구축 지역 사회 협력 체계 핵심 사업 설정 아동 학대 예방 행정력 집중 설명 용산구 기준 아동 학대 발견 아동인구 명 학대건수 학대 건수 전국 평균 관계자 발견율 아동학대 의미 만큼 발견 선진국 수준 설명 구축 시간 신고 체계 신고 접수 경찰 공무원 현장조사 신체 정서학대 성학대 방임여부 현장 조사 긴급상황 경찰 동행 가능 조사 결과 경찰 방식 사후협력 조사 결과 학대 확인 보호계획 즉시 피해 아동 보호 계획 학대여부 자체판단 아동복지 사례전문위원회 안건 상정 전문가 의견 신고 접수 개정 아정복지법 부모 아동 분리 피해의심 아동 아동쉼터 보호시설 입소 연계 가정 위탁 시행 공공연 사례 회의 운영 피해 아동 보호 조치 변경사항 논의 성장현 용산 구청장 아동학대 용서 범죄행위 지역 사고 발생 예방활동 최선 용산구 조직 개편 어르신청소년 아동보호팀 신설 아동보호팀 아동학대 전담 공무원 배치 아동 학대 신고 접수 현장조사 사례 관리 연계 진행 아동학대 용산구 발견율 공무원 위원회 신고접수 성장현 현장조사 아동보호팀 학대건수 만큼 아동복지 변경사항 당직근무 전문가 범죄행위 사후협력 용산 방임여부 어르신청소년 아정복지법 정서학대 자체판단 공공연
문재인정부,보건,중반 접어든 국감 내일 라임 옵티머스 공방 예상 앵커 일 동안 진행되는 대 첫 국정감사가 이제 중반에 접어듭니다 내일 금융위원회를 대상으로 한 정무위 국정감사에서는 라임 옵티머스 사태를 두고 여야의 치열한 공방이 예상됩니다 법무부에 대한 법사위 국정감사에서도 관련 수사가 제대로 되고 있는지를 두고 야당의 공세가 이어질 것으로 보입니다 국회 취재기자 연결합니다 김대근 기자 이 중반 국감 라임 옵티머스 공방 예상 앵커 일 진행 대 국정감사 중반 금융 대상 정무위 국정 감사 라임 옵티머스 사태 여야 치열 공방 예상 법무부 법사위 국정 감사 수사 야당 공세 연결 국회 취재 김대근 정무 위원회 국정 감사 주목 라임 옵티머스 사태 정치권 뇌관 금융기관들 상대 정무위 국정 감사 관심 정무위 금융위원회 금융감독원 국정감사 예정 라임 옵티머스 의혹 옵티머스 사태 로비 의심 문건 검찰 확보 조사 대표 김재현 옵티머스 작성 문건 펀드 수익자 정부 여당 관계자 포함 펀드 설정 운용 관여 파악 채동욱 채동욱 옵티머스 고문 경기도 지사 인허가 봉현 물류 단지 사업 문의 논란 이재명 지사 메모 등장 변호사 지인들 사회 대화 사업 특정 질의 청탁 부인 검찰 확보 내부 문건 청와대 정계 인사 실명 논란 만큼 국정 쟁점 라임 사태 핵심 인물 지목 김봉현 스타모빌리티 회장 강기정 청와대 정무 수석 로비 목적 천만 전달 주장 파문 수석 개인 문재인 대통령 정부 흠집 의도 묵과 대응 의혹 여야 날선 공방 예상 앵커 법사위 라임 옵티머스 사태 쟁점 법사위 법무부 상대 국정감사 라임 옵티머스 사태 수사 야당 공세 예상 라임 옵티머스 사건 수사 서울남부지검 서울중앙지검 윤석열 총장 보고 주장 제기 국민 검찰 권력 게이트 그림자 사건 수사 부실수사 자초 비판 김은혜 대변인 논평 검찰개혁 미명 권력비리 수사 검사들 해체 수순 사건들 연관 목소리 국감 법무부 출석 추미애 장관 공세 법무부 국감 이외 아들 장관 복무 의혹 처분 검찰 수사 공정성 국민 제기 전망 야당 장관 국회 거짓 해명 반발 장관 국회 아들 휴가 연장 의혹 보좌관 부대 전화 사실 해명 결과 장관 검찰 조사 결과 보좌관 부대 장교 전화번호 전달 사실 야당 총공세 예상 이외 보건 복지 위원회 식품 의약품 안전처 국감 노출 독감 백신 상온 노출 도마 행정 안전 위원회 서울시 상대 감사 진행 박원순 서울시장 성추행 의혹 쟁점 전망 일 국토 교통부 국감 예정 김현미 장관 상대 정부 부동산 정책 야당 공세 예상 국회 옵티머스 위원회 국정감사 법무부 정무위 청와대 법사위 채동욱 김대근 수익자 보좌관 김재현
문재인정부,보건,정부 일부터 자가격리 위반자에 안심밴드 도입 오는 일부터 자가격리 위반자는 위치추적장치인 안심밴드 를 착용해야 한다 이를 거부하면 자비 부담으로 시설격리 조치된다 김강립 중앙재난안전대책본부 총괄조정관 보건복지부 차관 은 일 정부세종청사에서 열린 정례브리핑에서 대부분의 격리자들이 격리지침을 잘 준수하고 있지만 일부 무단이탈 사례가 계속 확인돼 관리를 강화할 필요성이 있다 며 무단 정부 일 자가격리 위반자 안심밴드 일 자가격리 위반자 위치추적장치 안심밴드 착용 거부 자비 부담 시설 격리 조치 총괄 김강립 중앙 재난 안전 대책 본부 조정관 보건복지부 차관 정부 세종청사 정례브리핑 격리자들 격리지침 준수 무단이탈 사례 확인 관리 강화 필요성 무단이탈 위반자 일 안심밴드 착용 관리 자가격리 통보 지침 위반 지방 자치 단체 공무원 경찰 현장 출동 위반 사실 확인 격리기간 안심밴드 격리 기간 안심 밴드 착용 착용 거부 격리장소 가격리 시설격리 변경 비용 본인 부담 안심 밴드 신규 자가 안전관리 활용 자가 안전관리 개선 일정 움직임 휴대폰 자가 알림창 격리자 확인 전담 공무원 전화 소재지 확인 차관 전화 자가격리자 건강상태 확인 확인 하루 번 장소 불시점검 확대 관리체계 강화 중대본 자가격리자 월 해외 입국자 특별 입국 절차 시행 증가 정점 감소 일 만 수준 안심밴드 자가격리 공무원 격리자 위반자 김강립 무단이탈 자가격리자 시설격리 입국자 휴대폰 격리기간 만 조정관 보건복지부 정례브리핑 세종청사 총괄 건강상태 격리자들 불시점검 관리체계 위치추적장치 필요성 중대본 안전관리 격리장소 번 가격리 소재지
문재인정부,보건,백신 접종률 낮고 감기와 혼동 광주 전남 학교 감염 급증 광주 앵커 앞서 보신 것처럼 대 학생들에 대한 방역에 비상이 걸린 가운데 특히 학교 감염이 코로나 확산세의 주요 원인으로 지목되고 있습니다 모여서 생활하는데다 백신 접종률은 낮고 또 감기와 구분도 어렵다 보니 방역도 쉽지 않습니다 박지성 기자의 보도입니다 리포트 검사를 기다리는 줄의 상당수를 어린 학생과 가 백신 접종 감기 혼동 광주 전남 급증 학교 감염 앵커 학생 방역 비상 학교 감염 코로나 확산세 원인 지목 생활 백신 접종 감기 구분 방역 박지성 보도 리포트 검사 학생 가족들 차지 여수 사흘 곳 학교 교내 감염 발생 지역 접촉 학생 친구 가족 형태 이주리 여수시 보건소장 겨울철 속도 바이러스 전파 만큼 학교 감염 확산 진행 여수 목포 나주 광주 전남 교내 감염 건 일상 회복 결혼식 가족여행 이동 학생들 접종률 원인 미만 접종 살 사이 접종률 차 대 환절기 감기 증상 확진 상태 등교 집단감염 목포 확진자 절반 중학교 학생 확진자 증상 상태 등교 강영구 전남 보건복지국장 감기 유행 코로나 감기 오인 증상 학생들 검사 방역 당국 교육청 공동대응조직 접종 권고 학교 검사 강화 계획 접종 학생 지역 방문 요청 촬영기자 이성현 김선오 그래픽 정다운 전남 여수 목포 학생들 살 접종률 광주 박지성 중학교 확진자 김선오 이성현 보건소장 촬영기자 여수시 겨울철 공동대응조직 이주리 결혼식 교육청 집단감염 가족여행 보건복지국장 건 환절기 확산세 강영구 차 코로나 나주 코로나 만큼 곳 가족들
문재인정부,부정,대통령 국정지지도 대북 외교 성과 에 상승 문재인 대통령의 국정수행에 대한 지지도가 중반을 회복했다는 여론조사 결과가 일 나왔다 한국갤럽이 일 전국 성인 명을 대상으로 설문한 결과 신뢰수준 에 표본오차 포인트 에 따르면 문 대통령의 직무수행에 대해 잘한다 고 평가한 응답자는 전주보다 포인트 오른 로 집계됐다 부정 평가는 같은 대통령 국정지지 대북 외교 성과 상승 문재인 대통령 국정수행 지지도 중반 회복 여론 조사 결과 일 한국갤럽 전국 성인 대상 설문 결과 신뢰수준 표본 오차 포인트 대통령 직무수행 평가 응답자 전주 포인트 집계 부정 평가 하락 기간 포인트 조사 의견 유보 응답자들 북한 대화 재개 대북 정책 안보 외교 개혁 적폐 청산 소통 전반적 서민 노력 복지 확대 최선 갤럽 긍정 평가 상위 차지 항목 지난주 정부 특사단 외교 성과 영향 부정 평가자 정치 과거 보복 대북 친북 성향 경제 민생 부족 해결 독단적 일방적 편파적 최저 임금 인상 북핵 안보 복지 정치 개혁 지적 정당 지지율 여당 더불어민주당 포인트 상승 지지율 기록 격차 위 자유한국당 갤럽 홈페이지 중앙 선거 여론 조사 심의 위원회 홈페이지 참고 홈페이지 지지율 정의당 응답자 민주평화당 갤럽 한국 위 자유한국당 더불어민주당 미래당 응답자들 한국갤럽 지지도 위원회 신뢰수준 특사단 전주 직무수행 평가자 친북 국정지지 국정수행 문재인
문재인정부,부정,뉴있저 검찰 간첩 조작 연루 검사 불기소 제식구 봐주기 논란 진행 변상욱 앵커 출연 김진형 간첩 조작 사건 변호인단 양지열 변호사 아래 텍스트는 실제 방송 내용과 차이가 있을 수 있으니 보다 정확한 내용은 방송으로 확인하시기 바랍니다 앵커 이른바 서울시 공무원 간첩사건 증거 조작에 가담한 혐의로 고소당한 당시의 검사들이 결국 무혐의 처분을 받았습니다 검찰의 전형적인 자기 검찰 간첩 조작 불기소 연루 검사 제식구 논란 진행 변상욱 앵커 출연 김진형 간첩 조작 사건 변호인단 양지열 변호사 텍스트 실제 방송 차이 방송 확인 앵커 간첩사건 서울시 공무원 간첩 사건 증거 조작 가담 혐의 고소 검사들 처분 결국 검찰 전형적 식구 비판 목소리 간첩 조작 사건 김진형 변호사 양지열 변호사 검찰 식구 주제 사건 서울시 공무원 간첩 조작 변호사 얘기 간첩 무죄 간첩 무죄 경위 설명 김진형 사건 언론 보도 국정원 유우성 간첩 혐의 허위 중국 북한 출입경기록 위조 증거 조작 범죄 국정원 공문서 위조 재판 증거 사실 충격 재판 국정원 오빠 간첩 진술 여동생 진술 신빙성 쟁점 여동생 개월 국정원합동신문센터 국정원 합동 신문 센터 감금 오빠 간첩 허위진술 변호인단 인신구제청구 석방 법정 폭행 가혹 행위 허위 자백 증언 한명숙 총리 재판 유사 년 공방 법원 수사기관 허위 자백 증거 신빙성 부정 결국 국가 보안법 위반 혐의 무죄 선고 앵커 이해 북한 화교 출신 유우성 이름들 짐작 여동생 국정원 증거 조작 그다음 여동생 강압적 위협 거짓진술 가지 문건들 국정원 김진형 말씀 언론 보도 유우성 북한 차례 출입경기록 위조 출입경기록 중국 공문서 위조 쟁점 유우성 무죄 입증 증거들 중국 촬영 사진 위치정보 북한 밀입국 촬영 증거 제출 북한 밀입국 공소제기 기간 중국 기간 통화 통화내역 증거 제출 여동생 가혹행위 작성 진술서 오빠 간첩 기재 증거 법원 제출 사실 확인 간첩 사실 확인 자료들 증거 조작 악의적 범죄행위 앵커 사건 김진형 수사기관 범죄행위 사람 간첩 범죄행위 성공 승진 성과 보장 실패 그동안 책임 과거 반복 생각 앵커 설명 증거들 그다음 나름 협박 거짓 진술 등등등 국정원 검사 간첩 검사들 나름 책임 처분 판단 김진형 한마디 당사자 진술 변명 책임 사건 검사 이유서 검사들 국정원 단독 범행 검사들 국정원 피해자 취지 기재 수사 검사 기소 처분 사료 변호인 변론요지서 착각 정도 앵커 국정원 서류 위조 생각 김진형 앵커 변호사님 양지열 이해 말씀 년 년 무죄 년 무죄 검찰 특수수사단 조사 검찰 조사 처분 정권교체 과거사위원회 재조사 과거사위원회 수사검사들 국정원 직원 협의 정도 협의 말씀 변호사 출입경기록 진본 순서 기억 보통 출입출입 진본 중국 기재 입입입 기재 검사 나중 국정원 정상적 출입출입 중국 생각 머릿속 출입출입 직원들 국정원 직원 말씀 증거 유우성 유리 증거들 앵커 과거사조사위원회 추궁 문책 사실들 불기소처분 김진형 진상조사단 검찰 조사 결과 내부 문서 검사 최소 국정원 출입 경기록 위조 증거 은폐 가혹행위 묵인 확인 구체적 실체 압수 통화내역 확인 컴퓨터 압수절차 조사결과보고서 기재 수사 의지 진상 조사 결과 토대 휴대전화 컴퓨터 압수 통화내역 작성 서류내역 확인 설명 대로 당사자 변명 불기소처분 앵커 국정원 서류 위조 생각 머릿속 사건 김기상 사건 이종수 사건 김환기 사건 사건 모자 간첩 강희철 사건 오송회 사건 무죄 간첩 조작 사건 검사들 기록들 기자들 머릿속 검찰 공수처 김진형 추가적 조치 고민 검사 변호인단 년도 년도 차례 고소 진행 처분 말씀 진상 조사 결과 실낱 희망 고소 진행 검찰 제식구 검찰 수사 자정 능력 상실 고위공직자범죄수사처 수사 국가보안법 공수처 수사대상 포함 고소 국가보안법상 날조 혐의 수사 직권 남용 혐의 불법체포 행사 허위 공문서 작성 공수처 수사 가능 앵커 검사 피의자 공안사건 인권 보장 나름 객관적 사실 최선 의무 국정원 수사 방치 국정원 기회 생각 양지열 상식적 무죄 결정적 증거 공판 유지 수사 유지 검사 책임 생각 보통 일반 국정원 직원 결과 간첩죄 범죄 정황증거 결정적 증거 진위 검토 정도 증거 최소 상식 말씀 휴대전화 컴퓨터 압수 수색 설명 앵커 검사 취재 검사 법조계 공판 진행 검사 수사 김진형 검사님 사건 국정원 파견 파견검사 유우성 통화내역 압수영장 신청 결재 검사 변명 상식적 납득 사실 앵커 조봉암 사건 사건 간첩 사건 건 나름 공안 검사들 우리나라 간첩조작사건 직무수행 생각 얘기 얘기 성매매 현장 경찰 급습 검사 적발 현직 검사 정직 정도 처벌 징계수위 정도 양지열 징계 수위 자체 징계수위 보통 성매매 공무원 일반 정도 정직 일반적 수위 가지 생각 검사 부부장검사 책임감 요구 기준 공무원 징계 표준 그다음 부분들 정도 기준 얘기 불복 소송 대검 청구 정도 정직 가능성 대검 가능성 면직 청구 여론 생각 앵커 면직 정도 생각 검사 형사부 성매매 불법 사람들 그다음 한명숙 총리 불법정치자금 사건 거짓진술 합숙훈련 검찰 압박 사람들 결국 사건 수사 시작 양지열 수사 조사 검찰 말씀 명 훈련 주장 상황 그중 명 명 법정 본인 거짓 진술 사람 진정서 결국 거짓 검찰 회유 압박 주장 법무부 진정서 법무부 검찰 조사 검찰 인권감독관 인권감독관 수사과정 절차 인권 침해 강압적 수사 단순 수사절차상 인권침해 정도 수준 의혹 실제 사실 사건 앵커 수사 정치적 음모 가담 양지열 사건 변호사 유우성 사건 한명숙 총리 사건 말씀 검찰 얘기 통상적 절차 조사 수사 감찰 얘기 결과 앵커 법무부 장관 납득 만큼 조사 진상 당부 검찰 개혁 변호사 평소 생각 한마디 생각 김진형 아까 말씀 앵커 말씀 간첩조작사건 논란 한명숙 총리 재판 수사 위법성 저간 문제들 검찰 자정능력 현실적 외부 충격 개혁 조직 국민들 인식 법조인 사람 생각 앵커 김진형 변호사 양지열 변호사 인터뷰 국정원 김진형 유우성 변호사 중국 양지열 여동생 그다음 공무원 검사들 변호인단 출입경기록 성매매 위원회 출입출입 공수처 불기소 변호사님
문재인정부,부정,이재명 윤석열 가족 리스크 에 동반 하락 리얼미터 차기 대선주자 지지도 조사에서 이재명 더불어민주당 대선후보와 윤석열 국민의힘 대선후보 지지도가 동반 하락했다는 여론 조사 결과가 일 나왔다 리얼미터가 오마이뉴스 의뢰로 지난 일 전국 만 세 이상 명을 대상으로 대선주자 지지도를 조사한 결과 윤 후보는 전주 월 주차 조사 일 발표 대비 포인트 낮아진 이재명 윤석열 가족 리스크 리얼미터 동반 하락 대선 주자 지지도 조사 대선후보 이재명 더불어민주당 대선 후보 윤석열 국민 대선 후보 지지도 동반 하락 결과 여론 조사 일 리얼미터 의뢰 전국 세 명 대상 대선 주자 지지도 조사 결과 후보 결과 전주 월 주 조사 일 대비 포인트 기록 후보 전주 포인트 하락 후보 지지율 격차 전주 포인트 기록 안철수 국민 후보 후보 심상정 정의당 대선 당선 가능 질문 후보 전주 포인트 후보 전주 포인트 하락 기록 감염증 신종 코로나바이러스 코로나 후보 팬데믹 방역 대응 적합 후보 후보 지지율 조사 코로나 팬데믹 민생 대처 적합 후보 후보 후보 기록 문재인 대통령 국정 수행 긍정 평가 지지율 전주 포인트 부정 평가 전주 포인트 정당 지지도 국민 전주 포인트 민주당 전주 포인트 하락 기록 정당 격차 포인트 국민 열린민주당 정의당 조사 표본오차 신뢰 수준 포인트 중앙 선거 여론 조사 심의 위원회 홈페이지 참조 후보별 대선 후보 조사기관별 지지율 추이 전주 지지도 지지율 정의당 이재명 홈페이지 리얼미터 팬데믹 코로나 윤석열 대선후보 세 코로나바이러스 심상정 더불어민주당
문재인정부,비판,이재명 동지 맞나 정청래 조폭이냐 진중권 정청래 이재명 설전 이재명 경기지사가 일 내년 월 서울시장 부산시장 보궐선거와 관련 더불어민주당이 공천을 하지 않는 게 맞다 는 입장을 밝힌 것을 두고 친문 성향의 더불어민주당 정청래 의원과 친문 비판에 앞장서고 있는 진중권 전 동양대 교수가 소셜미디어 설전을 벌였다 정 의원이 동지론 을 내세우며 속상해하고 있는 동지들을 먼저 살피라 고 이 지사를 비판했다 이재명 동지 조폭 정청래 진중권 정청래 이재명 설전 이재명 경기 지사 내년 서울 시장 부산시장 보궐선거 더불어민주당 공천 입장 친문 성향 의원 더불어민주당 정청래 친문 비판 진중권 동양대 교수 소셜 미디어 설전 의원 동지론 동지들 지사 비판 교수 동지 국민 배반 국민 품성 공직 조폭 조폭윤리론 의원 반박 성추행 의혹 낙마 오거돈 부산시장 극단 선택 박원순 서울시장 보궐선거 일 내년 문재인 대통령 시절 조 민주당 당헌 소속 선출 공직자 부정부패 사건 중대 직위 상실 보궐 선거 선거구 후보자 추천 민주당 내년 보궐 선거 공천 여부 정치권 논란 지사 인터뷰 이날 언론 손실 약속 공천 생각 장사꾼 신뢰 중요 공당 문서 규정 약속 정청래 혼자 운동 당원 투표 의원 이날 페이스북 지사 정치 타이밍 예술 혼자 운동 지사 말씀 이해 액면 구구절절 처지 당원들 아픔 생각 동지들 조국 사수 법무부 장관 서울 서초동 연설 핵심 요약본 동지 동지 혼자 동지 동지란 심리 연대감 동지 혼자 우산 사람 의원 미래통합당 무상급식문제 사퇴 오세훈 서울시장 귀책 사유 보궐선거 후보 탄핵 후보 박근혜 대통령 탄핵 반문 중대사 전당원 투표 결정 왈가왈부 진중 공직 동지 봉사 친문 조폭 윤리 무장 교수 페이스북 의원 동지 갬성 감성 충만 정청래 의원 고결 품성 자질 의원 자질 조폭 의원 곽경택 감독 영화 친구 대사 반격 방울 것들 동생 형님 동생 식구 의원 공직 공직 동지 국민 봉사 동지 국민 배반 국민 품성 공직 조폭 교수 후진 갬성 무장 민주당 정당 조폭 조국 윤미향 조직원 쉴드 방어막 배신자 조직 쓴맛 교수 친노친문 조폭윤리 김종인 위원장 총선 조폭 오야봉격 이해찬 대표 꼬붕 정청래 컷아웃 장악 대통령 철학 친문들 철학 빈곤 자신들 조폭윤리 정청래 친문 민주당 서울시장 서울 이재명 보궐선거 진중권 더불어민주당 공직자 구구절절 당원 갬성 페이스북 부산시장 연대감 법무부 조폭윤리
문재인정부,비판,영남 남성 위주 인선 다양성 안 보인다 윤석열 대통령 당선자는 일 새 정부 첫 경제부총리 겸 기획재정부 장관 후보자에 추경호 국민의힘 의원 등 개 부처 장관 후보자를 지명했다 하지만 대 남성이 주류를 이루면서 다양성 이 실종됐다는 지적과 함께 인연 이 있는 인사를 중용하는 인사 성향이 반영돼 참신함이 부족하다는 지적이 나온다 윤 당선자는 이날 서울 통의동 대통령직인 영남 남성 위주 인선 다양성 당선자 윤석열 대통령 일 정부 경제부총리 추경호 국민 의원 부처 장관 후보자 지명 남성 주류 다양성 실종 지적 인연 인사 중용 인사 성향 반영 부족 지적 당선자 이날 서울 통의동 대통령 인수 위원회 기자회견 인선 경제부총리 추경호 의원 후보자 국토 교통부 장관 원희룡 제주지사 후보자 국방부 장관 이종섭 합동 참모 본부 차장 후보자 산업 통상 자원부 장관 교수 이창양 카이스트 지명 후보자 과학기술정보통신부 장관 반도체공동연구소장 이종호 서울대 반도체 공동 연구소장 후보자 문화 체육 관광부 장관 박보균 편집인 폐지 공약 후보자 여성 가족부 장관 정책특보 김현숙 당선자 정책 특보 보건 복지 장관 정호영 경북대병원장 지명 당선자 후보자 추경호 경제 부총리 공직 전문성 경험 의정 활동 바탕 경제 재도약 토대 의회 소통 원희룡 국토부 장관 후보자 국민 선대위 정책본부장 정책 공약 설계 부동산 정책 이해 김현숙 여가부 장관 후보자 공약 충실 이행 인구대책 가족정책 중점적 당선자 국가 국민 분야 기준 선정 검증 나머지 검증 대로 시일 국민 인선 다양성 지적 이날 후보자 남성 부처 후보자 인선 여성 김현숙 여가부 장관 후보자 명 추경호 원희룡 이창양 이종섭 후보자 인수위원 활동 김현숙 박보균 후보자 당선자 특보 당선자 시절 대선 캠프 당선자 인사들 발탁 인사 부족 지적 당선자 선거운동 할당 안배 대한민국 인재 한쪽 지역 세대 남녀 균형 원내대표 박홍근 더불어민주당 원내 대표 기준 원칙 철학 인사 식구 논공 행상 인사 국민 눈살 비판 인수위 명 장관 국무위원 후보자 후보자 한덕수 국무총리 추천서 공개 역대 인수위 국무총리 후보자 장관 후보자 추천 후보자 한덕수 국무총리 사무실 이날 인수위 사무실 기자들 총리 제청권 대통령 인정 인수위 단계 강조 책임총리제 강조 당선자 의지 반영 설명 후보자 당선자 추경호 인수위 김현숙 다양성 원희룡 이창양 국무총리 경제부총리 명 사무실 이종섭
문재인정부,비판,박원순 시장 벽에 페인트칠이나 해놓고 국민의힘 재개발 강조 벽에 페인트칠이나 한다고 실질적 생활환경 변화가 생기지 않는다 주민들 의견은 전반적으로 재개발이다 김종인 국민의힘 비상대책위원장이 일 박원순식 도시재생사업 추진지역인 서울 용산구 서계동을 찾아 서울시장 보궐선거 최대 이슈인 부동산 문제를 부각했다 김 위원장은 이날 서계동 청파언덕 등을 돌며 주민들과 만나 과거 박원순 시장의 재생 박원순 시장 페인트칠 국민 재개발 강조 페인트칠 변화 실질 생활환경 주민 의견 전반적 재개발 김종인 국민 비상대책위원장 도시재생사업 박원순식 도시 재생 사업 추진지역 서계동 서울 용산구 서울 시장 보궐 선거 최대 이슈 부동산 부각 위원장 청파언덕 이날 서계동 청파 언덕 주민들 시장 과거 박원순 재생사업 근본적 검토 서울시 시장 재개발 터전 공약 위원장 서울주택도시공사 사장 변창흠 국토 교통부 장관 시장 주도 도시재생사업 겨냥 현실적 시장 업적 옛날 모습 여건 평가 서울 시장 보궐 선거 여일 예비후보들 서울 시장 예비 후보 재개발 재건축 공약 지도부 전임 시장 도시재생사업 장관 부동산 정책 동시 겨냥 비판 여론 해석 위원장 기자들 시장 재임 시절 도시 재생 사업 페인트칠 정도 실질적 생활환경 변화 비판 국민 지도부 용산정비창 부지 현장 방문 용산구 지역구 권영세 의원 오세훈 서울 시장 국제 업무 지구 지정 동북아 금융 허브 야심 계획 정부 임대아파트 임대아파트 지적 재개발 위원장 서울 도시재생사업 페인트칠 서계동 부동산 용산구 주민들 오세훈 지도부 생활환경 동북아 서울주택도시공사 임대아파트 박원순 용산정비창 박원순식 예비후보들
문재인정부,산업,서진영의 명심보감 감사 편지 쓰는 출근하면 신나게 노래를 부르며 하루를 시작하는 회사가 있다 흥이 나 한껏 웃음 띤 얼굴로 스마트폰을 열어 감사 편지를 매일 통이나 보낸다 서비스 회사가 아니라 반도체의 첨단 패키징 기술 산업에 속한 네패스이다 창업자 이병구 회장은 주역 뇌지예 괘의 경영을 한다 번째 괘인 예 는 즐길 예 로 땅 위에 음악이 울려 감사 편지 출근 노래 하루 시작 회사 웃음 얼굴 스마트폰 감사 편지 통 서비스 회사 반도체 첨단 패키징 산업 네패스 회장 창업자 이병구 주역 뇌지예 경영 번 음악 준비 단계 추진 결과 즐거움 도달 준비 가지 포함 준비 해석 이병구 회장 준비 사람 성장 직원 긍정적 인격적 성장 회사 성장 생각 출근 회의 노래 경영 사람 마음 긍정적 노력 일환 회장 결과 경영자 사람 직원들 환경 상태 관리 하루 감사 편지 자신 주변 긍정적 역할 경영 방식 성과 세계 인공지능 상용화 회장 반도체 뉴런 개 클라우드 컴퓨팅 단점 극복 직원들 긍정 에너지 협업 외부 기관 모델 오픈 비즈니스 기인 평가 예괘 구사 의심 친구들 활기 요즘 고객 마음 중요 직원들 마음 경영 반도체 이병구 직원들 클라우드 통 창업자 예괘 인공지능 친구들 뇌지예 스마트폰 상용화 뉴런 인격적 네패스 번 경영자 준비
문재인정부,산업,사설 개편하면서 대학 목소리엔 귀 막나 정부가 추진하는 학년도 대학입시제도 개편안 공론화와 관련해 대학이 반대 목소리를 냈다 어제 대학입시와 대학의 자율화 를 주제로 열린 제 회 미래대학포럼에서 서울 소재 개 사립대 총장들은 정부가 대입 개편의 공을 자문기구와 시민들에게 떠넘기면서 정작 대학생 선발과 육성의 주체인 대학을 배제한 것을 비판했다 염재호 고려대 총장은 대입제도 개편 대학 목소리 막나 정부 추진 학년도 대학 입시 제도 개편 공론 대학 반대 목소리 대학 대학 자율화 주제 미래 대학 포럼 총장들 서울 소재 사립대 총장 정부 대입 개편 자문기구 시민들 선발 정작 대학 육성 주체 대학 배제 비판 총장 염재호 고려대 논의 대입 제도 개편 진행 대학 총장 생각 정부 매뉴얼 상황 지적 정부 공교육 정상 사교육 경감 초점 입시제도 손질 전환 만큼 정책 고민 시점 현장 인재 대학 의견 수렴 물론 대학 인재 자율성 산업 혁명 육성 글로벌 인재 어불성설 총장 김혜숙 이화여대 인구 중국 비교 인 명 역할 아이들 제도 인재 표시 정권 초기 교육개혁 명분 대입제도 개편 반복 입시정책 누더기 대학 자율적 학생선발권 보장 현행 고등 교육법 충돌 공론화 민주적 절차 결국 민주 답안 총장들 까닭 공론화 대입제도 총장들 정작 사립대 공교육 만큼 이화여대 서울 염재호 김혜숙 고려대 인 교육개혁 사교육 시민들 교육법 중국 아이들 학생선발권 입시제도 자문기구 입시정책 답안 막나
문재인정부,산업,코스피 금리인상 앞두고 투자심리 위축 현대차 출렁 지난 일 현지시각 뉴욕 증시는 양호한 경제지표 결과에 힘입어 상승했다 특히 한국 수출의 선행 역할을 하는 산업생산지표가 전월 대비 증가했다 이를 두고 증권업계 일각에선 한국 증시가 일 상승 흐름을 보일 가능성이 높다고 예상했다 그러나 새로운 한주를 맞은 국내 증시는 예상과 달리 지지부진한 모습을 보이고 있다 자세히 들여다보면 종목 코스피 금리인상 투자 심리 위축 현대차 일 현지시각 뉴욕 증시 양호 경제 지표 결과 상승 한국 수출 선행 역할 산업생산지표 전월 대비 증가 증권업 일각 한국 증시 흐름 상승 가능성 예상 한주 증시 예상 지지부진 모습 요인 종목 변화 종목 장세 코스피 시가 총액 상위 종목 현대차그룹주 미국 도로 교통안전 일 현지시각 미국 출시 현대 기아차 에어백 결함 명 사망 원인 조사 조사 대상 년 쏘나타 만 년 년 포르테 만 차종 에어백 충돌 사고 발생 명 명 현대차 원 하락 만 거래 현대모비스 기아차 상태 삼성에스디에스 삼성 약세 전자 하나금융지주 삼성전기 현대제철 오름세 전거래일 대비 코스닥 시총 상위 종목 메디톡스 티슈진 제넥신 에이치엘비 나노스 강세 셀트리온제약 포스코켐텍 펄어비스 네이처셀 컴투스 하락 흐름 전문가들 현지 시각 기준 이달 예정 세계 투자자 관심 집중 설명 연방준비제도 연준 경제 성장 전망 기준금리 전망 제롬 파월 연준 의장 주재 회의 세계 증시 관심 집중 미국 코스피 현지시각 연준 기아차 명 에어백 현대차 한국 제롬 전거래일 코스닥 삼성 삼성에스디에스 하나금융지주 포르테 셀트리온제약 나노스 만 포스코켐텍 만
문재인정부,성장,년간 조 목표 농어촌상생기금 년간 억만 걷혀 문재인 대통령은 지난 일 신년 기자회견에서 여당이 거론하기 시작한 코로나 이익 공유제에 대해 민간에서 자발적으로 전개하고 참여 기업에 국가가 강력한 인센티브를 제공하는 것이 바람직하다 며 과거 선례가 있다 고 했다 한중 를 체결할 때 기업과 공공 부문이 함께 기금을 조성해 피해를 보는 농어촌 지역을 돕는 이른바 농어촌상생협력기금이 운영 년 조 농어촌상생기금 농어촌 상생 기금 년 억 팩트 체크 대통령 이익공유제 모범사례 문재인 대통령 기자회견 신년 회견 여당 거론 시작 공유제 코로나 이익 공유 민간 자발적 전개 참여 기업 국가 인센티브 제공 과거 선례 체결 기업 공공 기금 조성 피해 농어촌 지역 농어촌상생협력기금 운영 정작 재계 대통령 선례 제시 농어촌상생협력기금 모범 사례 타산지석 반면교사 사례 반론 기금 성격 재계 비판적 농어촌상생협력기금 타산지석 농어촌상생기금 자유무역협정 국회 협의체 농어민 반발 기금 주도 박근혜 정부 시절 국회 문재인 대통령 야당 새정치민주연합 대표 이익 기업 년 원씩 년 조 기부 농어촌 지원 재계 세계적 유례 제도 비판 정치권 외면 홈페이지 농어촌 상생 기금 기금 목표액 상태 년 기금 억 한국전력공사 공기업 억 대기업 억 적자 조 한국전력공사 억 억 서부 남부 중부 남동 동서발전 억 중견 기업 중소기업 만 그룹 고위 임원 전자제품 부품 세계무역기구 정보기술협정 중국 수출 무관세 이익 농어촌 기부 노릇 현대차 롯데 사태 사드 보복 중국 사업 실적 기금 모금 저조 농어촌 지역구 국회의원들 국정감사 총수 임원 증인 신청 재계 압박 국감 그룹 대관 임원들 고위 임원 국회 간담회 기금 참여 독려 대관 박근혜 정부 미르 스포츠재단 기금 조성 대기업 홍역 일정 금액 기부 이사회 의결 정치 요구 수용 농어촌기금 실패 사례 실패 반복 기업 코로나 수혜 극소수 기업 사이 코로나 사태 이익 기업 극소수 지적 이낙연 더불어민주당 대표 국회 플랫폼 기업 화상 간담회 이익 공유 자발적 참여 독려 대표 최성진 코리아스타트업포럼 스타트업 성장 이익 기업 정치권 대표 코로나 수혜 기업 쿠팡 억 원대 영업손실 증권가 추산 위 배달 업계 배달 민족 배달 업체 출혈 경쟁 적자 증권가 회사 년 억 원대 영업손실 기록 상황 인터넷 업체 대표 기업 카카오 년 적자 당기 손실 기록 네이버 영업이익 분기 누적 영업 이익 억 대비 전년 동기 코로나 특수 수준 그룹 코로나 영업이익 금융 정보 업체 에프앤가이드 그룹 영업이익 증가 전년 대비 그룹 삼성 곳 박원우 서울대 경영대 교수 코로나 수혜 상대적 기업들 이익 기업들 이익 공유 자유 시장 기본 논리 코로나 농어촌 대기업 농어촌상생기금 대관 영업이익 증권가 정치권 간담회 기업들 중국 한국전력공사 조 억 농어촌상생협력기금 임원들 박근혜 타산지석 극소수
문재인정부,성장,회사 떠나니 연락하는 후배 하나 없네 섭섭한 당신에게 더 오래 강명주의 비긴어게인 어느덧 올 한해도 달력 장만을 남기고 있다 새해 새 아침 새 각오로 시작한 날이 바로 엊그제 같은데 벌써 한해를 마감하는 달로 넘어가고 있다 세월 한번 참 빠르다 그 빠른 세월 속에서도 변함없이 찬바람과 함께 명퇴 바람이 불고 있다 이번 연말에도 어김없이 금융권에서는 은행별 다소 시차는 회사 연락 후배 강명주 어게인 달력 새해 각오 시작 엊그제 마감 세월 세월 찬바람 명퇴 바람 연말 금융권 은행별 시차 희망퇴직신청 공지 예정 연말 월 월 명예퇴직 금융권 조건 희망 퇴직 요건 대 년 근무 직원들 대상 걱정 명예퇴직 신청 금융인 걱정 걱정 정기적 연말 직장생활 마무리 선배들 뒷모습 마음 명예퇴직 미래 두려움 마련 걱정 미래 본인 걱정 후배들 걱정 금융환경 후배들 걱정 경험 선배들 공백 인원보충 후배들 일들 상황 생각 후배들 미안 나름 퇴직준비 기간 후배들 기간 후배 본인 생각 기회 과거 경험 부서 직원 후배들 이것저것 아쉬움 명예퇴직 신청 부서원들 직원들 그동안 지도 편달 감사 고개 송별회식자리 모두들 감사 선물 꽃다발 선물 그동안 추억 깨알 글들 감사 표시 마음 미안 아쉬움 기업 임원 임시직원 약자 퇴직 생각 순간 사직서 책상 서랍 준비 미련 마음 준비 가지 마음 마지막 최선 직원들 경험 퇴직 외부 내부 기회 주위 경력 독려 마지막 생각 퇴직 결정 순간 생각 년 마음 본능적 직원들 혜택 기회 노력 인사철 기간 성과급 보상 신경 나라들 비교 한국 직원들 상대적 대우 주저 부서 형평성 승진 보류 반려 상황 이해 보상 영국 영국 그룹 임원 설득 소기 성과 그룹 설득 인사부장 한몫 내색 주도적 정성 인사부장 미안 미안 퇴임 후임자 양성 외부 상무 마무리 작업 최선 마지막 책상 동료들 차례 눈시울 고마움 미안 동료들 상사 최선 미안 송별회 미련 은행 열정 직원 애정 모습 임원들 행동 직원 이야기 뒷모습 미련 미련 욕심 마음 마음 동료들 부담 경험 독려 말들 잔소리 퇴직자들 퇴직후 직원들 직장생활 상처 상처 퇴직 한마디 마무리 인사 반대 인사 조직 입장 반대 자극 성장 기회 추석 연휴 모임 퇴직자 토로 직원들 연락 직원 반문 재임 기간 선배 안부 전화 겨울 문턱 달력 장씩 마무리 초겨울 나뭇가지 여름철 잎들 빈자리 한겨울 바람 햇살 아랑곳 겨울 새봄 준비 세월 인재 개발원 대표 원장 직원들 후배들 명예퇴직 퇴직자 그동안 임원들 영국 뒷모습 동료들 인사부장 직장생활 금융권 성과급 선배들 개발원 깨알 잎들 송별회식 여름철 빈자리 송별회식자리 나라들 나뭇가지 인원보충 대우 잔소리 후임자 퇴직자들 눈시울 한겨울
문재인정부,성장,요양원서 어린이 문화교실 어르신과 아이 함께 율동하며 웃음꽃 치매 노인들이 모여 사는 영국 런던의 한 요양원은 아이들 웃음소리로 가득했다 세 이하 아이 명이 카펫 위를 뒹굴고 부모와 어르신 명이 빙 둘러앉았다 어르신과 아이들은 가족이 아니지만 함께 노래를 부르고 율동을 배웠다 사회적 기업 투게더 프로젝트 가 진행하는 노래와 미소 프로그램이다 아동이 참여하는 문화 교육 프로그램이 노인 요양 문화교실 요양원서 어린이 문화 교실 어르신 아이 율동 웃음꽃 청년 미래 탐험대 아일랜드 현장 세대 교류 관심 세대 통합 김의현 청소년 노인 소통 올드 스쿨 학생 자신감 어르신들 외로움 치매 노인 영국 런던 요양원 아이 웃음소리 세 아이 카펫 부모 어르신 어르신 아이들 가족 노래 율동 사회 기업 투게더 프로젝트 진행 노래 미소 프로그램 아동 참여 프로그램 문화 교육 노인 요양원 년 시작 반응 요양원 확대 전문가 음악 치료 참여 수준 프로그램 참가비 무료 부모 아이 참석 개월 아들 엄마 재나 번 방문 노인들 친밀감 아이 긍정적 영향 센터 스코틀랜드 에든버러 시타델 청소년 청소년 어르신 금요일 청소년 어르신 명상 보드게임 탁구 요리 일반 고등학교 웃음 년 운영 스핀 프로그램 년 지역 학교 연계 학교 적응 어려움 청소년들 어르신 소통 친분 자신감 올드스쿨 프로그램 운영 교복 차림 라이언 할머니 할아버지들 조지 할아버지 나이 가족 외로움 세대 교류 세대 노인 기획 청년 세대 도움 사실 현장 확인 박사 아일랜드 더블린시티대학 트루디 코리건 대학생 노인 디지털 기기 소셜 미디어 활용법 수업 청년들 자신들 정보기술 지식 티타임 어르신 티타임 대화 지혜 얘기 고령화 진행 스코틀랜드 세대 교류 세대 지원 기관 제너레이션스 워킹 투게더 설립 정부 재정 후원 교육 네트워킹 정책 제안 방식 세대 교류법 기획 대표 앨리슨 클라이드 세대 교류 고령 사회 대처 성장 동력 노년 경험 지혜 젊은이 에너지 창의력 완벽 조합 요양원 아일랜드 스코틀랜드 자신감 티타임 고령화 아이들 코리건 앨리슨 클라이드 노인들 올드스쿨 웃음소리 창의력 조지
문재인정부,세금,월간중앙 쓰레기통 문 닫자 폐지 줍는 한국 노인들 비명 왜 쓰레기 수출길 막히자 관련 기업은 반사이익 늑장 대응 오락가락 재활용 정책이 현장 혼란 부추겨 년 왕구량 감독의 다큐멘터리 영화 플라스틱 차이나 는 중국에서 상영이 금지됐다 중국 당국으로서는 비참한 상황 속에서도 국가주석을 지낸 마오쩌둥 찬양 노래를 부르는 모습이나 최악의 보육 환경 속 아이들을 통해 부조리한 중국 실상이 드러나는 쓰레기통 폐지 쓰레기통 비명 한국 노인 조치 폐기물 금수 한국 배출 규제 쓰레기 수출 기업 반사이익 늑장 대응 정책 부추겨 현장 혼란 감독 왕구량 다큐멘터리 영화 플라스틱 차이나 중국 상영 중국 당국 비참 상황 국가주석 노래 마오쩌둥 찬양 모습 최악 보육 환경 아이 부조리 중국 실상 부담 영화 메시지 세계 쓰레기 하치장 자처 중국 현실 리얼 중국 당국 영화 상영 플라스틱 차이나 국제다큐멘터리영화제 암스테르담 국제 다큐멘터리 영화제 각종 국제 영화제 중국 온라인 인기 비난 여론 중국 정부 결국 수입원 포기 특단 대책 환경보호부 중국 환경 보호부 연말 폐플라스틱 분류 폐지 폐금속 폐방직 원료 종 고체 폐기물 수입 중단 선언 조치 그동안 중국 세계 쓰레기 수입 년대 자원부족 해결 외국 재활용 고체 폐기물 수입 산업화 활용 장려 결과 수입 음료수 분해 섬유 금속 재가공 수입 폐지 포장재 생산 중국 수입 규모 폐기물 달러 조 중국 정부 폐기물 수입 중단 조치 세계무역기구 수입 폐기물 상당량 유해 폐기물 원자재 사용 가능 고체 폐기물 환경 중국 최대 고체 폐기물 수입국 미국 미국 폐기 금속 회수공업협회 만 명가량 노동자 중국 수출 폐기물 업종 폐기물 직간접적 종사 평균임금 만 달러 정부 납부 세금 달러 미국 중국 수출 폐금속 규모 달러 조 폐지 수집 노인 수입 기업 이익 중국 폐기물 수입 발생 폐기물 만 중국 한국 영향권 우리나라 폐지 우리나라 소화 중국 수출 공급 과잉 가격 폐지 폭락 상황 자원순환정보시스템 고물상 중간 가공 업체 가격 평균 수도 기준 월 원 하락 월 원 폐골판지 월 원 폭락 노인들 폐지 수집 노인 청천벽력 소식 무게 폐지 수집 절반 가격 상황 반사이익 제지 업계 폐지 생산 종이 상대적 산업용지 적합 택배 포장지 골판 지도 폐지 생산 폐지 가격 비용 부담 판매 제품 제지업체들 수익성 개선 상태 만 한솔제지 주가 만 초반대 형성 한솔제지 관계자 중국 폐지 수입 중단 산업 용지 원재료 고지 폐지 가격 생산비용 폐지 부족 중국 업체 산업 용지 단가 상대적 수출 환경 설명 증권가 긍정 전망 금융투자 한솔제지 분기 실적 주가 만 만 상향 연구원 정기 금융 투자 매출액 연결 기준 영업이익 억 억 집계 영업이익 컨센서스 시장기 대치 호실적 평가 연구원 연결 기준 매출액 영업이익 동기 증가 조 억 추정 투자 의견 매수 유지 역설적 상황 폐지 수입 중국 골판지 수입 골판지 원재료 폐지 수입 제한 중국 골판지 생산 차질 우리나라 골판지 수출 만 최대 물량 기록 수출 골판지 중국 비중 상반기 월 급등 연구원 최문선 한국투자증권 생산 골판지 원지 어려움 중국 원지 수입 업체 수출 골판지 원지 수급 걱정 상황 골판지업 관계자 골판지 원재료 폐지 가격 하락 영업이익률 급증 수출량 증가 유사 이래 최대 호황 매출액 비중 골판지 상자 골판지 원지 차지 신대양제지 년 주가 상승 여력 석유 화학 업계 상황 중국 폐플라스틱 수입 제동 재활용 제품 수요 일반 제품 수요 전환 폐플라스틱 수입 차지 폴리에틸렌 폴리에틸렌 테레프탈레이트 화학제품 수요 증가 연구원 조현렬 삼성증권 만 폐플라스틱 수입량 만 만 비중 차지 중국 수요 만 폐 수입 규모 수준 감안 절반 치환 중국 수요 가량 성장 쓰레기 대란 가중 플라스틱 혼란 기업 호시절 국민 정작 우리나라 대란 쓰레기 곤욕 업체들 쓰레기 수거 업체 폐비닐 스티로폼 수거 통보 업체 폐플라스틱 수거 직접적 중국 정부 폐자재 수입 전면 중단 시세 재활용 쓰레기 분류 비용 국민 불편 가중 환경부 지자체 수거 업체 접촉 사태 마무리 미봉책 지적 환경부 뭇매 대통령 지적 문재인 대통령 중국 폐기물 수입 중단 예고 월 수입 월 만큼 상황 예상 부처 대처 중앙정부 대응 부족 정색 환경부 종합 대책 년 비닐봉투 회용 사용량 년 감축 플라스틱 폐기물 발생량 단계 대책 추진 골자 시행 커피 전문점 플라스틱 사용 자제 지침 국민들 피부 혼란 설명 홍보 부족 상태 사안 진행 커피전문점 손님 사이 실랑이 홈페이지 청와대 국민 청원 커피 전문점 점주 회용 사용 제한 매장 사용 추가 설거지 인력 충원 장비 세척기 구매 비용 추가 운영 증가 하소연 회용 대체품 확보 상태 진행 무책임 처사 대책 촉구 소장 홍수열 자원순환사회경제연구소 강화 일회용품 규제 김은경 환경부 장관 취임 시작 회용 보증금제 업체 자율협약 진행 확인 쓰레기 대란 환경부 책임 제기 가시적 성과 규제 속도 강도 스텝 측면 언급 소장 플라스틱 규제 부각 상황 플라스틱컵 사용 종이컵 비닐 코팅 재활용 재질 영화관 팝콘통 규제 소장 일회용품 대체 플라스틱 종이 규제 현장 혼란 규제 일회용품 사용 근본 정책 상황 쓰레기 대책 원인 폐기물 요원 긍정적 시각 교수 박상우 충남도립대 저탄소자원순환연구소장 구체적 달성 정책 수단 활용 제품 생애 주기 단계 대책 마련 폐기물 관리 정책 측면 접근 차원 점수 교수 순환경제정책 유엔 지속 가능 발전 이행 일환 마련 보완 요구 사항 단서 박상우 교수 환경부 독일 함부르크 정상 회의 해양 쓰레기 행동계획 플라스틱 전략 대응 월 준비 관계자들 환경부 대책 쓰레기 아무것 준비 항변 상황 대처 지적 유효 쓰레기 대란 촉발 쓰레기 근본 대책 환경부 쓰레기 수거 구조 민간업체 수거 거부 개월 지자체 신고 보완책 수준 이사장 이장근 한국폐자원에너지협동조합 쓰레기 대란 수거 수거 선별 소각 매립 에너지 이해관계 사안 이사장 자체 일회용품 배출 발생 쓰레기 처리 고민 강조 중국 수출 생활용 산업용 폐기물 매립장 소각장 한계 규제 대표 사례 병합 발전소 연료 고형 폐기물 가연 생활 쓰레기 다이옥신 발생 폐고무류 제외 쓰레기 압축 고형화 수분 고형 연료 매립 소각 생활쓰레기 신재생 연료 재사용 취지 정부 추진 쓰레기 자원 정책 걸음 정부 대도시 사용 제한 조치 환경부 미세 먼지 관리 종합 대책 인구 밀집 지역 서울 부산 인천 대구 광주 대전 울산 전국 도시 경기 개 단위 고형 연료 사용 제한 지역 지정 업체 에너지 곳 규제 무용지물 상태 이사장 폐기물 전락 처리 실정 환경 정책 산업 전반 영향 장기적 체계적 진행 환경부 모습 탁상행정 전시행정 주장 허인회 월간중앙 중국 폐기물 재활용 환경부 골판지 회용 폐플라스틱 일회용품 우리나라
문재인정부,세금,사설 세계 최고 원전 기업이 쓰러지기 직전이라니 정부의 탈원전 정책 영향으로 경영 위기에 빠진 두산중공업에 국책은행인 산업 수출입은행이 조원의 긴급 대출을 지원해주기로 했다 두산중공업은 국내 유일의 원전 주기기 생산 업체다 독보적 기술을 쌓아와 조원 규모 해외 원전을 수주하는 등 세계 시장에서 활약해왔다 이 우량 원전 기업이 사실상 공적 자금을 지원받아 연명하는 황당한 지경에 이르렀 세계 최고 원전 기업 직전 정부 영향 탈원전 정책 경영 위기 두산중공업 국책은행 산업 수출입은행 조 긴급 대출 지원 두산중공업 유일 원전 주기기 생산 업체 독보적 조 원전 규모 해외 수주 세계 시장 활약 기업 우량 원전 사실 자금 지원 연명 지경 두산중공업 경영난 유가 하락 탈원전 매출 감소 영향 과학 근거 이념적 결정 탈원전 정책 산업체 국가 기간 사실상 국민 세금 투입 사태 원전 사업 정도 세계 경쟁력 자랑 산업 한국 원전 정부 에너지 정책 탈원전 급속 몰락 정부 호기 신한울 호기 포함 신규 원전 건설 백지화 핵심 설비 원자로 증기 발생기 두산중공업 매출 조 날벼락 두산중공업 매출 원전 비중 영업이익 원전 차지 비중 결국 억 손실 직원 대상 희망퇴직 자구 노력 당장 당장 억 상환 부담 결국 정부 두산중공업 전력 공급 한국전력 부품 중소 협력사 전반 원전 생태 붕괴 조 흑자 한전 조 영업 적자 원전 운영 한수원 한전 한전산업개발 협력사들 적자 두산중공업 협력 업체 신규 납품 계약 건수 급감 협력업체 두산중공업 중심 원전 협력사 밀집 경남 창원 지역경제 정부 산업 한국 원전 안전성 세계적 원전 프랑스 일본 미국 원자력 규제 위원회 설계 인증 미국 국가 미국 유일 유럽 사업자 인증 비용 원전 건설 프랑스 절반 미국 분 수준 만큼 경제 세계 최강 경쟁력 토대 아랍에미리트 원전 사업 기 건설 세계적 시대 원전 르네상스 호황 예상 원전 산업 정부 탈원전 정책 고사 위기 투입 자금 조 가능성 탈원전 정책 폐기 호기 건설 신한울 호기 재개 유일 해결책 두산중공업 미국 탈원전 조 협력사 경쟁력 신한울 한전 프랑스 사실상 만큼 협력업체
문재인정부,세금,죽어라 뛰는데 답이 없다 백종원 이마트 파워도 안 먹히는 청년몰 전통 시장 상인 평균 나이는 세다 시장의 고령화는 일찌감치 제기된 문제다 년 문화관광부가 문전성시 프로젝트 를 기획했다 청년의 패기로 시장을 혁신한다는 것이다 이듬해 말 전주남부시장에 청년몰이 들어섰다 아기자기한 문화적 터치로 화제가 됐다 전국 전통 시장에 세 이하 청년 자영업자를 위한 몰 을 설치하는 국 백종원 이마트 파워 청년몰 논설실 청년 몰이 쇠락 예산 청년몰 사업 실효 논란 시장 부활 사업 청년 일자리 소비자 파급 효과 미지수 나이 전통 시장 상인 평균 세 시장 고령화 제기 문화 관광부 문전성시 프로젝트 기획 청년 패기 시장 혁신 이듬해 전주남부시장 청년몰 문화 터치 화제 시장 전국 전통 세 청년 자영업자 설치 사업 국가 주도 자영업자 육성 시작 정부 문재인 정규 사업 년 사업 예산 억 청년몰 전국 점포 곳 폐업 청년 이미지 인터넷 믿거 청년 만족도 문화부 근무 공무원 환상 출발 재앙 표현 시범사업 성공 사업 중기청 전통 시장 소상공인 사업 문화부 바리즘 작동 분위기 중기청 중소벤처기업부 승격 예산 집행 독촉 정도 청년 일자리 마케팅 정부 세금 지자체 매칭펀드 청년들 의욕 시장 상인 년 전국 청년몰 곡소리 대전 부산 개 청년몰 통째 폐업 추가 폐업 논의 복수 년 월 영업 곳 영업률 점포 지표 생존율 개업 업체 생존 개업 세금 생존 수치 획기적 청년 몰이 노후 시장 활성 도움 기여 엄두 대박집 청년몰 쇠락 식당가 서울 중구 서울파이낸스센터 지하 인기 식당 온센 일본식 튀김 덮밥 청년몰 출신 청년몰 인천신포시장 눈꽃 마을 식당 배달 주방 경력 사장 시작 정부 세금 임차료 년 회계 장부 관리 창업 교육 백종원 골목식당 칭찬 서울 대구 손님 식당 가맹점 매출 억 출연 만스김밥 가맹점 모집 대전 박유덕 막걸리 머스마빱 방송 유명 성공 창업기 전무 청년몰 청년 창업가 산실 소상공인시장진흥공단 청년몰 사업자 설문조사 점포 매출 월평균 영업 이익 적용 점포 만 세금 만 원짜리 사장님 방송 출연 성공 인천 신포시장 눈꽃 마을 청년몰 화요일 정오 쇠락 놀이공원 외양 청년몰 도 날씨 영업 식당 점포 방치 토요일 시각 청년몰 신포시장 상점 주말 공갈빵 매장 명 근처 일식당 손님 시간 대기 청년몰 점포 점포 공지 평일 광장 여성 청년몰 신포시장 상점 닭강정 청년 몰이 시장 중심 상권 분리 손님 주말 시장 구조 결함 오픈 오픈 눈꽃마을청년몰 월 방송 손님 지자체 예산 각종 행사 이벤트 손님 민원 출입구 쓰레기 것들 구청 골목식당 출연 협찬 억 지불 사실 혈세 낭비 시민 단체 민원 식당 방송 출연 떼돈 손님 음식 대기 불만 식당 인근 호 세금 지원 청년몰 대리 영업 민원 제기 결국 청년몰 식당 코앞 추가 매장 시장 사람 손님 느낌 공동 청년몰 신포시장 상인회장 방송 매장 청년몰 실장 소상공인 시장 진흥 공단 박진희 임차료 지원 년 대박집 손님 동시 임차료 초기 청년몰 유동 인구 세금 건물 손님 진리 간과 백종원 이마트 남문시장 부산 동구 노브랜드몰 입점 취소 청년몰 사업 계획 폐지 이마트 자체 제작 상품 노브랜드몰 곳 전통 시장 상생 스토어 시장 이마트 파워 시장 손님 어시장 층 노브랜드몰 구성 당진어시장 삼척 중앙시장 모델 비교 성공 노브랜드몰 부족 지자체 예산 어린이 놀이방 도서관 카페 성과 지자체 이마트 기업 사양 눈치 이마트 손해 이익 손익 상생 관점 접근 경동시장 시장 노브랜드몰 놀이방 아이 청년몰 식사 손님 청년몰 전반 사업 가지 상권 청년 도전 정신 식자재 시장 상생 상인들 민원 대장 구청 공무원 규정 타령 지자체장 전임자 사업 예산 시장 피자 핫도그 떡볶이 식당 패착 비결 단순 경쟁력 식음료 능력 유동 인구 마케팅 결국 세금 자영업 집단적 학습 중기부 자료 청년몰 예산 년 억 예산 지자체 매칭 억 중기청 지자체 대 비율 투입 예산 억 년 청년몰 세금 억 지출 점포 계산 점포당 억 원씩 지원 임차료 청년들 수치 청년몰 공동체 정신 희망 단체 채팅 방서 정보 공유 온라인 배송 개관 미술관 스페인 빌바오 관광객 연간 미술관 도시 쇠락 도시 미술관 빌바오 효과 정부 지자체 문화 예산 편성 정작 미술관 설계 게리 건축가 프랭크 뉴욕타임스 인터뷰 빌바오 효과 개소리 지하철 철도 공항 불가능 인프라 조성 먼저 얘기 청년 문화 체질 전통 시장 개조 청년몰 사업 빌바오 환상 출발 유통 혁명 자영업자 노하우 부족 핵심적 간과 실장 소상공인 시장 진흥 공단 박진희 청년몰 사업 초기 건물 임대 매입 설비 사업 시작 대목 중소벤처기업부 통화 점포 시설 투자 고급 인큐베이팅 방안 마련 청년 조직 긍정적 일 경동시장 이지은 청년몰 청산제과 대표 조선일보 청년 취재 얘기 감독 관청 청년 사업자 단체 채팅방 연결 각종 정보 공유 공동체 구성 코로나 청년몰 단기간 온라인 배송 배달 활로 연결성 인큐베이팅 수준 미지수 소비자 음식 영업 노하우 정부 강사료 전수 사람 참고 특정 브랜드 조미료 양조 식초 간장 평양냉면 육수 노하우 전수료 년 만 청년몰 지자체 이마트 노브랜드몰 임차료 빌바오 중기청 미술관 점포당 자영업자 신포시장 소상공인시장진흥공단
문재인정부,소통,아리바이오 치매예방 돕는 메모 리 앱 출시 세계 최초 경구용 치매 치료제 의 글로벌 임상 상을 앞두고 있는 아리바이오가 경증 치매 예방 및 관련 장애 개선을 위한 디지털 치료제 메모 리 애플리케이션 앱 을 전문의료기관 및 신경학 전문가들과 함께 개발해 출시를 앞두고 있다 이미 해외에서도 활발하게 연구 중인 디지털 치료제는 다양한 종류의 신체적 정신적 행동적 건강 상태 아리바이오 치매예방 메모 출시 소셜 네트워크 형태 서비스 의료기관 신경학 전문가 세계 경구 치매 치료제 상 글로벌 임상 아리바이오 예방 경증 치매 개선 장애 메모 디지털 치료제 애플리케이션 전문의료기관 신경학 전문가 출시 해외 디지털 치료 종류 신체적 정신적 상태 행동 건강 문제들 예방 관리 치료 약물 치료법 병행 사용 환자 관리 최적화 도움 메모 치매 질환 형태 소셜 네트워크 서비스 서비스 장기 기억 단기 기억 회상 자극 치매 예방 경도 장애인 장애 개선 유도 디지털 치료제 디지털 치료제 정보기술 타사 아리바이 치매 노하우 데이터 회상요법 장기 기억 단기 기억 회상 자극 치매 예방 경도 장애 개선 유도 치매 특성 핵심 집중 설계 환자 치료용 느낌 제작 고령 사용 방식 역방향 소통 적용 제스처 사진 음성 영상 피드백 반응 기록 아리바이오 메모 사회 가치 공헌 콜렉티브 임팩트 추진 의료 종사자 신경학 전문가 치매 고통 환자 가족들 자원 역량 집중 신약개발 디지털 치료제 데이터 제공 메모 하버드대 의대 신경과학 전공 에이브러햄 다다 다트머스 대학 프레드 아리바이오 플랫폼 연구소 합류 본격적 시작 치매 질환 치료 노인 권위자 분당서울대병원 뇌신경 센터장 김상윤 교수 미국 정신 의학협회 미국정신의학 신경학 위원회 노인정신 위원 겸임 입시트 바히아 전문 개발진 참여 아리바이 경구 치매 치료제 글로벌 임상 시험 성공 상장 상반기 코스닥 특례 보증기금 한국기업데이터 평가 결정 바이오 업계 주목 회사 아리바이오 치료제 신경학 전문가 미국 아리바이 경도 분당서울대병원 코스닥 역방향 상반기 프레드 네트워크 장애인 기업데이터 한국 한국기업데이터 콜렉티브 보증기금
문재인정부,소통,개국 개최 확정 규모 대폭 확대 음악 시상식 엠넷 아시안 뮤직 어워즈 의 규모가 대폭 확대됐다 종합 콘텐츠 기업 은 일 를 오는 월 일부터 월 일까지 베트남 일본 홍콩 총 개 지역에서 개최한다 고 밝혔다 이로써 아시아 전역이 음악으로 하나 되는 개최 확정 규모 확대 음악 시상식 엠넷 아시안 뮤직 어워즈 규모 확대 종합 콘텐츠 기업 일 베트남 일본 홍콩 지역 개최 아시아 전역 음악 마마 위크 예정 씨어터 베트남 호아빈 시작 아레나 일본 요코하마 홍콩 더블유 홍콩 아레나 아시아월드 엑스포 개최 아시아 아티스트 교류 산업 아시아 음악 전문가들 조명 전문 시상식 전문 강화 국가 아티스트 국가 개최지 축하공연 계획 문화 경제 중심지 다년간 개최지 홍콩 규모 아시아 최대 음악 시장 보유 일본 상징성 수교 주년 베트남 음악 시장 성장성 평가 강국 동남아 신흥 아시아 최고 아티스트들 섭외 관객들 아티스트 소통 프로그램들 준비 음악콘텐츠부문장 신형 음악 콘텐츠부 문장 년 노하우 바탕 확대 개최 최대 규모 시상식 아시아 음악 음악 사랑 아시아 최고 축제 사진제공 아시아 홍콩 일본 베트남 아티스트들 시상식 신흥 아레나 개최지 엠넷 호아빈 어워즈 요코하마 더블유 아시아월드 다년간
문재인정부,소통,유엔사 한미연합사 거친 그 미국인 과 협상땐 혀 내둘러 한국과 협상에 들어간 미국인들은 협상장을 나오며 한국인들은 정말 고도의 협상가 라고 혀를 내둘러요 청와대 외교안보수석실 유엔사령부 한미연합사령부 등을 거친 외교 안보 전문가 김희은 사진 아시아태평양전략센터 대표는 중앙일보와의 인터뷰에서 이렇게 말했다 미국이 한국을 동등한 협상의 대상으로 보는 동 유엔사 한미연합사 미국인 협상땐 청와대 유엔사 경험 한미연합사 근무 워싱턴 한국인 설립 다국 싱크탱크 미군 감축 논의 워킹그룹 존재 자체 긍정 신호 한국 협상 미국인들 협상장 한국인들 고도 협상가 청와대 외교 안보 수석실 유엔사령부 한미연합사령부 외교 안보 전문가 김희은 아시아태평양 전략 센터 대표 중앙일보 인터뷰 미국 한국 동등 협상 대상 동시 상대 고도 전략가 평가 의미 대표 여름 미국 월 미국 워싱턴 한국인 아시아태평양전략센터 다국 싱크탱크 아시아태평양 전략 센터 지역 아시아 태평양 국가 현실 개별 외교 안보 정책 방향 제시 교착상태 방위비분담금특별협정 협상 협상 내부 경험 미군 세계 군사 감축 순환 배치 논의 설명 한국 분담금 협상 해결 가능 이슈 머리 일희일비 강조 한국 실용 외교 전략 미국 호주 영국 베트남 싱가포르 국가들 아시아 태평양 국가 협력 강화 조언 우리나라 국가들 정치이념 국민통합 혼란 가속화 민주주의 국제규범 가치 공유 국가들 협력 설명 대표 내부적 과거 역사 건설적 선행 지적 대표 양국 감정 이슈 일본 한국 나라 강조 연합훈련 대표 군대 훈련 의대 수술 의사 연합훈련 전작 전환 주권 연계 생각 지적 한미연합 사령부 근무 군복 키리졸브 훈련 참여 경험 주장 워킹그룹 해체 워킹그룹 대북 논의 소통 통로 실무 이야기 워킹그룹 사실 자체 긍정적 신호 활용 외부 간섭 신속 실마리 방법 한국 대북정책 방향 질문 북한 대로 북한 판단 북한 메시지 가지 한국 동맹 도발 대응 민족 제안 한국 미국 워킹그룹 싱크탱크 아시아 청와대 한국인 국가들 아시아태평양전략센터 사령부 한미연합사령부 미국인 분담금 태평양 워싱턴 미군 한미연합사 연합훈련 아시아태평양 한미연합 가속화 민주주의 국제규범 국민통합 교착상태 방위비분담금특별협정
문재인정부,수용,속보 삼성 반도체 백혈병 공식 사과 발표 년 만에 마침표 지난 년간 사회적으로 깊은 상처를 남긴 삼성전자 반도체 백혈병 사태에 대해 삼성전자가 공식 사과했다 피해자 측과 합의한 보상 및 지원도 이행한다 김기남 삼성전자 대표이사 사장 는 일 서울 중구 프레스센터에서 열린 삼성 반올림 중재판정이행합의 협약식 에서 소중한 동료와 그 가족들이 오랫동안 고통받았는데 삼성전자는 이를 일찍부터 성심껏 백혈병 삼성 반도체 공식 사과 년 침표 년 사회적 상처 삼성전자 반도체 백혈병 사태 삼성전자 공식 사과 피해자 합의 보상 지원 이행 대표이사 김기남 삼성전자 대표 이사 사장 서울 중구 프레스 센터 삼성 반올림 중재판정이행합 협약식 동료 가족들 오랫동안 고통 삼성전자 그간 과오 인정 아픔 배려 해결 노력 부족 조정위원회 중재안 조건 수용 이행 삼성전자 대표 이사 반도체 디스플레이 직업병 회견 방식 사과 권오현 회장 부문장 시절 이날 협약식 피해자단체 반올림 황상기 대표 피해자 가족 여명 참석 고용노동부 한국산업안전보건공단 정부 공공 기관 관계자 의원 심상정 정의당 대표 이정미 정의당 우원식 한정애 더불어민주당 의원 자리 황유미씨 대표 황상기 반올림 유미 약속 그간 아픔 노동자 혼자 회사 안전보건 의견 대기업들 솔선 안전보건 소회 이날 협약식 삼성전자 반도체 사업장 발생 백혈병 질환 발병 해결 조정위원회 조정위 중재안 이행 약속 삼성전자 반올림 반도체 노동자 건강 인권지킴이 합의 피해 보상 업무 위탁 제 기관 법무법 지평 지원 보상 위원회 위원장 조정위원장 중재안 김지형 대법관 삼성전자 별도 출연 억 산업 안전 보건 발전 기금 기탁 기관 한국산업안전보건공단 조정 중재 이날 마침표 합의사항 지원 보상 절차 개시 지원보상업무 총괄 법무 법인 지평 위원장 시일 피해자 지원 보상 개설 지원 보상 사무국 지원 보상 위원회 구성 작업 착수 년 사태 해결 피해보상 양측 합의 가능 양측 합의 중재안 대립 보상 범위 확대 핵심 삼성전자 반도체 양산 라인 기흥사업장 제 라인 준공 기흥 준공시점 반도체 라인 년 삼성전자 현직자 퇴직자 전원 사내 협력 업체 현직자 퇴직자 전원 대상 지원 보상 기간 년 별도 지원 보상 범위 백혈병 비호지킨림프종 다발성골수종 폐암 종 반도체 논란 갑상선암 제외 포함 희귀암 환경 질환 포함 다발 경화증 쇼그렌증후군 전신경화증 근위축성 측삭경화증 환경 요인 발병 질환 포함 지원 보상액 백혈병 최대 사산 유산 회 만 만 조정위 중재 기조 반도체 작업 환경 질병 인과관계 정도 전제 피해자 구제 최우선 개인 보상액 가능성 포함 보상범위 확대 설명 안녕 김기남 삼성전자 대표 이사 사장 공식 사과문 전문 삼성전자 대표 이사 김기남 사장 여년 해결 사회 합의 방식 해결 김지형 조정 위원장 백도명 정강자 위원 감사 말씀 어려움 논의 참여 분들 반올림 관계자 감사 동료 가족들 오랫동안 고통 삼성전자 아픔 배려 해결 노력 부족 삼성전자 반도체 사업장 건강유해인자 위험 완전 관리 자리 고통 근로자 가족분들 진심 계기 삼성전자 건강 안전 일터 오랫동안 해결 관심 충고 조언 우원식 의원 심상정 의원 한정애 의원 이정미 의원 안경덕 정책 실장 노동부 관계자 감사 고통 분들 사과 말씀 조정위원회 중재안 삼성전자 이행계획 말씀 삼성전자 일 중재안 조건 수용 이행 약속 이행 수립 실행 보상 업무 중재 판정 대로 반올림 합의 독립기관 법무 법인 지평 위탁 지원 보상 위원회 위원장 법무 법인 지평 변호사님 김지형 대표 변호사 반올림 합의 삼성전자 중재안 지원보상안 지원 보상 위원회 위원장 사항 년 보상 차질 지원 삼성전자 중재 판정 규정 일 회사 홈페이지 사과 지원 보상 안내문 게재 삼성전자 구성 지원보상위원회 보상 결정 분들 사과문 위로 마음 삼성전자 중재 판정 명시 억 산업 안전 보건 발전 기금 전문성 공정성 한국산업안전보건공단 기탁 반올림 합의 삼성전자 노력 사회 합의 결실 최선 노력 감사 사장 삼성전자 대표 이사 사장 삼성전자 반도체 반올림 피해자 위원장 백혈병 경화증 관계자 김지형 지원보상위원회 사업장 김기남 중재안 한국산업안전보건공단 분들 현직자 위원회 보상액
문재인정부,수용,뉴스큐 재 보궐선거 여야 난타전 격화 진행 김영수 앵커 강려원 앵커 출연 최진 대통령리더십연구원장 아래 텍스트는 실제 방송 내용과 차이가 있을 수 있으니 보다 정확한 내용은 방송으로 확인하시기 바랍니다 앵커 공식 선거운동이 시작된 이틀째인 오늘 여야 후보들 앞서 전해드렸습니다마는 지역 곳곳을 누비면서 득표활동에 여념이 없는 모습이었습니다 그러면서 상대 후보 보궐선거 여야 난타전 격화 진행 김영수 앵커 강려원 앵커 출연 최진 대통령 리더십 원장 텍스트 실제 방송 차이 방송 확인 앵커 공식 선거 운동 시작 이틀째 후보들 여야 후보 지역 득표활동 여념 모습 상대 후보 집중 포화 신경전 최진 대통령 리더십 연구원장 최진 안녕 앵커 안녕 공식 선거 운동 이틀 후보 박영선 후보 오세훈 후보 최진 본인들 앵커 취약 집중적 최진 정당 정치 스타일 각자 방식 차이 흥미 앵커 박영선 후보 청년층 공략 모습 신촌 홍대 언급들 최진 건설 대 사태 대 시작 위기 의식 박영선 후보 체험 일정도 마포 편의점 알바 기간 대 본인 지지율 중요 핵심 포인트 생각 앵커 신촌 홍대 청년층 월세 지원 공약 반값 아파트 연일 강조 표심 공략 최진 앵커 공약들 최진 당장 효과 지속적 공약 구체적 정부 여당 뒷받침 실질적 정책적 방안 제시 효과 앵커 박영선 후보 정도 경실련 정책협약 경실련 정부 부동산 정책 비판 민심 행보도 부동산 행보 최진 경실련 과거 정부 부동산 경제 반응 정책적 대안 제시 단기간 효과 사태 폭로 참여연대 민변 문재인 정부 시민단체 이반 케이스 가지 지지계층들 박영선 후보 선봉 총력 앵커 후보 주택공시 억 주택 인상률 정부 건의 이야기 민주당 최진 가능성 민주당 전략 묶음 박영선 민주당 서울시장 내년 대선 묶음 박영선 승기 가지 민주당 지지율 대통령 지지율 승리 내년 대선 직결 정책적 제안 무리 수용 가능성 앵커 오세훈 후보 유세 강서구 박영선 후보 선 구로구 강남구 열세 지역 공략 최진 오세훈 후보 강남스타일 본인 내곡동 투기 내곡동 강남 앵커 초대 국회의원 강남 최진 박영선 후보 중소기업청 장관 중소기업층 집중적 공세 만회 오세훈 후보 강북스타일 강조 조직 게임 명 서울 국회의원 명 민주당 소속 구청장 명 민주당 소속 조직 불리 오세훈 후보 바람 이미지 본인 강북 스타일 서민 중소기업 서민층 스타일 예상 앵커 후보 설전 격화 말들 박영선 후보 더불어민주당 서울 시장 내곡동 가지 거짓말 상황 위치 국장 전결 시절 노무현 대통령 가지 상계동 목동 일주일 안전진단 착수 발언 기사 안전진단 서울시 국토부 서울시장 경험 경험 서울시장 구분 상황 오세훈 국민 서울 시장 후보 대통령 집값 전국적 집값 안정 년 넋두리 소리 연설 환자 중증 치매 지적 표현 정도 야당 박영선 후보 선거 본인 후보 개인 앵커 오세훈 후보 박영선 후보 오세훈 후보 내곡동 의혹 내곡동 실패 시장 이미지 연일 강조 중도 표심 정도 효과 최진 당장 정도 효과 진영 박영선 후보 역점 네거티브 전략 포인트 오세훈 후보 내곡동 투기 내곡동 의혹 후속적 구체 물증 중도층 효과 역풍 앵커 내곡동 셀프 보상 의혹 최진 구체 물증 효과 실패 시장 년 서울 시민 앵커 무상급식 최진 무상급식 중도 사퇴 효과 정치인 나이 이미지 오세훈 강조 전략 가지 네거티브 정도 효과 개인적 생각 박영선 후보 본인 중소기업청 장관 실력 여성 행정가 본인 이미지 계속적 강조 포지티브 전략 효과 생각 박영선 후보 민주당 핵심 의원들 앵커 전체적 민주당 박영선 후보 시장 개념 접근 최진 모습 내부 지적 앵커 오세훈 후보 정권심판 무게 대통령 발언 논란 야당 정도 비판 박영선 후보 공약 비판 최진 입장 결국 야당 정권심판론 정권교체론 국민들 주장 최고 전략 대통령 환자 중증 치매 표현 선거 태극기 집회 얘기 정치인 쟁점화 염두 생각 그다음 만 재난 지원금 당선 박영선 후보 말씀 시피 정치적 공약 비판 소지 개인적 생각 말씀 앵커 여론 조사 결과 오세훈 후보 오차범위 주 민주당 일각 진보층 역전 가능 최선 얘기 진보층 최진 말씀 부동산 민심 오랫동안 지속 국민들 분노지수 진보 보수 정도 진보 말씀 진보층 지지도 메시지 진보 보수 보수 분노 역점 효과적 전략 앵커 국민 김종인 비대위원장 후보 포인트 승리 이야기 정도 가능 최진 김종인 위원장 정치적 고수 생각 차이 후보 차이 차이 예견 김종인 위원장 지지층 메시지 정부 여당 막판 총력 물량 공세 지지도 정도 시점 가능성 앵커 김종인 위원장 안철수 대표 중도표 그래픽 그중 분 정도 오세훈 후보 분 박영선 후보 중도층 향방 최진 프로 후보 결국 오세훈 승리 등 공신 안철수 생각 착각 메시지 안철수 개인 감정 서울 시장 선거 내년 대선 안철수 부상 가능성 염두 견제구 프로 메시지 앵커 서울 시장 표심 예측 안철수 대표 견제 김종인 비대 위원장 인터뷰 안철수 대표 언급 김종인 국민 김현정 비상 대책 위원장 라디오 뉴스쇼 안철수 후보 오세훈 후보 야당 조직력 안철수 개인적 경쟁 안철수 후보 안철수 후보 사람 사람 얘기 사람 인격 지도자 자질 스스로 확신 단일화 안철수 후보 단일 찬성 확신 앵커 김종인 위원장 월 국민 후보 최진 앵커 안철수 후보 한마디 대통령감 능력 비판 최진 개인적 악감정 초기 안철수 후보 입당 경선 단일화 모습 가능성 개인적 국민 도움 핑퐁 정도 압도적 오세훈 후보 우세 흐름 말씀 시피 공개적 비판 안철수 감사패 상황 생각 말씀 앵커 김종인 위원장 윤석열 총장 준비 예전 순간 정도 이야기 최진 인터뷰 칭찬 정무 감각 극찬 사법 시험 성공 그동안 말미 의미 얘기 본인 도움 도움 뉘앙스 본인 표현 파리 단속 조심 얘기 앵커 파리 조심 최진 표현 국민 사람들 여의 정치꾼 조심 꾼들 사람 염두 얘기 말씀 표현 외부세력 경계 윤석열 호의적 메시지 공개적 앵커 추후 사람 만남 부산 앵커 민주당 지도부 부산 총출동 지원사격 김영춘 후보 지원 사격 자리 박형준 후보 집중포화 김태년 직무대행 더불어민주당 직무 대행 정권 사찰 연루 논란 엘시티 목적 의혹 의붓아 고급 빌라 전전세 의혹 홍대 미대 입시 청탁 의혹 국회 사무총장 특혜 레스토랑 운영 기장군 고급 별장 용도 불명 창고 기장군 필지 조형물 조현 화랑 작가 국회 열거 정도 기네스북 흑역사 박형준 후보 부산 시민 최악 후보 기록 앵커 민주당 지도부 부산 총출동 김태년 김태년 대표 권한 대행 가지 의혹 박형준 후보 의혹 나열 의혹들 여론조사 지지율 격차 최진 부산 고향 문재인 대통령 공격 부산 민심 반문정서 느낌 선거 박형준 대세론 핵폭탄 가덕도 핵폭탄 생각 대표 효과 가지 네거티브 공세 부산 시민 박형준 문재인 정부 감성적 판단 생각 앵커 화면 민주당 지도부 부산 박형준 후보 재산 신고 누락 건물 공세 대로 네거티브 지역 설명 국민 김영춘 후보 특혜 매매 의혹 제기 황보승희 국민의힘 부산 시장 선대위 수석대변인 후보 친형 구청장 사이 거래 전형적 내부자 거래 생각 후보 흠집 부동산 측근 진행 구청장 사이 형제 부동산 거래 시민들 앵커 김영춘 후보 명예훼손 대응 예고 부산 공방 고소 고발 네거티브전 가열 최진 얘기 김영춘 후보 사실 김영춘 후보 본인 재산 박형준 후보 차별화 시도 기자회견 얘기 사실 앵커 의혹 제기 명예훼손 예고 대응 최진 선거 여부 판가름 의혹 유권자 입장 판단 생각 결국 양비론 가능성 결국 지지도 박형준 대세 유리 상황 앵커 후보 김영춘 박형준 후보 오거돈 성폭력 사건 공동 대책 위원회 주최 기자회견 참석 피해자 사과 성폭력 부산 약속 의미 행보 최진 오거돈 성추행 악몽 행사 행사 후보 행사 득표 전략 박형준 후보 유리 서울 임종석 의원 서울시장 얘기 역풍 서울 부산 부산 시장 성폭력 국민들 사과 득표 유리 앵커 대통령 지지율 조사 한국갤럽 대통령 지지율 조사 결과 최저치 기록 가지 사태 최진 안팎 지지도 역대 대통령 레임덕 징후 지지율 문재인 대통령 문재인 대통령 대표정책 부동산 정책 년 년 년 년 계속적 실패 번 실패 누적 불만 사태 지지도 시작 사태 년 문재인 대통령 정책 실패 실패 민심 막판 선거 앵커 대통령 지지율 양상 보궐선거 영향 최진 영향 대통령 지지도 지지도 지지율 대선 선거 악영향 앵커 총선 대통령 사진 대통령 마케팅 보궐선거 모습 최진 대통령 마케팅 반대말 대통령 차별 문재인 마케팅 반대 문재인 차별 문재인 대통령 반대 거리 차별화 다행 생각 단계 차별화 시작 대권주자들 차별화 시작 레임덕 마지막 앵커 대통령 지지율 국정운영 영향 최진 대통령 리더십 연구원장 리더십 회복 지지율 회복 대통령 최진 불안 초조 마음 심적 안정 청와대 참모들 얘기 대통령 불안 임기 심리 안정 중요 심리 안정 불안 정치적 생각 퇴근 정치 신경 경제 올인 퇴임 생각 민생 제일주의 앵커 민생 집중 최진 올인 나머지 자동적 해결 지지율 자동적 앵커 이슈 정치 최진 대통령 리더십 연구원장 최진 안철수 부산 민주당 박영선 지지율 서울 오세훈 박형준 부동산 문재인 지지도 위원장 서울시장 내곡동 김영춘 김종인 가능성
문재인정부,수용,현대차의 고급차 브랜드 제네시스 출범 년 만에 최대 위기 현대자동차 고급차 브랜드 제네시스가 출범 년 만에 최대 위기를 맞았다 주력 차종 판매는 줄어들고 첫 스포츠유틸리티차량 은 출시 일정조차 잡지 못하는 혼란이 계속되고 있다 해외 시장 진출도 출범 이후 답보 상태여서 내수용 고급차 란 오명까지 얻고 있다 일 현대자동차그룹에 따르면 제네시스는 올해 들어 지난달까지 한국을 포함한 현대차 제네시스 고급 브랜드 출범 최대 위기 현대자동차 고급 브랜드 제네시스 출범 최대 위기 판매 주력 차종 스포츠유틸리티차량 출시 일정 혼란 진출 해외 시장 출범 답보 상태 내수 고급 오명 현대자동차그룹 제네시스 지난달 한국 포함 글로벌 시장 만 판매 브랜드 출범 판매 시작 만 출범 만 모델별 플래그십 세단 차명 변경 포함 해외 만 판매 모델 해외 만 차급 해외 만 제네시스 현대차 도요타 렉서스 대중차 고급차 런칭 정의선 수석 부회장 브랜드 출범 진두지휘 정의선 제네시스 제네시스 출범 이듬해 년 판매량 연간 순증 만 안팎 기록 성장세 주행성능 디자 인테리어 긍정적 평가 내년 모델 노후 판매 급전직하 월 대 지난달 최저치 대 감소 해외시장 모델 수준 답보 상태 가량 자사 돌파구 마련 정확 출시 일정 월말 출시 계획 연기 제네시스 브랜드 기간 배출 가스 인증 출시 해명 보통 현대차 업체 자체 연구소 배출 가스 검증 시설 환경부 서류 인증 갈음 국립환경과학원 실도로테스트 포함 배출 가스 검사 인증 인증 출시 행사 현대차 그랜저 페이스리프트 모델 출시 얼마 출시 기아차 업계 관계자 시장 투입 출시 얼마 그랜저 판매 위축 정확 출시 날짜 저울질 출시 지연 실차 사진 유출 신비감 지적 소비자 신뢰 상실 자동차 시장 대세 모델 해외 시장 제네시스 브랜드 확대 촉매 제네시스 브랜드 출범 이래 지역 해외 만 판매 비중 판매 배 가량 비율 해외 판매 확대 해외 인지도 포석 출시 지연 차질 정의선 수석 부회장 제네시스 브랜드 부사장 맨프레드 피츠제럴드 회사 제네시스 악재 업계 글로벌 자동차 스타 디자이너 경영자들 역량 지명도 브랜드 성장 업계 관계자 미국시장 딜러 정리 제네시스 인지도 단계 출시 연기 전략 미스 하루 혼선 제네시스 조직 제네시스 정비 출시 정확 정보 소비자들 전달 김준 선임 현대차 고급차 정의선 자동차 만 소비자 그랜저 기아차 인지도 현대자동차
문재인정부,신뢰,종부세 상위 여진 지속 민주당 반대파 당론 즉각 폐기하라 더불어민주당이 지난주 종합부동산세 양도소득세 완화 방침을 확정했지만 내부 반발의 여진이 이어지고 있다 주택자들의 조세 저항을 무마하려는 취지였지만 당 내부에서는 지금이라도 늦지 않았다 라며 이미 채택한 당론을 폐기하라는 주장까지 공개적으로 제기됐다 부동산 세제 완화가 오히려 무주택자 서민들의 불만으로 이어져 민주당에 역풍 으로 돌아올 것이라는 종부세 상위 지속 민주당 반대파 당론 폐기 더불어민주당 지난주 종합 부동산세 양도소득세 완화 방침 확정 내부 반발 여진 주택자 조세 저항 무마 취지 내부 채택 당론 폐기 주장 공개적 제기 완화 부동산 세제 서민 불만 민주당 역풍 주자 민주당 대선 양승조 충남 지사 사회관계 서비스 종부세 완화 당론 채택 의원 총회 결정 재고 국가 정책 뿌리 국민 신뢰 지적 지사 언론 기준 여론 당론 즉각적 폐기 요청 민주당 의총 종부세 납부 대상자 공시 가격 상위 축소 기준액 양도 억 억 상향 방안 논의 주택자 실수요자 보호 찬성 의견 부자 감세 반박 격론 최종 표결 완화 의견 우세 당내 진보 성향 의원 다수결 입장 종부세 완화 유발 집값 상승 부자 감세 비판 진성준 의원 의원총회 실망 승복 신동근 의원 의견 그동안 반대 주장 배경 부동산 논의 부동산 마무리 대선 국면 집중 내부 분위기 반영 민주당 보궐 선거 부동산 민심 논의 세금 제도 개편 상태 부동산세 완화 집값 상승 무주택자들 반발 시선 대선 주자 박용진 의원 국민들 집값 종부세 생각 비판적 반대 부자들 세금 부담 서민들 부담 월세 전세 제안 정의당 부자 감세 정책 국민들 집값부담 고통 규탄 종부세 민주당 부동산 주택자 당론 부동산세 양승조 기준액 서민들 국민들 의원총회
문재인정부,신뢰,반미간판 내리고 있다 신뢰관계 가속도 앵커 미국 워싱턴 한복판에서 북한 국가가 울려 퍼졌습니다 지난 일에 세 생일을 맞은 트럼프 대통령을 축하하기 위해 한 지지단체가 마련한 행사였는데요 미국에서 가장 보수적이라 할 만한 트럼프의 지지자들이 북한 국가를 틀고 또 박수를 치는 모습에서 북미관계가 많이 변했구나 실감하게 됩니다 일단 직접 보시죠 영 반미간판 신뢰 가속도 앵커 미국 워싱턴 북한 국가 일 생일 트럼프 대통령 축하 지지단체 마련 행사 미국 보수적 트럼프 지지자들 북한 국가 박수 모습 북미관계 실감 영상 쇼어 회장 트럼프 버지니아 여성 북한 국가 트럼프 대통령 역대 대통령 대통령 앵커 장면 북한 유화 태도 단체행사 미국 정부 마찬가집 트럼프 대통령 북한 반미간판 이용주 리포트 리포트 공화당 후보 지지 유세 트럼프 대통령 북미 정상 회담 결과 북한 각종 도발 세계 안전 강조 트럼프 대통령 세계 안전 북한 나라 구체 증거 북한 선전물 철거 트럼프 대통령 북한 국가 전역 선전물 철거 김정은 위원장 케미스트리 성과 설명 트럼프 대통령 트럼프 김정은 유지 성과 기준 협상 완화 발언 폼페이오 국무 장관 인터뷰 북한 개월 개월 시간표 북미공동성명 이행 확인 주력 미국 특정 시간표 자체 협상 주력 협상 의지 미국 북미 시간표 공화당 김정은 폼페이오 가속도 버지니아 이용주 선전물 쇼어 워싱턴 북미관계 단체행사 케미스트리 개월 위원장 지지단체 북미공동성명 개월 마찬가집 지지자들 지지자 반미간판
문재인정부,신뢰,지지율 악화일로 어디까지 떨어지나 리얼미터 문재인 대통령의 지지율이 시간이 지날수록 점점 떨어지고 있다 리얼미터는 월 주차 주중 잠정집계에서 문 대통령의 지지율이 지난주 주간집계 대비 내린 로 나타났다고 일 밝혔다 지난주에 이어 취임 후 최저치의 지지율을 잇따라 기록하고 있는 것이다 국정수행을 잘못하고 있다 는 부정평가는 오른 를 기록해 지지율 악화일 리얼미터 문재인 대통령 지지율 리얼미터 잠정 집계 대통령 지지율 지난주 주간 집계 대비 일 지난주 취임 최저치 지지율 기록 국정수행 부정평가 기록 주 취임 최고치 경신 긍정평가 격차 자릿수 자릿수 모름 무응답 집계 리얼미터 대통령 지지율 하락세 인사 청문회 당일 차명폰 통화 조카 검찰 공소장 동생 영장 청구 강제구 조국 법무부 장관 가족 의혹 검찰수사 일련 언론 보도 확산 민생 경제 어려움 스톡홀름 북미 실무 협상 결렬 소식 영향 이념성향별 진보층 긍정평가 중반 소폭 하락 보수층 부정평가 주 상회 대통령 국정 인식 진영 극단적 중도층 지난주 주 긍정평가 부정평가 중반 하락 부정평가 중반 초반 상승 집계 기타 계층별 기타 계층 대 대 대 대 대구 경북 충청권 서울 연령층 지역 하락 조사 호남 대 소폭 반등 조사 일 세 이틀 전국 유권자 통화 시도 최종 응답 응답률 무선 전화 면접 무선 유선 방식 자동 응답 혼용 무선전화 유선전화 표집틀 병행 작위 생성 표집 임의 전화 방법 통계보정 행정안전부 주민 등록 인구 통계 기준 연령 권역 가중 부여 방식 표본오차 신뢰 수준 조사 결과 리얼미터 중앙 선거 여론 조사 심의 위원회 홈페이지 참조 지지율 주 리얼미터 부정평가 홈페이지 행정안전부 유권자 긍정평가 북미 진영 스톡홀름 자릿수 공소장 부여 악화일 경북 충청권
문재인정부,약속,그레이엄 생산적 협상 기대 에 마지막 기회 앵커 북미 비핵화 협상과 관련해 미 상원 중진 린지 그레이엄 의원은 열매 맺는 협상 을 기대하면서도 지금이 평화를 위한 마지막 기회 라며 북한의 성실한 태도를 촉구했습니다 김기봉 특파원의 보도입니다 기자 대북 강경파인 린지 그레이엄 미 상원의원은 지금은 생산적인 협상을 기대하는 시기라고 평가했습니다 하지만 성공의 핵심은 북한 협상 그레이엄 생산 협상 마지막 기회 앵커 협상 북미 상원 중진 린지 그레이엄 의원 열매 협상 평화 마지막 기회 북한 성실 태도 촉구 특파원 김기봉 보도 대북 강경파 린지 그레이엄 상원 의원 생산적 협상 평가 성공 핵심 북한 위협 미국 린지 그레이엄 상원 북한 약속 이행 협상 열매 논의 초점 북한 위협 본토 목적 군사 공격 가능성 린지 그레이엄 상원 북한 핵미사일 대통령 판단 군사력 과거 결단 트럼프 대통령 주한 미군 가족 본국 그레이엄 의원 전쟁 계획 시작 조언 북한 진정성 최악 상황 경고 린지 그레이엄 상원 북한 트럼프 대통령 고통 세상 통령 선택 평화 마지막 최선 기회 그레이엄 발언 북한 위협 탈피 미국 입장 초점 주장 요구 호혜 해법 실마리 관심 그레이엄 린지 미국 북미 김기봉 미군 군사력 가능성 강경파 진정성 핵미사일 북한 협상 의원 대통령 기회 위협 마지막 생산적 해법 트럼프 평화 중진 열매 상원 생산 결단 평가 과거 주한 군사
문재인정부,약속,또 시험대 오른 한반도 운전자론 진행 나연수 앵커 김경수 앵커 출연 양무진 북한대학원대학교 교수 우정엽 세종연구소 연구위원 아래 텍스트는 실제 방송 내용과 차이가 있을 수 있으니 보다 정확한 내용은 방송으로 확인하시기 바랍니다 앵커 북핵 문제를 비롯해 한반도의 평화를 우리가 주도적으로 풀어가는 이른바 한반도 운전자론이 또다시 시험대에 올랐습니다 한반 시험대 한반도 운전자 진행 나연수 앵커 김경수 앵커 출연 교수 양무진 북한대학원대학교 연구위원 우정엽 세종 연구소 위원 텍스트 실제 방송 차이 방송 확인 앵커 북핵 한반도 평화 주도적 한반도 운전자 시험대 한반도 운전자 역설 문재인 대통령 운동 주년 기념식 신한반도 체제 천명 북한 김정은 국무 위원장 신년사 언급 거론 미국 압박 기로 한반도평화프로세스 양무진 북한대학원 대학교 교수 연구위원 우정엽 세종 연구소 위원 이야기 안녕 김정은 위원장 합의 불발 두문불출 베트남 일정 예정 소화 전체적 표정 분위기 양무진 합의 자체 불발 김정은 위원장 트럼프 대통령 이별 이미지 표현 대응 고심 베트남 일정 나름 소화 정상국가 정상적 지도자상 국제사회 전략 의도 앵커 북미 회담 대로 구애 원래 예정 일저울 정상 소화 정상 모습 연관 말씀 양무진 김정은 위원장 정치 지도자 나름 북미 북미 북한 베트남 베트남 차원 북미 합의 불발 베트남 유지 일정 약속 진행 앵커 만찬 장면들 화면 화면 베트남 일정 북미 회담 협상 결렬 별개 북한 중요 의미 우정엽 베트남 자유 여행 국가 인식 사회주의 정치 체제 유지 북한 공산당 사회주의 유대관계 김정은 위원장 신년사 강조 경제 사회주 이념 김정은 위원장 사회주의 국가 유대관계 강화 본인 지도이념 유사 베트남 방문 평양 업적 도움 생각 앵커 위원장 베트남 방문 북한 보도 위원장 베트남 방문 성과 보도 예상 우정엽 북한 김정은 위원장 보도 김정은 위원장 외국 보도 김정은 위원장 외국 순방 자체 나라 영광 보도 구체적 성과물 양무진 연장선상 김정은 위원장 베트남 친선 방문 노동신문 베트남 요인들 주석 총리 국회의장 만남 이야기 노동신문 대대적 언론 매체 전망 앵커 주석 정상회담 말씀 총리 국회의장 대화 만찬 이야기 양무진 북미 합의 유예 역사적 만남 북미 정상 회담 편리 제공 감사 베트남 도이머이 정책 나름 평가 북한 도움 측면 베트남 북한 차원 사회주의 국가 강화 이야기 추가 교류 청년 학생 교류 사회 문화 이야기 전망 앵커 교수님 도이머이 정책 이야기 위원님 설명 우정엽 베트남 전쟁 경제 상황 북한 경제 모델 이야기 베트남식 모델 중국 모델 거론 김정은 위원장 베트남 방문 베트남식 경제발전모델 관심 골자 외국 전면적 개방 자본 중국 기본 화교 자본 정도 내부 자본 외부 자본 시장 정도 가능 베트남 상황 외부 자본 전면 개방 미국 위시 국제사회 교류 년 도이머이 정책 시작 미국 수교 전면적 개방 정책 정도 성공 과거 비교 경제 발전 앵커 김정은 위원장 일정 베트남 방문 마무리 귀국 예상 주석 중국 시진핑 관심 전망 양무진 예상 입장 김정은 위원장 중요 대목 차원 북미 합의서 채택 불발 북중 나름 대응 공조 측면 중국 양회 기간 한편 북한 한편 중국 영향 유지 측면 바람 김정은 위원장 하노이 길목 중국 주석 측면 합의문 채택 귀국 길목 일종 측면 가능성 전망 앵커 교수님 말씀 양회 중국 최대 정치 행사 기간 외국 정상 이야기들 김정은 위원장 시진핑 주석 만남 의미 양무진 보통 중국 정치행사 양회 국회 전국인민대표대회 회의 정치 협상 중국 내부 정치 중요 미중간 무역 갈등 결단 이행 입장 시진핑 주석 중요 행사 한반도 비핵화 평화안정 중국 대안보 정책 기본 중국 한반도 종전선언 평화 체제 구축 나름 역할 강조 감안 중국 양회 중요 김정은 위원장 가능성 전망 앵커 밤사이 리용호 외무상 최선희 부상 긴급 기자회견 협상 결렬 설명 미국 북한 북한 입장 상황 양쪽 이야기 협상 결렬 우정엽 트럼프 대통령 북한 제재 해제 북한 조치 입장 리용호 외무상 이야기 본인들 정도 미국 미국 준비 얘기 제재 조치 일치 의견 앵커 결국 동상이몽 확인 해석 제재 완화 조치 북한 생각 미국 입장 이견 양무진 북한 미국 주장 입장 미국 북한 조치 확대 이외 영변 지역 플러스 영변 농축 시설 조치 영구 폐기 이야기 북한 미국 대북제재 해제 생각 일례 북한 영변 영구 폐기 미국 대상 대북 제재 해제 영변 이외 지역 영구 폐기 요구 해제 대북 제재 품목 측면 생각 외형상 입장 차이 트럼프 대통령 정치 입장 연관 입장 김정은 위원장 나름 이해 생각 앵커 사람 순간 표정 위원 생각 우정엽 제재 해제 국가 입장 협상 결렬 예상 비핵화 제재 해제 합의 도달 의구심 결과적 물건값 조율 가능 회담 복원 중요 요인 앵커 말씀 가격 말씀 아까 부상 최선희 외무성 영변 폐기 자체 거론 과거 전례 의미 주장 주장 우정엽 북한 입장 영변 북한 중요 지역 중요 지역 미국 폼페이오 장관 기자회견 핵무기 핵물질 미사일 것들 미국 최종적 비핵화 일부분 최종적 비핵화 북한 핵무기 핵물질 정도 영변 폐기 정도 북한 정도 지불 용의 앵커 교수님 미국 미국 정치 여건 정상 소통 가능성 낙관적 얘기 최선희 부상 미국 천재일우 기회 이야기 표정 낙관적 전망 양무진 최선희 부상 악역 김정은 위원장 트럼프 대통령 모습 북한 조선중앙통신 노동신문 보도 건설적 회담 예고 대목 최선희 최고지도자 입장 미국 계산법 운운 미국 입장 일종 미국 압박 최선희 부상 악역 추가 합의서 트럼프 대통령 서명 얘기 개인 변호사 코언 이야기 서명 셈법 미국 정치 입장 북한 종전선언 한민족 운명 직결 절호 기회 미국 정치 상황 참담 생각 앵커 교수님 북미 양측 기자회견 종합 회담 영변 핵시설 그전 실무협상 단계 이야기 양무진 북한 비밀 전직 당국자 당국 한미 정부 북한 고도 이야기 부분들 실무 비건 북한 대표 가지 의제 이야기 정도 북한 가지 미국 영변 플러스 알파 알파 이야기 이외 대로 영변 지역 농축시설 이야기 미국 국민 대륙 탄도 미사일 미사일 생산 공장 평양 근교 얘기 위협 삭간몰 휴전선 당국 한미 정부 파악 실무회담 이야기 협상 북미 불신 신뢰 북한 주장 단계적 동시적 병행 이야기 정상 회담 북한 입장 핵시설 핵심 영변 동결 불능 영구 폐기 이야기 영구 폐기 미국 인민 생활 향상 민생 경제 북한 입장 현실적 제시 미국 영변 지역 이외 지역 이야기 전반적 상황 협상 재개 한국 정부 중재 역할 의제기 북미 실무회담 전망 앵커 미국 입장 북한 사실 비장 카드 뉘앙스 외교 화법 이해 우정엽 생각 트럼프 대통령 대화 북한 본인 북한 과시 측면 북한 영변 이야기 시설들 미국 협의 미국 생각 거론 강선 지역 곳들 민간 보고서 지역 미국 정부 북한 비밀 북한 논리 전개 앵커 언론 전문가들 추측 가지 플러스 알파 거론 장소들 미국 제 장소 가능성 우정엽 제 장소 가능성 논란 영변 제재해제 교환 영변 추가 시설 군데 장소 의미 군데 추가 영변 북한 수준 제재 해제 가지 가지 지역 가지 시설 전면적 정도 신고 미국 정도 해제 입장 앵커 스튜디오 이야기 와중 현지 베트남 하노이 김정은 위원장 베트남 주석 베트남 만찬장 장면 화면 이야기 김정은 위원장 이야기 그림 편집 위원장 조금씩 만찬장 분위기 정도 국제컨벤션센터 하노이 환영만찬식장 김정은 위원장 환영 만찬식장 화면 상황 주석 미소 모습 북한 베트남 가지 불안 지점들 양무진 베트남 북한 우여곡절 일례 베트남 미국 전쟁 북한 공식적 참전 북한 인민군 묘지 발견 측면 지원 이야기 베트남 캄보디아 침공 북한 베트남 년도 베트남 국가주석 평양 방문 복원 북한 혁명 고도화 상황 베트남 국제 사회 일원 대북제재 참여 베트남 중국 악화 미국 중국 남중국해 일종 저지 베트남 최일선 전략 상황 베트남 북한 악화 측면 장소 정상 회담 계기 북한 베트남 완전 복원 계기점 생각 앵커 현지 베트남 하노이 송출 화면 중간 화면 정지 상태 순간 시청 불편 양해 부탁 하루 이틀 트럼프 대통령 담판 만찬장 김정은 위원장 모습 모습 표정 태도 차이 우정엽 표정 사람 판단 경험 회담 위원장 김정은 고민 결과 결과론 해석 김정은 위원장 표정 본인들 제안 제안 중요 협상 고민 앵커 교수님 말씀 북미 회담 합의 우리나라 역할 전망들 양무진 한반도 평화 문재인 대통령 주도 평창올림픽도 계기 북한 미국 난관 돌파 대안 제시 돌파 사례 정상 회담 위원장 김정은 문재인 대통령 돌파 앵커 말씀 판문점 회담 양무진 판문점 회담 북미 고위급 북미 교착 국면 특사 파견 결국 정상회담 북미 정상 회담 중재자 단순 중재자 대안 제시 문재인 대통령 역할 트럼프 대통령 문재인 대통령 전화통화 중재 역할 요청 측면 경험 절 축사 기념사 이야기 신한반도체제 신한반도체제 중요 남북한 해외 동포 만 한민족 전쟁 두려움 평화 한반도 차원 평화 북미 정상 회담 경제 측면 경제 신성장동력 북미 결실 차원 문재인 대통령 중재자 역할 차원 대미 대북 수뇌 특사 파견 남북 정상 가능성 원포인트 정상 회담 가능 조심 전망 앵커 특사 파견 원포인트 정상 회담 예측 확장 기념사 일본 협력 강화 이야기 남북미중 일본 한반도 운전자 자처 문재인 대통령 역할 확대 우정엽 양무진 교수 말씀 대로 북미 교착 상태 정부 문재인 대통령 개인적 역량 발휘 상황 고민 북한 미국 입장 이야기 그동안 대안 제시 북한 미국 개선 측면 대안 제시 협상 외무상 리용호 외무 발언 북한 중요 안전 보장 미국 조치 군사 분야 북한 미국 개선 종전선언 연락사무소 교류 확대 측면 북한 미국 조치 군사 분야 분야 조율 고민 북미 한반도 평화 방식 말씀 대로 중국 역할 일본 역할 러시아 역할 국가들 역할 제재 해제 절차 미국 주도 국제사회 동의 북미 협상 고민 앵커 말씀 해제 제재 북미 제재 제재 남북관계 부분들 양무진 남북 경협 제재 연관 정부 접근 철도 도로 현대 단계 현지 조사 단계 공동연구 실질 협력 실질협력 미국 독자제재 안보리 대북 제재 완화 수정 측면 경협 한계 생각 남북관계 지속 유지 정부 한반도 안정적 관리 중재자 역할 남북 채널 한미 채널 측면 회담 고위급 대화 지속 남북 합의 남북 사항 대북제재 훼손 범위 이산가족 상봉 사회 문화 교류 남북 정상 합의 대상 안보리 제재 개성 만월대 유적 공동발굴 유해 공동 발굴 북미 공동 유해 공동 발굴 의견 접근 지원 측면 북미 합의 채택 불발 남북 생각 앵커 정부 고민 마지막 예상 결과 회담 평화 국면 남북관계 북미관계 예전 냉각기 최악 도발 반목 상태 노파심 분들 전망 우정엽 김정은 위원장 선택 시점 과거 냉전 시대 레이건 대통령 고르바초프 서기장 아이슬란드 협상 사인 개월 워싱턴 정상 미국 소련 중요 조약 체결 서명 파국 조절 정도 협약 성공 비관 앵커 대화 여지 상황 말씀 양무진 북한대학원 대학교 교수 연구위원 우정엽 세종 연구소 위원 이야기 말씀 감사 미국 베트남 북미 양무진 영변 김정은 중국 위원장 우정엽 정상회담 최선희
문재인정부,약속,홍콩 보안법 일 처리할 듯 홍콩 다시 소용돌이 앵커 중국이 오는 일 홍콩 보안법을 전인대에서 통과시킬 것이 유력시되고 있습니다 어제 홍콩 당국은 시민들의 반대 시위를 강경 진압했는데 오늘 상황 어떤지 알아보겠습니다 베이징 특파원 연결합니다 강성웅 특파원 오늘 홍콩 상황은 어떻습니까 기자 오늘은 야당이나 시민단체의 보안법 관련 집회를 비롯한 공식 일정은 없는 상태입니다 홍콩 보안법 처리 홍콩 소용돌이 앵커 중국 보안법 홍콩 전인대 통과 유력시 홍콩 당국 시민들 반대 시위 강경 진압 상황 연결 베이징 특파원 강성웅 특파원 상황 홍콩 야당 시민단체 보안법 집회 보안법 공식 일정 상태 시위 송환법 반대 평일 파업 휴학 움직임 시민 경찰 충돌 도심 지역 비교 모습 홍콩시민들 보안법 견해 시민들 빈센트우 홍콩 시민 세대 홍콩 보안법 반대 세대 자유 살 홍콩 시민 홍콩 보안법 능력 수단 중국 정부 입법 반대 동의 홍콩 시민 도심 행진 시도 경찰 초반 물대포 최루탄 해산 시위 홍콩 경찰 명 체포 정도 병원 입원 명 중태 시민들 중국 제정 홍콩 보안법 규탄 성조기 홍콩 독립 플래 카드 홍콩 야당 시민단체들 홍콩 보안법 제정 중국 인사들 민주 인사 체포 앵커 중국 입장 중국 중국 정부 회기 홍콩 보안법 처리 의지 홍콩 중국 홍콩 인사 한정 부총리 홍콩 전인대 대표 심의 참석 위 권력 서열 한정 부총리 홍콩보안법 입법 중앙 정부 국가안보 수호 행사 권리 책임 외신들 중국 전인대 마지막 전인대 회기 마지막 목요일 홍콩보안법 통과 전망 제출 초안 법안 통과 사항 전인대 상무위원회 위임 예상 상무위원장 리잔수 전인대 회의 회기 홍콩보안법 심의 입법 임무 수행 입법 작업 홍콩 보안 기구 보안 신설 관측 진영 홍콩 민주 제정 홍콩 보안법 홍콩 중국화 가속화 홍콩 자치 무력화 반발 홍콩 사회운동가 조슈아 홍콩 자치 약속 홍콩 보안법 시민 자유 치명적 타격 비난 진영 홍콩 민주 중국 보안법 입법 국제 지지 호소 시위 예정 홍콩 소용돌이 베이징 홍콩 중국 보안법 전인대 홍콩보안법 베이징 시민들 리잔수 조슈아 송환법 부총리 목요일
문재인정부,업무,단독 정부 한전 앞세워 신재생에너지 가속 정부가 년까지 전체 전력 생산량에서 신재생에너지가 차지하는 비중을 까지 끌어올리기 위해 국내 최대 공기업인 한국전력의 신재생에너지 발전사업 진출을 허용하기로 했다 이에 따라 한전은 년 김대중 정부의 전력산업 구조 개편에 따라 발전소를 한국수력원자력 한국남동발전 등 개 자회사로 분리하며 전력 생산에서 손을 뗀 지 년 만 정부 한전 신재생 에너지 가속 전력 생산 비중 전기생산 추진 개정 한전 발전 사업 재개 정부 년 생산량 전력 신재생 에너지 차지 비중 공기업 최대 한국전력 신재생 에너지 발전 사업 진출 허용 한전 정부 김대중 개편 전력 산업 구조 발전소 한국수력원자력 한국남동발전 자회사 분리 전력 생산 발전 조 기준 매출액 영업 이익 거대 기업 신재생 에너지 발전사업 참여 신재생 에너지 전력 산업 판도 변화 예상 일 부처 산업통상자원부 한전 재생 에너지 발전 사업 관련법 개정 검토 작업 한전 신재생 에너지 사업 참여 효과 전기요금 영향 용역 발주 계획 현행 전기 사업 한전 전력 구매 송전 배전 업무 접속 계통 전기 생산 판매 산업부 한전 발전 사업 허용 년 신재생 에너지 비중 전력 생산 문재인 대통령 공약 달성 정부 한전 참여 지지부진 신재생 에너지 정책 탄력 정부 자회사 그동안 한전 민간 기업 위주 신재생 에너지 사업 참여 독려 성과 신재생 에너지 발전 비중 포인트 한전 발전소 운영 필리핀 요르단 해외 화력발전 태양광 풍력 발전 사업 신재생 에너지 발전 사업 노하우 한전 신재생 발전사업 자회사 발전소 관련법 매출액 조 김대중 그동안 요르단 필리핀 화력발전
문재인정부,업무,집중취재 원격 수업 장기화 학부모도 교사도 지친다 부산 앵커 코로나 는 청소년의 생활도 크게 바꿨습니다 교실보다 집에서 컴퓨터나 스마트폰으로 하는 수업에 점점 익숙해지고 있는데요 하지만 원격 수업이 장기화로 곳곳에서 부작용이 나타나고 있다고 합니다 먼저 그 실태를 강예슬 기자가 보도합니다 리포트 오전 시 거실 컴퓨터 앞에 앉아 온라인 출석을 하면 장기화 원격 수업 장기 학부모 교사 앵커 코로나 청소년 생활 교실 컴퓨터 스마트폰 수업 원격 수업 장기화 부작용 실태 강예슬 보도 리포트 시 거실 컴퓨터 온라인 출석 수업 초등학교 시작 중학교 누나 동영상 영어 수업 한창 지난달 사회 거리 강화 분 제한 등교 학생 주 등교 이틀 나머지 수업 수고 등교 준비 수업 집중도 중학교 집중 학습 중요 원격 수업 부모들 걱정 아이 맞벌이 가정 결국 학교 학원 학부모 엄마 엄마 어려움 교사들 천 전국 교사 대상 설문 조사 교사 명 원격 수업 교육 효과 평가 교사 원격 수업 학습 격차 학생들 등교 업무 초등학교 교사 수업 콘텐츠 시 준비 교사들 안내 정도 원격수업 인터넷 스마트폰 과의존 학생 증가 배 코로나 수업 현장 가지 부작용 촬영기자 최진백 중학교 부작용 코로나 학부모 스마트폰 강예슬 시간 교사들 주 장기화 맞벌이 촬영기자 온라인 원격수업 학생들 부모들 천 과의존 집중도 명
문재인정부,업무,군인권센터 해군 산하기관 성추행 피해자 따돌리고 역고소 성추행 피해자인 여성 해군 군무원이 조직적으로 괴롭힘을 당하다 강제추행으로 고소까지 당했다는 주장이 제기됐다 군인권센터는 일 오전 서울 마포구 군인권센터에서 기자회견을 열고 성추행 피해자인 군무원 씨에 대한 무고 사건을 조속히 처리하고 씨에게 발생한 차 가해 조직적 괴롭힘 명예훼손을 즉시 조사하고 관련자들을 엄벌할 것 을 요구했다 산하기관 군인권 센터 해군 산하 기관 성추행 피해자 역고소 성추행 피해자 군무원 여성 해군 조직적 강제추행 고소 주장 제기 군인권센터 일 군인권센터 서울 마포구 군인권 센터 기자회견 성추행 피해자 군무원 무고 사건 처리 씨 발생 가해 조직적 명예훼손 즉시 조사 관련자들 엄벌 요구 군인권센터 설명 종합 해군 산하 기관 양성평등담당관 겸임 군무원 여성 군무원 회식자리 회식 자리 기관장 성추행 사실 기관장 보직해임 씨 조직 배신자 업무 상황 업무 공유 센터 씨 조직 사건 신고 위계질서 이야기 가해 군인권센터 결국 성추행 가해자 역고소 주장 소령 씨 자신 악수 자신 수치심 씨 강제추행 고소 주장 단체 어불성설 반박 센터 씨 상급자 씨 악수 교육 상급자 지시 악수 위계질서 중요시 씨 씨 상식적 납득 지적 씨 씨 무고 명예훼손 고소 씨 년 휴직 중국 출국 피의자 조사 군인권센터 해군 진실규명 대책 촉구 센터 성추행 피해자 보호 지원 부대장 조직 배신자 고통 사건 공론화 역고소 피해 씨 사례 성폭력 피해자 용기 신고 비판 해군 관계자 여성 군무원 고소 사법 조사 진행 씨 씨 군인권센터 성추행 군무원 피해자 역고소 기관장 위계질서 상급자 군인권 회식자리 배신자 수치심 명예훼손 서울 강제추행 마포구 산하기관 중국 관련자 담당관 어불성설 보직해임
문재인정부,역할,황출새 김기현 윤석열 입당 어색하긴 했어 관련 동영상 보기 라디오 황보선의 출발 새아침 방송일시 년 월 일 월요일 진행 황보선 앵커 출연자 김기현 국민의힘 원내대표 곧 원내대표 일 정당 지지율 많이 회복 이준석 대표와 살 나이 차 거의 못 느껴 윤 전 총장 입당 생각보다 조금 빨라 윤석열 김기현 윤석열 입당 동영 황보선 출발 방송일시 월요일 진행 황보선 앵커 출연자 김기현 국민 원내대표 원내 대표 정당 지지율 회복 이준석 대표 나이 총장 입당 생각 윤석열 김종인 회동 의미 부여 쥴리 의혹 입당 꼰대 방식 국인의당 합당 안철수 타이밍 텍스트 실제 방송 차이 방송 확인 황보선 앵커 황보선 이준석 국민 당대표 살 현역의원 원외 국회의사당 여당 거대 의석 김기현 원내 대표 살 내년 대선 투톱 어깨 원내대표 김기현 의원 김기현 대표 안녕 김기현 원내 대표 김기현 안녕 황보선 원내대표 일 일 김기현 일 황보선 소회 말씀 김기현 원내 대표 선거 일 사실 순회 전국 지역 전당 대회 준비 당선 원내 대표 지지도 가지 고민 가치 세대 지역 계층 지지 분들 분야 확대 계획 진행 가지 요소 가미 정당 지지율 정도 예전 회복 보람 감사 생각 안정적 노력 국민 사랑 회복 정당 최선 황보선 일 백일잔치 기자회견 김기현 별도 기자간담회 일 소회 나름 생각들 말씀 수권정당 대안세력 인식 국민들 감사말씀 원내대표 일정 민생우선투쟁 말씀 정당 그동안 여야 국회 정쟁 비판 모습 모습 생각 민생 여야 처리 방침 민생 투쟁 나름 국민들 황보선 법제 사법 위원장 자리 국민 김기현 년 정상 국회 정상화 매듭 내년 국민 법사위원장 여야 합의 마무리 자리 상임 위원장 의석수 배분 마무리 나름 의미 생각 황보선 의원총회 박수 김기현 의원 협상과정 국민 국회 법사위원장 명시적 문구 표정들 나중 결과 보고 박수 황보선 김기현 대표 이준석 대표 나이차이 사반세기 김기현 살 황보선 김기현 나이차이 분야 당대표 당대표 역할 원내대표 국회 지휘자 역할 상충 중첩 부분들 상호 의논 사전 의견교환 조율 사전조율 말씀 황보선 언론 리더십 이준석 대표 얘기 김기현 의견 공감 대표 민주당 송영길 리더십 송영길 대표 민주당 생각 이준석 대표 가지 가치 세대 지역 계층 확장 확장 역할 장점 황보선 이준석 대표 공약 자격시험 선출 공직 후보자 최고 위원 반대 백지화 김기현 최고위원회 논의 가지 의견 선출 공직자 자격시험 얘기 역할 강화 역량강화 구성 가지 방안 자격시험제도 선출직 필기시험 합격 기초적 역량 차원 대안 검토 황보선 윤석열 검찰총장 결국 입당 여당 기습 입당 충격 얘기 휴가 김기현 대표 충격 김기현 충격 이준석 대표 얘기들 입당 의사 제 세력 후보경선과정 나중 후보 의사 표시 입당 생각 입당 결과적 입당 다행 생각 황보선 휴가 대표 전화 김기현 황보선 언론 당대표 호남 김기현 대표 휴가 지도부 패싱 얘기 김기현 조금 모습 생각 사전 전체적 방향성 공감 정식 입당 바람 모습 연출 최고 위원회 입당 인사 상견례 자리 봉합 황보선 김기현 대표 김기현 이준석 대표 그날 날짜 기억 기억 황보선 최재형 원장 입당 환영식 자연 지도부 상견례 총장 계획 김기현 사전 준비 전격적 입당 장면 연출 최고위원회 시간쯤 자리 최고 위원회 회의 방문 예정 상견례 인사 상견례 이해 황보선 총장 입당 김종인 비대 위원장 비공개 행보 해석 김기현 사람들 후보 의미 부여 최대 외연 확장 여권 사람들 문재인 정권 실망 문재인 정권 비판 분들 울타리 생각 김종인 비대 위원장 총장 분들 문재인 정권 실정 연대 세력 형성 차원 이해 후보 황보선 김종인 비대위원장 캠프 합류 가능 예상 김기현 후보 캠프 참여 캠프 참여 속마음 이해 비대위원장 년 가지 위기 상황 극복 역할 의원들 인정 인재 대선 승리 역할 판단 황보선 그동안 총장 민주당 공격 포인트 것들 노동 시간 대구 민란 실언 논란 본인 수사 본인 진행 당내 대선 주자 대응전략 수립 코칭 전략 김기현 발언 맥락 노동 시간 의미 맥락 앞뒤 측면 나머지 발언 과도 한쪽 편향 생각 정치인 발언 앞뒤 편집 상대방 공격 빌미 여지 정치인 빌미 정제 용어 사용 생각 황보선 총장 입당 일각 쥴리 벽화 동거설 해석 김기현 캠프 사항 쥴리 벽화 동거 얘기 주장 근거 제기 이야기 제기 사람 증거 확인 표현 기사 치졸 치졸 방식 여권 여권 방식 꼰대 방식 꼰대 수구 기득 세력 표상 민주당 원내대표 국회 교섭 단체 대표 연설 말씀 기득권 꼰대 수구 기득 모습 민주당 생각 황보선 윤석열 총장 합류 국민 대선 경선 대진표 완성 언론 얘기 친윤 반윤 대립구 형성 민주당 후보들 네거티브 양상 가능성 전망 김기현 친윤 반윤 대립구도 동의 우리당 당내 후보 포함 입당 활동 시작 준비 단계 본격적 레이스 시작 시점 친윤 반윤 선거 여지 후보들 장점 지사 원희룡 도지사 사퇴 본격적 레이스 합류 의지 포함 홍준표 유승민 하태경 박진 내부 윤희숙 김태호 분들 출마선언 분들 역량 황교안 대표 출마 의지 표시 후보들 자신들 역량 흥미 경쟁 전개 후보 적합 후보 국민들 판단 결정 네거티브 과도 성행 민주당 모습 모습 지양 생각 지도부 관리 책무 황보선 김기현 대표 국민 합당 김기현 안철수 대표 합당 본심 안철수 대표 자리 합당 의사 표명 진심 안철수 대표 그동안 역량 역량 발휘 기회 타이밍 일들 바람 결과 타이밍 황보선 당명 변경 생각 김기현 영업 식당 간판 간판 납득 만족 나름 노력 개선 노력 국민들 인식 회복 정당 이름 동의 황보선 말씀 김기현 김기현 황보선 위원장 원내대표 민주당 분들 이준석 김종인 선출직 자격시험 그동안 상견례 당대표 최고위원회 윤석열 지도부 꼰대 안철수 쥴리 살 위원회
문재인정부,역할,이란 러시아 정상회담 전략적 협력 다짐 블라디미르 푸틴 러시아 대통령과 하산 로하니 대통령이 정상회담을 하고 양국 간 전략적 협력을 다짐했습니다 현지 시각 일 오후 이란 수도 테헤란을 방문한 푸틴 대통령은 하메네이 최고지도자 로하니 대통령 등 이란 수뇌부를 잇따라 만나 양국의 우호 관계와 교류 강화를 재확인했습니다 로하니 대통령은 러시아가 핵 협상에 직접 참여해 관련국이 핵 합의를 러시아 정상회담 전략적 협력 다짐 블라디미르 푸틴 러시아 대통령 대통령 하산 로하니 정상회담 양국 양국 전략 협력 다짐 일 현지 시각 수도 테헤란 방문 푸틴 대통령 하메네 최고지도자 로하니 대통령 수뇌부 양국 우호 교류 강화 재확인 로하니 대통령 러시아 협상 참여 관련국 합의 준수 중요 역할 평가 테러 중동 지역 안보 양국 협력 강조 푸틴 대통령 이란 러시아 전략 파트너 상호 이익 협력 우호 증진 화답 푸틴 대통령 이란 방문 양국 정상회담 번 푸틴 러시아 로하니 정상회담 중동 블라디미르 관련국 최고지도자 하메 테헤란 지도자 재확인 하메네 수뇌부 번 양국 대통령 협력 전략적 우호 방문 회담 전략 시각 지역 현지 안보 다짐 파트너 준수 합의
문재인정부,역할,한삼희의 환경칼럼 수소차 집중 지원 걱정스럽다 년이면 국내 에너지의 분의 을 수소가 담당한다는 것이 정부 예측이다 세계적으로도 수소 에너지 비율이 분의 에 달할 거라는 전망이 있다 블룸버그 탄소 중립으로 가려면 태양광 풍력의 간헐성을 보완하는 에너지 저장 수단으로 수소를 써야 하기 때문이다 제철 시멘트 항공 등 수소를 쓰지 않으면 탈탄소가 어려운 산업 분야도 있다 지원 수소차 집중 걱정 정부 각별 관심 세계 보급 대수 절반 선진국 자동차사 포기 수소경제 중요 년 에너지 분 수소 정부 예측 세계적 에너지 비율 분 전망 블룸버그 탄소 중립 태양광 풍력 간헐성 보완 수단 에너지 저장 수소 제철 시멘트 항공 수소 탈탄소 산업 분야 시대 중요 에너지 태양광 풍력 원자력 청정수소 확보 한국 태양광 풍력 자원 부족 수소 수입 정부 설명 호주 칠레 사우디아라비아 생산 청정수소 액화 수소합성물 암모니아 전환 단열 특수 선박 하역 저장 전환 설비 활용 공장 집결 항만 공단 관망 인프라 수소 보급 에너지 사이 에너지 수소 석탄 석유 채굴 자원 인프라 산업 첨단 동원 제조업 생산품 자리 선도국 경쟁 치열 유럽 우크라이나 전쟁 의존도 러시아 화석 연료 긴급성 제기 속도 수소 경제 확산 의아 정부 청정수소 생산 확보 유통 수소 경제 생태 수요 끝단 수요 보급 과도 느낌 산업부 수소 경제 정책관 국장 자리 신설 정부 조직 수소 경제 주무 수소 생산 유통 저장 충전 안전 개 사업 투입 억 환경부 구매 보조금 구축 충전 인프라 예산 억 보급 열중 나라 한국 연말 기준 수소차 만 관용차 한국 세계 시장 점유 메르세데스 벤츠 폴크스바겐 혼다 수소차 사이 포기 미라이 모델 현대차 넥쏘 경쟁 도요타 수소차 해석 현대차 연료전지 연료 전지 기술적 발견 연료전지 수소차 심장 난관 봉착 수소차 전기차 주행 거리 충전 장점 효율 에너지 전기차 분 분 일론 머스크 연료전지 바보 전지 충전소 심리 거부감 충전소 충전기 전기차 만 충전기 기 문재인 대통령 홍보 모델 수소차 지원 시승 년 월 방문 프랑스 수소 택시 충전소 년 월 연료 전지 공장 기공식 참석 월 전기차 정부 지자체 구매 보조금 만 만 수소차 만 만 월 보급 대수 대 연간 보급 만 거리 전기차 배터리 향상 배터리 장점 주행 거리 충전 잠식 분위기 장거리 운행 버스 트럭 수소차 경쟁력 지점 정기 운행 상용차 부담 충전 설비 정부 집착 이해 구석 수소 경제 생태 에너지 생산 보급 활용 소비 청정수소 수요처 생산 공급 기업 지속 가능 수소차 사업성 불투명 상태 보조금 인위적 시장 유지 납득 특정 기업 혜택 집중 수소경제 수소차 발판 희생타 전략 연료전지 청정 발전 공장 가정 에너지 설비 역할 정부 회의론 걱정 합리성 만큼 정책 합리 입증 수소차 일정 수준 보급 혼란 신정부 수소차 지원 수소경제 순위 검토 수소차 수소경제 전기차 연료전지 충전소 한국 청정수소 보조금 태양광 러시아 거부감 현대차 충전기 탈탄소
문재인정부,영역,상용화로 국가 핵심통신망 사이버 위협 노출 세대 이동통신 사업 확대로 국가 핵심 통신망들이 각종 사이버 위협에 노출될 수 있다는 지적이 나왔다 이옥연 국민대 정보보안암호수학과 교수는 일 오전 서울 용산 국방컨벤션에서 군사안보지원사령부가 주최한 국방보안 콘퍼런스 특별강연에서 시대 국방무선 네트워크 도입 시 보안대책 이라는 주제발표를 통해 현재 는 이동 상용 노출 국가 핵심 통신망 사이버 위협 세대 이동통신 사업 확대 통신망들 국가 핵심 통신망 위협 각종 사이버 노출 지적 이옥연 국민대 정보 보안 암호 수학 교수 일 국방컨벤션 서울 용산 국방 컨벤션 군사안보지원사령부 주최 콘퍼런스 국방 보안 특별강연 시대 보안대책 국방 무선 네트워크 보안 대책 주제발표 이동 통신 사업자 보안 규정 교수 핵심망 장비 백도어 제조사 이외 확인 불가능 백도어 보안 제거 비밀 통로 서비스 유지 보수 편의 백도어 삭제 인증 사용자 사용 컴퓨터 범죄 악용 교수 통신사 백도어 여부 검증 불가능 예상 만큼 국가 핵심 통신망 합법 공격 잠입 가능 대표이사 이용환 인포섹 대표 이사 강연 이날 특별 분산서비스거부 미라이봇넷 분산 서비스 거부 공격 발생 감염 대만 반도체 공장 랜섬웨어 공격 발생 사이버 공격 국가 안보 위협 현실 파악 융합보안 융합보안 사이버 보안 범위 영역 제조기술 산업제어 확대 대표 영역별 데이터 수집 체계 통합 모니터링 정보 공유 환경 사이버 보안 그간 안전 원점 보안 의심 콘퍼런스 국군 기무 사령부 기무사 해체 안보지원사 창설 정보 보호 전문가 중앙 부처 관계자 대학교수 여명 참석 방안 국방 보안 발전 논의 백도어 이용환 관계자 사령부 불가능 전문가 네트워크 통신망 미라이봇넷 서울 대만 랜섬웨어 용산 이옥연 국민대 융합보안 핵심망 대표이사
문재인정부,영역,임기 년 기금본부장 단기 이익에 급급 연금은 장기 투자가 필수 주위 분들에게 국민연금 기금운용본부장 한번 해 보시라 고 권하면 현직에 잘 있는데 왜 하겠느냐 갈 데 없어지면 그때나 생각해 보겠다 고들 합니다 국민연금 기금운용본부에서 운용직으로 일했던 씨의 말이다 본지가 접촉한 국민연금 출신 민간 자산운용업계 종사자들은 할 말이 많아 보였다 애정과 책임감을 갖고 일하다 좌절한 경우가 이익 임기 기금 본부장 단기 연금 장기 투자 필수 퇴직자들 기금 운용 퇴직자 쓴소리 낙하산 본부장 투자 수익 운용자 인센티브 주위 국민 연금 기금 운용 본부장 현직 생각 국민 연금 기금 운용 본부 운용직 씨 본지 접촉 종사자들 국민 연금 출신 민간 자산 운용 업계 종사자 애정 책임감 좌절 기금운용본부 역량 성과 지적 시스템하 장기 수익 관리 씨 임기 지적 임기 기본 연장 가능 수준 임기 년 취직 업종 국민 연금 사실 커리어 연금 장기 투자 년 성과 단기 이익 투자 보직 공백 수익률 국민 연금 장기 수익 악영향 요인 지목 국민연금 자산배분안 자산 배분안 중장기적 해외주식 채권 대체 투자 비중 확대 계획 투자 판단 핵심 운용역 상황 자본시장연구원 국민연금 대체 투자 비중 사모펀드 헤지펀드 부동산투자 원자재투자 대체 투자 주식 채권 개별 운용역 역량 고참 간부 판단 필수적 영역 기금운용본부 사직 씨 채권실장 주식실장 겸직 체제 해외 대체 실장 대행 년 유지 선배들 경험 노하우 후배들 전파 결국 장기 전략 정치 보은 투자 수익률 씨 정치권 신세 보은 외부 포트폴리오 국민연금공단 조직 국민 연금 공단 기금운용본부 이질감 기금 운용 본부 운용직 부담 씨 공단 운용직 지원 생각 불이익 기금운용본부 공단 경고장 사람 자조 인식 민간 운용업 상황 회장 강방천 에셋플러스자산운용 임기 국민 연금 년 장기적 전략 포트폴리오 유지 금액 사정 위탁 운용사 국민연금 설정 기준들 수익률 소극적 패시브 투자 실정 회장 해결 국민 연금 운용자 인센티브 부여 강조 운용직 정도 포인트 수익률 조 조 정도 성과 운용자들 억 성과급 지급 주장 익명 요구 민간 운용사 펀드매니저 국민 연금 운용자 운용 전념 사명감 연금 운용 큰일 생각 운용 인력 책임 추궁 생각 투자 결정 정치 사회적 논란 비화 재발 국가 정부 차원 개혁 이현 정종훈 국민연금 기금운용본부 수익률 운용직 운용자 본부장 보은 운용역 운용사 운용자들 국민연금공단 자산배분안 강방천 에셋플러스자산운용 이질감
문재인정부,영역,이정렬 전 판사 우병우 심 감형 가능성 박근혜 무기징역 나와야 이정렬 전 판사 우병우 심 감형 가능성 박근혜 무기징역 나와야 우병우 전체 기소 중 무죄 상당히 많이 선고 절반 이상 정치보복이다 아니다 가지고 형량 달라지진 않아 직권남용죄 우리나라 판례나 법리상 인정되는 범위 상당히 좁아 국정농단 최고 정점에 박근혜 피고인이 있기 때문에 상당한 영향 미칠 것 다른 데서도 심 판결 이정렬 가능성 판사 우병우 감형 가능 박근혜 무기 징역 이정렬 가능성 판사 우병우 감형 가능 박근혜 무기 징역 우병우 기소 무죄 선고 절반 정치보복 형량 직권남용죄 우리나라 판례 법리 인정 범위 정점 국정 농단 최고 박근혜 피고인 영향 선고 판결 십중팔구 항소 항소심 재판부 판결 선고 가능성 대통령 최후진술 결심 공판 최후 진술 궐석 상태 재판 예상 구형 박근혜 검찰 무기 징역 희망 사항 우병우 집행유예 불가능 반성 변명 감형 가능 방송 방송일 목요일 대담 이정렬 부장판사 이정렬 부장 판사 박사 앵커 곽수종 곽수종 박근혜 정부 청와대 민정 수석 재직 국정농단 묵인 혐의 재판 우병우 수석 법원 개월 징역 실형 선고 검찰 우병우 수석 징역 구형 이정렬 이정렬 부장 판사 연결 선고 결과 의미 상황 재판 진행 안녕 이정렬 부장판사 이정렬 부장 판사 이정렬 안녕 곽수종 형량 이정렬 기소 무죄 선고 보통 일반 법원 관행 검찰 구형 의존 구형량 절반 정도 선고 관행 구형량 검찰 유죄 주장 유죄 전제 구형 선고 절반 무죄 선고 형량 곽수종 형량 선고 매뉴얼 관례 느낌 무죄 직무유기 직권 남용 강요 혐의 특별 감찰관법 위반 무죄 이정렬 매뉴얼 관행 통신망 발달 내부적 인트라넷 구축 예전 법원 검찰 대비 법원 내부적 교류 독립적 검찰 수사 통일 가지 내부 통신망 발달 법원 검찰청 건물 옥상 안테나 설치 건물 검찰청 법원 예전 검찰 검찰 구형 전국 통일 법원 입장 법원 구형량 기준 매뉴얼 관행 성립 말씀 직무유기 기소 유죄 인정 특별 감찰관법 위반 기소 유죄 인정 강요 무죄 직권 건 기소 유죄 국회 증언 감정 법률 위반 건 기소 유죄 곽수종 직권남용 기각 사안 영장실질심사 기각 이정렬 무죄 포함 문체부 감사 담당관 좌천성 인사 조치 영장 기각 여지 무죄 곽수종 선고 우병우 수석 주장 이정렬 주장 단정 판결문 공개 상황 재판부 선고 얘기 말씀 우병우 수석 입장 법률가 법리적 주장 일반적 법리 얘기 재판부 판단 곽수종 우병우 수석 법률가 최후진술 재판 정치 보복 표적 수사 자신 혐의 유죄 년 이정렬 우병우 수석 법률가 법률가 청와대 근무 정책 관여 정치적 주장 주장 법원 신경 유죄 무죄 법리적 판단 그동안 구형량 참고 재판부 선례 양형 기준 판단 정치보복 형량 곽수종 본인 결심공판 건 의견서 제출 이례적 이정렬 본인 법률가 일반적 선고 변호인 선임 요지서 변론 변호인 의견서 의견서 통상적 업무 일환 곽수종 우병우 수석 재판 재판 국정원 불법 사찰 전망 이정렬 무죄 사안들 차지 직권남용 직권남용죄 우리나라 판례 법리 인정 범위 글자 직권남용죄 번째 혐의 사람 행위 사람 일반적 권한 범위 직권 남용 사람 행위 사람 일반 권한 직권 남용죄 자체 성립 판례 사안 법원 집행관 구속 집행관 구속 권한 직권남용죄 앵커 말씀 사안 일반적 직권 비서관 청와대 민정 수석 공직자 기강 감찰 일반적 권한 사찰 사람들 이석수 특별 감찰관 교육감님 공무원 일반적 권한 감찰 일반 권한 범위 수석 주장 범위 사찰 사생활 권한 남용 행위 구속 법원 인정 곽수종 박근혜 대통령 국정농단 대통령 선고 최순실 년 관련자들 중형 수석 재판 결과 대통령 재판 영향 이정렬 재판 수석 주장 대통령 지시 지시 주장 외부 이야기 재판부 판결 선고 대통령 지시 업무 범위 일개 수석 비서관 부정 얘기 소문 사실관계상 전체적 일련 국정 농단 행위 최고 정점 박근혜 피고인 수석 재판 영향 예상 가능 곽수종 선고 우병우 수석 재판 형량 년 이정렬 원래 선고 판결 선고 십중팔구 항소 항소심 재판부 사건들 판결 선고 별도 선고 확정 진행 경과 한군데 판결 선고 가능성 곽수종 대통령 결심 공판 일 결심공판 최후진술 이정렬 일관성 재판 거부 최후진술 궐석 상태 재판 예상 곽수종 검찰 구형 정도 예상 이정렬 예측 영역 앵커 희망사항 말씀 무기징역 곽수종 부장판사 희망사항 말씀 이정렬 무기징역 생각 곽수종 탄핵 시작 재판 인사 일종 사법부 개혁 이름 진행 국정농단 재판 진행 이정렬 부장판사 이정렬 부장 판사 사법부 정의 이정렬 판례 교과서 법리 중요 법원 행사 사법권 결국 헌법 주권자 국민 부여 주권 국민 의사 생각 정의 이름 포장 국민 요구 곽수종 예상 족집게 대통령 무기 징역 예상 예상 우병우 이정렬 유무 판단 판결문 곽수종 집행유예 이정렬 집행유예 불가능 집행유예 반성 재판부 반성 변명 얘기 집행유예 정도 비율 무죄 유무죄 유무 판단 항소심 재판 감형 가능 곽수종 말씀 감사 이정렬 감사 곽수종 이정렬 부장판사 이정렬 부장 판사 이정렬 곽수종 우병우 박근혜 재판부 결심공판 국정농단 구형량 법률가 청와대 무기징역 의견서 직권남용죄 집행유예
문재인정부,원칙,정치 와호장룡 패스트트랙 법안 두고 줄다리기 협상 전망은 앵커 임시 국회 소집을 위한 여야의 협상이 계속있고 있습니다 대략의 합의는 됐지만 패스트트랙 안건 처리에 대한 표현을 두고 줄다리기를 벌이고 있는 것으로 전해지고 있습니다 어제 진영은 다르지만 유시민 노무현재단 이사장과 홍준표 전 자유한국당 대표가 분간 열띤 토론을 벌였습니다 지금 여야 정치권에 가장 필요한 것이 바로 허심탄회하 패스트트랙 법안 줄다리기 협상 전망 앵커 소집 임시 국회 여야 협상 대략 합의 처리 패스트 트랙 안건 표현 줄다리기 진영 이사장 유시민 노무현재단 홍준표 홍준표 자유 한국당 대표 분 토론 여야 정치 허심탄회 대화 생각 와호장룡 정치 교수 김민전 경희대 논설위원 이현종 문화일보 이야기 안녕 얘기 협상 임시 국회 협상 주말 일요일 원내대표끼리 협상 결렬 정도 민주당 얘기 합의 가지 표현 표현 패스트 트랙 안건 처리 합의문 논설위원 이현종 문화일보 앵커 민주당 얘기 합의 처리 원칙 논설위원 이현종 문화일보 원래 합의문 패스트트랙 상정 패스트트랙 처리 여야 합의 처리 노력 원래 노력 원래 민주당 앵커 민주당 논설위원 이현종 문화일보 노력 규정성 선언적 명문 민주당 입장 여야 합의 원칙 입장 앵커 차이 논설위원 이현종 문화일보 노력 규정 앵커 정도 논설위원 이현종 문화일보 원칙 여야 합의 통과 전제기 의미 합의 처리 여야 합의 패스트트랙 원칙 입장 자유한국당 그다음 복병 고소 고발 여당 고소 고발 처리 검찰 경찰 수사 앵커 논설위원 이현종 문화일보 상관 여당 노력 측면 마지막 걸림돌 앵커 원래 한국당 합의 처리 요구 합의 처리 원칙 한국당 교수 김민전 경희대 합의 처리 노력 나경원 원내 대표 생각 본인 노력 합의 얘기 앵커 합의 노력 교수 김민전 경희대 월 얘기 본인 노력 악용 걱정 생각 황교안 대표 정부 비난 정책 중심 정책 대안 제시 이야기 마당 정책 논의 국회 국회 제외 정책 논의 이야기 정치 중심 전환 대표 선언 국회 당위론 합의 노력 중요 국회 자체 논의 생각 앵커 민주당 입장 입장 한국당 반응 논설위원 이현종 문화일보 앵커 정국 수속 주목됐 야당 대화 문재인 대통령 청와대 강기정 수석 제안 대표 동시 대화 황교안 대표랑 논설위원 이현종 문화일보 일 문재인 대통령 순방 북유럽 앵커 일 논설위원 이현종 문화일보 임시 국회 정국 대전제 청와대 야당 정도 공감 황교안 대표 제안 제안 측면 청와대 공식적 회담 대표 그다음 협의체 여야정 상설 정도 이야기 내부적 황교안 대표 강기정 정무 수석 공식화 야당 예전 방식 박근혜 정부 대통령 시절 이명박 대통령 여야 대표 정도 야당 대표 형식 타협선 황교안 대표 자유한국당 원내 교섭 단체 정당들 본인 상황 사실 원내 교섭 단체 당 이야기 아까 말씀 상황 대전환 경제 캐치 플레이 위원회 구성 황교안 대표 경제 승부 본인들 승부 결국 여당 청와대 주장 압박 경제 전환 청와대 정도 양보 타협 시점 대통령 외교 월 기회 앵커 논설위원 이현종 문화일보 여름 휴가 여야 회담 자체 실효성 입장 대표 정도 앵커 앵커 강기정 수석 일 날짜 제시 상황 한국당 이야기 이사장 유시민 노무현재단 홍준표 자유 한국당 대표 방송 유튜브 공동 홍카콜라 알릴레오 홍카레오 관심 정도 사람 대표적 진보 보수 논객들 교수 김민전 경희대 만 정도 사람 정치적 성공 생각 결국 친구 이야기 정치권 이야기 이야기 얘기 자유 한국 내부 홍준표 대표 마이너리티 이야기 자유한국당 내각 홍준표 축출 이야기 유튜브 중심 상황 자신 존재감 필요성 생각 기회 생각 유시민 장관 장관 생각 모임 머리 이야기 본인 정치 얘기 본심 얘기 대선 민주당 사실 민주당 탈당 앵커 전적 교수 김민전 경희대 정의당 전신 이혼 정치적 역정 상황 정치적 자산 필요성 상황 기회 생각 생각 앵커 이현종 의원 평가 토론 요약 질문 앵커 토론 대체적 현안 생각들 정반대 논설위원 이현종 문화일보 메이저리그 이낙연 총리 황교안 대표 메이저리그 대표 유시민 작가 마이너리그 정도 토론 의원들 요즘 여야 의원 대화 앵커 분위기 논설위원 이현종 문화일보 보수 진보 대화 주장 접합점 무한 경쟁 상황 대표적 분들 자리 마련 의미 토론 미흡 생각 사안 이견 유일 황교안 체제 사람 생각 앵커 논설위원 이현종 문화일보 공간들 사실 여야 대화 여야 의원 대화 수준 예전 초선 중심 개혁 모임 모임 앵커 국회 논설위원 이현종 문화일보 정도 목소리 상황 상대방 주장 동조 모습 문자 테러 모임 상황 모임 관심 집중 모임들 깊이 생각 경제 앵커 조심 논설위원 이현종 문화일보 대화 수준 자체 생각 앵커 정당 내부 분들 형식적 유튜브 공개 동시 공개 정치권 유튜브 개인 채널 사람들 여야 등장 토론 지상파 방송 종편 방송 국민들 모습 생각 교수 김민전 경희대 앵커 게 교수 김민전 경희대 생각 대화 생각 차이 서로 이해 중요 생각 한국 유튜브 공헌 정치 정보 폭발적 생각 과거 엘리트 정보 양쪽 강성 간다 이야기 자유한국당 막말 국회 것들 유튜브 강경 얘기 밀접 연관 보수 진영 유튜브 보수 공헌 생각 보수 가능 대표 홍준표 대선 중요 유튜브 장애 걱정 사실 앵커 막말 이야기 요즘 한국당 막말 논란 막말 막말 막말 시리즈 얘기 정도 기자들 걸레질 발언 선교 사무총장 해명 해명 기자들 취재 환경 고생 생각 반응 교수 김민전 경희대 걱정 의자 생각 걱정 이야기 김용태 의원 사무총장 학생 운동회 깔개 깔개 기자들 공급 땅바닥 이야기 국회 깔개 앵커 교수 김민전 경희대 시위 물품 일환 김용태 사무총장 사무총장실 회수 기자들 생각 생각 앵커 황교안 대표 회의 일언 심사일언 가지 얘기 생각 생각 회의 발언 황교안 대표 고민 논설위원 이현종 문화일보 국회의원 개인 인성 자유한국당 분위기 사실 기자들 취재 고생 상황들 걸레질 이야기 기자들 모욕적 이야기 앵커 비하발언 논설위원 이현종 문화일보 언론인 출신 이야기 후배들 자리 앵커 출신 아나운서 논설위원 이현종 문화일보 자유한국당 분위기 에스컬레이터 사무총장 결국 한선교 당직자 이야기 앵커 욕설 논설위원 이현종 문화일보 욕설 가지 논란 앵커 사과 논설위원 이현종 문화일보 대표 이야기 사실 생각지 이야기 대표 위신 공감 능력 생각 국회의원들 계속적 대변인들 사무총장 정책위의장 분들 여당 청와대 중심 생각 말들 지칭들 호응 앵커 주목 나중 공천 유리 막말 얘기 한국당 피해 인식 공천 자체 논설위원 이현종 문화일보 나중 공천 플러스 앵커 논설위원 이현종 문화일보 지지 결집 측면 것들 일상화 자신 이야기 황교안 대표 자유한국당 모습 지지율 정체 황교안 대표 층들 공감 지지 정당 걸림돌 지지 결집 아까 말씀 품위 정당 분들 품위 앵커 보수 진영 논설위원 이현종 문화일보 국회의원 의심 정도 황교안 대표 품위 작업 정책 보수 품격 정당 작업들 신상필벌 일벌백계 당직 박탈 정신 사과 반복 앵커 이야기 양정철 민주연구원장 행보 광폭 행보 서훈 국가 정보원장 논란 활동 생각 박원순 서울 시장 이재명 경기 지사 교수 김민전 경희대 민주연구원 더불어민주당 핵심 기구 광고 앵커 교수 김민전 경희대 한편 대권 주자 일반적 국회의원선거 국민들 회고 투표 과거 회고 투표 전망 투표 미래 생존 가능 정당 대선 정당 것들 전망 투표 동시 차원 대선 주자 국회의원 선거 도움 판단 생각 더불어민주당 안희정 지사 이재명 지사 고초 대권 주자 비난들 상황 대권 주자 것들 노력 생각 앵커 경쟁 후보 대통령 친문 친문 세력 후보들 얘기들 양정철 대통령 복심 후보들 결집 지지 세력 결집 도움 논설위원 이현종 문화일보 원장 사실 원장 자체 메이커 역할 집권 대통령 핵심 사람 이야기 전례 공직자들 사인 충성 국회의원들 청와대 민주연구원 플러스 사실 문재인 정부 년 대통령 정책 추진력 대통령 공무원들 것들 대통령 측근 사람들 생각 앵커 논설위원 이현종 문화일보 정권 성공 자체 정권 자체 정권 성공 얼마 노무현재단 광화문 작가 유시민 거냐 이야기 이야기 대권 주자 도움 권력 내부 응집력 자체 약화 부작용 국회의원들 공식 조직 민주연구원 것들 공천 작업 사무총장 대표 중심 민주연구원장 부원장들 논란 대표 이해찬 개 정부 부처 장관 행위 양정철 원장 대권 주자 자체 청와대 역할 앵커 의도 논설위원 이현종 문화일보 내부 원장 행보 조금 교수 김민전 경희대 의견 대권 주자 생각 대권주자 이름 사람들 문재인 정권 위협 정도 주자들 마음 생각 앵커 의견 교수 김민전 경희대 문재인 대통령 경선 경쟁 사람들 상처 입장 민주당 지지자 설명 만회 욕심 의도 생각 지적 대권놀음 문제제기 야권 가능 생각 국민 경제 사실 대권 놀음 지적들 얼마 생각 앵커 시점 양정철 원장 주목 민주당 정권 차원 말씀 이현종 문화일보 한국당 유튜브 황교안 청와대 경희대 민주당 김민전 사무총장 기자들 국회의원 유시민 홍준표 자유한국당 막말 문재인 분들
문재인정부,원칙,김지섭의 뉴스 저격 만원 월급자에 최저임금 지원했더니 만원 받는 동료가 잘리더라 홍남기 경제부총리는 지난 일 열린 경제활력대책회의에서 내년에도 큰 폭으로 오를 최저임금에 대한 연착륙 지원 방안을 밝히며 일자리안정자금 이하 안정자금 을 첫 번째 대책으로 내세웠다 내년에 편성된 조원 가까운 안정자금 예산을 최대한 빨리 쓰고 지원 대상 근로자 기준을 넓혀 시장 부담을 줄이겠다는 것이다 정부는 년 전에도 안정자금을 최 만 월급자 최저 임금 지원 만 동료 정부 일자리 안정자금 아이러니 일자리 급감 홍남기 경제 부총리 일 경제활력대책회의 내년 최저임금 방안 연착륙 지원 일자리안정자금 안정자금 번째 내년 편성 조 안정자금 예산 지원 대상 근로자 기준 시장 부담 정부 년 안정자금 최저 임금 해결사 홍보 최저 임금 인상 취약 업종 중심 고용 참사 소득 분배 악화 정부 최저 임금 충격 완화 수단 안정자금 조 조 효과 미미 안정자금 사업장 미만 월급 만 근로자 고용 사람 만 최대 근로자 지원 제도 내년 지원 금액 최대 월급 한도 만 확대 지원 기간 개월 제한 내년 개월 신청 급여 소급 안정자금 진척률 정부 사업 신청자 이달 기준 안정자금 근로자 기준 만 만 조 정도 지급 정부 지급 인원 만 편성 예산 조 대비 집행 사업 운영 영향 최저 임금 인상 소매업 숙박 음식업 분야 일자리 급감 효과 조 참사 정도 지급 대상자 확대 상반기 안정자금 집행 정부 지원 대상 기준 요건 완화 정부 소득세법 시행령 개정 연장 야간 휴일근로수당 대상 근로자 소득 기준 월정액 급여 만 확대 월정액 급여 초과 근로 수당 만 근로자 애초 기준 월정액급여 만 기준 수당 혜택 월보수 만 안정자금 시행령 개정 제조업 생산 식당 종업원 편의점 판매원 주유소 주유원 경비 청소원 대상자 포함 정부 만 안정자금 대상 추가 포함 추산 정부 저조 예산 집행 대상자 지적 안정자금 취지 안정자금 원칙 대상 훼손해 지급 작업 월 퇴사 직원 자발적 계약 만료 안정자금 규정 월 사업장 미만 지원 대원칙 세 근로자 종사자 사회 서비스 제공 기관 고용위기 산업위기대응 지역 근로자 사업장 미만 안정자금 안정자금 기간 근로자 명 연속 지원 번복 지원 월 월 시간 단시간 근로자 시간대 지급액 지급 안정자금 급여 소급 일괄 지급 연말 지급액 의원 추경호 자유 한국당 고령 직원 고용위기지역 사업주 부담 임금 지급 근거 정부 대상자 확대 몰두 제도 모순 투성이 규정 안정자금 제도 설계 고용 유지 기준 사업주 안정자금 도중 직원 지급 대상 안정자금 지원 직원 얼마 가능 명 사업장 명 월급 만 명 만 안정자금 대상자 안정자금 요건 만 미만 명 해고 사업장 노무 미숙련 단순 명 월급 사람들 일감 상황 해고 사업주 입장 부담 소득 사업주 규정 기준 사업소득금액 법인 당기순이익 초과 인건비 각종 경비 순이익 억 지원 정부 고용 유지 촉진 출산 육아기 장려금 고용 안정 각종 사업장 안정자금 중복 지급 과다 지급 비판 안정자금 예산 산정 미만자 최저 임금 포함 사업주 지원 조치 사리 지적 안정자금 여건 최저임금 사업주 보호 제도 취지 정부 편성 내년 예산 최저 임금 미만자 제외 실수 자인 사업장 곳 부당 일자리 안정자금 일자리 안정자금 지급 근로자 기간 고용 유지 근로자 변동 요건 심사 안정자금 집행 관리 운영 기관 근로복지공단 계약 근로자 명 내년 공단 계약 근로자 지급 인건비 억 명 정규 근로자 명 인력 심사 사업장 개 업무 구멍 가능성 고용노동부 사업장 상반기 점검 결과 안정자금 부당 부정 수급 사업장 개 애초 사업주 부정 수급 자진 신고 제보 의심 검사 사업장 비율 상반기 심사 통과 부정 수급 자진 신고 건수 여 안정자금 사업장 월 만 감안 얼마 지적 인척 근로자 등록 최저임금 서류 허위 작성 사례 의원 문진국 자유 한국당 정부 부당 부정 수급 적발 자진 신고 제보 의존 진화 탈법 대응 안정자금 근로자 사업장 최저임금 사업주 상반기 일자리 대상자
문재인정부,원칙,단독 검찰 구두변론 모두 기록한 지 년 징계 명 모든 검사 청렴 유명무실 보여주는 것 검찰은 지난해 월 형사사건 변론에 대한 업무 지침을 도입했다 변호사가 전화 또는 검찰청을 방문해 구두로 변론할 경우 구두변론 관리대장 에 이를 기록하도록 하는 게 골자다 변호사법 위반 혐의로 구속된 홍만표 사법연수원 기 전 검사장처럼 검찰 고위 간부 출신 변호인들의 몰래 변론 이나 전관예우 논란을 막자는 취지다 과거 검찰 구두변론 기록 징계 검사 청렴 유명무실 검찰 지침 형사 사건 변론 업무 지침 검사장 전관 출신 변론 막자 취지 변호사 전화 방문 구두변론 대장 기재 년 지침 징계 검사 전국 검사 대장 관리 아옹 지적 검찰 변론 형사 사건 업무 지침 변호사 전화 검찰청 방문 구두 변론 관리대장 구두 변론 관리 대장 기록 골자 혐의 변호사법 위반 구속 홍만표 기 검사장 변호인들 검찰 고위 간부 출신 변호인 변론 전관예우 논란 취지 변호사 과거 검찰 간부 출신 수사 사건 정식 선임서 제출 전화 검찰 수사 진행 증거 상황 계획 영장 청구 기소 죄명 기소 관행 대검 관계자 검사 변호인 구두 변론 사실 대장 기재 사실 기록 위반 직무 의무 직무 태만 제도 구두 변론 관리 대장 실행 징계 검사 명 확인 전국 검사 규정 대장 관리 아옹 방증 전자 다행 후자 구두 변론 관리 대장 유명무실 지적 대검 구두 변론 관리 대장 변론 일시 날짜 변호사 성명 사건번호 전화 방문 여부 변론 취지 무죄 신변 정상 기타 해당란 체크 방식 구두 변론 관리 대장 검사 수사관 실무관 지시 작성 기관장 지검 검사장 지청 지청장 대장 제출 기관장 지정 부서 년 대장 보존 변호사 구두변론 대상 지검 서열 위 서열 검사장 차장검사여 동일 방식 대장 기재 검찰 설명 검찰 구두변론 지침 마련 검찰 문턱 변호사들 소수 전관 변호사 변호사들 대다수 비전관 변호사 목소리 활동 변호사 명 추정 변호사 전관 출신 변호사 나머지 비전관 검찰 개방성 투명성 온도 전주지검 단적 장면 일 시 분쯤 김한수 전북 전주시 덕진동 전주지검 기 차장 검사 부속실 정장 차림 중년 남성 서류가방 뿔테 안경 이건리 기 변호사 염웅철 기 변호사 서울 법무법인 동인 소속 전주고 서울대 법대 졸업 변호사 광주고검 차장 검사 제주지검장 창원지검장 대검찰청 공판송무부장 검찰 문무일 기 검찰총장 총장 후보 광주제일고 서울대 법대 변호사 대전지검 공주 지청장 춘천지검 원주 지청장 전주지검 군산 지청장 대전지검 홍성 지청장 검사 생활 마무리 차장 변호사 허리 변호사 차장 인사 검사장실 송인택 기 검사장 분 면담 변호사 변호사 차장검사실 분 차장검사실 변호사 전주 덕담 차장 감사 악수 변호사 서울 전북 건설 토목업체 경영 씨 연루 사건 변론 이날 전주지검 서열 위 서열 파악 차장 수사 사건 쌍방 맞고소 사건 지역 논란 사건 사안 변호사 처리 변론 씨 반대 변호사 반대 장부 구두변론 관리대장 기억 서울 본거지 전관 변호사 분 전주지검장 차장검사 명 변호사 소속 전북지방변호사회 회장단 일 검사장실 검사장 차장 분 단체 접견 자리 황규표 기 전북지방변호사회 회장 홍요셉 부회장 박형윤 총무이사 이희열 재무 이사 변호사 참석 일자 전주 부임 검사장 차장 예방 차원 전북 지방 변호사회 관계자 변호사회 집행부 인사 자리 공식적 간담회 제외 검사장 차장검사 개별적 전주지검 검찰 변호인 변론권 보장 입장 차장 검사실 변호인 검사 변론 부장검사 차장검사 검사장 변호인 민원인 검사 제도 면담 요청 운영 검사장 전주지검 민원인 면담 요청 이달 다음달 예정 차장 검사장 전북 지방 변호사회 집행부 자리 얘기 약속 여건 용의 변호사들 학교 동문 연수원 동기 개인 인연 검사 판사 출신 일반 변호사 검사장 차장검사 황규표 전북 지방 변호사 회장 전관 대학 동기 연수원 동기 친소 검사장 차장검사 변호사 얘기 년 변호사 씨 피의자 신문 참여 검사실 검사장 차장검사 수사 사람 결재권자 변호사 사건 자체 지적 로스쿨 출신 변호사 변호인 형사 사건 검사장 차장검사 자체 사건 부장검사 차장검사 검사장 전주지검 지검 구두 변론 관리 대장 관리 감찰 검사 감찰 형사 백상렬 기 부장검사 전주지검 구두 변론 관리 대장 월 대장 기록 변호사 검사장 차장 전주 부임 사건 고위 간부 변호사 공개 차장 지침상 수사 감찰 대장 비공개 원칙 변호사 검사장 전주지검 사법연수원 구두변론 지청장 변호인 전북 전북지방변호사회 차장검사 대전지검 검사실 변호사들 관리대장 집행부 서울 검사장실 황규표 관계자 전주 부장검사 비전관
문재인정부,육성,경기도 교육청 경과원 소프트웨어 미래인재 육성 위한 업무협약 경기도와 경기도교육청 경기도경제과학진흥원 이하 경과원 이 차산업혁명 시대의 인재 양성을 위해 추진하는 소프트웨어 미래채움 사업 운영 에 대한 업무협약을 체결했다고 일 밝혔다 협약은 서면으로 진행됐으며 이번 협약으로 개 기관은 교육 확산을 위한 환경 조성 정보 소외지역의 교육 기회 확대 교육 전문강사 양성을 체계적 경기도 교육청 경과원 소프트웨어 미래 인재 육성 업무협약 경기도 경기도교육청 경기도경제과학진흥원 경과원 차 산업혁명 시대 인재 양성 추진 소프트웨어 운영 미래채움 사업 업무협약 체결 일 협약 서면 진행 협약 기관 교육 확산 환경 조성 정보 소외 지역 확대 교육 기회 양성 교육 전문 강사 체계적 추진 공동 협력 경기도 양성 교육 강사 일자리 지원 구축 미래채움 센터 운영지원 교육 프로그램 운영 지원 국비확보 확약 지방비 분담금 예산 수립 경기도교육청 중등학생 확대 교육 기회 취업특강 세미나 캠프 사업홍보 각종 행사시 사업 홍보 확산 자생 교육 지원 환경 조성 마지막 경과원 양성 교육 강사 미래채움 센터 구축 운영 교육 프로그램 교육장비 교구재 구비 사업 추진 실적 성과 강사 양성 확산 교육 문화 경기도 역할 소프트웨어 미래채움 사업 교육 환경 구축 정보 소외 지역 중등학생 양질 소프트 교육 제공 사업 년 년 국비 포함 억 투입 교육센터 구축 전문 강사 양성 교육프로그램 명 전문 강사 양성 교육 운영 소프트웨어 교육 격차 해소 연간 대상 교육 운영 원장 경과원 김기준 소프트웨어 차 산업혁명 시대 필수 역량 경기도 교육청 적극 협력 경기도 일자리 창출 교육 생태 활성화 최선 온라인 경기도 경과원 교육 미래채움 경기도교육청 일자리 지방비 중등학생 행사시 업무협약 교육청 차 김기준
문재인정부,육성,생생경제 서울시 독립유공자 후손에 고덕 강일 위례 지구 주택 공급 방송 라디오 진행 김혜민 대담 박달경 서울시 서울시청 복지정책과 팀장 아래 텍스트는 실제 방송 내용과 차이가 있을 수 있으니 보다 정확한 내용은 방송으로 확인하시기 바랍니다 생생경제 서울시 독립유공자 후손에 고덕 강일 위례 지구 주택 공급 관련 동영상 보 서울시 독립 유공자 후손 고덕 강일 위례 지구 주택 공급 방송 라디오 진행 김혜민 대담 박달경 서울시 서울시청 복지 정책 팀장 텍스트 실제 방송 차이 방송 확인 생생경제 서울시 독립 유공자 후손 고덕 강일 위례 지구 주택 공급 동영 김혜민 김혜민 친일 대 독립운동 대 독립운동 분들 생각 새끼 가족 독립 나라 인간 독립운동 독립 투사 자녀분들 독립 대한민국 대우 경제적 정부 독립 유공자 후손 지원금 제도 점검 보안 복지정책 서울시 서울시청 복지 정책 박달경 팀장 전화 연결 안녕 팀장님 박달경 서울시 서울시청 복지 정책 팀장 박달경 안녕 김혜민 독립 유공자 후손 말씀 육성 지원 제도 서울시 예우 독립 유공자 후손 계획 지원 강화 기본 취지 배경 설명 박달경 국가 보훈 기본법 국가 유공자 예우법 국가 지방 자치 단체 유공자 희생 공헌 상응 실질적 보상 정책 마련 규정 서울시 독립유공자 포함 국가유공자 보훈 정책 지속적 추진 년도 보훈 종합 계획 시행 년 보훈 종합 계획 수립 년 선도적 추진 독립 유공자 지원 강화 계획 준비 김혜민 서울시 년 보훈 정책 추진 독립 유공자 지원 강화 계획 일환 준비 말씀 생활고 독립 유공자 자녀 후손 구체적 기준 기준 박달경 말씀 년 실태조사 소득 유공자 후손 후손 제도 생활지원수당 생활 지원 수당 서울 거주 독립 유공자 후손 가구 추정 그중 생활 후손 기준 중위 소득 분들 가구 파악 수당 생활 지원 지급 김혜민 서울시 생활 후손 가구 기준 중위 소득 분들 독립유공자 육성 연세 절차 어려움 말씀 절차 서울시 신청 박달경 보훈처 생활 후손 자료 확보 보훈처 자료 지급 예정 본인들 신청 김혜민 말씀 박달경 내년 시행 예정 진행 그전 보도자료 광복회 조직망 대대적 홍보 계획 김혜민 독립 유공자 본인 후손 집중 정책 후손 확대 생각 박달경 국가보훈처 국가 금전적 지원 보상금 독립 유공자 본인 후손 선순위자 지원 대 후손 저소득층 상대 자녀 손자녀 분들 김혜민 생활비 주택 공급 계획 기준 주택 공급 박달경 후손분들 무주택자 서울주택공사 건설 주택 물량 지구 고덕 강일 위례 지구 가구 공급 예정 순수 독립 유공자 후손 무주택자 분들 특별 공급 추진 김혜민 지구 고덕 강일 위례 지구 정도 독립 유공자 후손 공급 예정 후손 범위 국가 보훈 기본법 대 대 서울시 박달경 대 손자녀 대 자녀분 대 세월 대 분들 대 대 서울시 독립 유공자 본인 교육 수준 독립운동 분들 교육 수준 후손들 선조들 독립운동 후손들 교육 수준 차원 대 후손들 장학 사업 뿌리 해외 독립운동 후손 명예 자부심 목적 사업 추진 김혜민 독립 유공자 자녀 가난 직접적 경제 도움 독립운동 후손 자부심 가지 후원 서울시 말씀 의미 서울시 거주 독립유공자 후손들 지원 지역 분들 확대 박달경 결국 국가 전체적 지방 자치 단체 입장 국가 보훈 정책 보완 측면 년도 조례 독립 유공자 예우 제정 제정 그전 시도 조례 부산 광주 전북 벤치마킹 조례 제정 예우 수당 지급 제도 시도 벤치마킹 김혜민 지자체 실질 도움 독립 유공자 후손 의미 서울시 지역 지자체 일들 바람 인터 서울시청 복지 정책 박달경 팀장 감사 박달경 감사 독립유공자 박달경 서울시 김혜민 유공자 분들 독립운동 대 후손들 팀장 고덕 보훈처 기본법
문재인정부,육성,선도 번 쓰며 자신감 보인 모든 취업자에게 고용보험 문재인 대통령은 일 모든 취업자가 고용보험 혜택을 받는 전 국민 고용보험시대 의 기초를 놓겠다 저임금 비정규직 노동자들의 고용보험 가입을 조속히 추진하고 특수고용노동자 플랫폼 노동자 프리랜서 예술인 등 고용보험 사각지대를 빠르게 해소해 나가겠다 고 말했다 문 대통령은 이날 오전 청와대 춘추관에서 한 취임 주년 특별연설에서 고용보험 선도 번 자신감 취업자 고용보험 문재인 대통령 일 취업자 고용 보험 혜택 국민 고용 보험 시대 기초 노동자들 정규 노동자 고용 보험 가입 추진 특수고용노동자 플랫폼 노동자 프리랜서 예술인 고용 보험 사각지대 해소 대통령 이날 청와대 춘추관 특별연설 취임 특별 연설 고용 보험 적용 획기적 확대 국민취업지원제도 시행 수준 고용 안전망 단계 대통령 인류 역사 위기 복지 확대 안전망 강화 우리나라 국제통화기금 외환위기 기초생활보장제도 코로나 위기 취약 고용 안전망 구축 요구 자영업자들 가능성 고용 보험 적용 가능 언급 대통령 자영업자들 고용 보험 적용 사회 합의 점진적 확대 고용 보험 확대 대통령 저소득층 청년 영세 자영업자 직업 훈련 맞춤 취업 지원 제도 한국 실업 부조 국민취업지원제도 시행 대통령 고용 안전망 강조 경제 여건 상황 경제 전시 규정 인식 대통령 경제 경제위기 년 대공황 비교 실직 공포 영세 자영업자 비정규직 일용직 정규직 중견기업 종사자 방위 확산 돌파구 선도 경제 대통령 정보통신기술 분야 우수 인프라 세계 경쟁력 바이오 분야 경쟁력 가능성 확인 대면 의료서비스 온라인 교육 온라인 거래 방역 바이오산업 포스트 코로나 산업 분야 혁신 벤처 스타트업 주력 세계 선도 디지털 강국 대한민국 도약 시스템반도체 바이오 헬스 미래차 산업 신성장 육성 미래 먹거리 창출 대통령 상황 경제 전시 규정 연설 감염증 신종 코로나바이러스 코로나 대처 자신감 대통령 분량 연설 선도 표현 번 세계 대한민국 세계 선도 대한민국 대통령 방역 보강 세계 선도 국가 방역 질병관리본부 질병 관리청 승격 보건복지부 복수차관제도 감염병 전문 병원 설립 국립 감염병 연구소 언급 대통령 전문가들 가을 겨울 예상 대비 국회 신속 협조 부탁 자신감 토대 년 국정 포부 자리 북한 언급 인간 안보 협력 생명공동체 평화공동체 희망 연설 기자들 문답 질문 남북 문장 언급 신년사 제안 사업들 남북 협력 사업 유효 대화 남북 일들 제재 유엔 안보리 저촉 사업들 저촉 예외 승인 사업들 사업들 제안 코로나 국면 노력 남북 철도 연결 비무장지대 국제평화지대화 개별관광 제안들 유효 코로나 상황 진정 대로 지속 대화 설득 예정 대통령 특별연설 기자들 문답 코로나 방역 조치 염두 악수 인사 춘추관 연설 대통령 대변인 허윤정 더불어민주당 국민 고용 보험 사각지대 해소 국민취업지원제도 고용 안전망 강화 노력 추진 한국 뉴딜 남북 평화 공동체 입법 정책 협업 필수 논평 김성원 미래 통합 대변인 논평 한국 뉴딜 국민 고용 보험 시대 대책 포스트 코로나 지속적 제기 재정건정성 언급 국민취업지원제도 국회 심도 논의 사안 처리 언급 제시 모습 비판 권호 고용보험 코로나 안전망 대변인 자신감 감염병 공동체 자영업자 사업들 노동자 대한민국 국민취업지원제도 가능성 춘추관 김성원 비정규직 특별연설 번 경쟁력 뉴딜
문재인정부,의료,제약바이오협회 유럽 시장 교두보 영국 과 산업 교류 확대 케임브리지 옥스퍼드 런던을 잇는 골든 트라이앵글 은 영국에 국한하지 않고 유럽 전역에서 뛰어난 바이오 클러스터다 한국 제약산업이 유럽에 진출하는 교두보가 될 것이다 한국제약바이오협회는 필 잭슨 메드시티 프로젝트 디렉터가 지난 일 서울 방배동 제약바이오협회에서 열린 한 영 생명과학 심포지엄 을 통해 이같이 강조했다 메드시티는 영 제약바이오협회 유럽 시장 교두보 영국 확대 산업 교류 케임브리지 옥스퍼드 런던 골든 트라이앵글 영국 국한 유럽 전역 바이오 클러스터 한국 제약 산업 유럽 진출 교두보 한국제약바이오협회 디렉터 잭슨 메드 시티 프로젝트 서울 방배동 제약 바이오 협회 생명 과학 심포지엄 강조 메드시티 영국 런던시 잉글랜드 고등 교육 기금 위원회 임페리얼 런던 소재 대학 공동 설립 영국 동남 지역 대표적 바이오 클러스터 협회 유럽 제약바이오 기업 선진 시장 진출 지원 메드시티 영국 기업 교류 심포지엄 마련 이날 이날 잭슨 디렉터 메드시티 현황 영국 제약바이오 산업 현황 메드시티 세포 유전자 재생의료분야 첨단의료제품 투자유치 상업화 지원 엔젤 메드시티 프로그램 투자자 제공 혁신 상업화 혁신 상업 중점 지원 바이오 생태 조성 강조 부회장 허경화 제약바이오 협회 한국 의약품상호실사협력기구 가입 화이트리스트 이름 국제 수준 의약품 품질 아시아태평양 시장 영향력 영국 한국 제약바이오 산업 협력 아태 시장 진출 탄력 행사 영국 제약바이오 기관 대학 기업 역량 모델 협력 사업 제시 바츠생명과학연구소 인공지능 활용 프로젝트 소개 임페리얼 컬리지 런던 연구소 임상 실험 모델 질병 진단 예방 치료 생물학 효과 규명 집중 연구소 산업계 공동 산업 비중 증가 방법 공동 참여 행사 참여 종근당 일동제약 셀루메드 기업 기관 영국 제약바이오 대학 기업 네트워킹 진행 제약바이오협회 심포지엄 영국 유럽 시장 진출 오픈 이노베이션 활성 박차 내달 영국 제약 바이오 글로벌 오픈 이노베이션 사절단 파견 바이오행사 유럽 최대 바이오 행사 바이오 유럽 참석 이튿날 케임브리지 밀너 컨소시엄 사이언스파크 현장 계획 제약바이오 협회 관계자 협회 유럽 선진 시장 진출 지원 우수 파이프라인 보유 제약바이오기업 유럽 현지 제약바이오 기업 협력 글로벌 오픈 이노베이션 지원 협력 사례 도출 영국 유럽 제약바이오 메드시티 제약바이오협회 한국 런던 케임브리지 연구소 임페리얼 의약품 상업화 잭슨 허경화 화이트리스트
문재인정부,의료,정부 셀트리온 치료제 허가 전 고연령 고위험 환자에 투여 정부가 셀트리온이 개발 중인 항체치료제 렉키로나주 에 대해 조건부 허가 승인이 나오기 이전이라도 의료진 판단에 따라 환자에 투여할 수 있다고 밝혔다 권준욱 중앙방역대책본부 제 부본부장은 일 중앙방역대책본부 브리핑에서 현재 개발 중인 항체치료제의 임상 상 조건부 허가에 대해서 식품의약품안전처의 검토가 진행 중이다 며 국립감 치료제 정부 셀트리온 허가 고연령 위험 환자 투여 정부 셀트리온 항체 치료제 렉키로나주 승인 조건부 허가 의료진 판단 환자 투여 제 부 권준욱 중앙 방역 대책 본부 본부장 브리핑 중앙 방역 대책 본부 항체치료제 임상 조건부 허가 식품의약품안전처 검토 진행 국립감염병연구소 조건부 허가승 의료진 판단 고연령 위험 환자 항체치료제 투여 연구자 임상 시험 식약처 협의 대한감염학회 협조 의료 기관 명 연구자 참여 진행 계획 렉키로나 분 정맥 투여 주사제 산소 치료 경증 중등 수준 코로나 환자 대상 정부 정부 지원 위원회 코로나 백신 치료제 지원 시험 진행 환자 모집 렉키 녹십자 혈장치료제 호이스타 가지 셀트리온 렉키로나 결과 임상 학계 공개 셀트리온 임상 참여 코로나 환자 일 위약 투입 평균 코로나 회복 렉키 주사 사람들 일 일 회복 국립감염병연구소장 장희창 국립 보건 연구원 국립 감염병 연구소장 이날 브리핑 회사 결과 임상 시험 부작용 발생 증상 발생 초기 폐렴 동반 세 경증환자 투여 진행 중증 결과 결과 식약처 심사 논문심사 전문가 검증 임상시험 임상 시험 통계적 추가적 검증 설명 소장 결과 바탕 국립감염병연구소 식약처 승인 의료인 판단 위험 환자들 치료제 투여 방안 식약처 협의 대한감염학회 수요 연구자 임상 시험 조사 의료 기관 명 연구자 임상시험 요청 의료기관들 대한감염학회 공동 임상 시험 심사 위원회 지정 연구자 임상 진행 치료제 투여 예정 연구자 임상 시험 식약처 검토 안전성 확인 의료진 판단 환자들 적용 제도 미국 승인 임시 사용 릴리 리제네론 항체치료제 항체 치료제 적용 변이주 스파이크 단백질 발생 효과 치료 감소 국립감염병연구소 유행 바이러스주 항체 치료제 중화 능력 평가 중화능력 유지 확인 영국 남아공 유입 바이러스주 항체치료제 중화능력 추가 평가 예정 설명 이에스더 치료제 항체치료제 식약처 연구자 셀트리온 코로나 조건부 임상시험 대한감염학회 중화능력 렉키 장희창 권준욱 국립감염병연구소 위원회 연구소 의료진 렉키로나 렉키로나주 이에스더 단백질
문재인정부,의료,사무총장에 걸려온 은밀한 전화 나 시진핑인데 시진핑 중국 주석이 세계보건기구 에 코로나 바이러스 감염증에 대한 중요 정보 공개와 팬데믹 세계적 대유행 경고를 늦춰달라고 한 첩보를 독일 연방정보국 이 입수했다는 보도가 나왔다 중국 후베이성 우한 에서 시작된 코로나 바이러스가 세계로 확산하던 지난 월 일 시 주석이 테드로스 아드하놈 게브레예수스 사무총장 전화 시진핑 경고 전화 독일 연방 정보국 첩보 입수 슈피겔 보도 시진핑 중국 주석 세계보건기구 코로 바이러스 감염증 공개 중요 정보 팬데믹 세계적 대유행 경고 첩보 독일 연방 정보국 입수 보도 우한 중국 후베이 시작 코로 바이러스 세계 확산 주석 테드로스 아드 게브레예수스 사무총장 전화 코로나 사람 전염 정보 공개 팬데믹 경고 슈피겔 독일 시사 주간지 첩보 인용 일 현지 시각 보도 독일 유일 정보기관 해외 전담 중국 정부 정보 통제 세계 코로 대응 최소 주 평가 첩보 중국 압력 팬데믹 선언 코로 긴급회의 국제적 공중 보건 비상 사태 선포 통화 이틀 시점 코로 바이러스 단계 감염병 위험 수준 최고 세계 팬데믹 선언 세계 코로 감염자 만 공식 트위 주석 거브러여수스 총장 전화 통화 슈피겔 보도 근거 사실 당일 통화 사실 자체 중국 정부 코로 바이러스 사람 전염 확인 부정확 기사 코로 바이러스 종식 세계 노력 방해 일 슈피겔 보도 전면 부인 도널드 트럼프 미국 대통령 일 폭스뉴스 폭스 개최 프로그램 타운홀 미팅 출연 코로 사태 중국 실수 중국 실수 미국 정부 보고서 취합 결정적 마이크 폼페이오 국무 장관 코로 바이러스 중국 우한 바이러스 실험실 시작 거대 증거 미국 영국 캐나다 호주 뉴질랜드 동맹체 영어 기밀 정보 파이브 아이스 중국 코로 바이러스 사태 은폐 중국 정부 바이러스 위험 의사들 침묵 한편 연구실 자료 해외 전문가 표본 제공 코로나 사람 사람 전염 사실 독일 정보기관들 파이브 아이스 소속 국가 정보기관 개별적 확인 결과 기관 보고서 부인 연구소 기원설 부정적 태도 슈피겔 중국 미국 연구소 기원설 사악 폼페이오 거짓 독일 정부 시진핑 주석 압박 첩보 입수 중국 책임 신중 입장 슈피겔 독일 서방 국가 트럼프 연구소 기원설 회의적 중국 정부 정보 공개 방역 의심 독일 미국 동맹 장비 중국제 보호 지원 위치 중국 마스크 방역복 의료장비 독일 비난 중국 정부 자제 슈피겔 미국 제기 코로 중국 상대 손해 배상 소송 소개 중국 배상 가능성 전망 국제 법정 국가 차원 소송 제기 중국 소송 자체 진행 국제법 전문가 중국 상대 소송전 성공 확률 벨린저 법률고문 국무부 법률 고문 워싱턴포스트 기고 중국 미국 고의 부당 행위 증거 코로 바이러스 미국 중국 상업활동 증거 미국 제기 건 소송들 면책법 외국 주권자 기각 가능성 긴즈버그 시카고대 교수 로이터통신 정치인들 우파 정치인 대선 정부 중국 초점 중국 독일 코로 미국 슈피겔 팬데믹 시진핑 폼페이오 기원설 정보기관 보고서 전문가 파이브
문재인정부,의미,속보 푸틴 김 위원장의 북미관계 정상화 노력 지지 블라디미르 푸틴 러시아 대통령은 일 김정은 북한 국무위원장과 만나 이번 위원장의 러시아 방문을 계기로 양국의 관계가 발전이 될 것이고 또한 한반도에서의 정세를 해결하는데 있어서 좋은 해법을 찾을 것이라고 기대한다 고 밝혔다 푸틴 러시아 대통령은 이날 김 위원장과 러시아 블라디보스토크에서 열린 정상회담 모두발언에서 만나게 되어서 매우 반갑 푸틴 위원장 푸틴 북미 정상 노력 지지 블라디미르 푸틴 러시아 대통령 김정은 북한 국무 위원장 위원장 러시아 방문 계기 양국 발전 한반도 정세 해결 해법 대통령 푸틴 러시아 이날 위원장 이날 러시아 블라디보스토크 정상 회담 발언 축하 국무 위원장 추대 말씀 김일성 주석 년도 러시아 방문 북한 방문 기억 위원장 아버님 러시아 북한관 우호관계 수립 제안 문건 체결 푸틴 대통령 오늘날 긍정 변화 추세 생각 김정은 위원장 초청 일정 모스크바 감사 생각 작년도 서신 축하 말씀 기회 대선 러시아 인민 영도 소임 정열적 활동 축하 말씀 세계 초점 조선반도 집중 조선 반도 정책 평가 서로 견해 공유 공동 조정연구 의미 대화 생각 대통령각하 유익 이야기 정상 이날 현지시간 블라디보스토크 다리 연결 루스키섬 극동연방대 정상 정도 단독회담 진행 양측 수행원 참석 확대회담 푸틴 대통령 주최 연회 계획 회담 조치 북한 차원 상응 조치 제재 완화 경제협력 북러 현안 북러 논의 예상 러시아 위원장 푸틴 김정은 북러 조선반도 블라디보스토크 조선 블라디미르 조정연구 수행원 확대회담 루스키섬 우호관계 영도 경제협력 모스크바 단독회담 김일성
문재인정부,의미,위임 통치 국정원 표현에 부정확한 용어 비판 앵커 북한 김정은 위원장이 아랫 사람들에게 권한을 나눠주고 이른바 위임통치를 하고 있다고 어제 일 국정원이 밝혔습니다 북한 체제에 큰 변화가 있다는 얘기인지 논란이 이어졌는데 전문가들 사이에서는 부적절한 용어였다 부정확한 표현이라는 비판이 나오고 있습니다 먼저 김아영 기자입니다 기자 지난 월 통치 위임 국정원 표현 용어 비판 앵커 위원장 북한 김정은 아랫 사람 권한 위임통치 일 국정원 북한 체제 변화 얘기 논란 전문가 사이 용어 부정확 표현 비판 김아영 충격적 남북 연락 사무소 폭파 사흘 사흘 김여정 부부장 담화 비참 광경 폭파 암시 자신 권한 김정은 위원장 국가 부여 국정원 위임 통치 평가 상황들 설명 진보 보수 전문가들 부정확 표현 반응 최형익 한신대학교 통일평화정책연구원장 용어 중대 권한 이양 이양권 결정권 행사 위임통치 용어 사용 핵심인 결정권 이양 위임 실제 김여정 대남사업 위원장 보류 한마디 중단 통치 스트레스 표현 불필요 혼란 비판 홍민 통일연구원 북한연구실장 김정은 위원장 통치 불가능 통치 의미 해석 전문가 평가 종합 아버지 김정일 선군정치 중심 선군 정치 국가 강조 스타일 김정은식 통치 제재 수해 코로나 삼중고 정책 실패 책임 분산 위기관리 차원 통치술 영상취재 정성화 영상편집 이승열 앵커 리포트 김아영 이야기 남북 변수 김아영 위임통치 통치 스트레스 용어들 북한 입장 논란 국정원 추가적 설명 보고 국정원 의원 여당 정보위 간사 김병기 위임통치 표현 지적 국정원 수습 북한 반응 전문가들 북한 입장 외부 선전 매체 간접적 반응 예측 책임 분산 움직임 김아영 짐작 상황 전원회의 북한 이례적 경제 성과 자인 노동신문 관영 각계각층 책임 현장 자아 비판 북한 제재 수해 코로나 것들 삼중고 상황 과거 고난 행군 성장률 행군 성장 대 예측 상태 상황 정책 실패 부담 최고 존엄 김정은 위원장 고민 위임통치 국정원 김아영 위원장 김여정 전문가들 김정은 삼중고 전문가 코로나 아랫 결정권 김병기 김정은식 부정확 정성화 통치술 김정일 선군정치 노동신문
문재인정부,의미,노영희의출발새아침 김남국 금태섭 끝까지 나만 옳다는 주장 바람직하지 않아 라디오 노영희의 출발 새아침 방송일시 년 월 일 수요일 출연자 김남국 더불어민주당 의원 김남국 더불어민주당 의원 민생 챙기는 최소 조건 법사위원장과 예결위원장 금태섭 징계 수위를 제일 낮은 단계 의미 없어 낙천은 소신발언 때문이 아니라 지역구 관리 하지 않아서 금태섭 김남국 금태섭 주장 노영희 출발 방송일시 수요일 출연자 의원 김남국 더불어민주당 의원 김남국 더불어민주당 민생 법사위원장 최소 조건 법사 위원장 예결위원장 수위 금태섭 징계 단계 의미 낙천 소신발언 지역구 관리 금태섭 저격수 진중권 평론가들 평가 동영 텍스트 실제 방송 차이 방송 확인 노영희 변호사 노영희 국회 민주당 통합당 신경전 민주당 일 개원 통합당 타결 일괄 먼저 민주당 금태섭 의원 징계 사실 이야기 국회 민주당 현안 의원 김남국 더불어민주당 의원 안녕 의원 김남국 더불어민주당 김남국 안녕 안산 단원 김남국 노영희 당선인 신분 의원 신분 며칠 초선 각오 김남국 선 국토교통위원장 초선 청년 정치인 유권자들 선택 과거 정치 국민 책임감 특권 겸손 정치 코로나 경제 국민들 국회 것들 민생 노영희 국회 이슈 가지 김남국 의원 상임위 배정 김남국 법사위 신청 국민들 검찰개혁 사법개혁 완수 생각 분들 검찰개혁 완수 검찰개혁 중요 권력 기관 개편 작업 경찰개혁 국정원 개혁 후속작업들 것들 완수 노영희 이야기 상임위 배분 법사위원장 예결 특별 위원회 위원장 통합당 민주당 이야기 민주당 통합당 위원회 위원장 주장 이유들 김남국 협상 법사위 예결위원장 중요 쟁점 우선 국민들 총선 더불어민주당 석 의석 의미 생각 우선 코로나 비상시국 부족 더불어민주당 책임감 의미 생각 위기상황 위기 극복 리더십 발휘 민생 성과 국회 국회 국민 명령 생각 더불어민주당 포함 국회의원들 무한 책임감 성과 법사위원장 중요 자리 생각 성과 민생 국회 조건 법사위원장 예결산특별위원장 생각 국회 국회 야당 법사위원장직 상원 개혁 법안 역할 성과 책임감 더불어민주당 입장 법사 위원장 자리 예결산 위원장 자리 생각 노영희 질문 당내 현안 조국 장관 비판 공수처 반대표 금태섭 의원 징계 반발 이야기 이해찬 대표 이해찬 경고 수준 강제당론 사람 조치 취지 징계 타이밍 헌법상 금태섭 의원 이야기 쟁점 김남국 공수처 반대 소신발언 징계 당론 당론 배치 기권표 결국 당론 당원들 징계 신청 징계 결국 개인 헌법기관 국회의원 개인 소신 당론 충돌 가치 우선 개인 소신 것들 중요 결국 정치 정당정치 해결 당론 국회 국회의원 발언 조율 것들 국회 합의 식물국회 막말국회 가능성 당론 취지 징계 적정 징계 수위 더불어민주당 윤리 심판 위원 국회의원 개인 소신 징계 수위 단계 사실상 의미 경고 주의 정도 징계 노영희 조 당규 윤리 심판원 규정 당원 당직자 징계 사유 국회의원 소속 징계 사유 구분 항 국회법 의원 국민 대표자 소속정당 의사 귀속 양심 투표 규정 당헌 당규 사실 국회법 상위 규정 금태섭 의원 이야기 재심 사유 것들 원칙적 김남국 윤리심판위원들 법률가들 법률적 판단 일각 소신발언 재갈 비판 당론 결정 과거 총재 아침밥 그룹들 일방적 관철 자유 국회의원 개개인 현안 발언 금태섭 의원님 과거 의총 본인 반대 주장 당론 채택 당내 당내 민주주의 국회의원 소신 발언 것들 구조 국회의원 개인 소신발언 더불어민주당 다양성 금태섭 의원님 생각 당내 토론 당론 결정 주장 자신 생각 만큼 타인 생각 존중 부족 생각 노영희 조응천 의원 낙천 징계 이야기 박용진 의원 김남국 낙천 소신발언 공천 본인 지역구 관리 국민들 평가 낙천 표현 강서갑 지역구 이야기 지역구 평가 객관적 권리당원 지역 수준 현역 국회의원 지역 권리당원들 스킨십 가지 현안 지역위원회 활동 프로그램들 소신발언 양심발언 공천 이야기 평가 노영희 박용진 의원 당규 우선 헌법 우선 정리 이야기 내부적 이견 김남국 이야기 다양성 이야기 중요 생각 차원 박용진 의원 이야기 당내 의원총회 현안 그룹 끼리 의원들 의견 발언들 구조 당내 민주주의 당론 결정 민주주의적 평가 당론 중구난방 정리 의견들 당론 결정 표결 합의 민생 법안들 현안들 통과 통과 신속 결정 현안들 통과 피해 결국 국민들 생각 코로나 경제위기 추경안 목소리 통과 민생피해 경제피해 국민들 생각 노영희 의원님 얼마 인터뷰 금태섭 박용진 소신 초선 말씀 김남국 긍정적 평가 당내 소신 당내 토론 가지 이야기 논의 소신 이야기 노영희 진중권 동양대 교수 금태섭 저격수 김남국 금태섭 소신 의원 개그맨 이야기 김남국 금태섭 저격수 진중권 교수 평론가들 평가 생각 정치신인 청년 정치인 원서 그중 의미 당선 저격수 표현 당내 금태섭 의원 가지 평가 금태섭 의원 미래 통합 의원 국민 진심 토론 민생 국회 진심 노영희 장점 의원들 금태섭 박용진 의원 이야기 이야기 김남국 포용 민주당 국회의원 생각 노영희 의원 최강욱 열린민주당 재판 도중 기자회견 재판 이야기 김남국 최강욱 변호사 소통 이야기 기사 이야기 사정 재판 민사재판 기일 연기 신청 것들 자유 재판부 양해 형사재판 연기신청 기일 심리 기일 사정 생각 노영희 말씀 김남국 감사 노영희 의원 김남국 더불어민주당 김남국 노영희 당론 금태섭 국회의원 위원장 더불어민주당 민주당 당규 의원님 법사위원장 국민들 국회법 위원회 박용진 소신발언 코로나 책임감 최강욱 지역구 진중권
문재인정부,인공지능,테헤란에 낸 편의점을 교두보로 중동 진출 본격화 종합유통기업 리테일이 운영하는 편의점 는 고객 맞춤형 생활문화공간을 지향하며 신선한 상품과 친절한 서비스 제공에 만전을 기한다 고객의 하루를 재충전하고 일상에 활력을 주는 생활 속 즐거운 쉼터가 되겠다는 경영 철학을 바탕으로 편의점 그 이상의 가치를 전달하기 위해 노력한다 는 무엇보다 신선하고 새로운 상품 제공에 전력을 기울인다 인 가 테헤란 편의점 교두보 본격화 중동 진출 한국 산업 브랜드파워 편의점 편의점 종합유통 기업 리테일 운영 편의점 생활문화공간 고객 맞춤 생활 문화 공간 지향 상품 친절 서비스 제공 만전 고객 하루 재충전 일상 활력 생활 쉼터 경영 철학 바탕 편의점 가치 전달 노력 상품 제공 전력 증가 가구 인기 도시락 삼각김밥 샌드위치 식품 수급 원재료 유통 판매 식품안전관리 평가 브랜드 유통 회사 자체 상품 지속 개선 소비자들 사랑 형태 편의점 주력 병원 대학 산업단지 매장 입지 특성 개성 편의점 택배 전기차 충전 금융 키오스크 단말기 무인 정보 셰어링 생활 서비스 결합 편의점 지속적 인기 첨단 정보통신 활용 미래 편의점 박차 편의점 근무자 인공지능 도우미 도우미 준비 스마트폰 상품 바코드 스캔 결제 고객 비대 결제 이란 수도 테헤란 편의점 개점 업계 편의점 해외 진출 성과 리테일 관계자 시장 진출 글로벌 시장 교두보 중동 동남아시아 국가 진출 본격화 계획 편의점 관계자 중동 리테일 원재료 본격화 인공지능 소비자 종합유통 소비자들 전기차 삼각김밥 재충전 산업단지 식품안전관리 셰어링 근무자 단말기 쉼터 한국
문재인정부,인공지능,삼성 시장서 애플 아성 넘을까 갤럭시 윈도 모든 와 연동 삼성전자가 마이크로소프트 와의 협력을 통해 미국 시장에서 애플의 위상을 넘을 수 있을지 주목된다 특히 애플이 올해 세대 스마트폰을 출시하지 못하는 가운데 이 빈자리를 삼성전자가 파고들 것으로 기대된다 패트릭 쇼메 삼성전자 무선사업부 부사장 사진 은 지난 일 현지시간 미국 뉴욕 브루클린의 한 호텔에서 기자간담회를 통해 와의 삼성 시장 애플 아성 갤럭시 윈 연동 삼성전자 마이크로소프트 협력 미국 시장 애플 위상 주목 애플 세대 스마트폰 출시 빈자리 삼성전자 부사장 패트릭 쇼메 삼성전자 무선 사업부 사진 일 현지시간 브루클린 미국 뉴욕 호텔 기자간담회 전략 협업 의미 설명 쇼메 부사장 삼성전자 년간 년 모바일 경험 혁신 선봉장 고민 방안 전략 파트너십 쇼메 부사장 삼성전자 과거 협력 클라우드 인공지능 집중 구상 생태계 삼성전자 생각 변화 소비자 요구 만족 협력 확대 설명 실제 미국 뉴욕 개최 갤럭시 노트 언팩 행사 사티아 나델라 최고경영자 등장 나델라 삼성전자 디바이스 분야 협력 삼성전자 협력 강화 스마트폰 웨어러블 분야 최대 경쟁 기업 애플 견제 의도 삼성전자 협력 애플 구축 스마트폰 아이폰 구축 상호 호환 핵심 삼성전자 시대 클라우드 컴퓨팅 결합 기기 애플리케이션 서비스간 연결성 지원 실제 삼성전자 출시 갤럭시 노트 윈도우 연결성 강화 사용자 갤럭시 노트 스마트폰 스마트폰 화면 메시지 확인 답변 가능 갤럭시 노트 촬영 사진 실시간 확인 편집 사용자 갤럭시 노트 패널 링크 윈도우 연결 자동 연결 설정 해제 갤럭시 노트 솔루션 모바일 이메일 아웃룩 기본 탑재 가을 사용자 별도 백업 애플리케이션 삼성 갤러리 클라우드 원드라이브 자동 동기화 쇼메 부사장 스마트폰 경쟁사 애플 종류 운영체제 삼성 윈도 연동 제품 스케일 삼성전자 갤럭시 노트 행사 언팩 모바일 장점 결합 갤럭시북 제품 노트북 형태 디자인 퀄컴 프로세서 스냅 드래곤 탑재 이동통신 가능 인터넷 별도 와이파이 유선 인터넷 쇼메 부사장 구글 스마트폰 파트너 파트너십 스마트폰 공동 생태 구축 삼성전자 부족 경험 분야 개선 삼성전자 스마트폰 갤럭시 미국 삼성 쇼메 클라우드 부사장 나델라 뉴욕 사용자 언팩 갤럭시북
문재인정부,인공지능,한국 번지 왓슨의 실패 우리나라는 걱정 덜 수 있는 이유는 년 이 공개한 인공지능 왓슨 은 년 후인 년 세계의 주목을 받는다 미국의 유명 퀴즈 쇼 제퍼디 에서 사람 그것도 제퍼디의 과거 챔피언 두 명을 압도적인 점수 차이로 이겨서다 기계가 창조주인 사람을 뛰어넘는 순간을 본 수천만 명의 관객은 충격을 받는다 성과에 고무된 은 왓슨을 금융과 법률 왓슨 실패 우리나라 걱정 공개 인공지능 왓슨 년 세계 주목 미국 유명 퀴즈 제퍼디 사람 제퍼디 과거 챔피언 압도적 점수 차이 기계 창조주 사람 순간 관객 충격 성과 고무 왓슨 금융 법률 의료 적용 왓슨 초 분량 데이터 처리 만큼 연산 능력 활용 사람 난제 해결 가능성 사람 사망 원인 정복 가능성 희망 미국 센터 설치 왓슨 만 달만 항암 유전자 영향 단백질 성과 왓슨 퀴즈 사람 왓슨 실패 사업 규정 구조조정 뉴욕 타임즈 왓슨 실패 원인 데이터 진단 의사 개인 표현 오염 데이터 왓슨 성능 방해 왓슨 나라 조금씩 임상 데이터 실무 적용 원인 왓슨 실패 소식 업계 세계 경종 퀴즈 사람 만큼 성능 우수 데이터 실증 역할 증명 데이터 성능 활용 범위 결정 데이터 작업 단시간 데이터 오염 가공 데이터 왓슨 실패 동작 데이터 모델 실증 데이터 불순물 오류 단점 해결 가능 광주광역시 인공 지능 산업 융합 사업단 곽재 본부장 기업 성공 조건 강조 경험 인재 가공 데이터 기사 소개 광주 인공 지능 사관학교 취업 창업 프로그램 경험 인재 프로그램 광주광역시 마련 국가 데이터 센터 서비스 융합 실증 지원 가공 데이터 활용 방안 선도 한국판 뉴딜 세계 규모 국가 데이터 센터 광주광역시에 우리나라 코로나 팬데믹 침체 경기 회복 세계 경제 선도 한국판 뉴딜 산업 구조 개혁 경제 부흥 정책 진행 주목 생태 강화 데이터 네트워크 산업 경제 적용 나라 차원 디지털 전환 혁신 계산 상상 현실 한국판 뉴딜 핵심 적용 데이터 결과 실증 실험 기본 데이터 저장 적재적소 공급 데이터 데이터 보관 기업 산업 공급 역할 우리나라 데이터 광주광역시 인공 지능 산업 융합 단지 설치 국가 데이터 센터 구축 국가 데이터 센터 규모 한국 최대 세계 유명 데이터 센터 만큼 실력 년 숫자 년 설치 슈퍼 컴퓨터 계산 능력 초 경 페타플롭스 우리나라 기준 슈퍼 컴퓨터 기상청 마루 계산 능력 압도 데이터 처리 크기 저장 공간 페타바이트 정도 저장 공간 정부 기관 제공 공개 데이터 기업 공공 데이터 저장 후술 실증 지원 서비스 공동 기획 방안 데이터 확보 예정 데이터 민간 공공 데이터 활용 구역 유통 플랫폼 기획 기업 우리나라 국가 데이터 센터 저장 데이터 인프라 성능 슈퍼 컴퓨터 가속기 스토리지 환경 언어 프레임워크 마련 기업 접근성 얼굴 인식 문자 이미지 검색 음성 인식 합성 응용 가능 솔루션 보안 서비스 제공 설비 기업 요구 수요 신청 기업 국가 데이터 센터 활용 모니터링 부족 교육 프로그램 지원 기업 요구 설비 정책 교육 보충 예정 강조 년 개 국가 데이터 센터 활용 성과 스타트업 인트플 축산 솔루션 스타트업 인트플로우 국가 데이터 센터 자원력 연산 성능 활용 주일 학습 시간 대표 전광명 인트플로우 센터 광주광역시 국가 데이터 집적도 체감 정도 우수 자원 학습 공간 데이터 누적 기업 생태 참여 사업 학습 데이터 데이터 기업 아이디어 현실화 곽재 본부장 국가 데이터 센터 나라 주도 사업 기업 나라 사업 기업 솔루션 제공 비즈니스모델 현실 우리나라 산업 자체 역량 강화 경험 인재 생태계 기업 사람 광주광역시 현실 국가 데이터 센터 서비스 융합 실증 지원 실험 가공 데이터 기업 성공 보장 데이터 아이디어 모델 사업 순간 시작 실증 오류 강화 완성도 모델 사업 광주광역시 인공 지능 산업 융합 단지 기업 모델 사업 활용 서비스 융합 실증 지원 마련 기업 제품 서비스 안정성 성능 평가 각종 설비 지원 정책 서비스 마련 서비스 융합 실증 지원 자동차 에너지 헬스케어 우리나라 산업 동시 시너지 산업 서비스 품질 산업 지역 주력 기업 융합 자동차 광주그린카진흥원 에너지 한국광기술원 헬스케어 광주테크노파크 융합 실증 지원 서비스 자동차 드라이빙 시뮬레이터 차량 데이터 수집 장비 스마트 자동차 환경 시험 장비 배치 에너지 고장진단 에너지 고장 진단 탐지 장비 에너지 데이터 운영 장비 헬스케어 신체 데이터 수집 장비 포함 의료 지원 병원 연계 마련 국가 데이터 센터 운영 방안 동일 유행 시장 수요 조사 수요 토대 기업 장비 년 확보 예정 기업 서비스 융합 실증 지원 사업 모델 실증 고도화 실증 데이터 수집 기업 지원 패키지 맞춤형 제공 성과 지원 패키지 컨설팅 지원 장비 활용 데이터 실증 지원 구성 설비 융합 실증 지원 기업 만남 혁신 제품 서비스 원동력 구조 활용 기업 자율 주행차 부품 알고리즘 자율 주행 시나리오 레벨 자율주행차 자율주행차 안전 평가 기준 확립 전망 설비 신재생 에너지 고장 진단 공공 건물 에너지 에너지 거래 기업 에너지 실증 센터 데이터 각종 에너지 우리나라 경쟁 세계 에너지 무기 고령화 사회 가구 대비 헬스 케어 의료 지원 예측 진단 치료 서비스 광주광역시 인공 지능 산업 융합 단지 탄생 전망 데이터 의료 시민 의료 의료 기업 보건소 제공 지역 의료 서비스 품질 우리나라 지자체 가운 광주광역시 시도 계획 헬스 케어 의료 지원 지방 현상 의료 낙후 고령자 관리 해결 사람 중심 데이터 공유 개방 혁신 마리 토끼 방식 광주광역시 인공 지능 융합 산업 단지 운영 강조 기업 체질 근본 자금 서비스 지원 우리나라 기업 소프트웨어 기업 속성 유지 발전 기업 소프트웨어 기업 소프트웨어 기업 소스 코드 디버그 오류 수정 패치 작업 비중 기업 모델 초기 데이터 작업 비중 압도적 패치 재학습 비중 남짓 초기 데이터 모델 중요 민관협력 코디네이터 전문 기업 변화 산업계 융합 시도 성장 해외 진출 적극 장려 운영 계획 운용 전략 계획 반복 발전 시시각각 업계 세계 흐름 대응 한편 기업 목소리 운영 계획 변경 예정 기업 수요 설비 검토 기업 체질 개선 현장 요구 탄력적 시설 운용 생태계 산업 생태 조금씩 수요자 제공 기업 경쟁자 보완 생산자 보완 관계자들 산업 관계자 광주광역시 국가 융복 합단지 클러스터 곽재 본부장 한국판 뉴딜 디지털 뉴딜 선도 광주광역시 기업 산업 관계자 생태계 사람 중심 데이터 공유 개방 혁신 역동적 창의적 세계화 동아닷컴 전문 동아닷컴 광주광역시 우리나라 왓슨
문재인정부,인권,남편 소식이라도 들려달라 도보시위 나선 중 인권변호사 아내 년 중국 당국이 인권변호사들을 대거 연행한 사건 일을 맞아 가족들이 수감자 면담과 변호사 접견권 등을 요구하며 행진에 나섰다 중국 인권운동가들의 사회관계망서비스 를 보면 사건 당시 연행된 변호사 왕취안장의 부인 리원쭈는 일 베이징 퉁저우구 마쥐차오에서 가량을 걸어 다싱구 푸위안루에 도착했 남편 소식 도보시위 인권 변호사 아내 당국 중국 인권변호사들 연행 사건 일 가족들 수감자 면담 변호사 접견 요구 행진 중국 인권 운동가 사회관계망서비스 사건 연행 변호사 왕취 안장 부인 리원쭈 베이징 퉁저우구 마쥐차오 가량 다싱구 푸위 안루 도착 도보 시위 시작 일 최고인민법원 출발 리원쭈 법원 기자들 남편 체포 중국 법치국가 일 변호사 연락 생사 상태 이날 법원 신청 남편 면회 번 리원쭈 가족 출발 도보 톈진 왕취안장 중국 법치국가 여부 중국 당국 의법치국 통치 표현 항의 동남쪽 방향 리원쭈 목적지 톈진 남편 왕취 안장 수감 추정 인권운동 리웨이 미국 소리 왕취안장 연행자 유일 행방불명 상태 인물 비정상적 당국 협조 인정 왕취안장 기소 년 재판 시작 변호사 접견 상태 리원쭈 명 그동안 변호사 부탁 접촉 시도 실패 왕취안장 파룬궁 가담 고문 주장 변호 정치적 변호사 당국 인권운동가 변호사들 대대적 연행 사건 일 연락 두절 연행 운동가 변호사들 년 재판 수감 가택연금 권리 보호 구실 여론 조직 민원 사회 질서 세력 서구 영향 사람들 선동 국가 정권 대항 혐의 당국 혐의 인정 주장 리원쭈 톈진 예상 에스엔에스 사진 외투 집행유예 인권 변호사 리허핑 부인 왕차 오링 구간 응원 동행 베이징 김외현 특파원 변호사 리원쭈 중국 왕취안장 톈진 베이징 마쥐차오 운동가 리허핑 왕취 다싱구 그동안 동남쪽 집행유예 사람들 푸위 안루 동남 미국
문재인정부,인권,단독 해리스 대북전단금지 처벌법 콕 집어 우려 표명 해리 해리스 주한 미국대사가 최근 강창일 주일대사 내정자를 비공개 면담한 자리에서 한국의 일명 대북전단금지법 남북관계발전법 개정안 과 왜곡처벌법 에 대해 표현의 자유 침해 우려를 표명한 것으로 확인됐다 일 관련 사정에 밝은 소식통들에 따르면 해리스 대사와 강 내정자는 앞선 지난 일 비공개 오찬을 했다 청와대가 지난달 해리스 대북전단금지 표명 강창일 주일 대사 내정자 면담 중국 한국 입장 해리 해리스 주한 미국 대사 내정자 강창일 주일 대사 면담 자리 한국 일명 대북 전단 금지법 남북관계발전법 개정안 왜곡 처벌법 표현 자유 침해 표명 확인 일 사정 소식통들 해리스 대사 내정자 오찬 청와대 지난달 경색 적임자 내정자 주일 대사관 연락 외교 소식통 자리 해리스 대사 대북전단금지법 광주 역사왜곡처벌법 이야기 인권 표현 자유 침해 관심 해리스 대사 자리 대북전단금지법 왜곡 처벌법 노골적 평가 거론 미국 분위기 반영 해석 해리스 대사 질의 내정자 미국 표현 자유 지적 인권 한국 상황 전단법 주민 접경 지역 생존권 안전 중요 답변 대북전단금지법 군사 분계선 일대 방송 대북 확성기 제 국 포함 북한 전단 물품 살포 징역 벌금 처벌 운동 광주 민주 허위사실 유포 징역 만 벌금 대북전단금지법 국회 본회의 통과 한국 표현 자유 위축 제기 민주주의 인권 강조 행정부 신임 미국 출범 갈등 소지 지적 대북전단금지법 미국 의회 표명 하원의원 의회 코리아 코커스 공동 의장 제럴드 코널리 민주당 하원 의원 일 현지시간 문재인 대통령 법안 요청 성명 마이클 맥카울 하원 외교위 공화당 간사 크리스 스미스 공화당 의원 표명 마이클 커비 유엔 북한 인권 위원장 일 현지시간 영국 하원 북한 모임 청문회 주최 온라인 공개 거론 한국 대북 전단 금지법 제정 미국 행정부 충돌 해리스 대사 내정자 자리 중국 한국 중국 미국 사이 내정자 삼각공조 중요성 강조 미국 한쪽 해리스 대사 한국 대중국 입장 내정자 주일 대사 내정자 중국 생각 해리스 대사 정치 답변 농담 해리스 대사 트위터 한국 유래 김치 강조 김치 모습 우동 김치 모습 중국 김치 종주국 주장 반박 보도 해리스 대사 인사들 정부 관계자 외교 사절 예비 사절 논의 외교 공개 입장 미국 내정자 해리스 한국 대북전단금지법 처벌법 금지법 광주 중국 강창일 마이클 공화당 소식통 제럴드 대사관 코커스 온라인 민주당 영국 크리스 확성기
문재인정부,인권,무슬림도 사람입니다 제게 말을 걸어주세요 저는 인도인이지만 힌두교도가 아닌 이슬람교도 무슬림 입니다 그렇지만 저도 사람입니다 무슬림에 대한 증오를 멈춰주세요 인도의 유명 배우이자 모델인 가우하르 칸 여 은 일 트위터에 이렇게 적었다 무슬림에게 말을 걸어주세요 라는 뜻의 해시태그와 함께 자신의 얼굴 사진을 함께 올렸다 인도 내에 만연 무슬림 사람 이슬람 안티 해시태그 시위 인도인 힌두교도 이슬람교도 무슬림 사람 무슬림 증오 인도 유명 배우 모델 가우하르 트위 무슬림 해시태그 자신 얼굴 사진 인도 만연 안티 무슬림 문화 반기 얼굴 웃음기 인도 종교 소수파 무슬림 사이 운동 인도 인구 인도 억 이슬람교도 억 자신 소셜네트워크서비스 무슬림 인생 사람 무슬림 증오 문장 셀카 사진 걸프뉴스 외신 일 사이 해시태그 트위 게시물 여 무슬림 인도 힌두교도 이슬람 친구 인생 최고 친구 동참 인도 운동 시작 계기 총리 나렌드라 모디 야당 인도국민회의 총재 라훌 간디 말싸움 사람 힌두교 모디 총리 일 연설 라훌 총재 이슬람교 트리플 탈라끄 사람 공격 트리플 탈라끄 결혼 남성 아내 이혼 아랍어 탈라끄 이혼 가능 이슬람교 관습 이슬람교 여성 인권 무시 비판 대표 관습 라훌 총재 하루 반격 착취 소외 박해 사람들 종교 카스트제도 신념 중요 트윗 모디 총리 종교 바탕 차별 사고 우회적 비판 라훌 총재 인도인 종교 카스트 인도인 구별 슬로건 오랫동안 사용 요즘 인도 이슬람교도 사이 모디 총리 집권 년 종교 차별 불만 목소리 총리 실제 모디 주총리 사회교과서 구자라트주 공립학교 사회 교과서 종교 차별 반대 자와할랄 네루 초대 총리 모디 총리 인도국민당 집권 북부 우타르프라데시주 주정부 관광가이드북 세계문화유산 타지마할 정보 타지마할 타지마할 황제 세기 이슬람 무굴제국 자한 세상 아내 확산 운동 무슬림 차별 불만 폭발 모디 총리 그동안 이슬람교 비난 종교 소수파 배척 비판 라훌 총재 탈라끄 찬성 모디 총리 사과 요구 상태 카이로 서동일 무슬림 모디 탈라끄 이슬람교 라훌 이슬람 인도인 이슬람교도 타지마할 해시태그 무굴제국 카스트 소수파 힌두교도 가우하르 공립학교 구자라트주 인도국민회의 자와할랄 게시물 간디 나렌드라
문재인정부,인력,코로나로 속도 빨라진 총인구 감소 시한폭탄 신종 코로나바이러스 감염증 코로나 위기로 출산율이 떨어지면서 국내 총인구 내국인 외국인 감소 시점이 당초 예상됐던 년 후보다 더 빨라질 것으로 전망됐다 인구 수축사회 까지 골든타임이 얼마 남지 않은 만큼 노동 연금 복지 재정 개혁을 서둘러야 한다는 지적이 나온다 일 통계청에 따르면 당초 총인구는 년 만 명으로 정점 코로나 총인구 감소 시한폭탄 인구 수축 사회 총인구 감소 년 출산 하락 외국인 유입 년 총인구 감소 사람 급감 생산 세수 타격 노동 재정 개혁 지적 감염증 신종 코로나바이러스 코로나 위기 출산율 총인구 내국인 외국인 감소 시점 예상 년 전망 인구 수축 사회 골든타임 얼마 만큼 노동 연금 복지 재정 개혁 지적 통계청 총인구 정점 감소 추산 총인구 내국인 외국인 포함 경제 실질 인구 경제 활동 해외 체류자 포함 주민등록인구 사상 감소 총인구 감소 시나리오 출산 가정 추계 한국은행 보고서 출산율 명 전망 코로나 저출산 영향 년 유입 외국인 인력 코로나 여파 시점 총인구 감소 정부 생산 연령 인구 세 총인구 절반 급감 사람 예측 예상 내수 위축 생산 하락 세수 감소 직결 정부 대응 고령자 청년 여성 참여 경제 활동 확대 정책 성과 장관 홍남기 경제 부총리 기획 재정부 이날 방송 출연 감소 생산 연령 인구 국가 존망 연결 제도 외국인 고용 탄력 운영 정년 인력 기업 재고용 방안 생각 정부 이달 기재부 고용노동부 교육부 관계부처 참여 태스크포스 인구 정책 가동 생산연령 감소 인구절벽 대응 구체 대책 마련 방침 총인구 개월 거주 내국인 외국인 인구 통계청 주민등록인구 대한민국 국적 거주자 재외국민 귀화자 주민 등록 신고 기준 인구 행정안전부 월 사람 급감 확대 외국인재 영입 정년연장 해법 울산 선박회사 네덜란드 출신 엔지니어 드론 채용 결국 포기 바다 실족사고 발생 드론 구조 작업 베테랑 기술자 당국 년 대학 학위 취업비자 회사 관계자 비자 발급 대상 직종 드론 분야 회사 결국 일본 입사 감염증 신종 코로나바이러스 코로나 충격 총인구 감소 대비 영입 외국인 인재 정년 연장 그동안 해법 사회 논의 전문가들 대책들 상대적 단기간 노동력 공백 해결 효과적 정책 장관 홍남기 경제 부총리 기획 재정부 외국인 고용 인력 제도 탄력적 운영 정년 인력 기업 재고용 유도 감안 발언 풀이 외국인 고용 제도 정부 영입 외국인 인재 제도 복수국 년 복수국적 외국인 명 글로벌 전문 기술인력 기업 유치 실적 지원 사업 명 산업계 외국인 우수 인력 채용 불만 법무부 인력 해외 전문 석사 학사 학위 경력 채용 부산 베트남 음식점 창업 베트남 현지 요리사 포기 식당 운영 사업자 외국인 요리사 채용 영업 실적 채용 대상 외국인 요리사 국제 요리 대회 입상 창업 사업자 외국인 요리사 사실 채용 구조 산업현장 외국 인력 저숙련 단기 노동자 통계청 외국인 인력 미만 미만 체류 근로자 외국인 제조업 건설 현장 숙박 음식업 저숙련직 세 청년 취업자 보건 사회복지 년 대비 포인트 감소 출판 방송 통신 포인트 감소 한국노동연구원 전망 부족 일자리 공급 미스매치 외국인 인력 공급 심화 전문가들 여성 청년 일자리 취업 기회 확대 한편 우수 외국 인력 선제적 고용 환경 조성 주문 기업 경쟁력 내국인 일자리 선순환 얘기 강동관 이민 정책 연구원장 경제 지탱 인구 적정 인구 산정 산업 분야 외국인 국민 공감대 비용 정년 연장 정부 기업 분담 생산연령인구 세 년 감소 시작 년 한국 경제 잠재생산능력 포인트 하락 추정 전문가들 법정 세 근로자 정년 연장 대응 경제 활력 생산성 방안 지적 정부 검토 대책 정년 연장 일본 사례 참조 계속고용제도 기업 의무 고용 연장 재고용 퇴직 재계약 정년 연장 세 정년 연장 정년 폐지 정년 고용 방식 정년 연장 비용 부담 기업들 한국경제연구원 기업 세 추가 고용 비용 조 추산 임금 직접비용 조 국민 연금 건강 보험 간접비용 조 비용 감당 기업들 정년 연장 선제적 인력 감축 가능성 대책 정년 연장 자리 비용 정부 매칭 소득세 혜택 법인세 감면 방식 기업 부담 지적 인공지능 확대 활성화 거래 활성 전기차 전환 산업구조 재편 상황 정년 연장 고령 인력 활용 논의 하준경 한양대 경제학부 교수 정년연장 고령층 재정 부담 노동력 부족 해결 마리 토끼 방안 세종 송충현 외국인 총인구 코로나 드론 일자리 통계청 요리사 홍남기 노동력 출산율 일본 생산연령
문재인정부,인력,단독 학폭위 전담 인력 교육지원청 당 명꼴도 안 돼 앵커 교육당국이 고심끝에 내놓은 대안이 내년 새학기부터 학폭위를 학교가 아닌 각 지역 교육지원청으로 이관하는 겁니다 그런데 이 학폭위 업무를 전담할 인력이 당초 계획보다 크게 줄어든다는 게 취재 결과 확인됐습니다 시행 첫해부터 학폭위 업무가 제대로 되겠냐는 우려가 큽니다 김용준 기자의 단독보도입니다 리포트 내년부터 학 학폭위 교육지원청 명 전담 인력 교육 지원청 앵커 교육당국 고심끝 대안 내년 학기 학폭위 학교 지역 교육 지원청 이관 학폭위 업무 전담 인력 계획 확인 취재 결과 시행 첫해 학폭위 업무 김용준 단독보도 리포트 내년 학폭위 전국 교육청 산하 교육지원청 업무 교육청 직원 전담 직원 학폭위원들 회의 진행 전반 행정 업무 총괄 채용 학폭위 전담 인력 포함 예산 지방 교육 공무원 인건비 내년 천억 교육부 교육지원청 인력 학폭위 전담 계획 채용 명 명 확인 취재 결과 계획 교육 인력 지원청 명 전담 인력 교육부 관계자 음성변조 최종적 시도 교육청 조율 명 학폭위 전담 인력 인건비 예산 인건비 책정 인원 전국 학교 심의 학폭위 안건 만 서울 천 학폭위 교육 지원청 공휴일 처리 일 조정실 학교폭력 피해자 가족 협의회장 학교 사건 학교 마비 사건 지체 교육지원청 교육부 부서 교육부 배정 예산 교육청 입장 이정엽 학교폭력 전문 행정사 학교 자치 위원회 제도 폐지 비전문성 교육지원청 학폭위 이관 전문 확보 학폭위 결정 이관 전문인력 부족 자치 위원회 전문 교육지원청 이관 업무 신뢰 회복 목적 인력부족 불신 학폭위 교육지원청 교육청 교육부 지원청 인건비 비전문성 피해자 공휴일 학교폭력 김용준 위원회 학폭 음성변조 고심끝 서울 만 조정실 단독보도 학폭위원들
문재인정부,인력,카카오택시 원 콜비 보도 전혀 사실 무근 카카오택시가 승객에게 원 수준의 콜비를 받는다는 소식은 사실무근 인 것으로 확인됐다 일 모 매체는 카카오가 월부터 카카오택시 승객에게 원 수준의 콜비를 청구하는 방안을 검토 중이라고 보도했다 해당 매체는 카카오가 유료화를 위한 전담인력과 조직을 갖추고 곧 유료화에 돌입한다며 콜비를 한 건 당 원 부과할 경우 연간 콜비 카카오택시 보도 사실 카카오택시 승객 수준 콜비 소식 사실무근 확인 일 매체 카카오 월 카카오택시 승객 수준 콜비 청구 방안 검토 보도 매체 카카오 유료화 전담인력 조직 유료화 돌입 콜비 부과 억 연간 수익 발생 추산 카카오 사실 매체 취재 보도 전면 부인 카카오 관계자 카카오택시 이용 이용자 택시운전사 양측 이용료 계획 보도 사실 수익화 고민 카카오 관계자 기업 택시 광고모델 수익화 실마리 생각 유료화 내달 콜비 유료 그동안 카카 카카오택시 콜비 계획 지속적 자동결제 상반기 택시 호출 사업 수익모델 다변화 계획 콜비 카카오택시 유료화 수익화 관계자 자동결제 상반기 사실무근 이용자 억 이용료 운전사 택시운전사 다변화 전담인력 광고모델 수익모델 그동안 카카 카카오 택시 보도 수익 계획 유료 매체 사실 모델 사업 연간 부과 내달 수준
문재인정부,인식,옛것이 새롭다 뉴트로 바람 돌아온 소주의 원조 두꺼비 깔끔하고 순한 뉴트로 술맛 하이트진로 진로 이즈 백 을 내세우며 소주의 원조 진로 가 돌아왔다 돌아온 진로의 기세는 뉴트로 열풍을 대표하고 있다 지난 월 출시한 뉴트로 진로는 년대 블루 톤의 진로 라벨을 기반으로 과거 디자인을 복원하고 재해석해 대 젊은 소비자를 공략하고 있다 하이트 소주 원조 두꺼비 뉴트 술맛 디자인 블루 라벨 도 도수 음용감 대 성공 소비자 공략 하이트진로 진로 이즈 소주 원조 진로 진로 기세 뉴트로 열풍 대표 출시 뉴트 진로 블루 진로 라벨 과거 디자인 복원 재해석 대 소비자 공략 하이트진로 소주 원조 브랜드 진로 현대 감각 재해석 진로 출시 뉴트 감성 진로 만 판매 돌파 속도 시장 안착 출시 만 판매 진로 대 향수 자극 세대 제품 인식 인증 열풍 입소문 브랜드 인지도 일 실제 출시 기준 만 판매 기록 출시 출시 연간 판매량 달성 판매 가속도 출시 월 대비 배 월 배 증가 하이트진로 소비자 입맛 뉴트 트렌드 반영 소비자 확대 제품 출시 감성 흥미 공략 트렌디 이미지 강화 모양 색깔 과거 디자 복원 출시 뉴트 제품 진로 브랜드 정통성 반영 전달 중점 라벨 사이즈 모양 색깔 과거 디자인 복원 현대적 재해석 수차례 소비자 외부 전문가 조사 소비자 선호도 진로 라벨 디자인 최종 적용 진로 제품 투명 스카이블루 색상 소주병 느낌 파란색 라벨 한자 표기 진로 브랜드 상징 두꺼비 디자인 재현 세련 느낌 진로 한글 표기 가독성 뚜껑 과거 병뚜껑 동일 색상 사용 트위스트 편의성 강화 도수 세대 선호 도수 음용감 도 재현 주점 팝업스토어 오픈 하이트진로 세대들 경험 가치 중요시 만큼 차별 세분화 마케팅 활동 기획 일환 주점 현대 감성 재현 진로 팝업 스토어 두꺼비집 오픈 두꺼비집 지난달 포차어게 강남점 홍대점 한시적 운영 두꺼비집 년대 주점 분위기 연출 출입구 전면 실내 인테리어 년대 거리 소품 진로 전성기 포장마차 모습 재현 컬러 진로 브랜드 스카이블루 실내 적용 분위기 주점 완성 추억 게임 두꺼비 게임 추억 간식 구성 두꺼비 오락실 상시 운영 거리 제공 성년 이벤트 이벤트 직장인 응원 타깃 참여 프로그램 만족도 월 진로 출시 진로 트렌디 감성 전달 뉴트로풍 포스터 캐릭터 이야기 콘텐트 판촉 홍보물 제작 소비자 접점 홍보활동 오성택 하이트진로 마케팅실 상무 뉴트 제품 전통 하이트진로 제품 복고 집중 현대 제품력 완성도 소주 브랜드 제품 참이슬 진로 소주 시장 성장 소비자 시장 요구 제품 노력 소비자 하이트진로 뉴트 두꺼비집 재해석 현대 스카이블루 만 팝업스토어 만큼
문재인정부,인식,끝내 차 경제보복 의도는 진행 나연수 앵커 출연 양기호 성공회대 일본학과 교수 최요한 경제평론가 아래 텍스트는 실제 방송 내용과 차이가 있을 수 있으니 보다 정확한 내용은 방송으로 확인하시기 바랍니다 앵커 한국과 일본 사이 대한해협이 새카맣게 깊어진 느낌입니다 일본이 끝내 우리나라를 백색국가에서 제외했고 한일관계는 년 수교 이후 최악의 경제보복 의도 진행 나연수 앵커 출연 양기호 성공회대 일본학 교수 최요 경제평론가 텍스트 실제 방송 차이 방송 확인 앵커 한국 대한해협 일본 사이 느낌 일본 우리나라 백색국가 제외 한일관계 수교 최악 국면 문재인 대통령 일본 보복 조치 무모 결정 정면 대응 선언 교수 나이트 포커스 양기호 성공회대 일본학 최요 경제평론가 이야기 안녕 인터뷰 앵커 주제어 영상 이야기 일본 결정 우리나라 백색국가 화이트리스트 배제 결정 국제사회 일본 결국 감행 의도 양기호 수순 월 자민당 외교 한국 화이트 리스트 제거 주장 일본 준비 월 수출 규제 품목 부품 반도체 필수 일본 수출 규제 추가 결국 화이트리스트 삭제 쌍방 조치 한국 화이트 리스트 삭제 조치 발전 사실 일본 명분상 안보상 한국 수출 전략물자 직접적 간접적 중국 우회 북한 유출 한국 안보적 우호적 신뢰 국가 통제 수출 관리 화이트리스트 제외 일본 명분 한국 수차례 대북제재 포함 한일 검증 제안 일본 묵묵부답 대화 거부 일본 명분 주장 안보상 대법원 강제 징용 판결 보복적 성격 자유무역 기치 수혜 일본 처사 부당 철회 최요한 교수 말씀 디테일 말씀 말씀 일본 한국 이익 국제사회 비난 손해 교수님 말씀 대로 예전 준비 반발 예상 전략적 행동 정리 앵커 일본 이익 최요한 한반도 남북 평화 무드 남북 화해 협력 한반도 안정 일본 소외 역사 이래 한반도 정권 부강 안정화 외부 잠재 세력 고구려시대 통일신라시대 조선 말기 분단 중국 러시아 일본 일본 계속적 공격 역사 이래 증명 평화 한반도 세력 일본 군국주의 세력들 획책 앵커 전후 화이트리스트 배제 양기호 년 한일 양국 공동 상호 화이트리스트 추가 년 번씩 포괄적 허가제도 건별 개별 심사 포괄적 허가 수입 수출 물건 수출 수출 경제 산업 허가 산업통상자원부 허가 걱정 수출 수입 수입 수출 양자간 신뢰 반도체 디스플레이 생산 선순환적 생태계 기업 분들 안정적 전념 단위 승인 개별 건건 승인 통과 통관절차 장기화 일본 월 수출규제 품목 물건 생산 업체 부담 안정적 생산 공정 운용 자체 불가능 부담 조치 앵커 규제 일본 경제 산업 캐치올 말씀 교수님 설명 최요한 캐치올 캐치 말씀 전략적 물자 통제 수출 품목 대량살상무기 이용 판단 캐치올 차원 식품 목재 일반적 식품 목재 품목 코걸 귀걸이 영향 앵커 일본 국제사회 아랑곳 시작 처리 공식적 세코 히로시게 일본 경제 산업 각의 수출무역관리령 개정 결정 별표 나라 아시아 유일 해당국 한국 제외 일 공포 일 시행 한국 수출 일반포괄허가 적용 캐치올 규제 대상 경제산업성 수출 관리 당국 심사 예정 앵커 일본 자국 기업 피해 강조 실제 기업 피해 최요한 거짓말 거짓말 세계 경제 나라 생산 판매 혼자 이득 구조 글로벌 경제 글로벌 경제 개념 세계 경제적 군데 구멍 피해 글로벌 경제 이야기 일본 경제 산업 이야기 일본 내부 피해 얘기 아베 수상 저번 이야기 품목 규제 핀셋 포인트 핀셋 규제 이야기 사실 계속적 일본 제조업 영향 미국 애플 기업 영향 이야기 일본 정신 승리 이야기 앵커 상식적 생각 수출 물건 일본 일본 이야기 최요한 한국 이야기 특혜 철회 이야기 물건 물건 제도 화이트리스트 제외 의미 이야기 이야기 한국 우호적 경쟁자 적국 상징성 각의 공식적 앵커 일본 경제 보복 보복 조치 한국 책임 앞뒤 설명 양기호 일본 경제 보복 일관 이야기 관저 일본 수상 주변 비서관들 이야기 경제 산업 공무원 이야기 차이 보복 사실 경제 실토 관료들 경제 산업 관료 일관 수출관리 주장 일본 명분상 한국 수출 중국 북한 적대적 국가 유출 일본 주장 일본 주장 년 한국 산업통상자원부 수차례 회의 요청 한국 응답 한국 관리 여부 신뢰 일본 주장 현실 가지 자료 일본 레이더 자동차 현금 것들 북한 유출 공정 논의 검증 일본 거부 상태 대통령 말씀 실질적 경제 보복 일본 경제 보복 수출 관리 통제 심사 용어 일본인들 언론 일본 삼척동자 경제 보복 주장 공무원들 일본 언론 그다음 아베 수상 경제 보복 생각 사람 일본인 한국인 앵커 일본 경제보복 조치 추가 실제 포착 움직임들 최요한 경향성 가지 품목 규제 조치 리스트 화이트리스트 제외 그림 조선업 본격화 분쟁 절차 농수산품 가지 일본 자금 만기 회수 일본 경제적 한국 타격 것들 차 차 차 수위 일본 사람 항복 생각 말씀 기회 일본 부메랑 가능성 거래 한국 기업 현명 처사 앵커 정부 준비 일본 결정 문재인 대통령 시 임시 국무 회의 소집 발언 생중계 대통령 메시지 문재인 대통령 상황 악화 책임 일본 정부 사태 책임 전적 일본 정부 경고 변명 일본 정부 조치 대법원 강제 징용 판결 무역보복 일본 정부 조치 경제 공격 경제 미래성장 타격 의도 사실 맞대응 방안들 가해자 일본 적반하장 상황 좌시 가해자 일본 상처 국제사회 양식 용인 일본 직시 앵커 국무 회의 발언 생중계 취임 문재인 대통령 발언 수위 그동안 감정 대응 자제 양기호 가지 일본 직접적 비난 미래지향적 그다음 투트랙 전략 영토 가지 역사 영토 분야 가지 사회 경제 분야 포함 양국 미래지향적 방침 월 수출 규제 화이트리스트 삭제 완전 경제적 보복 일종 경제적 보복 선포 인식 단순 일본 주장 수출 관리 통제 강화 명목 내용상 한국 경제 일정 타격 한일 경제적 격차 수준 경제력 한국 정도 격차 정도 부당 의도 불신 노골적 한일 신뢰 회복 자체 유감 생각 상황 인식 국민 소통 자세 정부 역할 기업 가지 당부 국민 냉정 공감대 형성 호소 방식 생각 앵커 조치 문재인 대통령 단계 대응 강화 강조 한일군사정보보호협정 지소미아 폐기 고민 정도 고민 수위 최요한 지소미아 한일 군사 정보 보호 협정 사실 한국 미국 정권 오바마 정권 계속적 요구 이명박 정부 추진 국민 비판 체결 박근혜 대통령 박근혜 아베 총리 국민 촛불 정신 지소미아 미국 일본 한국 동북아시아 지역 안보 협력 군사 행동 북중러 가상 적들 대응 미국 인도 아시아태평양지역 패권 질서 협약 구멍 트럼프 대통령 세계 질서 세계 중요 구멍 지소미아 폐기 미국 추동 지렛대 이야기 정도 중요 생각 대통령 정도 생각 생각 앵커 교수님 국민 소통 중요 말씀 국민 소통 형식 문재인 대통령 국민 메시지 문재인 대통령 당장 어려움 도전 굴복 역사 반복 도전 기회 경제 도약 계기 일본 경제 일본 경제 패권 물론 제조업 강국 위상 계기 국민 정부 앵커 국민 정부 이야기 양기호 대통령 자신감 경제 예전 일본 경제 수직적 한국 경제 성장 수평적 내부 기업 방점 한국 대기업 일본 중소기업 자체 생산 체인 일본 파괴 수입 다변 가지 부품 국산화 극복 한국 경제 정상적 구도 대기업 주도 경제 구도 중소기업 대기업 상생 구도 생태 자체 사실 일본 상대 채울 자신 경제 자체 경제 대기업 대기업 협력 정부 기업 협력 대기업 중소기업 공생 상생 개혁 재력 생각 일본 능가 자신감 발언 생각 앵커 일본 대응 방침 강조 외교 대화 대통령 발언 앵커 외교 해결 일본 개정안 발효 시점 정도 협상 여지 시각 최요한 한일 역사 상황 하루아침 급변 외교 이야기 물밑 대화 투쟁 교류 상황 이야기 원래 퇴로 외교 대통령 이야기 불행 과거사 상처 그동안 상처 치유 도덕 우위 측면 이야기 외교 생각 앵커 정부 구체 국내적 대응 방침 시 방침 홍남기 경제 부총리 목소리 홍남기 경제부총리 경제 부총리 기획 재정부 장관 품목 소량 사용 수입 배제 영향 특정 품목 제외 품목 영향 개 품목 관리품목 지정 대응 대일의존도 파급효과 가능성 기준 세분화 맞춤형 밀착 대응 일본 백색국가 제외 수출 관리 강화 절차 국민들 안전 사항 관광 식품 폐기물 분야 안전조치 강화 계획 앵커 일본 조치 추가 보복 타격 예상 후폭풍들 홍남기 부총리 개 것들 최요한 원래 이야기 화이트리스트 제외 개 영향 이야기 공작 기기 금속 공작 기계 탄소섬유 일본 접착제 필름 의존도 품목 이야기 개 대비 표현 정도 대책 마련 생각 앵커 일본 백색 국가 제외 우리나라 화이트리스트 양기호 나라 선진국 화이트리스트 전략 물자 통제 냉정 코콤 냉정 자본주의 진영 공산권 재정 물자 통제 냉전 냉전 세계 유지 냉전 테러 미사일 제조 것들 인류 공통 위협 선진국 통제 자본재 국가 테러 지향 미사일 국가 군사 전용 도용 방지 장치 개 장치 바세나 협약 개 나라 화이트 리스트 일본 개 미국 영국 일본 년 포함 한일 공동 월드컵 정도 양국 우호적 양국 발전 산업 고도화 쌍방 호혜적 상태 일본 삭제 쌍방조치 삭제 앵커 일본 타격 품목 일본 체감 압박 양기호 한국 생산 구도 단계 단계 일본 부품 반도체 장비 공작 기계 대기업 반도체 디스플레이 생산 구도 화이트리스트 일본 삭제 타격 일본 일본 삭제 리스크 비대칭성 존재 쌍방조치 일본 건수 개별 허가 승인 물자 일본 수출 조치 강화 쌍방 조치 최요한 가지 말씀 일본 화이트 리스트 단어 사용 부정적 의미 구분 홍남기 부총리 이야기 화이트리스트 백색 국가 제외 설명 나군 다군 신설 가군 건전 일본 일본 다군 이야기 이야기 타격 이야기 대체적 국민들 호응 불매운동 관광 식품 폐기물 일본 골치 심사 강화 이야기 앵커 국내적 피해 당장 기업 발등 대책들 최요한 대책 가지 포인트 불화수소 가지 품목 이야기 정부 이야기 민간 대응 예전 일본 가지 반도체 소재 규제 당장 반도체 회사 유수 연구소 이야기 이야기 기사화 기업 피해 정보제공 공급망 안정화 수입 다변 부분들 정부 추경 통과 예산 지원 정도 피해 최소화 백색 국가 일본 제외 맞대응 전쟁 이야기 이야기 전략 노출 대략적 방향 이야기 앵커 걱정 대기업 준비 정도 자원 중소기업들 여력 걱정 최요한 사태 교훈 대기업 수직계열화 경제 생태 건전 대외적 한국 경제 급성장 정도 유용 도구 사용 정도 성장 상황 계열화 수직 계열 상황 아베 정권 걱정 대기업 걱정 대기업 계열화 중소기업들 피해 걱정 생태계 대한민국 경제 생태 대기업 책임 이야기 상황 대기업 말씀 앵커 태국 방콕 화이트리스트 배제 결정 하루 시선 장관 강경화 외교 외무상 고노 일본 공개적 설전 아세안 상황 외교 장관 회의 강경화 외교 장관 지역 자유 무역 체제 기본 원칙 도전 직면 일본 한국 명단 수출 우대 국가 제외 사실 주의 환기 임의적 일방적 조치 결정 고노 일본 외무상 아세안 국가 일본 조치 수출 관리 불만 한국 아세안 국가 동등 지위 강경화 장관 언급 불만 근거 앵커 다자회의 특정 국가 지목 비판 제기 양기호 다자회의 의제 설정 조정 상태 마무리 다자회의 상대방 면전 공개적 비판 사실 나중 트라우마 일반적 외교적 결례 한일 양국 일본 부당 처사 수출 규제 삭제 화이트 리스트 자유 무역 질서 다자회의 무역 질서 무차별적 개방 공정 무역질서 확인 전후 체제 가능 세계 대전 교훈 세계 대전 제 차 세계대전 제 차 세계대전 교훈 보호무역 보호무역 결과 강대국 전쟁 세계대전 비화 한일 양국 역사적 갈등 통상무역 치환 한국 압박 양국관계 국제적 규범 자유 무역 체제 일본 반대 처사 부당 주장 앵커 고노 외무상 나라 불만 제기 이야기 회의 불만들 제기 최요한 난리 외교석상 치열 이야기 고노 외상 장관 싱가포르 외교 원래 준비 원고 이야기 화이트리스트 제외 한국 제외 이야기 포함 앵커 원래 포함 양기호 포함 이야기 처사 화이트리스트 전체적 이야기 국무위원 중국 외교 국무 위원 아세아 한중일 원패밀리 가족 이야기 회의 일본 김성호 실장 의장 대화 일본 이야기 일본 국제적 망신 고노 외상 전체적 망신 스탭 바람 일본 경제력 부분들 앵커 일본 부정 조치 화이트리스트 제외 판결 강제 징용 배상 보복 정치권 제안 정부 입장 이해찬 더불어민주당 대표 일본 제 공격 준비 이야기 상황 군사 정보 교류 유지 회의적 생각 황교안 자유 한국당 대표 화이트 리스트 개정안 시행 주 기간 외교 해법 포기 정진석 자유 한국당 의원 일본 한국 일본 자산 현금화 즉시보복 공언 현금화 감정 이성적 대처 현금화 정부 유보 조치 정부 관여 강경화 외교 장관 법원 절차 정부 명시적 원칙 사법부 프로세 존중 이행 원칙 위배 타결책 마련 원고 피해자들 동의 합의 원고 피해 의견 생각 정진석 자유 한국당 의원 노력 진행 강경화 외교 장관 노력 각도 앵커 정진석 의원 발언 일본 전범 기업 압류 재산 현금 절차 이야기 해결책 양기호 당장 걱정 원래 지난달 현금화 예정 포항지원 신문 구체적 조사 추가 내년 월 말씀 일본 기업 실질적 손해 발생 일본 선제공격 이해 한국 기업 한일 양국 자발적 모금 피해자들 보상 제안 토대 한일 양국 구체화 일본 양보 양보 양보 해법 일본 로드맵 자체 일방적 거절 수출규제 삭제 화이트 리스트 수용 입장 장관님 말씀 민사소송 일본 전범 기업 피해자 정부 개입 해결 기업 정부 기금 피해자들 일본 기업 현금화 자산 매각 부탁 기금화 양자간 대화 피해자들 기금 한국 정부 기업 일본 기업 해결 수순 기금 피해자 일본 기업 현금화 한일 악화 상황 이해 현금화 부탁 대법원 판결 위배 사항 입장 한국 앵커 평론가 말씀 일본 정부 조치 판결 강제 징용 배상 염두 생각 상황 해결책 모색 최요한 시작 배상 경제 확대 양국 국민 자존심 근저 개헌 참의원 선거 헌법 자위대 일본 전략 이야기 일본 동북아시아 패권맹주 미국 손바닥 작전 생각 배상 경제 일관 크기 아베 폭주 세계적 차원 비난 일본 국가 비판 소지 생각 일본 양심적 지식인들 시민들 연대 일본 비정상적 정치 체제 아베 정권 폭주 방향 방향 생각 앵커 일본 군국주의 세기 부활 나이트포커스 이야기 양기호 성공회대 일본학 교수 최요 경제평론가 말씀 일본 한국 한일 최요한 화이트리스트 양기호 대기업 미국 반도체
문재인정부,인식,방북 앞둔 폼페이오 비핵화 시간 싸움 안 한다 일 평양을 방문하는 마이크 폼페이오 미국 국무장관이 일 현지시각 북한 비핵화를 빨리 하고 싶지만 우리는 시간 싸움 은 하지 않을 것 이라고 말했다 도널드 트럼프 대통령이 지난달 일 뉴욕 기자회견에서 시간 싸움을 하지 않겠다 년이든 년이든 개월이든 문제가 되지 않는다 고 밝힌 것과 동일하다 비핵화 과정이 오래 걸 방북 폼페이오 싸움 평양 방문 마이크 폼페이오 미국 국무 장관 일 현지시각 북한 싸움 대통령 도널드 트럼프 지난달 뉴욕 회견 싸움 년 년 개월 동일 비핵화 현실 인식 반영 기조 북한 협상 싸움 모습 폼페이오 장관 이날 국무부 청사 기자회견 트럼프 대통령 싸움 신속 비핵화 미국 시간표 질문 폼페이오 장관 지난달 평양 남북정상회담 대화 재개 완성 북한 신속 비핵화 협상 출발점 언급 폼페이오 장관 질문 가지 일치 얘기 싸움 언급 평양 정상 회담 지도자들 잠재 시간표 반복 폼페이오 장관 트럼프 대통령 년간 장기간 트럼프 대통령 폼페이오 장관 싸움 미국 애초 트럼프 대통령 임기 년 월 북한 모습 폼페이오 장관 정상회담 기자들 정상 회담 트럼프 대통령 임기 북한 조치 강경파 볼턴 백악관 국가 안보 보좌관 남북정상회담 지난달 정상 년 비핵화 강조 국무부 대변인 지난달 브리핑 대통령 번째 비핵화 시간표 장기전 대비 방향 이행 염두 발언 트럼프 대통령 국무위원장 김정은 북한 국무 위원장 학습 비핵화 기술적 정치적 인식 외교가 북한 협상 싸움 선언 북한 성과 주력 신호 설정 시점 협상 성과물 부담감 측면 폼페이오 장관 이날 회견 방북 한국 전쟁 종전 선언 해결 질문 협상 진행중 사안 위원장 트럼프 대통령 싱가포르 약속 진전 기회 북한 폼페이오 장관 차 정상회담 비핵화 구축 노력 지속 이해 진전 계획 낙관 워싱턴 황준범 특파원 비핵화 폼페이오 평양 시간표 시간 미국 싱가포르 정상회담 기자회견 국무부 위원장 남북정상회담 뉴욕 백악관 볼턴 기자들
문재인정부,인재,폰 년 만에 역사 속으로 중장기 관점서 분명한 이득 전자 스마트폰이 시장에서 완전히 철수한다 년 화통 브랜드로 휴대전화를 처음 선보인 지 년 만이다 년대 중반 초콜릿 샤인 등 피처폰을 앞세워 세계 위에 오를 만큼 기세를 떨쳤지만 스마트폰 변화의 흐름을 놓친 타격이 컸다 베트남 빈 등 외국계와 매각 협상 무산 전자는 일 이사회를 열고 오는 역사 중장기 관점 이득 전자 스마트폰 시장 철수 화통 브랜드 휴대전화 초콜릿 중반 샤인 피처폰 세계 만큼 기세 스마트폰 변화 흐름 타격 베트남 외국계 무산 매각 협상 전자 이사회 일자 스마트폰 사업 사업본부 생산 판매 종료 영업 정지 공시 사장 권봉석 전자 사내 임직원 사업 빈그룹 그동안 베트남 독일 폴크스바겐 미국 구글 매각 협상 무산 세계 스마트폰 실기 치명적 폰 정보 통신 화통 첫선 정보통신 전자 합병 년 삼성전자 세계 시장 선두주자 년 초콜릿폰 년 프라다폰 인기 만 세계 애플 아이폰 스마트폰 열풍 주도 신속 대응 치명 년 스마트폰 옵티머스 출시 시리즈 벨벳 성과 익명 업계 관계자 피처폰 영광 전자 마케팅 집중 악수 지적 고민 연속 이래 분기 누적 원대 영업적자 스마트폰 사업 스마트폰 가전 전기차 모빌리티 허브 역할 철수 결정 회장 구광모 결단 작용 회장 취임 선택 집중 강조 스마트폰 특허 전장사업 활용 회장 연료전지 액정표시장치 전자결제 적자 사업 철수 선언 취임 회장 취임 스마트폰 누적 영업 적자 조 사장 결국 권봉석 전자 경영진 논의 사업 종료 결정 회사 고위 관계자 가능성 검토 결과 사업 종료 장기 관점 전략 이득 판단 전자 자동차 전장 인공지능 로봇 미래 집중 계획 회사 보유 스마트폰 이동통신 분야 특허 소비자 가전 주목 롤러블 신수종 사업 연계 전자 스마트폰 사업 종료 세대 이동통신 카메라 소프트웨어 핵심 모바일 차세대 가전 전장부품 로봇 삼성 메이커 생태 악재 시장 세계 스마트폰 업체 삼성전자 형성 팬택 매각 삼성전자 시험대 세계 년 점유 시장조사업체 스트래티지 애널리틱스 삼성전자 스마트폰 점유 애플 화웨이 추격 익명 업계 관계자 유일 경쟁자 전자 철수 인재 공급 연구개발 부품 공급 차질 한국 생태계 한국 생태 원톱 삼성전자 악재 삼성 애플 샤오미 빈자리 전자 빈자리 차지 경쟁사들 발걸음 스탯카운터 지난달 기준 스마트폰 점유율 세계 시장 점유 삼성전자 애플 차지 삼성전자 이달 전자 반납 갤럭시 시리즈 소비자 만 웃돈 애플 아이폰 수리비 보험료 월 서울 여의도 가로수길 대형 매장 애플스토어 구애 샤오미 지난달 출시 중저 폰 라이트 공시지원금 확대 사실 공짜폰 판매 업계 그동안 전자 중저가폰 면모 운영체계 안드로이드 만큼 삼성전자 샤오미 수혜자 아이폰 출시 팬층 확대 애플 예측 승계 고용 제품 제품 유지 전자 사업본부 소속 여 인력 전원 부서 마그나 신규 출범 계열사 분산 배치 방침 폰 사후서비스 불편 제공 스마트폰 업그레이드 출시 년 단말기 보수 유지 정도 애널리스트 김동원 증권 스마트폰 사업 철수 미래 해소 계기 인력 재배치 핵심두뇌 이탈 상승 만큼 기업 가치 긍정적 작용 스마트폰 삼성전자 전자 만큼 그동안 베트남 샤오미 빈자리 관계자 권봉석 김동원 점유율 한국 소비자 연구개발 피처폰 삼성
문재인정부,인재,인사 동아일보 동아일보 논설위원실 부국장급 논설위원 정용관 부장급 논설위원 양종구 김선미 허진석 장택동 차장급 논설위원 황인찬 편집국 부국장 고기정 이승헌 신석호 부장 편집 김남준 정치 길진균 산업 김용석 산업 홍수용 경제 박용 국제 이종석 문화 김희균 사진 변영욱 팀장 부장급 오피니언팀 김영식 심의연구팀 김준석 동아일보 부국장급 동아일보 논설위원실 부국장 부장급 논설위원 정용관 부장 논설위원 양종구 김선미 허진석 장택동 차장 논설위원 황인찬 편집국 부국장 고기정 이승헌 신석호 부장 편집 김남준 정치 길진균 산업 김용석 산업 홍수 경제 박용 국제 이종석 문화 김희균 사진 변영욱 팀장 부장 부국장급 오피니언 김영식 심의 김준석 부국장 디지털 김광현 전문 부장 부장급 오피니언 이진구 부장 편집부 김영준 디지털 이태훈 박철우 이훈구 황재성 차장 편집부 성동기 산업 이상훈 스포츠부 김동욱 디지털 고성호 콘텐츠 기획 본부 국장 부국장급 신연수 서영아 부국장 차장급 안영배 최영해 차장 차장급 민동용 출판국 차장 차장급 마케팅 관리 채인희 미래 전략 연구소 팀장 차장 차장급 사업 전략 김창원 교육 컨벤션 김창덕 본부 팀장 차장 김진호 파트장 차장 파트장 리딩컴퍼니파트 김훈 교육 파트 이석호 파트장 장윤정 차장 부국장급 광고 총괄 기획 선우현원 경영 전략실 팀장 부국장 경영 총괄 부형 팀장 차장 부국장급 인재 경영 홍수영 경영 지원 팀장 부국장 인사 신재균 파트장 차장 차장급 미디어 센터 시설 관리 파트 김정운 차장 인사 이종기 제작 관리 황태주 충정로 시설 관리 파트 김정식 재경국 차장 구매팀 채널 경영 전략실 팀장 부국장 경영 총괄 부형 팀장 차장 정책 기획 이세형 편성 전략 본부 차장 차장급 콘텐츠 전략 이정원 제작 본부 팀장 차장 팀장 장시원 차장급 박경식 차장 김군래 김남호 김승훈 드라마 플러스 본부 팀장 드라마 플러스 마태희 박종 팀장 차장 차장급 드라마 플러스 김진 차장 부국장급 드라마 플러스 김경훈 콘텐츠 플러스 센터 팀장 부국장 플러스 전략 팀장 강성욱 부장 부장급 크리에이션 팀장 신정호 김건준 부장 차장급 크리에이션 이성수 차장 부국장급 플러스 전략 김정석 크리에이션 남상효 배한수 이수호 전경남 채성일 김순겸 이성규 보도 본부 부국장 취재윤리 멘토링에디터 김승련 보도 제작 하임숙 차장 차장 정치 장원재 경제 정책 산업 염희진 차장 차장급 외교 안보 국제부 김민지 경제 정책 산업 이상연 차장 사회부 대전충청 취재 본부 김민석 박영래 전략 기획 본부 차장 부국장급 기획 제작 양승원 조천우 성장 동력 센터 부국장 정경준 부장 이헌진 콘텐츠 사업 본부 팀장 차장 콘텐츠 세일즈 김혜성 심의실 차장 심의 허정희 경영 지원 본부 부장 차장급 관리 김동건 차장 재무 회계 이현 총무 이한영 스포츠동아 편집국장 상무이사 연제호 상무이사 고용 노동부 승진 오기환 부이사관 지역 산업 고용 정책 과장 산업 통상 자원부 전보 국장 대변 신희동 과학기술정보통신부 승진 전보 네트워크 정책 실장 허성욱 기획 조정 실장 이태희 국세청 전보 부이사관 납세자 보호 담당관 양동구 성동세무 서장 김성환 중부 지방 국세청 감사관 이응봉 납세자 보호 담당관 강성팔 인천 지방 국세청 성실 납세 지원 국장 박광수 대전 광주 조사 국장 정용대 조사 최영준 부산 정보화 감사관 유병철 양철호 유재준 김오영 윤종건 이판식 과장 정책 보좌관 박근재 기획 재정 담당관 김정주 정보 전지현 감사 박병환 심사 박찬욱 심사 류충선 징세 과장 박광종 법무 강동훈 부가 가치세 강상식 법인세 고근수 소비세 김준우 국제 조사 이성 조사 전애진 서울지방국세청 송무 과장 김휘영 조사 조사 이태훈 조사 조사 이은장 조사 조사 관리 이종학 조사 조사 관리 김동욱 조사 조사 최회선 조사 조사 주효종 조사 조사 이주연 조사 조사 이임동 국제조사관리 윤순상 국제조사 김정수 서대문세무 서장 전태호 은평 안민규 강서 최호재 양천 장병 구로 박진하 동작 이요원 금천 이진우 관악 신석균 삼성 황남욱 서초 정상배 역삼 강역종 동대문 황정길 송파 김진우 잠실 전승배 중부 지방 국세청 소득 재산세 과장 이길용 징세 김기완 조사 조사 이상원 조사 국제 거래 조사 조사 조사 관리 장철호 조사 조사 관리 이세협 조사 조사 장권철 조사 조사 최진복 안산 성남 세무서장 김운걸 채중석 이천 우원훈 경기광주 최재호 남양주 류지용 구리 장태복 기흥 김진갑 동화 세무서 개청 준비 단장 김동수 인천 지방 국세청 조사 국장 김태우 서인천세무 서장 김용재 남인천 전성구 연수 강백근 김포 나교석 부천 함민규 의정부 김재환 고양 황동수 동고양 한성옥 광명 우창용 남부천세무서 개청 준비 단장 배상록 대전지방국세청 성실 납세 지원 국장 최청흠 서대전세무 서장 김종성 북대전 조성택 세종 북광주 이인섭 광주지방국세청 조사 국장 최재훈 광주세무 서장 임진정 강병수 서광주 김태열 전주 황영표 대구지방국세청 조사 국장 박수복 조사 고영일 동대구세무 서장 김만헌 서대구 남영안 남대구 김상현 포항 공창석 구미 이영철 부산지방국세청 운영 지원 과장 손해수 소득재산세 배창경 법인세 손병환 징세 신영재 서부산세무 서장 이준홍 부산진 유수호 국세 공무원 교육원 교육 지원 과장 문준 교육기획 홍철수 전출 과장 외교 이선주 금융 위원회 박성무 전보 과장 춘천세무 서장 김종복 홍천 권석현 영월 김선주 강릉 김상범 포천 홍재필 보령 조성철 홍성 김민제 천안 이용균 광산 박강수 군산 김태성 북전주 정경철 나주 나종선 순천 이승래 안동 권영명 김천 조성래 영주 윤재갑 해운대 이슬 울산 이재영 동울산 이상락 마산 조영탁 양산 권태윤 통영 최기영 제주 박국진 인천 국민체육진흥공단 홍보실장 임은경 안전 경영 단장 정철락 체육 진흥 사업 본부 스포츠 산업 지원 실장 이성철 기금 조성 총괄 본부 경륜 경정 관리 본부 관악 지점장 주정돈 이상훈 의정부 이성오 기금 조성 총괄 본부 경륜경정운영 본부 경륜경주 실장 이성래 전산 방송 한태조 최종림 기금 조성 총괄 본부 스포츠 레저 사업 본부 파크텔운영 준비 실장 한국무역협회 물류서비스 남북 협력 실장 최창열 물류 서비스 이준봉 추진 스타트업글로벌지원실장 직무 대리 박정우 스타트업 글로벌 지원 실장 박필재 전보 유라시아 인사 총무실장 홍사교 김기현 중국 심윤섭 신성장 이상헌 전략 시장 박경진 취업 연수 조상현 활용 정책 박연우 기업 지원 천진우 대구경북 지역 본부장 윤신영 충북 김경용 브뤼셀 지부장 조빛나 한창회 승진 이명자 충북 지역 본부장 김경용 센터 경영 실장 무역연수 이정수 동향 정희철 취업 연수 조상현 황상하 서울주택도시공사 경영 지원 본부장 김건우 본부 제작 센터 라디오 국장 관리국 운영 부장 조성래 감사실 방송 감사 부장 신동조 충주 감사부장 고상범 울산방송국장 박연 황상길 원주 이택순 경영 본부 경영 관리국장 김기승 수신료 국장 곽상곤 자산 운용국 지역 청사프로젝트팀장 김성일 건국대 홍보실장 정가연 사업팀장 김호섭 공종국 출판 과장 차장급 팀장 부국장급 부국장 부장급 김경용 부이사관 논설위원 국세청 파트장 감사관 조상현 이한영 조성래 담당관 인천 이상훈 충북 이준봉 본부장 조사 편집부 김창덕 이태훈 상무이사 박종
문재인정부,인재,박원순 출사표 제 맘속엔 정부 성공만 가득 박 시장은 주요 공약으로 성평등 도시 서울 부양의무제도 폐지 전기자동차 만대 보급 년 주년 전국체전 서울 평양 공동개최 추진 등을 들었다 박 시장은 서울시가 준비한 평양과 서울 교류 정착에 관해서도 빛을 볼 날이 있을 것이라 확신하고 있다 고 했다 박 시장은 이날 출마 선언 장소로 민주당사를 선택했다 박 시장은 년에는 박원순 출사표 맘속 정부 성공 서울 시장 도전 선언 경선 의식 경선 친문 촛불광장정신 민주주의 정부 서울 혁명 완성 박영선 우상호 회견 대립각 시장 공약 만 도시 서울 부양 의무 제도 폐지 전기 자동차 서울 보급 주년 전국 체전 평양 공동 개최 추진 시장 서울시 준비 평양 정착 서울 교류 확신 시장 이날 출마 선언 장소 민주당사 선택 시장 년 서울 백범기념관 도전 재선 도전 서울시청 시민청 출마 선언 경쟁 후보 상대 약점 지적 당심 의식 해석 시장 직전 출마 선언 김대중 대통령 묘소 참배 민주당 상징 파란색 넥타이 민주당 경선 일반여론조사 권리당원 투표 반영 경선 결과 좌우 권리당원 친문 성향 민주당 시장 선 성공 대통령 차별화 시도 견제구 시장 출마론 이날 대선 출마 질문 맘속 시민들 문재인 정부 성공 권리당원 표심 의식 답변 시장 안철수 미래 인재 영입 위원장 출마 민주당 후보 민주당 비전 정체성 서울시장 도전 선언 시장 출마 경쟁자 박영선 우상호 의원 의원 년 시장 입당 권유 무소속 번째 시장 선거 유세 출마 선언 다행 의원 선거 막바지 방문 당원 마음 의문 민주당 정통성 후보 서울시장 차례 의원 시장 지지율 대 하락세 의원 시장 득표 가능성 결선 확정적 시장 관계자 시장 본게임 시작 시장 여유 후보 민주당 토론 경선 예정 득표 후보 이틀간 결선 투표 진행 서울 민주당 권리당원 서울시장 맘속 평양 친문 안철수 이틀간 박영선 우상호
문재인정부,일자리,온실가스는 어떻게 줄일 건가요 정부 그린 뉴딜 정책 반쪽짜리 논란 기후변화 대응한다더니 그린 없고 일자리 창출 목표만 담겨 정부가 추진하는 그린 뉴딜 이 온실가스 감축 목표를 담고 있지 않아 반쪽짜리 정책이라는 비판이 나오고 있다 정부는 지난 일 문재인 대통령 주재 차 비상경제회의에서 한국 경제의 도약을 위한 프로젝트인 한국판 뉴딜 에 오는 년까지 조원을 투입한다고 밝혔다 인공지능 온실가스 정부 반쪽짜리 뉴딜 정책 반쪽 짜리 논란 기후 변화 대응 일자리 창출 정부 추진 뉴딜 온실 가스 감축 반쪽 짜리 정책 비판 정부 문재인 대통령 주재 비상 경제 회의 한국 경제 도약 프로젝트 한국판 뉴딜 년 조 투입 인공지능 육성 핵심 디지털 뉴딜 저탄소 경제 구조 전환 뉴딜 한국판 뉴딜 정부 뉴딜 책정 뉴딜 공공시설 제로 에너지 건축물 리모델링 산업단지 시설 골자 확산 에너지 태양광 풍력 수소 신재생 에너지 실증사업 지원 계획 포함 정부 년 뉴딜 뉴딜 일자리 에너지 전문가 그린 뉴딜 온실 가스 감축 뉴딜 최종 온실 가스 감축 기후 변화 대응 감축 이정표 정작 온실 가스 감축 상황 유럽연합 집행위원회 년 탄소 배출 제로 유럽 뉴딜 계획 코로나 상황 정책 대조적 코로나 사태 경제 활성 일자리 창출 상황 기후 변화 대응 뒷전 지적 에너지업계 관계자 뉴딜 그린 일자리 창출 정부 과거 이명박 녹색성장 실제 뉴딜 제시 추진 사업 에너지 효율 나열 수준 비판 일례 아파트 지능 전력망 설치 방안 제조공장 스마트그리드 접목 대책 뉴딜 정부 산업계 수년 진행 대표 김주진 기후 솔루션 정부 뉴딜 정책 재포장 더불어민주당 총선 공약 비전 뉴딜 제시 석탄 금융 중단 탄소 제로 뉴딜 한국판 뉴딜 디지털 뉴딜 뉴딜 충돌 제기 디지털 뉴딜 핵심 인공지능 확산 육성 산업 전력 에너지 수요 증가 온실 가스 배출량 혁신성장 저해 기후 변화 대응 달성 설명 탈원전 정책 정부 원전 신재생 에너지 온실 가스 배출량 방법 일자리 창출 중점 뉴딜 구상 신재생 에너지 계절 날씨 발전량 시간 연속 전력 생산 부족 가스발전 보완 액화 천연가스 활용 온실가스 배출 정부 온실 가스 감축 관심 지적 배경 교수 손양훈 인천대 정부 저탄소 사회 전환 수요 국가 전력 발전소 보급 에너지 확대 국민 요금 지불 동의 선행 가지 조건 충족 상황 기후변화 대응 청정 에너지원 원전 병행 뉴딜 온실가스 일자리 저탄소 신재생 기후변화 배출량 김주진 코로나 정작 인공지능 전력망 더불어민주당 문재인 손양훈 인천대 짜리
문재인정부,일자리,강경화 임명 도 밀어붙이는 공무원 늘리는 추경 반대 문재인 대통령은 일 야권의 반발에도 김상조 공정거래위원장 임명을 강행해 인사 문제에 있어서만은 양보할 뜻이 없음을 분명히 했다 청와대는 내부적으로 강경화 외교부 장관 후보자 역시 임명하겠다는 방침을 세운 것으로 알려졌다 하지만 김 위원장 임명을 두고 야권이 협치 파기 로 간주하면서 청와대가 의욕적으로 추진하고 있는 일자리 추가경정예산 추 강경화 임명 공무원 추경 반대 김상조 위원장 국민 검증 통과 한미정상회담 강경화 동행 의총 한국당 검토 국회 보이콧 정당 오만 질주 수용 문재인 대통령 반발 임명 김상조 공정 거래 위원장 강행 인사 양보 청와대 내부적 강경화 외교 장관 후보자 임명 방침 임명 위원장 야권 협치 파기 간주 청와대 의욕적 추진 일자리 추가 경정 예산 추경 처리 자유한국당 국민의당 정당 일자리 추경 반대 스크럼 윤영찬 대통령 국민 소통 수석 비서관 이날 위원장 이날 국회 청문회 공정 경제 질서 사회 양극화 해결 정책 능력 입증 흠결 정책 역량 평가 국민 눈높이 위원장 검증 통과 말씀 야권 의견 정면 반박 대통령 이날 위원장 이날 임명장 수여식 청와대 뒷받침 청와대 위원장 후보자 임명 방침 공백 국정 방치 판단 청와대 관계자 시작 한미 정상 회담 외교 수장 진행 후보자 미국 순방 동행 야권 반발 한국당 정우택 대표 권한 대행 원내 대표 한국당 대통령 협치 포기 독선 독재 좌시 묵과 시정연설 상임 위원 장단 오찬 알맹 정치 결정판 한국당 의원 총회 대응 전략 논의 한국당 예정 인사청문회 거부 방안 검토 대통령 임명 후보자 강행 한국당 추경 심사 국회 일정 전면 보이콧 강경 투쟁 가능성 대변인 정당 오신환 대통령 브레이크 오만 질주 국회 일정 상응 논의 후보 정당 대선 유승민 의원 배제 인사 원칙 훼손 대통령 국민 설명 사과 위원장 재벌 개혁 적임자 긍정적 평가 국민 문재인 정부 임명 강행 사례 유감 원내 당 원내 더불어민주당 한국당 오만 아집 충돌 임명 강행 초래 국민 지탄 한국당 겨냥 정책위의장 정책위 의장 이날 추경 국가 재정법 요건 부합 국민 세금 미래 세대 영구적 부담 추경 공무원 증원 동의 한목소리 송찬욱 한국당 위원장 청와대 후보자 강경화 김상조 일자리 청문회 한미 협치 공무원 문재인 정책위의장 미국 윤영찬
문재인정부,일자리,부산 동북아 해양수도 울산 글로벌 산업수도 경남 산업수도 로 부산 경남에서는 이곳을 정치적 기반으로 성장한 문재인 대통령이 지역 현안과 관련된 정책을 차질 없이 추진해주길 기대하고 있다 문 대통령의 지역 공약을 살펴본다 동북아 해양수도 부산 부산 공약의 비전은 동북아 해양수도로 도약하자 이다 신 해양산업 육성과 금융 해양 영화 영상산업을 통한 일자리 창출 안전하고 건강한 도시 만들기를 해양수도 부산 동북아 산업수도 울산 글로벌 산업 수도 경남 산업수도 지역 정부 부울 공약 부산 경남 정치적 성장 문재인 대통령 지역 현안 정책 차질 추진 대통령 지역 공약 동북아 해양수 부산 부산 공약 비전 동북아 해양 수도 도약 해양산업 육성 금융 해양 영화 영상 산업 일자리 창출 안전 건강 도시 핵심 공약 부산 최대 현안 김해신공항 동남 관문공항 공항 복합 도시 건설 공약 급증 항공 수요 대응 인천국제공항 재난 발생 공항 대책 주변 소음 방지 강구 공항복합도시 에코델타시티 김해신공항 인근 명지국제 도시 통합 방안 장기적 부산신항만 동남권 신공항 유라시아철도 연결 사업 육해공 글로벌 복합 교통망 공약 사업 북항 추진 중심지 동북아 신해양 산업 육성 약속 해양 연구개발 해양 시설 해양비즈니스 해양 해사기구 청년문화센터 부산종합예술실용학교 설립 유치 한국예술종합학교 부산 분교 검토 해양산업 안정적 금융지원 한국해양선박금융공사 설립 약속 해사법원 해양 거래 해양 금융 보험 지식서비스산업 성장 발전 해양 과학 플랫폼 센터 설립 추진 혁신지구 영도 해양 지구 문현 금융 지구 센텀 영화 영상지구 해양 산업벨트 연결 창출 청년 일자리 중심지 활용 원자력발전소 안전 확보 호기 고리원전 호기 포함 건설 신규 원전 전면 중단 주목 수명 노후 원전 수명 연장 약속 노화 산업 부산 미래 산업 육성 방안 동부산 원자력의 과학 단지 항노화타운 조성 국립치매병원 국립요양병원 유치 노인순환기연구센터 항노화 산업 비즈니스 지구 조성 서병수 부산 시장 보고회 공약 실행 계획안 정부 부처 건의 국정과제 울산 글로벌 산업 수도 울산 공약 비전 미래 글로벌 산업 수도 울산 재난 안전 도시 도시 양질 일자리 창출 분야 공약 조선 산업 경쟁력 강화 조선해양플랜트연구원 설립 정부 공공 선박 발주 확대 선사 해운 신규 발주 교체 노후 선박 지원 방안 추진 원전 석유화학단지 대책 안전 확보 제시 부산 노후 원전 수명 연장 원전 안전 기준 강화 지진 대비 활성단층 의심 전역 모니터링 지진방재센터 설치 지진 특성 대학 지정 공약 각종 재해 재난 체계적 관리 예방 대응 클러스터 조성 갈림목 경부고속도로 미호 울산 포항고속도로 범서 나들목 강동 총연장 울산도시외곽순환고속도 조기 착공 약속 고속도로 완공 김해신공항 접근 경주 포항권 공항 연계성 혼잡 시가지 교통 해소 차원 프린팅 정책 프린팅 추진 생산 장비 소프트웨어 원천 상용화 상용 전문 인력 양성 약속 년 억 울산테크노산단 국립 프린팅 연구원 설립 추진 박근혜 대통령 약속 이행 산재 모병원 건립 울산 공립 병원 약속 태화강 국가정원 지정 공약 공약 실현 억 억 국비 지원 생태 도시 울산 위상 동시 관광객 증가 지역 경제 활성 도움 도민 신산업수 경남 대통령 경남 후보 시절 경남 아들 강조 거제 부각 경남 도민 산업수 경남 슬로건 비전 정책 공약 제시 경남 산업 혁명 기계 항공산업 주춧돌 문화 관광 휴양 건강 참살 도시 포부 비전 미래 가치 산업 경남 산업 수도 경남 부가 가치 창출 창원 재료 연구소 진주 한국세라믹기술원 밀양 나노 산업 단지 통합 재료연구원 설립 산업 혁명 대비 소프트웨어융합연구소 설립 진주 사천 중심 항공 우주 산업 특화 단지 계획 밀양 나노 국가산단 클러스터 구축 산업 혁신 경남 방향 산업 혁신 부가 가치 창출 산업 구조 고도 좌초 위기 조선산업 서부경남 항노화 산업 집중적 육성 진주 혁신 도시 중심 단계 발전 혁신 도시 시즌 추진 창의 휴양 경남 휴양벨트 소프트 파워 육성 지향 남해안 해양관광특별권역 지정 국비 집중 투입 문화 발굴 복원 김해 가야 역사 문화 도시 공약 중점 추진 양산 영남알프스 밀양 표충사 합천 가야산 하동 산청 지리산권 생태휴양벨트 경남 사통팔달 교통지 완성 김해공항 주변 간선 도로 확충 부산 창원 김해 연결 구축 동서 철도망 울산 언양 양산 부산 확충 남북 철도망 김천 거제 고속철도 조기 착공 사업 마지막 경남 건강 경남 추구 서부경남 공공보건의료체계 구축 김해 양산 동남 의생명 특화 단지 안전 수돗물 핵심 상수원 확보도 핵심 경남도당위원장 정영훈 더불어민주당 경남도당 위원장 경남 국가산업 중심 경남 의지 정재락 강정훈 경남 울산 부산 동북아 김해 밀양 김해신공항 진주 동남권 클러스터 철도망 창원 양산 항노화 동남
문재인정부,임금,투자노트 부진했던 내수주에 관심 가져볼까 첫째 내수주는 무역 전쟁에서 비교적 자유롭다 둘째 한미 와 연계된 환율 합의설 그리고 무역전쟁 우려감에 원화 강세가 나타나고 있다 원화 강세는 수출주에 불리하다 그러므로 내수주에 관심을 가져야 한다 셋째 문재인 정부가 주 시간 근무제 등 워라밸 을 중시한다 최저임금 인상 또한 온갖 부작용이 나오고는 있으나 일단은 소득 증가를 통한 부진 내수주 관심 내수주 무역 전쟁 비교 한미 연계 환율 합의설 무역 전쟁 우려감 원화 강세 원화 강세 수출주 불리 내수주 관심 문재인 정부 시간 근무 워라밸 중시 최저 임금 인상 부작용 소득 증가 내수 활성 만큼 정도 성과 훈풍 글로벌 경기 수출주 내수주 상대적 부진 업종 유가 증권 시장 전년 대비 영업 이익 업종 운수장비 전기가스업 종이목재 업종 영업 업종 이익 우리나라 경제 수출주 반도체 착시 애널리스트 신중호 이베스트투자증권 달러 대비 원화 환율 분기 원 위협 원화 강세 주도주 반도체주 탈락 계기 증권 연내 환율 원 전망 와중 내수업종 내수 업종 주가 청산가치 얘기 가격 메리트 삼성증권 음식료 항공 유틸리티 수혜주 원화 강세 지수 코스닥벤처펀드 상황 시장 코스닥시장 상장 종목 유리 수출주 내수주 코스닥 내수업종 우려감 신중호 이베스트투자증권 한미 가스업 전기가스업 종이목재 반도체주 삼성증권 워라밸 원 청산가치 만큼 코스닥벤처펀드 부작용 문재인 주도주 원 반도체 우리나라 합의설 운수장비 상대적 코스닥시장
문재인정부,임금,지역 청년 명 질의에 답한 대선 후보 지역균형 공약 총정리 한겨레 는 광주 전남과 대구 경북 강원 지역 청년 명과 심층 인터뷰를 통해 정책 공약 질의 개를 추렸다 지난 일 질의서를 더불어민주당 이재명 국민의힘 윤석열 정의당 심상정 국민의당 안철수 후보에게 보내 답변을 받았다 이 페이지는 질의와 답변 전문 첫 번째 페이지다 지역 청년 명 질의에 답한 대선 후보 지역균형 공약 지역 청년 질의 대선 후보 지역 균형 공약 정리 광주 전남 대구 경북 강원 지역 청년 심층 인터뷰 정책 공약 개 질의서 더불어민주당 이재명 국민의힘 윤석열 정의당 심상정 후보 국민의당 안철수 답변 페이지 질의 답변 전문 번째 질의 지역 청년 대선 후보 지역 균형 공약 정리 지역 청년 비수도권 수도 일자리 절대적 양도 일자리 호소 결국 일자리 지역 인근 수도권 이주 주거 비용 추락 경험 부재 지역 일자리 청년들 이주 지방 소멸 후보 대책 활성화 이재명 지역 고용 활성 종합적 제도 마련 지역 중심 고용 정책 추진 지방정부 고용심의회 대책 일자리 창출 수립 공표 지역 사정 고용 정책 수립 지원 전문 취업 지원 서비스 전담 지역 중심 고용 서비스 전담 기구 설립 추진 부처별 지역별 일자리 센터 통합 수요자 중심 재편 급속 디지털 에너지 대전환 산업 분야 지역 쇠퇴 노사갈등 유발 소외 정의 일자리 전환 체계 구축 주력산업 쇠퇴 예상 지역 선제적 고용 위기 지역 산업 위기 지역 지정 피해방지 복구방안 종합대책 마련 지역경제 회복 신산업 전환 체계적 준비 부재 지역 일자리 청년들 수도 이주 지방소멸 발생 혁신밸리 기업 도시 일자리 혁신 지역 마련 지방 수도권 복귀 기업 규제특례 조세 혜택 제공 촉진 국가 미래 전략 산업 중심 혁신밸리 지역 배치 일자리 혁신 지역 마련 기업 도시 자율 강화 프로젝트 기업 도시 시행 사업 상생 지역 일자리 개 추가 발굴 조 투자 견인 기업 인재 연구역량 확충 지역대학 혁신인 양성 산학혁신 그루터기 조성 윤석열 청년 지역 일자리 기회 해결 지역산업 연계 일자리 창출 혁신창업 지원 일자리 인프라 구축 중앙정부 지방정부 협업 청년들 도약 청년베이스캠프 청년지원서비스 원스톱 제공 청년들 여가 종합적 지원 주거 정주여건 개선 지역 청년들 일자리 기회 지역들 격차 불평등 자신 희망 보장 전국 베이스캠프 지역 특화 청년 도약 설치 청년도약서비스 원스톱 제공 전달체계 활용 지역산업 육성 지역대학 기지화 창업 전진 기지 일자리 창출 지역 공공기관 중심 채용여건 확대 청년 청년도약서비스 제공 직업 역량 지원 진로 탐색 커리어 구직 취업 창업 사회공헌 자원봉사 활동 참여 상담 교육 훈련 연계 생활 역량 지원 기초적 노동 상담 연말정산 세무 상담 전월세 계약 상담 맞춤 정보 제공 연계 지원 서비스 사례 관리 서비스 지원 지역 맞춤 청년 멘토링단 운영 멘토링 서비스 제공 기업 청년 지원 멘토링 참여 사회공헌 유도 기업 인센티브 부여 기업 퇴직자 구성 내리 사랑 멘토링단 또래 청년 구성 또래 사랑 멘토링단 단체 지역 소상공인 연계 지역 사랑 멘토링단 지역 맞춤 청년 멘토링단 운영 계획 우수기업 청년 일경험 우수 기업 인증 지원 확대 기업 일경험 프로그램 정부 인증 청년 기회 확대 멘토링 강화 구직 역량 강화 현행 국민 취업 지원 제도 구직자 한정 수요 기업 단순 매칭 위주 단년 사업 한계 보완 정부 기업 일경험 프로그램 인증 장기적 지원 정책 차별 지역 스타트업 지역 청년 인턴십 일경험 기업 맞춤 기회 제공 심상정 지역 일자리 창출 지역 인재 유출 지방소멸 대응 지역 산업기반 재건 지역인재 양성 지방소멸 위기 균형성장 경제 기후 위기 대응 그린경제 지역친화형 일자리친화형 재생에너지 분산형 화석연료 산업구조 재생 에너지 중심 전환 태양광 풍력 에너지 배터리 산업 고도화 산업화 필수적 산업이 지역 유치 일자리 증가 인구 유입 재생 에너지 산업 지역 성장 동력 지역 중심 투자 지역녹색전환 추진 지역소멸 국가 난관 해결 동시 지역 산업 부활 지역균형 돌파구 인구 안철수 수도 비수도 인구 실패 지역 균형 발전 정책 반증 원인 대기업 기관 수도권 집중 청년들 일자리 마련 중앙정부 재정 권한 지방정부 이양 지방정부 주체적 민간 기업 유치 메가시티 광역경제권 수도권 충청권 대경권 호남권 동남권 강원특별경제권 제주특별경제권 방안 중심 수도권 중심 적극 지원 지역 청년들 일자리 상상 기회 정보 접근 수도 청년 제한적 상황 호소 정책적 지역 청년 접근권 일자리 정보 접근 향상 방안 이재명 임기 청년 고용 향상 달성 청년 일자리 지원 청년실업율 수립 중요 지역 청년 일자리 정보 접근 해결 교육 취업 포기 청년 멘토 전문가 교육 훈련 제공 낙오자 정부 지역사회 기업 국민내일 카드 실업자 노동자 일정 금액 직업능력개발훈련 참여 제도 청년지원 수준 증액 취업률 도움 디지털 전환 일자리 창출 정부 교육비 지원 취업 창업 지원액 휴먼 캐피털 제도 디지털 인재 성장 지원 윤석열 정부 일자리 정보 접근 개인 격차 해소 포털사이트 대통령 직속 일자리 위원회 포털 사이트 국가일자리정보 중앙행정기관 운영 민간 공공 분야 구인 구직 일자리 정책 정보 교육 취업지원 대한민국 일자리 정보 방문 구성 서비스 사이트 종합적 제공 지역일자리정보 지방자치단체 운영 지역 구인 구직 일자리 정책 정보 교육 취업지원 지역 일자리 정보 방문 구성 서비스 광역 자치 단체 제공 일자리 정보 사이트 종합적 제공 서비스 종합 정보 제공 일자리 정보 지역격차 질의 활용도 이해 청년들 체감 제공 일자리 정보 만족도 정보제공 사각지대 해소 일자리위원회 개선 종합 포털 청년들 접근성 제고하도 지자체 지역 대학 일자리 게시판 연계 강화 윤석열 정부 디지털정부플랫폼 활용 실시간 디지털 일자리 정보 제공 동시 메타버스 활용 민간 공공 합동채용설명회 정부 플랫폼 제공 지역 정보제공 사각지대 해소 심상정 단순 접근권 일자리 정보 접근 기업명 근로조건 구직공고 온라인화 지역 격차 생각 지역 청년 호소 부족 일자리 정보 예상 경험 기회 부족 생각 수도권 청년들 모델 제조업 공기업 공무원 정도 주변 사람들 체험 자신 진로 가지 고민 지역 청년들 기회 정책 청년 일자리 대표 공약 국가 일자리보장 제안 일자리보장제 청년 생활임금 사회보험 이직 준비 교육 제공 일자리 국가 제공 제도 지역 단위 일자리보장협의체 일자리보장센터 지역사회 일자리 수요 코로나 시대 돌봄 보육 일자리 기후 위기 시대 태양광 풍력발전 배터리기술 녹색 산업 일자리 전통 제조업 공기업 공무원 진짜 일자리 지역 발굴 안철수 일자리 지원정보 제공 구직자 사업체 지방정부 지역 대학 연계 지방 우수 인재 확보 지방 인재 일자리 정보 제공 구축 협력 프로세스 적극 지원 지방자치단체들 수도권 대기업 대학 지역 일자리 분산 요구 지역 청년들 공감 청년들 인기 아이티 기업 지역 이주 적극 구체적 방안 이재명 인기 기업 지방 가지 조건 선행 인재 지역 대학 출신 채용 우선 국가균형발전 일종 지역 인재 우대 정책 정책 지역 인재 효과 수도권 집중 경제 성장 전략 오늘날 지방 대학 위기 지역 예산 연구인력 인프라 조성 재정 분배 방식 지방대학 과학 중심으 집중 육성 지방정부 지방대학혁신 책임 권한 부여 지방대학 재정투자 지방 대학 정책 교육부 지방정부 이관 소멸 지방 대학 위기 극복 지역 인재 양성 지방대학 임기 조 투입 국가 균형 발전 특별 회계 증액 정부 부처 산재 예산 고등 교육 인력 양성 통합 지방 대학 혁신 집중 투자 규모 고등 교육 지출 수준 정주여건 마련 지방 문화 주거 여가 인프라 부족 지방 청년 수도권 지방 개 서울 메가시티 재편 초광역권 인프라 투자 정주여건 개선 청년들 일자리 지역 경제활동 영위 조건 기업들 지방 원활 조건 기업 자발적 지방 법인세 가업 상속세 지역별 차등화 인센티브 제공 촉진 윤석열 지역 양질 일자리 창출 청년들 지방 자리 지역발전 균형발전 달성 균형 발전 중요 정책과제 윤석열 정부 공공기관 지방 지역 일자리 창출 한계 진단 기업 활성화 지역 투자 활성 청년 양질 일자리 창출 정책 초점 기업 인위적 기업들 자율적 지역 투자 여건 조성 기업 지역 투자 인센티브 제공 양질 일자리 효과 선도기업 글로벌 선도 기업 지역 첨단 투자 반도체 미래차 바이오 이차전지 디지털 수준 최고 포괄적 지원 유도 지역 양질 일자리 창출 최선 노력 지역특성 신사업분야들 서로 융합 촉진 환경 마련 시너지 극대화 계획 대표적 오송 오창 바이오기술 대덕 정보통신 나노 에너지기술 세종 스마트 행정 익산 식품 망라 벨트 중원 지역별 추진 분야 중앙 정부 차원 연계성 강화 클러스터 육성 지역 특성 분야 정책 일자리 창출 강화 심상정 기업 지역 예외 규제 적용 인센티브 제공 우선 수도권 공장총량제 적용 수도권 추가적 공장 증설 가능 비수도권 일자리 반도체 공장 수도권 비수도권 신축 청년들 일자리 지역 경제 활성화 사실 한편 지자체들 과도 기업 유치 경쟁 지역 특성 기업정착 인재 양성 지원 산학 협력 지원 문화공간 인프라 환경 지원 안철수 중앙 정부 재정 권한 지방정부 이양 지방정부 지역 실정 정책 가능 지방정부 재정 확대 부가세 소득세 법인세 국세 중앙정부 지방정부 공유 차등 공동세 적극 추진 지역 균형 발전 핵심 지방정부 독자적 민간기업 유치 지방 기업 유치 지역 일자리 대학 경제문제 해결 지방 권한 실정 사업 추진 집행 지방정부별 민간 기업 유치 경쟁 감면 법인세 토지 무상 임대 문재인 정부 임기 마무리 지방 공공 기관 계획 진행 지역 공공 기관 지역 산업 특성 연계 요구 공공 기관 지역별 구체적 공약 공공 기관 창출 지역 일자리 혁신 도시 정주 여건 개선 문제들 개선 방안 말씀 이재명 균형 발전 해소 수도 인구 집중 수도권 공기업 공공 기관 지방 혁신도시 완성 지방 일자리 문화생활 행복 자식 수도 지방 생각 균형발전 완성 출발점 공공기관 공공 기관 문제점 극복 공공 기관 혁신 도시 연계 문화 교통편 향상 보육 의료여건 개선 스마트 라이프 주택 해결 종합 병원 신설 지원 시설 설치비 진입도로건설 국고지원 정책 지원 공공기관 윤석열 공공 기관 년 시행 공공기관 지방 정책 효과 평가 선행 공공기관 수도권 유입 지속 수도권 지방 가족 이주 비율 저하 유능 공공 기관 직원 이직 가족생활 이중고 문제들 노정 공공기관 차 추진 할당식 지역특성 지역 부합 정주여건 동시 마련 기관 구성원들 정착 이전효과 업무 원인 개선 노력 경주 차 추진 혁신도시들 접근성 고속교통망 정보 통신망 확충 교육 의료여건 획기적 개선 이전기관 구성원들 정착 중요 사업 혁신 도시 형성 산학연 클러스터 추진 일자리 창출 집중 공공기관 심상정 지역별 계획 검토중 차 기본 원칙 말씀 수도권 공공기관 비수도권 제 원칙 임기 초반 공공 기관 계획 조기 확정 노동조합 이해 당사자 의견 수렴 대상부지 선정 임기 착공 번째 차 방식 지양 원도심 인프라 활용 도시재생방식 추진 차 공공기관 관련성 기준 대상지역 선정 공공기관 민간기업 유도 원도심 방식 원도심 정주여건 구축 시설들 활용 욕구 정주 여건 개선 창출 지역 일자리 채용 혁신 도시 지역 인재 일정 성과 중론 성과 지역 인재 채용 상향 취업 안철수 지역 시너지 접근 공공기관 기계적 반대 혁신 도시 건설 공공기관 효과 입증 공공기관 지역 직원들 실제 거주 지방 경제 활성 효과 발휘 지방 공공기관 기업 시너지 창출 경제발전 공공 기관 지방 지역 산업 시너지 효과 조사 의견수렴 절차 지역 단위 인구 유입 청년 귀농 귀촌 정책 경쟁적 지역 귀촌 창업 청년 주거 의료 교통 교육 인프라 부족 지역 지속적 어려움 호소 대책 이재명 이재명 단위 귀농 귀촌 청년 청년 농업 지원사업 영농 정착 지원 사업 기간 대상자 농촌 체험 귀농 귀촌 준비 독립 귀농 정착 원스톱 지원 체계 구축 사람들 주거 의료 교통 교육 인프라 단위 대안 농어촌 기본 소득 지급 구상 농어촌기본소득 농어촌지역 일정 소득 보장 자신들 농어촌 사람들 귀촌 인프라 발전 생각 윤석열 주거 의료 교통 교육 정주 여건 개선 유입 청년 인구 청년농 간척지 공공 농지 배정 농촌 뉴타운 조성 사업 공공주택 배정 방침 의료취약지 의료 타운 선도 사업 추진 검토 지역 의료 해소 방안 지방대학 지역 균형 인재 육성 전문 분야 특화 교육 강화 교육 인프라 확대 추진 확충 교통 인프라 확충 지속적 추진 교통사각지대 계획 지방 인구고령화 의료 요양 서비스 수요 증가 예상 연계 인력양성 기반조성 일자리 지역발전 부대 효과 창출 생각 의료 인프라 교육 분야 일자리 창출 재정 투자 기업규제 완화 지역여건 투자 촉진 계획 심상정 지역 교육 서울대 지방이전 개 서울대 개 지방 거점 국립대 서울대 수준 투자 서울대 효과 효과 발생 지역 균형 발전 차원 적합 공공주택 공공 주택 실현 지역 거주 청년들 형태 주택 공급 청년들 주거 급여 확대 전월세지원 영끌 사지 안정적 보증금 공급 청년 공공 임대 주택 지원 대출 청년 독립 월세 중위 소득 년 지급 최저 주거 기준 상향 청년들 지하 옥탑 고시원 탈출 안철수 농어촌 차 산업 접목 정보통신기술 활용 스마트팜 청년 창업농 육성 농어업 선진화 집중 농가소득 지방 인프라 지속적 확충 지자체별 감소 공공산후 조리원 신설 공공 보육 시설 확충 학령 인구 위기 대학 미국 커뮤니티 컬리지 평생 교육 기관 탈바꿈 세대 교육 재정비 확충 교통 인프라 적극 지원 메가시티 구축 확충 클릭 한겨레 정책 대선 정책 선거 공약 시민 웹페이지 이북 확인 일자리 공공기관 수도권 청년들
문재인정부,임금,시간제 철폐 논란에 현장 목소리 반영한 정책 입안하겠다는 뜻 주 시간제 와 최저임금제 철폐 논란이 불거진 데 대해 국민의힘 윤석열 후보는 현장의 목소리를 반영한 정책을 만들겠다는 뜻이라고 해명했습니다 윤 후보는 충남 천안에 있는 독립기념관을 방문한 뒤 기자들과 만난 자리에서 주 시간제를 철폐하겠다는 건 오해였느냐 는 질문에 이같이 답했습니다 특히 윤 후보는 충북지역 중소기업인들이 주 시간제와 시간 철폐 논란 반영 현장 목소리 정책 입안 주 시간 최저임금제 철폐 논란 국민 윤석열 후보 현장 목소리 반영 정책 해명 후보 충남 천안 독립기념관 방문 기자들 자리 주 시간 철폐 오해 질문 후보 충북 지역 중소기업인 시간 최저임금제 현실 무시 제도 얘기 정부 현장 목소리 반영 정책 입안 얘기 강조 후보 청주 중소기업 방문 자리 주 시간 최저임금제 비현실적 기업 주장 기업 공감 표시 집권 비현실적 제도 철폐 언급 충북 중소기업인 천안 독립기념관 중소기업 최저임금제 충남 기자들 청주 윤석열 후보 철폐 현실 현장 방문 기업 시간 얘기 정책 임금 제도 자리 비현실적 논란 입안 목소리 반영 지역 표시 언급 공감 집권 주장 국민 최저 질문 오해 강조 해명 정부 무시
문재인정부,장애인,화물차 사망자 년간 명 정부 화물차 운전자 휴식횟수 늘린다 시간 운전하면 분은 쉬세요 개 안전제도 개선 화물차 운전자의 과로로 인한 교통사고를 예방하기 위해 정부가 법정 휴식시간을 조정한다 현재는 시간 운전 시 분을 쉬도록 하고 있지만 전체 운전 시간을 나눠 휴식 횟수를 늘리도록 했다 또 산과 산 섬과 섬 사이를 잇는 와이어를 타고 즐기는 집라인 시설에 대한 안전점검도 의무 년 화물차 사망자 명 정부 휴식횟수 화물차 운전자 휴식 횟수 운전 분 개선 안전 제도 화물차 운전자 과로 교통사고 예방 정부 법정 휴식 시간 조정 운전 운전 휴식 횟수 사이 와이어 집라인 시설 안전점검 의무화 사고 위험 행정안전부 안전정책조정위원회 안전 정책 조정 위원회 포함 개 제도 개선 계획 확정 일선 현장 개선 사항 지방자치단체 공공기관 제안 국토교통부 산업통상자원부 고용노동부 부처 제안 수용 방식 제도 개선 계획 진행 국토부 과로방지 화물차 운전자 과로 방지 법정 휴게 시간 휴식 운전 휴식 운전 조정 한국교통안전 공단 년 년 년 화물차 교통사고 사망자 감소 감소 기간 가량 버스 택시 화물차 사업 자동차 교통사고 사망자 상대적 감소폭 사망자 기간 누적 화물차 명 택시 명 버스 명 식품업소 가스 경보기 설치 의무 문화체육관광부 지자체 경쟁적 유치 집라인 시설 안전점검 의무 지정 함양군 진주시 합천군 통영시 집라인 설치 계획 정작 안전 점검 제재 규정 고흥 전남 설치 집트랙 시설 길이 와이어 사고 발생 산업부 가스 이용 시설 가스누출경보차단장치 설치 기준 강화 영업장 면적 평 식품접객업소 의무적 장치 설치 식품접객업소 설치 도시가스 사업법 시행 규칙 손질 식약처 안전상 비약 제품명 점자 음성변환용 코드 표시 의무화 시각 장애인 약물 정보 약사법 조항 신설 명칭 의약품 제품 점자 표시 병행 규정 재량사항 취급 명 유치원 전담 영양사 둬야 원아 명 유치원 단독 영양사 규모 영양사 유치원 최대 공동 관리 제 조 유아 교육법 시행 규칙 개 유치원 교육청 관할 공동영양사 고용 강화 밀도 영양 안전관리 안전정책실장 윤종진 행안부 안전 정책 실장 지자체 공공기관 개선과제 제안 부처들 수용 방식 현장 목소리 의미 개선 발굴 현장 작동 현실 제도 발굴 선제적 개선 국민안전 확보 화물차 유치원 영양사 사망자 집라인 교통사고 운전자 지자체 제품명 식품업소 의약품 공공기관 자동차 제 조 식품접객업소 윤종진 교육청 안전정책조정위원회 접객업소 전남 행안부 의무화
문재인정부,장애인,무릎까지 꿇은 김정숙 여사 말춤 추던 영부인이 달라졌다 김정숙 여사가 년 월 필리핀에 이어 지난 일 아랍에미리트 에서 또 다시 가수 싸이 의 강남스타일 에 반응했다 그런데 년여의 시차를 둔 김 여사의 반응이 상반됐다 년 필리핀 현지에서 활동하는 개그맨이 강남스타일을 개사한 평창스타일 을 부르자 김 여사는 한복을 입은 채로 말춤 을 췄다 옆에 있던 문 무릎 김정숙 여사 말춤 영부인 김정숙 여사 필리핀 아랍에미리트 가수 싸이 강남스타일 반응 년 시차 여사 반응 상반 현지 필리핀 활동 개그맨 강남스타일 개사 평창스타일 여사 한복 말춤 문재인 대통령 표정 방문 진짜 싸이 라이브 공연 여사 공연 표정 대통령 여명 현지 공연장 입장 인사 대통령 공연 대통령 얘기 파격적 말춤 공항 행동 여사 환송식 라오스 방문 공항 대통령 걸음 논란 대통령 인사 여사 모습 야당 국격 국가원수 비판 여사 순방 대통령 장면 최소화 대통령 모습 반복적 언론 카메라 노출 인사 자리 대통령 청와대 여사 현장 발언 과거 학생 현지 태권도단 태도 여사 인도네시아 방문 학교 현지 태권 수업 참여 여사 차림 태권도 도복 태권 시범 순방 청각 장애인 학생 태권 수업 참관 도복 정장 차림 여사 수어 자랑 사랑 수어 인사 연습 태권도 집중 표정 태권 수업 장면 태권 수업 수업 여사 현지 학생 태권 년 허리 무릎 자세 청와대 장면 사진 공개 서면브리핑 생각 김정숙 여사 무릎 여사 행동 구체적 홍보 변화 최진 대통령 리더십 연구소장 통화 순방 국민들 코로나 고통 외유 순방 프레임 청와대 평소 돌발 행동 여사 동선 신경 소장 국민 윤석열 후보 배우자 김건희 통화 녹취록 공개 배우자 과도 역할 부정 여론 여사 과도 적극성 부정 평가 의도적 내조 장면 연출 가능성 실제 정치 김건희 김건희 논란 김정숙 여사 공개일정 변화 일각 후보 폐지 부속실 공약 영부인 역할 강조 의도 배치 가능성 해석 중동 순방 건 온라인 건 여사 이집트 단독 진행 전문가 한국 문화 홍보 간담회 청와대 여사 일정 해외 단독 생중계 태권 청와대 김건희 말춤 필리핀 김정숙 싸이 영부인 배우자 부속실 강남스타일 온라인 가능성 전문가 라오스 최진 아랍에미리트 태권도단 인도네시아
문재인정부,장애인,앵커리포트 셋째 임신진단서까지 위조 불법 청약 점입가경 천정부지로 뛰는 부동산 가격에 청약에 당첨되면 로또 라는 인식은 더 커지고 있습니다 아파트 분양을 받기 위해서 불법을 저질러 부동산 시장을 교란한 사람들이 또 경찰에 적발됐습니다 지난 넉 달간 경찰에 적발된 사람은 모두 명 분양권 불법 전매와 청약통장 매매가 많았고 부동산 브로커 조직이 주로 일을 벌였지만 주부와 장애인도 연루 임신진단서 위조 불법 청약 점입가경 천정부지 부동산 가격 청약 당첨 로또 인식 아파트 분양 불법 부동산 시장 교란 사람들 경찰 적발 경찰 적발 사람 명 전매 분양 불법 청약 통장 매매 조직 부동산 브로커 주부 장애인 연루 청약 특별공급 자녀 특별 공급 자녀 명이상 브로커들 카페 청약통장 서류 무더기 자녀 명의자 청약통장 임신 임신진단서 위조 청약통장 서류들 아파트 청약 준비 사람들 청약 통장 사고판 브로커 브로커 통장 주부 검거 특별 공급 자격 장애인들 접촉 사례 사람당 천만 명의 특별공급 아파트 분양 억 정도 프리미엄 명의 장애인 브로커 명 검거 집값 폭등 마련 서민들 불안 마음 브로커들 불법 청약 브로커 활개 서민 먹잇감 철저 단속 처벌 중요 국민 안심 부동산 대책 근본적 대책 지적 부동산 장애인 청약통장 특별공급 브로커들 서민들 억 사람들 먹잇감 로또 사람당 진단서 천정부지 천만 점입가경 장애인들 서류들 명이상 명의자 사고판 임신진단서 청약 브로커 불법 통장 사람 자녀 아파트
문재인정부,전기,헌재 자사고 일반고 이중지원해도 된다 동시선발은 합헌 대통령 공약 자사고 외고 폐지 제동 헌재 자사고 지원했다고 불이익주면 안돼 동시선발도 겨우 합헌 위헌 의견 더 많아 자립형사립고 자사고 지원자들이 일반고에 중복 지원하지 못하도록 한 초 중등교육법 시행령은 위헌이라는 헌법재판소 결정이 나왔다 그러나 헌재는 일반고보다 먼저 학생을 뽑을 수 있도록 한 우선 선발권 을 인정해 달라는 헌재 자사고 일반고 이중지원 동시선발 합헌 대통령 공약 자사고 외고 폐지 제동 지원 헌재 자사고 불이익 동시선발 합헌 위헌 의견 자립형사립고 자사고 지원자들 일반고 중복 지원 중등교육법 시행령 위헌 헌법 재판소 결정 헌재 일반고 학생 선발권 인정 자사고 청구 기각 문재인 대통령 대선 공약 자사고 외고 폐지 교육부 추진 자사고 일반고 동시 선발 중복 지원 중복 지원 제동 자사고 외국어고 국제고 입시 일반고 수험 양쪽 이중지원 헌재 상산학원 홍성대 상산고 이사장 최명재 민족 사관 학원 민족사관고 이사장 중학생 자사고 지망 중학 학부모 명 정부 개정 중등 교육법 시행령 헌법 규정 평등권 학생 학부모 학교 선택 침해 헌법소원 사건 자사고 지원자 일반 이중지원 제한 위헌 결정 자사고 일반고 학생들 후기 모집 동시 선발 합헌 위헌 위헌 의견 결정 헌법 소원 인용 정족수 인 미달 기각 현행법률 유지 결정 결정 사실 합헌 헌재 중복 지원 조항 의견 전원 일치 위헌 판단 헌재 자사고 지원 불합격 평준화 지역 학생들 중복 지원 조항 원칙적 평준화 지역 일반고 지원 기회 지역별 교육감 지역 재량 배정 추가배정 여부 우리나라 고등학교 진학 자사고 지원 불이익 조치 의문 자사고 일반고 후기고 편성 자사고 학생 선발권 조항 의견 합헌 의견 재판관 유남석 이석태 이은애 김기영 자사고 일반고 동시선발 학교 입학 전형 방법 자사고 교육 적합 학생 선발 지장 동시 선발 조항 국가 학교 제도 형성 재량 권한 범위 의견 위헌 재판관 서기석 조용호 이선애 이종석 이영진 우수 학생 선점 고교서열 완화 일반고 경쟁력 강화 동시 선발 조항 자사고 규제 고등학교 하향평준화 동시 선발 조항 침해 최소 원칙 위배 달성 공익 청구 학교법인 침해 사익 법익 균형성 인정 정부 이명박 프로젝트 고교 추진 자사고 정부 활성화 자사고 활성 목적 중등교육법 시행령 개정 자사고 지원 학생들 특수목적고 외고 국제고 체능고교 일반고 중복 지원 자사고 과학고 외국어고 국제고 특수목적고 특목고 전기 일반고 월 학생 일반고 전기고 학생 선발 월 이듬해 사이 학생 지원 전기고인 지원 학생 후기 일반고 지원 가능 자사고 년 신입생 모집 문재인 정부 교육부 대통령 자사고 외고 폐지 대선 공약 자사고 일반고 전기 선발 자사고 지원 탈락 학생 미달 일반 학교 배정 시행령 개정 자사고 특목고 명문대 입학 통로 활용 고교서열화 심화 헌재 지원자들 자사고 지원자 일반고 이중 지원 효력 신청 일반고 자사고 동시 정책 유지 결정 자사고 일반고 동시선발 시행령 재판관 고등학교 국제고 이중지원 헌법소원 이사장 고교서열화 특목고 학부모 교육부 문재인 불이익 지원자 학생들
문재인정부,전기,의 뉴스 포커스 건축 관련 분야를 총망라한 산학연관이 함께 참여하는 담론의 장 멋진 세상 속 건축 디자인 읽기 제 대 대한건축학회 위원장 및 부설기관장 연석회의 대한건축학회 분과위원장과 부설기관장이 한데 모여 사업 계획 발표와 종합 토론의 장 가져 건축 관련 분야를 총망라한 산 학 연 관이 함께 참여하는 각 분과위원회와 부설기관의 긴밀한 협조체계를 유지해 나갈 것 제 대 대한건축학회 위원장 및 부설기관장 포커스 건축 분야 총망라 산학연관 참여 담론 세상 건축 디자인 세상 건축 디자인 위원장 대한건축학회 부설 기관장 연석회의 대한건축학회 분과 위원장 부설기관장 한데 사업 계획 종합 토론 건축 분야 건축 총망라 참여 분과위원회 부설기관 협조체계 유지 위원장 대한건축학회 부설 기관장 연석회의 건축 센터 강당 회장 대한건축학회 강부성 인사말 진행 연석회의 주영규 총무 이사 사회 분과위원장 부설기관장 사업 계획 수여 위촉장 대표 종합 토론 회의 진행 이날 연석회의 대한건축학회 광범위 년 신규 사업 분과위원회 부설기관 토론 학회 건축 전반 비전 모색 자리 코로나 사태 대한건축학회 마스크 착용 인원 참석 행사 진행 회장 대한건축학회 강부성 인사말 악순환 구조 건축 생태 구조 혁신 회원 학회 당부 건축 분야 건축 총망라 참여 분과위원회 부설기관 협조체계 유지 지원 본격적 연석회의 사업 계획 실질적 추진 계획 제시 참여 회원 관심 총무담당 한동욱 부회장 남서울대 주영규 이사 고려대 윤리위원회 김한수 위원장 건국대학교 학회 윤리 규정 강령 개정 개최 윤리 규정 저촉 사항 발생 위원회 회의 학회 제도 정관 개정 위원회 김진욱 위원장 서울과학기술대학교 지회 명칭 변경 학회 선거 제도 규정 개정 국제위원회 윤성훈 위원장 청주대학교 시대 포스트 코로나 건축 분야 국제 추진 방향 설정 세미 개최 세계화 건축 교육 세계 국제화 제안 건축발전위원회 이왕기 위원장 목원대학교 건축 발전 강연 좌담회 거축 작품 이야기 강연 건축 발전소 좌담회 상훈위원회 김창성 위원장 협성대학교 대한건축학회상 참여 국토대전 심사 학생위원회 정재희 위원장 홍익대학교 학생기자단 운영 워크숍 개최 기사 학회지 기획 게재 소식 기사 청년미래위원회 정동혁 위원장 부산대학교 신진 연구자 발표회 여성위원회 고영선 위원장 홍익대학교 공학 지원 사업 평가회 사업 안건 추진 제시 연구 담당 최병관 부회장 공주대 박문서 이사 서울대 회지편집위원회 이명식 위원장 동국대학교 발간 특집호 논문편집위원회 박진철 위원장 중앙대학교 추진 등재 변경 논문집 규정 한국과학기술단체총연합회 발행 지원금 신청 결과 영어논문편집위원회 김성아 위원장 성균관대학교 추진 등재 변경 논문집 규정 발간 학술발표대회위원회 김용승 위원장 한양대학교 추계 학술발표대회 건축 학술연구 건축 학술 구축 선진 건축 문화 건축대전위원회 학생작품전분과위원회 이경선 위원장 홍익대학교 학생작품전 디지털건축대전 우수 졸업 논문전 미래 건축 창업 대전 국제건축전 학생작품전 디지털건축대전분과위원회 류재호 위원장 서울과학기술대학교 디지털건축대전 공모전 디지털 건축 개념 진행 디지털 건축 대전 수졸업논문전분과위원회 류수훈 위원장 공주대학교 건축 대학 건축 학부생 대학원생 참여 우수졸업논문전 국제건축전분과위원회 원정연 위원장 고려대학교 건축가 대중 소통 플랫폼 대학건축학회 국제 건축전 개최 아시아건축저널위원회 박문서 위원장 서울대학교 대한건축학회 중국건축학회 일본건축학회 공동 발행 국제학술지 논문집 발간 아시아건축교류국제심포지엄위원회 전재열 위원장 단국대학교 이시아 건축 교류 국제 심포지엄 참여 건축기준위원회 최병정 위원장 경기대학교 선진화 국가 기준 선진 검토 검토 건축 표준 시방서 체계 국가 기준 추진 건축 코드 확대 방안 건축법규위원회 김지엽 위원장 성균관대학교 개선 건축 세미 법규 개선 연례 개최 건축시방위원회 한민철 위원장 청주대학교 개정 개최 전문가 위원회 최신 최신 발전 반영 시방 개정 세미나 시방서 국가 건설 기준 정합성 개최 체계 관리 건축용어위원회 김규용 위원장 충남대학교 검색 유지관리 건축 용어사전 검색 유지 관리 개선 집필 세미나 서비스 온라인 건축 용어 사전 콘텐츠 서비스 산업 현장 요구 건축학 교육 방향 세미나 학술 대회 건축 용어 세션 추진 계약분쟁위원회 이상학 위원장 군산대학교 교육 건축 계약 관리 현황 조사 사례 건축 산업 분쟁 토론회 개최 건축기술자 법제도 계약 불법행위 보고서 발간 사업 안건 제시 연구 담당 김종헌 부회장 배재대 윤동식 이사 홍익대 건축계획위원회 박성신 위원장 군산대학교 시대 포스트 코로나 건축 세미나 시대 포스트 코로나 세미나 건축 워킹그룹 포스토 코로나 시대 발간 건축 보고서 공공건축설계위원회 조종수 위원장 건국대학교 공공 건축 설계 의미 대응 사회 현상 디자 세미나 공공 건축물 현상 설계 작품 전시 완공 작품 시상 일반건축설계위원회 송하엽 위원장 중앙대학교 일반 건축 입면 표현 건축 계획 모색 세미나 포스트 코로나 시대 일반 건축 요구 공공 세미나 주거건축위원회 이재훈 위원장 단국대학교 모색 미래 주거 세미나 저술 주거 건축 책자 주거 건축 특강 실내건축위원회 문선욱 위원장 청운대학교 발제 실내 건축 세미 개최 사례 답사 교육 혁신 실내 건축 사례 건축조경 경관위원회 송희문 위원장 성우조경 분야 이해 주제 세미 개최와 건축조경 경관 분야 원활 협업 모색 친환경건축 영향 세미나 역사위원회 김현섭 위원장 고려대학교 충실 건축역사 논문집 형식 개선 방안 제안 건축사학 위상 정립 세미 개최 건축이론위원회 박진호 위원장 인하대학교 분야 세미나 활성 방안 발간 건축 이론 입문서 건축이론 설계 교육 적용 방법론 세미나 건축자산 기록위원회 김기수 위원장 동아대학교 근대 역사 문화 도시 공간 심포지엄 기록 작업 건축자산 기록화 개념 정립 모색 진행 방안 도시 단지위원회 김도년 위원장 성균관대학교 스마트 도시 스마트 도시 재생 연례 세미나 올림픽 서울 평양 대비 북한 도시 도시설계 이해 변화 전망 세미 개최 건축환경위원회 윤근영 위원장 경희대학교 미래 기후 변화 대응 열섬 효과 저감 건축물 성능 향상 재실자 행태 건축물 감염 방지 설문조사 건축설비위원회 정재원 위원장 한양대학교 제로 에너지 건축물 의무 대응 건축 설비 발전 방안 세미나 기계 설비법 시행 세미 건축 설비 분야 대응 방안 개최 건물에너지성능위원회 문진우 위원장 중앙대학교 건축물 탐방 시리즈 제로 에너지 건축물 세미 스마트 건축 개최 강합성 구조위원회 오명호 위원장 목포대학교 강구조 개선 합성 구조 기준 세미나 강합성 구조 혁신 자료 구축 콘크리트구조위원회 김준희 위원장 연세대학교 콘크리트 스마트 건축 세미나 콘크리트 건축 산학연 정책 전문가 간담회 개최 공간구조위원회 김현수 위원장 선문대학교 지침 공기 막구조 설계 작성 설계 내진내풍구조위원회 고동우 위원장 제주대학교 내진 내풍 분야 최신 소개 최신 실무자 내진 내풍 세미 개최 내력재료위원회 김진만 위원장 공주대학교 분야 내력 재료 활성화 세미나 건축 기능성 재료위원회 김규용 위원장 충남대학교 건축물 선응 건축 재료 세미나 재료 건축 세미나 성능 체계 구축 건축재료 학술 대회 건축 재료 세션 추진 에너지재료위원회 임남기 위원장 동명대학교 재료 사용 건설 검토 에너지 효율 우수 재료 발굴 에너지 효율 건설재료 실험 활성화 건축자재위원회 윤준호 위원장 세종대학교 윈가드 건축 자재 학술 대회 협의회 산학연 협력 건축 자재 위원회 워크숍 시공위원회 임형철 위원장 창원대학교 협의체 교류회 세미나 산업 현장 수행 견학 건설경영위원회 안성훈 위원장 대구대학교 위원회 사업 기획 회의 건설 경영 건설 정책 관리 분야 정책 개선 전문학회 합동 세미 개최 사업 계획 수행 제시 연구 담당 박정근 부회장 제주대 이강 이사 연세대 건축정책위원회 김영훈 위원장 대진대학교 건축 정책 문제점 실효 검토 세미나 연계 건축 정책 수요 조사 정책 반영 제언 세미나 발행 건축 정책 백서 초고층도시건축위원회 정광량 위원장 동양구조안전기술 향상 구조 안전 글로벌화 분야 건설 기준 정비 건축물 설계 시공 세미 개최 건축문화위원회 우신구 위원 부산대학교 생활 세미나 건축 문화 연속 공동체 건축 문화 답사 공동체 생활 우수 사례집 방재위원회 김승직 위원장 계명대학교 내진설계 워크숍 활성화 범죄 예방 설계 활성 세미나 성능 내화 설계 워크숍 개최 모듈러공업화 건축위원회 유정한 위원장 서울과학기술대학교 유치 회의 위원회 운영 시설경영 유지관리위원회 이동 위원장 경북대학교 차 산업혁 시설경영 유지 관리 활성 세미나 현장 답사 장수명리모델링위원회 김수암 위원장 한국건설기술연구원 건축물 장수명화 현황 진단 세미나 발전 방향 장수명 공동 주택 현장 견학회 간담회 건축물 장수명화 개최 미래 방향 전문가 토론회 인공지능건축위원회 윤석헌 위원장 경상대학교 건축 현황 자료 조사 세미나 건축 활성 방안 전문가 자문 세미나 기초 교육 건축학회 학술대회 활용 빌딩포렌식위원회 신동연 위원장 드론아이디 드론 활용 건축물 구조물 안전점검 마련 진단 지침 빌딩 포렌식 미래 세미 개최 사업 계획 안건 추진 지회담당 소광호 부회장 원광대학교 이사 송정화 남서울대 지회발전위원회 김준영 위원장 전주대학교 학회 행사 인문학 강사 초청 강연 지역발전위원회 중심 화합 추진 전시회 지역 그림 판매 상호 건축학회 지방 건설업 활성 방안 심포지엄 개최 지역도시건축위원회 김민규 위원장 강원대학교 대구 경북 부산 지역 도시건축 지역 이해 이슈 제주 지역 도시건축 지역 이해 이슈 발간 지역 도시 건축 자료집 친환경해양건축위원회 박동천 위원장 한국해양대학교 세미 해양 건축 개최 지역 전통 건축 문화재위원회 이명재 위원장 한국교통대학교 지역 근대 문화유산 발굴 기법 세미나 지역 근대 문화유산 우수사례 설계 기법 세미 개최 지역미래성장건축기술위원회 조창근 위원장 조선대학교 회의 정기 위원회 교류회 최신 지역 미래 성장 건축 보고서 집필 사업 계획 안건 추진 피력 사업담당 이영도 부회장 경동대 이사 이영학 경희대 건축 위원회 윤준선 위원장 강남대학교 주범 위원장 건국대학교 년 건축 행사 개최 준비 견학답사위원회 김종언 위원장 한국토지주택공사 답사 견학 답사 해외 견학 연말 세미 개최 보고서 건축산업진흥위원회 김광희 위원장 경기대학교 산업 혁명 부합 건설 발전 방향 활성화 건설 산업 활성 건설 건설 토론회 도출 산업 부합 정책 교육 방향 학회자산관리위원회 조한필 위원장 에반스톤 고려대학교 대한건축학회 지속 성장 가능 자산 관리 세미나 대한건축학회 신성장 동력 프로젝트 세미 대한건축학회 자산 프로젝트 실행 현황 건축지식재산위원회 손창백 위원장 세명대학교 함양 건축 지식 재산 인식 세미나 건축 지식 재산 획득 세미나 사업 사례 특허 기준 매뉴얼 제작 통일건축산업위원회 옥종호 위원장 서울과학기술대학교 대토론회 남북 건축 산업 개최 남북 건축 산업 특별 위원회 정기 위원회 사업계획 제시 대회협력담당 김상문 부회장 국토교통부 나기선 부회장 고덕종합건설 황광범 부회장 한빛엔지니어링건축 이사 송복섭 한밭대 권순욱 성균관대 김민경 서울과학기술대 홍보위원회 안정원 위원장 에이앤뉴스그룹 한양대학교 투어 건축 팩토리 아카데미 건축 릴레이 영상 보도 학회 슬로건 영상 보도 건축 학회 회원 인터뷰 협력사 건축학회 언론보도 행사 집중 언론 보도 산관학협동위원회 조훈희 위원장 고려대학교 순전 위원장 롯데건설 산관학 협력 네트워크 구축 간담회 개최 유관 협회 연구원 건축 산업 이슈 모색 발전 방안 세미 개최 사업 계획 실행 특별위원회 담당이사 김재엽 한국교통대 공동재정특별위원회 한동욱 위원장 남서울대학교 학회 재정 지속가능 발전 토론회 간담회 연간 후원사 건축생산시스템혁신특별위원회 이준성 위원장 이화여자대학교 건축 생산 혁신 개최 산학연 세미나 세미나 개최 대한건축학회 추계 학술 대회 특별 세션 운영 미래건축특별위원회 김재엽 위원장 한국교통대학교 미래 건축 모임 모집 지원 미래 건축 공학 교육 혁신 소모임 건축사자격시험제도개선특별위원회 문창호 위원장 군산대학교 건축사 자격시험 제도 개선 설문 조사 방향 건축사 자격시험 제도 개선 수립 세미나 워크숍 개최 스마트팜특별위원회 오명호 위원장 목포대학교 스마트팜 현황 조사 세미나 한국 스마트 표준 설계 스마트건축특별위원회 현창택 위원장 서울시립대학교 포럼 정기 세미 춘계 학술 대회 스마트 건축 세션 운영 스마트 건축 건설 건축제도개선특별위원회 이용택 위원장 한밭대학교 질병 대비 메르스 사사 코로나 격리시설 격리 시설 제도 수립 세미나 건축 자격 제도 개선 정책 세미나 필로티 건축물 내진설계 보강 보강 제도 수립 세미 개최 사업계획 제시 부설기관 출판부 정재용 위원장 홍익대학교 건축 작품집 집 출간 판매 학회 서적 개설 온라인 서점 미디어센터 이명식 센터장 동국대학교 구축 데이터 플랫폼 구축 건축 도시 미디어 전용 스튜디오 건축 도시 미디어 프로그램 구성 제도 정책 간담회 개최 건축도시 사업 교육원 오상근 원장 서울과학기술대학교 사업 건축 리더십 아카데미 사업 건축 창의 러닝 건축 건축 안전 교육 건축리더십아카데미 실행위원회 이석권 위원장 강원대학교 초청 강연 원우 토론회 워크쇼 송년회 건축창의러닝 실행위원회 김정곤 위원장 건국대학교 전국 건축 교육 체계 구축 워크숍 사용자 참여 건축 강의 교사 연수 건축성능기준원 윤성원 원장 서울과학기술대학교 건축 기준 센터 사업 건축인증센터 건축안전센터 건축기준센터 홍건호 센터장 호서대학교 건축기준 지침 산업표준 선진화 사업 기준 적합 평가 사업 교육사업 건축인증센터 강주원 센터장 영남대학교 건축 인증 사업 활성화 워크숍 건축 지자체 제로 에너지 건축 환경 설비 정책 세미나 건축안전센터 정석창 센터장 부천대학교 건축물 안전 현안 대응 체계 대응 건축물 안전 현안 용역 사업 개최 건축물 안전 토론회 건축교육혁신원 류성룡 위원장 고려대학교 미래 건축 교육 발제 소통 세미나 교류 방안 건축 수요 대응 제안 건축 교육 방안 건축 교육 혁신원 최종 보고서 발간 건축학교육위원회 이상윤 위원장 연세대학교 건축 교육 방향 세미나 디지털 시대 건축학 교육 방향 세미 개최 건축공학교육위원회 박준석 위원장 한양대학교 건축 공학 교육인증 개선 방안 전문대학교육위원회 김철환 위원장 대림대학교 건축사 시험 제도 시행 전문대학 대응 방안 전문대학 건축 교육 과정의 특성 방안 전문대학 건축 교육 위상 확립 연계 교육 지속 탐구 설문 조사 년 건축교육위원회 이태구 위원장 세명대학교 건축교육 자격 제도 문제점 개선 세미나 건축 교육 개편 방향 수립 세미 개최 대학원교육위원회 노승범 위원장 한양대학교 건축 대학원 활성 방안 제도 개선 사회공헌진흥원 김광현 원장 서울대학교 공헌 연간 토론 오피니언 건축 사회 차세대 활동 사업계획 제시 사업계획 대한건축학회 건축계 상생발전 국민 건축 성과 본격적 행보 강부성 대한건축학회 회장 서울과학기술대 교수 총무 부회장 교수 한동욱 남서울대 부회장 교수 최병관 공주대 부회장 교수 김종헌 배재대 부회장 교수 박정근 제주대 지회 부회장 교수 소광호 원광대 사업 부회장 교수 이영도 경동대 대외협력 부회장 건축정책관 김상문 국토 교통부 건축 정책관 대외협력 부회장 대표이사 나기선 고덕건설 대표 이사 대외협력 부회장 대표이사 황광범 한빛엔지니어링 대표 이사 자료 사진 대한건축학회 센터 기사 출처 데일리 에이앤뉴스 제공 안정원 비비안안 에이앤뉴스 발행인 대표 이사 겸임교수 한양대학교 실내 건축 디자인 학과 겸임 교수 기사 제공 에이앤뉴스그룹 데일리에이앤뉴스 건설경제건축디자인문화예술종합미디어뉴스 에이앤앤티브이 건축디자인건설미디어뉴스채널 에이앤앤북 건설 건설 건설스토리북 건설엔지니어링북전문출판사 위원장 위원회 건축물 부회장 대한건축학회 활성화
문재인정부,전기,무더위에 전력 과부하 아파트 정전 잇따라 어제 오후 시쯤 인천 미추홀구 용현동의 아파트 단지에서 정전이 발생해 시간 넘게 이어지고 있습니다 아파트 관리사무소에 따르면 이 아파트 개 동 세대 가운데 개 동 세대의 전기 공급이 끊겨 주민들이 무더위 속에 불편을 겪고 있습니다 관리사무소 관계자는 에어컨 사용 급증으로 과부하가 되면서 변압기가 고장 난 것으로 보인다 며 무더위 전력 아파트 정전 시 용현동 인천 미추홀구 아파트 단지 정전 발생 시간 아파트 관리 사무소 아파트 세대 세대 전기 공급 주민들 무더위 불편 관리 사무소 관계자 급증 에어컨 사용 과부하 변압기 고장 변압기 복구 계획 인천 서구 아파트 세대 규모 과부하 시간 전기 차단 서울 염창동 아파트 정전 주민들 불편 호소 인천 과부하 관계자 변압기 주민들 미추홀구 사무소 서울 염창동 용현동 아파트 전기 정전 불편 무더위 규모 세대 에어컨 사용 주민 관리 전력 계획 복구 차단 발생 급증 시간 공급 서구 단지 고장 호소
문재인정부,전략,추가관세 중단 협상 재개 트럼프 확전보다 실리 선택 도널드 트럼프 미국 대통령과 시진핑 중국 국가주석이 지난달 일 일본 오사카 주요 개국 정상회의에서 분간의 무역 담판을 갖고 신규 관세 부과 보류와 무역협상 재개를 약속한 무역전쟁 차 휴전 에 합의했다 트럼프 대통령은 이날 시 주석과 양자 정상회담을 마친 뒤 기자회견에서 우리는 협상을 계속하기로 합의했다 며 억 중단 추가 관세 협상 재개 트럼프 확전 실리 선택 휴전 무역 전쟁 미국 농산물 수입 화답 화웨이 거래 기술기업들 환영 트럼프 제품 관세인하 시진핑 핵심이익 수호 지재권 입장차 휴전 전철 수도 도널드 트럼프 미국 대통령 시진핑 중국 국가주석 지난달 일본 오사카 개국 정상회의 분 무역 담판 신규 관세 부과 보류 무역 협상 재개 약속 휴전 무역 전쟁 합의 트럼프 대통령 이날 주석 이날 양자 정상 회담 기자회견 협상 합의 달러 조 어치 중국산 수입품 관세 부과 합의 관세 부과 보류 중국 농산품 구매 설명 양보 휴전 실리 선택 재계 미중 휴전 환영 화웨이 인텔 퀄컴 미국 기업 미국 구매 부품 달러 연간 내년 대선 트럼프 대통령 손가락 농민 배려 전략 선택 측면 트럼프 대통령 중국 식품 농산품 구매 시작 구매 목록 제공 결국 농민 수혜자 중국 관세 보복 타깃 농민 녹색 애국자 미국 농무 중국 정상 회담 미국 대두 구매 전략 경쟁자 전략 파트너 반전 블룸버그통신 주석 정상회담 트럼프 대통령 분 기자회견 국무위원장 김정은 북한 국무 위원장 차 싱가포르 정상회담 회견 평가 북한 화염 분노 언급 트럼프 대통령 정상회담 북한 경제 잠재력 거론 반전 유사 트럼프 대통령 이날 중국 전략 파트너 생각 트럼프 행정부 국가 안보 전략 중국 전략 경쟁자 수정주의 패권 규정 인식 블룸버그통신 중국 미국 농산품 즉각적 구매 합의 관세 동결 미중 차이 질문거리 지적 이견 합의 양측 협상 테이블 고위급 협상 결렬 원인 해결 신호 미국 중국 강요 지식 재산 절취 시장 개방 구조 개혁 약속 이행 법률 개정 요구 중국 요구 요구 관세 철회 트럼프 대통령 트위 중국 부과 관세 인하 조치 중국 미국 요구 구조 개혁 조약 세기식 반발 주석 회담 트럼프 대통령 중국 주권 존엄 존엄 중국 핵심 이익 수호 대목 예사 양측 후속 협상 속도 휴전 아르헨티나 협상 결렬 전철 뉴욕타임스 양국 이견 평화 지적 스인훙 중국 런민 교수 홍콩 미중 입장 협상 재개 미중 합의 달성 가능성 지적 뉴욕 박용 중국 미국 미중 정상회담 시진핑 농산품 화웨이 차 블룸버그통신 잠재력 오사카
문재인정부,전략,성평등은 없고 남과 여만 있다 페미니즘을 선거와 집권 연장에 유리하게 해선 안 된다 윤석열 월 일 국민의힘 초선 의원 모임서 발언 민주당은 각종 페미니즘 정책으로 남자들을 역차별했다 이재명 월 일 당 중앙선거대책위 회의서 커뮤니티글 공유 반페미니즘 부추기는 게시물 공유 성폭력에 대한 무고죄 신설 여성가족부 명칭 변경 기능 조정 이재명 더불어민 성평등 페미니즘 선거 집권 연장 유리 윤석열 월 국민 모임 초선 의원 발언 민주당 정책 각종 페미니즘 남자들 역차별 이재명 월 회의 중앙 선거 대책위 커뮤니티글 공유 반페미니즘 게시물 공유 성폭력 무고죄 신설 변경 여성 가족 명칭 조정 이재명 더불어민주당 윤석열 국민 대선 후보 젠더 성평등 발언 행보들 사회 통합 비전 제시 대선 후보 성별 퇴행 행태 혈안 사회 정책들 노동 시장 내부 양극화 구조적 지적 제기 반페미 정치권 이재명 대선 후보 윤석열 공유에 게시물 공약 성폭력 무고죄 성별 퇴행 행보 후보 홍카단 홍준표 지지자 국민의힘 의원 작성자 인터넷 커뮤니티 광기 페미니즘 사회관계망서비스 공유 일 딴지일보 게시판 남자 펨코 준표 의원 지지 중앙 선거 대책 위원회 회의 공유 문재인 정부 민주당 페미니즘 정책 남성 역차별 후보 성폭력특별법 무고 조항 신설 공약 거짓 성폭력 피해 주장 가해자 커뮤니티 남성 중심 인식 수용 범죄 실제 성폭력 무고율 대검찰청 결과 한국여성정책연구원 조사 검찰 만 성폭력 사건 처리 인원수 중복 인원 제외 무고 기소 비율 비율 유죄 인정 후보 월 페미니즘 건강 페미니즘 후보 여가부 명칭 성평등가족부 양성평등가족부 조정 후보 여성 차별 남성 차별 후보 여가부 양성평등 수행 남성 잠재 범죄자 취급 홍보 실망감 사회학자 오찬호 메시지 자체 갈등 역차별 실재 논리 포장 신호 지적 진짜 표심 남성 혈안 젠더 갈등 프레임 정책 뒷전 청년 남성 박탈감 가지 공통점 전문가 기성세대 남성 가부장 지위 청년 남성 일자리 무한경쟁 또래 여성 요구 사회 변화 부담 자신 상황 여성 화풀이 대상 정치권 언론 젠더 갈등 프레임 남녀 갈등 청년 근원 인식 정작 해결 노동 시장 내부 양극화 증발 비정규직 고용시장 성차별 격차 임금 차별금지법 논의 권수현 젠더 정치 연구소 여세연 대표 정서 커뮤니티 이야기 남성 청년 남성 대표 인정 정치 대화 상호협상 갈등 심화 측면 권명아 동아대 한국어 문학 교수 페미니즘 젠더정치 구조 권력 이대남 구조 권력 문재인 정부 고위 인사 성범죄 여성 혐오 범죄 고용시장 격차 권명아 교수 정부 정치권 정책기조 선거전략 실시간 데이터 의존 결정 타깃 대 대 대 대 사람들 욕망 사회 가치 표방 질문 권수현 대표 결국 노동 차별 불평등 해소 일자리 체제전환 가능 방안 집중적 논의 청년들 의사결정 정치 경제 주체 성폭력 성평등 반페미니즘 윤석열 이재명 역차별 권수현 정치권 한국여성정책연구원 일자리 권명아 게시물 무고죄 민주당 사회학자 범죄자
문재인정부,전략,정부조직개편 최소한 개편 국정과제 구현 사드 조사 발표 최진봉 성공회대 신문방송학과 교수 이현종 문화일보 논설위원 노동일 경희대학교 법과대학 교수 앵커 오늘 정부조직 개편안이 나오지 않았습니까 정부가 새로 출범을 하면 여러 가지 국정과제를 수행하기 위해서 정부조직을 손을 보는데 이번에 정부조직 개편안은 한마디로 최소화해서 안정에 방점을 찍었다 이런 평가가 나오고 있고요 어떤 정부조직개편 개편 국정과제 사드 조사 최진봉 교수 성공회대 신문 방송학 이현종 문화일보 논설위원 노동일 교수 경희대학교 법과 대학 앵커 개편안 정부 조직 개편 정부 출범 가지 국정 수행 정부조직 정부 조직 개편 한마디 최소화 안정 방점 평가 노동일 교수 인터뷰 말씀 인수위 대폭적 문재인 정부 색깔 개편 대폭적 개편 야당 힘겨루기 최소화 눈길 원위치 소방 방재청 해경 원위치 국민 안전처 해체 가지 얘기 분들 지적 해경 해체 충격요법 세월 사건 정부 대처 박근혜 정부 미흡 순간적 조치 세월 사건 진단 해체 해경 초강수 원위치 문재인 정부 얘기 행정안전부 소방방재청 원위치 것들 정부 결국 문재인 박근혜 정부 조치 원위치 상징적 주목 앵커 대통령 문재인 공약 통상기능 외교부 얘기 산업통상자원부 유지 변화 부분들 인터뷰 부처 중소벤처기업부 중소기업청 승격 원래 중소기업 산업 개 출발 상황 대선 문재인 대통령 중소기업 벤처기업 육성 산업 구조 방점 결국 산업 통상부 이관 산업 정책 갈래 진행 산업부 그동안 산업 전반적 정책 정책 중심 산업부 대기업 산업통상자원부 그다음 중소벤처 중소벤처기업부 육성 분리 중복 가능성 앵커 업무 이관 논란 인터뷰 업무 이관 산하기관 본격적 전쟁 시작 산업통상부 중소기업청 산업부 통상교섭분부 자체 외교 이관 원위치 산업부 자체 유지 통상교섭 한미 가지 현안 외교부 가지 정착 장기적 당장 상황들 대처 부서 유지 골격 말씀 앵커 최진봉 교수 인터뷰 중소벤처기업부 문재인 대통령 주장 창출 일자리 일자리 창출 중소기업 벤처기업 활성화 문재인 정부 입장 중소기업청 승격 장관급 격상 확대 산업부 업무 결국 일자리 의지 정책 정부 조직 개편 정부 조직 의지 국회 정부 조직 국회 통과 어려움 진통 자유 한국당 입장 결정 반응 개편안 정부 조직 개편 처리 업무 업무 문재인 정부 원칙 생각 가지 소방청 해양경찰청 독립 교수 말씀 행사 이미지 차원 환원 업무 해양 경찰청 업무 업무 자체 가지 국토교통부 수자원 업무 수질 관리 환경부 관리 결국 수자원 환경 밀접 연관 문재인 정부 판단 결국 환경부 전체적 환경 오염 수질관리 수자원 관리 정부 차별화 앵커 가지 주제 공약 대통령 핵심 국정원 개편 공수처 신설 포함 기회 인터뷰 국정원 개혁 검찰 개혁 밀접 연관 공수처 신설 이견 분야 야당 반대 검찰 개혁 역대 정권 시도 결국 국회 통과 포함 정부조직개편 어려움 가능성 포함 개혁 권력 기관 추진 앵커 청와대 그동안 차례 사드 누락 차례 강도 조사 파장 일파만파 외교 거론 최종적 위승호 국방 정책 실장 스리 스타 위승호 국방 정책 실장 사드 삭제 지시 누락 인터뷰 청와대 사태 수습 의지 원래 사태 문재인 대통령 조사 지시 판단 중간 가지 발생 한미 정상 회담 상황 조사 미국 사인 한민구 장관 황교안 총리 그다음 김관진 안보실장 확대 정권 숙정 것들 청와대 부담 원래 국회 청문회 추진 청문회 취소 나름 사태 수습 취지 한민구 장관 정책실장 국방부 위승호 정책 실장 본인 판단 한미 자체 보도 형식 애매모호 얘기 이해 측면 사드 중요 대통령 보고 위승호 실장 행위 상대 일반 언론 언론 공개 국가통수권자 비밀 축소 한미 약속 청와대 사태 확대 부담 앵커 정황 환경 영향 평가 회피 파악 인터뷰 사실 사드 환경영향평가 적정 판단 사드 결정 절차 생략 상태 환경영향평가 약식 처리 추진 문재인 대통령 제기 대통령 문재인 환경영향평가 지적 지적 한민구 국방장관 응답 국방부 차원 절차적 검토 얘기 대통령 지시사항 국방부 형식 대통령 지시 이행 부처 자체적 방식 가능 검토 보고 얘기 절차적 문재인 정부 일성 사드 외교 가지 절차적 사드 배치 중국 미국 설득 문재인 정부 정책 중국 사드 배치 반발 절차적 확보 정부 입장 중국 설득 생각 차원 문재인 대통령 환경영향평가 절차적 확보 사드 배치 중국 대상 절차 설치 설득 가능성 생각 국방부 부분들 보고 예상 상황 앵커 정황 환경 영향 평가 회피 추가 조사 진행 위승호 정책 실장 보고 누락 조사 청와대 사드 논란 국면 국면 인터뷰 축소 지향 번째 청와대 국기문란 규정 하극상 얘기 자리 사드 미국 중국 나라 확대 조사 국기문란 규정 얘기 기억 가지 국내용 얘기 당사들 간접적 당사자들 미국 중국 예의주시 상황 가급적 문책 개혁 처리 내부적 처리 청와대 방향 환경영향평가 국방부 의도적 환경영향평가 전략영향평가 사계절 사계절 계절별 영향 평가 민간 토지 매입 취득 민간 토지 매입 교환 국유지 국방부 입장 일반 환경 영향 평가 절차 제곱미터 원래 제곱미터 얘기 시설공사 제곱미터 시설 공사 부지 만 국방부 의도적 제곱미터 환경 영향 평가 절차 일종 꼼수 문재인 대통령 지시 주변 국가 절차 설명 절차적 절차적 방향 앵커 말씀 교수 전개 인터뷰 교수 말씀 미국 중국 상황 사실 입장 얘기 설득 정부 결국 문재인 방법 결국 절차 확보 국회 비준 절차 환경영향평가 검토 국가 안보 기기 무기 설치 영향 절차적 완성 중국 설득 시도 문재인 정부 시도 생각 중국입장 절차 무작정 설치 자체 반발 결국 시진핑 주석 입장 생각 시진핑 주석 본인 한국 입김 분위기 형성 본인 정치적 어려움 상황 주석 결국 시진핑 정치 확보 한국 일정 논의 정부 일정 성의 모습들 가능성 앵커 김기정 청와대 국가 안보실 표명 보도 보도 경질 보도 정부 인사 청와대 수석 비서관 낙마 인터뷰 외교 안보 라인 전반적 초반 강경화 외교 장관 후보자 청문회 가지 제기 김기정 차장 수석 외교 안보 겸임 충격적 경질 원래 김기정 차장 학교 시절 가지 일들 본인 건강상태 이야기 청와대 내부 기간 검증 의문 수석 일자리 수석 내정 철회 상황 기간 가지 민정 수석실 인사수석실 수석들 검증 절차 의문 외교 안보 라인 원래 외교 사람들 교수분들 가지 논란 상태 낙마 상황 사태 수습 정상회담 당장 한미 정상 회담 준비 상황 장관 상황 차장 사의 표명 상황 상황 조기 사태 수습 상황 앵커 교수 정부 준비 출범 검증 부족 수석 안현호 일자리 내정 단계 철회 인터뷰 급박 정부 준비 미흡 검증 작동 후보자 차장 학교 사실 확인 학교 확인 확인 본인 본인 얘기 바람 청와대 입장 구체적 확인 임명 사례 여성단체 불만 제기 제기 상황 청와대 입장 문재인 정부 정부 이미지 경질 경질 이해 정부 추진 인사 검증 작동 안현호 일자리 수석 임명 내정 단계 조사 그다음 검증 발생 내정 철회 상황 문재인 정부 민정수석실 중심 인사검증 국민 입장 자리 임명 진용 임명 사실 정부 부담 차원 문재인 정부 속도 검증 사람들 임명 인선 생각 인터뷰 일종 검증 딜레마 검증 이해 가지 조난 자료 얘기 검증 사람들 인사 자료 것들 사용 얘기 정부 민정시스템 얘기 국정원 개혁 정보 수집 얘기 것들 국정원 경찰 검찰 정보 수집 것들 것들 민정수석 폐해 활용 사태 것들 정보 수집 것들 악용 정보 수집 딜레마 앵커 인사 얘기 김상조 공정 거래 위원장 인사청문회 정무위 논의 예정 김이수 헌법 재판관 후보자 강경화 외교부 장관 김동연 경제 부총리 청문회 수퍼 수요일 얘기 야당 얘기 자유한국당 국민의당 입장 차이 자유한국당 김상조 후보자 강경화 후보자 맹공 전망 교수 인터뷰 국민 뉘앙스 약간씩 생각 국민 의원들 호남 출신 의원 호남 출신 의원 입장 입장 청문 보고서 채택 의견 상황 사실 김동철 원내 대표 일정 반영 발언 당장 동의 얘기 얘기 뉘앙스 변화 국무총리 인준 동의 일정 청문 보고서 채택 동의 가능성 결국 호남 문재인 대통령 지지 전체적 김상조 후보자 청문회 국민 여론 흠결 흠결 얘기 공정거래위원장 업무 수행 만큼 흠결 여론 전체적 분위기 자유한국당 보이콧 청문 보고서 채택 반대 여론 역풍 생각 결국 지난번것 국민 캐스팅 보트 역할 김상조 후보자 청문 보고서 채택 동의 문재인 대통령 국민의당 동의 여론 임명 강행 가능성 인터뷰 전체적 김상조 후보자 방향 가지 의혹 제기 청문회 김상조 후보자 나름 해명 정도 측면 이해 국민 재벌개혁 경쟁 가지 선명 차원 찬성 박지원 대표 천정배 대표 분들 찬성 주장 강경화 후보자 수요일 청문회 매입 해운대 콘도 증여세 논란 증여세 가지 의혹 해명 자체 측면 측면 외교 안보 라인 정부 입장 통과 야당 입장 사람 통과 부담 자유한국당 전당대회 야당 선명성 강조 정당 국민 야당 이중대 의혹 상황 강경화 후보 전망 앵커 교수 위험 인터뷰 말씀 강경화 후보자 해명 후보자 김동연 부총리 관료 차례 주변 검증 특별 의혹 김이수 헌재소장 헌재 재판관 임명 청문회 얘기 것들 재탕 얘기 것들 관점 얘기들 강경화 후보자 여성 후보자 출신 상황 주목 상황 화면 가지 문제들 지적 배우자 콘도 매입 증여세 아버지 공동명의 등기 증여세 얘기 본인 해명 아버지 나중 아버지 증여 아무것 얘기 증여세 증여 사실 자체 증여세 나중 증여세 상황 청문회 청문회 히어링 해명 판단 상황 앵커 준비 노동일 경희대학교 교수 논설위원 이현종 문화일보 교수 최진봉 성공회대 문재인 청와대 사드 청문회 후보자 국방부 한미 환경영향평가 증여세 중국 강경화 원위치 위승호 외교부
문재인정부,절차,은평구청장 주옥순에 억 소송 대통령에 아부 주장 모욕 김미경 은평구 구청장 이 일 주옥순 엄마부대 대표에게 손해배상 억원을 청구하는 맞소송를 낸다고 밝혔다 주 대표는 앞서 김 구청장과 담당 공무원을 명예훼손 공무상비밀누설 혐의로 검찰에 고소했다 김 구청장은 일 페이스북에 글을 올려 주옥순 대한민국엄마부대 대표가 월 일 본인이 운영하는 유튜브 라이브방송을 통해 은평구청장이 은평구청장 주옥순 소송 대통령 아부 주장 모욕 구청장 김미경 은평구 주옥순 엄마 부대 대표 손해 배상 청구 맞소송 대표 구청장 공무원 명예훼손 공무상 비밀 누설 혐의 검찰 고소 구청장 페이스북 대표 주옥순 대한민국 엄마 부대 본인 운영 유튜브 라이브 방송 은평구청장 문재인 대통령 아부 은평구 블로그 본인 실명 공개 발언 절차 은평구청 지난달 코로나 감염경로 환자 감염 경로 블로그 공지 확진자 주옥순 접촉 대표 실명 은평구청 지속적 야근 주말근무 담당직원 실수 대표 이름 삭제 대표 방송 유튜브 라이브 은평구청 확진자 주옥순 이름 공개 대통령 비판 은평구청장 대통령 아부 이름 공개적 실명 거론 주장 대표 구청장 공무원 고소 구청장 대표 주도적 관여 광복절 광화문집회 확진자 급증 법원 책임소재 현행법 한계 광복절집회 집회 법원허가 표면적 위법사항 감염확산 원인제공 구상 청구 성립 피해 은평구민 방역 은평구 문제제기 자격 구청장 은평구청장 문재인 대통령 아부 본인 실명 공개 모욕적 발언 주옥순 대표 억 배상금 청구 재판 확정 전액 은평구 코로나 대응 비용 검사 방역 치료 비용 기부 주옥순 은평구 구청장 코로나 은평구청 억 은평구청장 유튜브 확진자 광복절 블로그 공무원 광화문집회 김미경 페이스북 위법사항 주말근무 현행법
문재인정부,절차,트럼프 대북정책 핵심 스티븐 비건 국무부 부장관 지명 유력 도널드 트럼프 미국 대통령이 스티븐 비건 사진 미 국무부 대북정책 특별대표를 국무부 부장관으로 지명할 계획이라고 워싱턴포스트 가 일 보도했다 는 명의 트럼프 행정부 관리들을 인용 트럼프 대통령이 비건 특별대표를 차기 국무부 부장관으로 지명할 것으로 보인다고 보도했다 비건 특별대표가 국무부 부장관으로 거론된 것은 트럼프 행정부가 비건 트럼프 대북 정책 핵심 스티븐 국무부 유력 지명 도널드 트럼프 미국 대통령 스티븐 비건 사진 국무부 대북 정책 특별 대표 국무부 지명 계획 워싱턴포스트 보도 명 관리들 트럼프 행정부 관리 인용 트럼프 대통령 비건 특별 대표 부장관 국무부 지명 보도 비건 특별 대표 국무부 거론 트럼프 행정부 협상 재개 리더십 국가 안보 재정비 움직임 비건 특별 대표 트럼프 행정부 대북 정책 핵심 인사 특별 대표 임명 마이크 폼페이오 국무 장관 지휘 북한 협상 실무 트럼트 행정부 외교 안보 분야 전문 지식 경험 전문가 평가 조지 사무국장 근무 북핵위기 위기 사안 조율 년 의회 의원 보좌관 활동 외교 안보 정책 관여 비건 특별 대표 협상 교착 상태 동맹국 순방 외교 해법 대북 제재 공조 강화 활동 트럼프 대통령 폼페이오 장관 사임 볼턴 백악관 국가 안보 회의 보좌관 대북 정책 갈등 관리들 트럼프 대통령 결정 최종 인사 변동 가능성 배제 불투명 부장관 설리반 현직 국무부 퇴임 날짜 비건 특별 대표 공식적 지명 인사청문회 사전 검증 절차 비건 특별 대표 의회 상원 인준 승인 예상 비건 특별 대표 부장관 대북 협상 역할 유지 예상 대북 역할 유지 부장관 승급 북한 신뢰 비건 국무부 행정부 부장관 폼페이오 백악관 보좌관 관리들 스티븐 북핵위기 조지 볼턴 국가안보회의
문재인정부,절차,일감 몰아주기 막말 보도에 이례적 즉시 감찰 앵커 측근 채용 문제를 두고 직원에게 폭언과 막말을 쏟아낸 김우남 한국마사회장의 행태 어제 일 저희가 보도해드렸는데요 문재인 대통령이 감찰을 지시했습니다 또 이와 함께 일감 몰아주기 의혹을 받는 전효관 청와대 문화비서관도 감찰 대상이 됐습니다 보도에 정경윤 기자입니다 기자 문재인 대통령의 감찰 지 보도 일감 막말 감찰 이례 즉시 앵커 측근 채용 직원 폭언 막말 김우남 한국마사 회장 행태 일 보도 문재인 대통령 감찰 지시 일감 의혹 문화비서관 전효관 청와대 문화 비서관 감찰 대상 보도 정경윤 문재인 대통령 대상 감찰 지시 문화비서관 전효관 청와대 문화 비서관 마사회장 김우남 한국 마사 회장 강민석 청와대 대변 대통령 즉시 감찰 신속 조치 민정수석 지시 비서관 년 년 서울시 혁신 기획관 자신 설립 사회 기업 기간 건 서울시 사업 억 규모 수주 국민 이태규 의원 사업 선정 평가 위원 비서관 친분 년 자신 사업 소관 부서 기업 수주 특혜 이해 충돌 의혹 제기 비서관 회사 사람 회사 운영 관여 서울시 자신 사업 관여 반박 김우남 한국마사회장 지난달 자신 측근 인사 간부 채용 직원 만류 폭언 김우남 한국마사회장 인사노무 총책임자 끼 규정 끼 국회의원 자식 끼 자신 자리 마련 논란 당직자 폭행 의원 국민의힘 송언석 결국 의원 당사자 사과 제명 요구 윤리위원회 소집 징계 절차 시작 자진 선택 비서관 서울시 김우남 청와대 막말 전효관 끼 국회의원 당직자 한국마사회장 한국 국민의힘 억 송언석 정경윤 문재인 윤리위원회
문재인정부,정보,월간 억분 보는 유튜브 는 인스타 빼고 사용 줄었다 이번 설날 할머니 댁을 찾은 대학생 황 모 씨는 오랜만에 친척들과 대화에 참여했다 지난해까지는 명절에 구석에서 스마트폰으로 친구들이 올리는 사진이나 일상 소식을 봤지만 올해는 스마트폰을 놨다 황 씨는 일상을 올리는 친구들도 줄었고 계속해서 소셜네트워크 서비스 를 하다 보니 현실에 집중하는 게 어려워져서 개 정도만 빼고 를 거 월간 유튜브 인스타 사용 설날 할머니 대학생 오랜만 친척들 대화 참여 명절 구석 스마트폰 친구들 사진 일상 소식 스마트폰 일상 친구들 소셜네트워크 서비스 현실 집중 정도 이용 감소 정보통신정책연구원 보고서 한국 미디어패널 조사 결과 이용 포인트 감소 조사 시작 이용률 감소세 이용 년 상승세 이용 소폭 스마트폰 시장 진화 결과 카카오톡 유튜브 사용 세대별 커뮤니케이션 시장 분화 김용찬 연세대 언론 홍보 영상 학부 교수 카카오톡 유튜브 한마디 규정 과거 인기 사용자 정체 진화 형태 등장 설명 싸이월드 페이스북 대세 조사 결과 압도 점유율 대세 년 싸이월드 명 명 대세 순위 이용 년 카카오스토리 순위 이용 자리 차지 페이스북 정상 사고 개인 정보 유출 반복 페이스북 이용 년 내림세 페이스북 위 이용률 카카오스토리 인스타그램 네이버 밴드 트위터 인스타그램 유일 이용률 년 인스타그램 이용자 인스타그래머블 인스타그램 신조어 등장 정도 사용자 급증 인스타그램 음식 여행 상품 분야 마케팅 채널 유튜브 인기 모바일 이용자 영상 서비스 열광 트렌드 둔화 이용 영향 언론 진흥 재단 언론 수용자 조사 유튜브 이용률 동영 플랫폼 이용 급증 소비자 유튜브 사용 월간 와이즈앱 조사 기준 페이스북 월간 사용 시간 억 배 인스타그램 월간 이용 시간 억 사람들 유튜브 엔터테인먼트 콘텐트 유지 중심 사용 목적 유튜브 사용자 급증 대체 역할 구독 동영상 채널 콘텐트 생산자 구독자들 네트워킹 추세 유튜브 채널 운영 최미연 과시 사진 일색 유튜브 콘텐트 브이로그 대체 스트레스 일상 기록 유튜브 선호 영상 플랫폼 의사 표현 친구 콘텐트 부정 댓글 영상 플랫폼 제품 평가 댓글 피로감 얘기 시장 조사 전문 기업 엠브레인 이용 피로증후군 피로 증후군 인식 조사 결과 이용자 게시물 과시 성격 응답 오프라인 모임 오프라인 소셜 플랫폼 인기 독서 운동 영화 취미 취향 사람들 오프라인 모임 첫선 오프라인 독서 모임 서비스 트레바리 이용자 명 운동 액티비티 프립 소셜 클럽 중심 문화 예술 문토 오프라인 모임 집주인 취향 소개 프로젝트 오프라인 모임 활성화 현대경제연구원 일 중심 개인 취향 관심사 공유 오프라인 모임 수요 확대 시간 사업장 시행 주말 성장 현대경제연구원 시간 시행 모임 참여 여건 마련 유튜브 오프라인 인스타그램 이용률 페이스북 이용자 소셜 순위 스마트폰 사용자 현대경제연구원 카카오스토리 싸이월드 엠브레인 보고서 인스타 피로증후군
문재인정부,정보,오늘 차기 정부 내각 인선 일부 발표 평가는 진행 김대근 앵커 출연 김형주 전 통합민주당 의원 신성범 전 새누리당 의원 아래 텍스트는 실제 방송 내용과 차이가 있을 수 있으니 보다 정확한 내용은 방송로 확인하시기 바랍니다 앵커 오늘 새로 출범할 윤석열 정부의 내각 인선 일부가 발표될 예정입니다 명 정도 인선이 공개될 것으로 보이는데요 두 분과 전망해보겠습 인선 정부 내각 평가 진행 김대근 앵커 출연 김형주 통합민주당 의원 신성범 새누리당 의원 텍스트 실제 방송 차이 방송 확인 앵커 출범 윤석열 정부 내각 인선 예정 인선 정도 공개 전망 김형주 민주당 의원 신성범 새누리당 의원 시 내각 예정 정도 상황 직책 예상 김형주 경제부총리 실질적 기재부 장관 그다음 산업 통상부 장관 국토부 장관 여성 가족부 장관 외교부 국방부 장관 논의 생각 앵커 장관 정도 예상 상황 비서실장 인선 포함 인선 어려움 신성범 비서실장 직위 중요 총리 비교 정치적 의미 자리 심사숙고 대목 경제부총리 경제 부총리 기획 재정부 장관 결국 추경호 의원 내정 언론 보도 속보 대목 호흡 경제팀 금융위원장 최상목 농업대 총장 분들 이름 분들 구성 사회 분야 부처 장관 인물 부서 전망 사실 관찰 포인트 앵커 경제부총리 주목 말씀 경제 정책 정부 정부 기조 방향 전망 김형주 한덕수 총리 컨트롤타워 그동안 경제 외교 통상 컨트롤 타워 정부 내부적 코로나 위기 양극화 결과적 미국 금리 인상 우크라이나 전쟁 대내외적 경제 리스크 그다음 지정학 위기 국제수지 실질적 연동 산업 한계 극복 거시 경제 지표 정통 산업부 경제부 금융위원회 관료들 측면들 당선인 디지털 경제 영역 공약 경제 분과 중심 성장동력 디지털자산 가지 요구 공약들 부분들 경제 위기 미국 금리 인상 연동 국제수지 관리 실제적 당장 국민 추경 상충적 요구들 것들 조율 총리 부총리 금융위원장 산업부 장관 그다음 경제수석 수석 이름 청와대 내부 경제 정책 컨트롤 사람들 팀워크 중요 요청 신성범 김형주 의원 설명 언론 보도 경제부총리 추경호 의원 금융위원장 최상목 농협대 총장 기재부 경제수석 김소영 교수 임명 내정 언론 보도 라인 중요 경제 라인업 후보자 한덕수 국무총리 후보자 추경호 부총리 후보자 금융 위원장 최상목 교수 경제 수석 김소영 특징 추경호 의원 의원 경력 기재부 국무조정실장 박근혜 정부 왼쪽 추경호 의원 금융 위원회 부위원장 경제 출신 정통 경제 관료 출신 정치인 최상목 금융 위원장 유력자 정통적 경제 관료 출신 재정경제부 금융정책과장 기획재정부실 부서 경제정책국장 금융 경제 베테랑급 경제 관료 경제위원장 금융위원장 중요 대로 금융 금리 인상 가계대출 소상공인들 대출금 중요 금융 내정자 경제수석 대로 대통령 교수 서울대학교 경제학 명 추경호 최상목 김소영 경선 캠프 호흡 분들 능력 얼마 정도 사람들 앵커 코로나 사태 경제정책 중요 상황 만큼 주목 상황 경제라인 외교정책 변화 관심 북한 도발 수위 우크라이나 전쟁 발발 상황 만큼 관심 외교 장관 배경 김형주 후보자 박진 의원 조태용 의원 나이 년 그동안 인수위 단장 박진 의원 의원 조태용 의원 초선 역할 정통 외교 관료 외무고시 박진 의원 외무 고시 합격 외교관료 타이틀 측면 마지막 주미대사 외교 장관 외교 내부 컨트롤 출신 외교 차관 조태용 의원 장점 국회 소통 전체적 국제관계 인물론 박진 의원 마지막 경중 관측 박진 의원 장관 의원 주미대사 역할 조심 예측 사실 인선 분 교체 앵커 박진 의원 후보자 외교 장관 추측 상황 조태용 의원 주미대사 가능성 상황 평가 신성범 외교안보라인 그래픽 국방부 장관 이종섭 합동참모차장 국가안보실장 김성한 외교 차관 말씀 박진 의원 조태용 의원 사람 외교 장관 사람 주미대사 국정원장 가지 구상 외교 장관 주미대사 국정원장 교체 가능 국방부 장관 기용 이종섭 합참차장 예비역 중장 출신 스리 스타 군데 단순 군인 기동 군단장 동북아 기동력 화력 군단장 합동참모차장 경력 미국 테네시대학원 정치학 석사 박사 미국 정보라인 기무라인 말씀 김성한 안보실장 호흡 외교 장관 국정원장 라인 앵커 예상 남북 대북정책 미국 공조 정부 전개 추측 김형주 미국 공조 정부 대통령 통화 당선자 시절 정부 측면 그동안 후보 미국 일본 중시 선제타격 운운 정도 작용 북한 억제 입장 미국 미국 친화력 복구 복구 측면 안보라인 정국 불협화음 태양절 주년 김일성 탄생 주년 얘기 북한 혁명군 창건일 핵실험 도발 가능성 월 안보라인 위기 것들 당선 취임 북한 유보 취임 도발들 대대적 안보 위기 안보 중요성 신성범 외교안보라인 도전 대목 북한일 중국 일본 북한 스케줄 국방력 무력 강화 태세 정부 시험 선제타격 윤석열 당선인 선거 언급 선거 강대강 이종섭 합참차장 김성한 외교 차관 신문 기고문 현실주의 면모 대통령 당선인 취임 북한 선제타격 지경 현실적 중국 일본 우크라이나 전쟁 계기 대로 옛날 소련 중국 북한 묶음 러시아 중국 국제무대 자체 미국 일본 유럽 체제 중국 중국 접근 전략 사고 일본 일본 일본 교과서 독도 논리 정치 국민들 일본 개선 호응 대목 북한 중국 일본 순서 외교안보라인 머리 앵커 미국 공조 전망 신성범 미국 시대 문재인 정부 한미 완화 대목 국민 불안 대목 이견 한미동맹 강화 한미동맹 주축 한중관계 한일관계 배치 주축 개념 앵커 외교안보라인 얘기 얘기 인선 통일부 장관 얘기들 김형주 그전 얘기 권영세 의원 통일부 장관 통일부 장관 부처 경중 인물 중요도 인수위 자체 인물 중요도 권영세 의원 통일부 장관 의견들 본인 통일부 장관 입장 부정적 입장 통일 전문가 그룹 그전 제안 사람 서울대 경제학부 김병연 교수 국가안보전략연구원 사회주의경제학 전공 북한 경제 전공 학자 한편 권영세 의원 통일부 장관 언급 예상 정부 통일 축소지향적 권영세 인물 통일부 장관 생각 외교안보 통일 인식 결과적 행정부 방식 통일 로드맵 추구 의지 신성범 권영세 의원 경력 검사 생활 안기부 국정원 파견 검사 사실 기록 대목 사석 이야기 독일 통일 독일 통일 번역 경력 이야기 통일부 장관 모양 본인 입장 통일부 장관 정확 출마 대표 생각 해석 년 국회 복귀 주중대사 시절 박근혜 정부 안기부 경력 통일 관심 그다음 주중대사 국정원장 가능 통일부 장관 가능 본인 희망사항 대표 앵커 인선 통일부 장관 전망 신성범 내부 승진 통일원 출신 북한 차관 이름 발탁 차관 전직 차관 분들 인수위 앵커 전체적 거론 인물들 특징 서울대 출신 위주 남성 변화 가능성 김형주 여성 가족부 장관 여성 임명 나머지 성비 문재인 정부 장관 강경화 외교 국토부 교육부 인선 성비 중요 가르마 잣대 인용 정부 성비 차원 세대 측면 대 대 전문성 실력 의미 국민 눈높이 당선자 색깔 철학 무늬 성비 실력 한편 국내외적 경제 여건 상황 정치 돌파 기준 실력 중심 중심 정통 관료 전문가 중심 돌파 의미 앵커 세대 장관 가능성 목소리 신성범 윤석열 당선인 선거운동 장관 후보 시절 이야기 분들 여의도 셈법 문법 사람 표현 장차관 발탁 김형주 의원 대로 상황 자체 초기 내각 능력 위주 소리 군데 사회부처 과학 부처 연부역강 필요성 앵커 외교 안보 라인 경제 라인 인선 예상 산업부 국토부 과기정통부 여가부 장관 전망 김형주 산업부 말씀 교수 이창양 카이스트 산업부 정책관 그다음 하이닉스 당선자 산업부 중심 그동안 중소기업 대기업 소통 정통 관료 사람 나이 대 대 국토부 원희룡 지사 예견 연배 대 남성 위주 가능성 과학부 인재 여지 여성부 문화부 경제 창의적 콘텐츠 중심 여지 생각들 기조 자체 말씀 연배 성비 체제 관료 체제 정확 이해 사람 지배 개혁 위기 돌파 전문가 중심 실력 중심 여성 청년 배려 앵커 의원님 인선 특색 예상 정리 신성범 여성 가족부 장관 김현숙 당선 정책특보 속보 대목 김현숙 의원 국회 전문가 박근혜 정부 고용복지수석 저출산 보육 정책 전문가 김현숙 의원 김현숙 교수 여성가족부 여성가족부 저출산 보육 분야 이름 보건복지부 교육부 구상 대목 김현숙 교수 정책특보 구성 보건 복지 장관 인선 여성가족부 운명 생각 앵커 확인 대로 여가부 장관 김현숙 당선 정책특보 지명 얘기 확인 대로 인수위 여가부 폐지 기조 신성범 여성가족부 명칭 대전제 전체적 부처 대목 언론 기사 불가능 여성가족부 역사 사명 앵커 시 당선인 인선 예정 주제 후보자 한덕수 국무총리 청문회 준비 한창 의혹들 한덕수 국무총리 후보자 재산 형성 가능성 이해 충돌 가능 의혹 제기 생각 해명 자료 자료 요청 제출 청문회 성실 설명 집중적 정기 예금 출처 소명 은행 금리 은행 조금씩 이동 전체적 트렌드 충실 청문회 해명 앵커 후보자 한덕수 총리 재산 형성 이해충돌 논란 고액 자문료 상황 민주당 상황 김형주 한덕수 총리 년 국무조정실장 부총리 총리 시절 눈높이 국민들 눈높이 세상 가지 은폐 그전 규명 지적 사항들 과거 지적 가능성 측면 본인 재산 형성 공직 형성 김앤장 고문료 본인이 건물 본인 이해충돌 외국 정유 회사 집세 장인 축소 신고 가지 실제적 그동안 신고 카드 사용액 제로 현금 영수증 사용액 부분들 의혹 실물경제 전문가 본인 결제 카드 부분들 현실 근본적 의문 과거 눈높이 가지 청문회 통과 생각 앵커 제기 가지 의혹 의원 평가 신성범 국민들 상식 중요 상식 정도 정도 경제부총리 총리 주미대사 로펌 회사 고액 고문료 국민들 생각 금액 얼마 변호사 변리사 수임료 고문료 정도 대목 본인 설명 김앤장 개인 회사 한덕수 후보자 개인적 나름 계약서 내밀 내밀 영업비밀 곤란 생각 년도 주미대사 공직 년 재산 억 예금 억 억 급여 상여금 김앤장 사외 이사 생활 공무원 연금 예금통장 가능 의원 말씀 카드 현금 처리 설명 청문회 야당 공격 앵커 후보자 본인 청문회 입장 진행 여론 흐름 여론 조사 결과 준비 적합도 한덕수 후보자 질문 적합 적합 의견유보 의원님 여론 조사 결과 평가 김형주 연배 한편 의외 인재 발굴 과거 역대 정부 선택 의미 윤석열 당선자 실질적 적합 의견유보 무색무취 총리 후보 측면 국민들 노래 우려들 국민 정부 출범 정부 국민 지지율 지지부진 것들 현상 앵커 소식 인선 예상 윤석열 정부 국토부 장관 원희룡 제주지사 발탁 소식 후보자 문체부 장관 언론인 출신 박보균 특별 고문 발탁 소식 의원님 원희룡 지사 후보자 국토부 장관 발탁 신성범 원희룡 지사 대로 경선 참여 그다음 경선 윤석열 후보 윤석열 나중 합류 기획 정치적 발짝 점프 도약 계기 국토부 장관 국토부 장관 배경설명 대목 박보균 대기자 출신 중앙일보 편집인 장관 원래 문체부 후보군 나경원 의원 나경원 의원 외교 장관 문체부 장관 물망 박보균 편집위원 언론관계 중시 당선인 생각 정부 윤석열 정부 생각 투영 대목 언론사 해석 대목 생각 앵커 원희룡 지사 인수위 기획 직책 후보자 국토부 장관 발탁 배경 해석 김형주 그동안 인수위 대선 대장동 일타강사 부분들 대장동 도지사 부동산 현실적 행정적 주택 중요 주택 자체 주택 인사 국토부 내부 지방자치 국토부 권한 자체 지역균형발전 연동 당선자 생각 지방중심 중요 국토 균형발전의 실질적 정책 국토 부동산 재개발 재건축 케이스 이해도 원희룡 지사 당선자 판단 앵커 대선 대장동 일타 강사 활약 지자체장 경험 배경 작용 설명 시 공식 배경 말씀 김형주 민주당 의원 신성범 새누리당 의원 얘기 김형주 신성범 후보자 미국 국토부 외교부 청문회 그다음 일본 전문가 그동안 당선자 한덕수 윤석열 인수위 산업부 당선인
문재인정부,정보,청 인사검증 경찰 자료 폐기 않고 보관하다 압수당해 경찰이 인사검증을 맡았던 고위공직 후보자들의 신상정보 자료를 폐기하지 않고 보관하다가 지난해 말 검찰에 무더기 압수된 사실이 뒤늦게 확인됐다 일 경찰 관계자 등의 설명을 종합하면 검찰은 지난해 말 정보경찰의 정치개입 의혹 과 관련해 경찰청 정보국을 압수수색하는 과정에서 문재인 정부 고위공직 후보자의 인사검증 자료를 대량으로 찾아냈다 현재 인사 경찰 자료 폐기 보관 압수당해 경찰 인사검증 고위 공직 후보자 신상 정보 자료 폐기 보관 검찰 무더기 압수 사실 확인 관계자 경찰 설명 종합 검찰 정보경찰 정치 개입 의혹 경찰청 정보국 압수수색 문재인 정부 고위 공직 후보자 인사 검증 자료 대량 정보경찰 요청 청와대 민정 수석실 산하 공직 기강 비서관실 장차관 급 공무원 공공 기관 임원 예정자 청와대 근무 인사검증 경찰 내부 규정 활용 정보자료 즉시 폐기 경찰 규정 무시 개인 정보 자료 보관 검찰 확보 자료 특정 교수 추진력 부족 국정철학 부족 평가 검찰 사찰보고서 판단 압수수색 경찰 자료 청와대 요청 인사검증 확인 검찰 자료 반환 요구 경찰 문재인 정부 출범 월 천 건씩 건 인사검증 경찰개혁위원회 활동 양홍석 변호사 통화 고위 공직 후보자 개인 사생활 제한적 수집 수집 목적 달성 폐기 원칙 데이터베이스 관리 논란 여지 지적 변호사 인사 인사혁신처 만큼 인사 혁신처 동의 당사자 신원조회 문재인 정부 법조 안팎 정보경찰 인사검증 역할 권한 규정 지적 공직 후보자 인사 검증 동의 활용 폐기 경찰 내사 수사자료 악용 가능성 배제 관계자 경찰청 정보국 인사검증 복무 점검 자료 보관 서영지 서영지 인사검증 청와대 후보자 문재인 경찰청 변호사 정보경찰 정보국 관계자 급 공무원 서영지 사생활 당사자 압수수색 혁신처 만큼 천
문재인정부,제안,뉴있저 이재명 원팀 마무리 윤석열 홍준표 신경전 격화 진행 변상욱 앵커 출연 최진봉 성공회대 교수 아래 텍스트는 실제 방송 내용과 차이가 있을 수 있으니 보다 정확한 내용은 방송으로 확인하시기 바랍니다 앵커 이재명 더불어민주당 대선 후보가 다음 달 일 선거대책위원회 출범을 앞두고 경선 상대들을 잇따라 만나 원팀 매듭을 지었습니다 국민의힘 주자들은 토론회가 계속될수록 신 이재명 원팀 마무리 윤석열 홍준표 신경전 격화 진행 변상욱 앵커 출연 최진봉 성공회대 교수 텍스트 실제 방송 차이 방송 확인 앵커 이재명 더불어민주당 대선 후보 출범 선거 대책 위원회 경선 상대 원팀 매듭 국민 주자들 토론회 신경전 가열 경선 후유증 목소리 교수 최진봉 성공회대 정리 이재명 후보 이낙연 정세균 추미애 사람 박용진 김두관 사람 경선 상대 박용진 김두관 의원 얘기 박용진 의원 세대 그다음 미래지향적 김두관 의원 경남 지역 성향 모양새 원팀 최진봉 이낙연 대표 지지 분들 반발 원팀 경쟁 후보들 한마음 이낙연 대표 말씀 선대위 선대위 이낙연 대표 분들 전면 가능성 원팀 완성 박용진 후보 김두관 후보 본인 사퇴 지지선언 이재명 후보 지지 선언 사퇴 박용진 후보 이재명 공격 얘기 원팀 청년과미래정치위원회 위원장 자리 공동선대위원장 박용진 의원 청년 미래 정치 위원회 위원장 사람들 청년들 부분들 발굴 후보 제안 후보 정책화 도움 원팀 모습 앵커 음식점들 허가 규제 총량 숫자 조정 분들 환영 얘기 이재명 지사 예전 계곡 장사 분들 인연 최진봉 공격 사실 정부 공격 관점 말씀 정부 창업 자체 통제 불가능 창업 분들 창업 이익 생계 가능 정부 정도 접근 방식 가지 안귀령 앵커 설명 생존 창업 생존 년 기회비용 생산적 방안 고민 차원 말씀 이재명 후보 본인 얘기 정책 당선 당선 아이디어 차원 얘기 고민 생각 이슈 이슈 논의 국민 총의 자영업자 소상공인들 창업 경쟁력 구도 거냐 정부 생각 앵커 창업 업종 업종 정보 제공 유도 정도 효과적 논의 여론 조사 업체 전국지표조사 주목 여론조사 이재명 지사 국민 후보 행보 것들 영향 최진봉 영향 경선 이낙연 대표 시차 경선 승복 어려움 그다음 컨벤션 효과 원팀 대장동 국정감사 정도 본인 소명 부분들 영향 대장동 이슈 논란 이슈 이재명 지사 직접적 연관 비리 연루 아무것 본인 부분들 여론 조사 결과 영향 생각 이슈 이재명 후보 영향 제한적 여론 조사 결과 결과 의미 생각 앵커 화면 이재명 후보 국민 후보들 얼굴 소개 국민 내부 경쟁 총장 의원 지지율 후보 그동안 후보 그동안 실언 실책 영향 최진봉 실언 망언 발언 결국 전두환 옹호 영향 실언 조금씩 조금 기대감 야당 대선 후보 여권 후보 의문 시작 결정적 영향 전두환 영향 결국 결정 지지율 실언 윤석열 후보 본선 정권교체 능력 후보 의심 대안 홍준표 후보 여론조사 국민 여론조사 국민 지지 당원들 중심 윤석열 후보 상황 플러스마이너스 정도 영향 조직력 윤석열 후보 국회의원들 앵커 흐름 일주일 일주일 진행 주목 후보 윤석열 대국민 호소문 것들 신경 논란 사과 전두환 논란 답변 당원 투표 중요 핵심 지지 정권교체 도움 최진봉 뒷부분 도움 말씀 사실 대답 질문 직격탄 전두환 전두환 옹호 발언 번째 전두환 전두환 얘기 청와대 윤석열 후보 대답 회피 국민들 윤석열 후보 전두환 전두환 옹호 발언 진심 사과 본인 여론 사과 실질적 사과 진정성 의문 얘기 사과 사진 의미 의문 본인 생각 발언 기회 본인 입장 국민들 이해 답변 회피 태도 결국 전두환 예전 본인 말씀 생각 의문 전환 전체적 흐름 한계 생각 앵커 당원들 등 국민의힘 경선 분위기 자체 충청 토론회 강원 토론회 설전 앵커 동료들 파리떼 배신자들 사람들 기분 말들 마음 말들 최진봉 막판 투표 시작 상황 지지층 결집 지지층 상황 공격 수위 입장 홍준표 후보 윤석열 후보 약점 고발사주 검찰 조사 수사 부각 결국 불안 이미지 윤석열 후보 불안 후보 본선 본인 지지 이미지 본인 부정적 이미지 본인 캠프 국회의원들 방어 파리떼 얘기 김종인 비대위원장 예전 얘기 파리 얘기 파리 공격 입장 윤석열 캠프 조직력 입장 본인 조직럭 상황 국회의원들 상황 상황 후보 결국 홍준표 공격 중도층 일반 국민 청년들 경쟁력 경쟁 본선 경쟁력 우수 강조 앵커 경선 후유증 당내 어른 당대표 정도 무게 당대표 민주당 이해찬 대표 국민 이준석 대표 언덕 당원들 원팀 최진봉 가능성 민주당 생각 경선 패배 납득 투표 논란 방식 투표 참여 분들 본인 인증 홍준표 캠프 요청 선대위 얘기 논란 가능성 문항 정도 정리 완벽 문항 결정 부분들 결국 신경전 격화 가능성 치열 결국 경선 후유증 경선 불복 경선 불복 기간 컨벤션 효과 민주당 분란 가능성 말씀 경선 국민 내홍 가능성 앵커 원팀 최진봉 윤석열 이재명 전두환 분들 홍준표 위원장 박용진 부분들 토론회 가능성 이낙연 여론조사 경쟁력 당원 민주당
문재인정부,제안,양현종의 더딘 시간 시장 어떻길래 메이저리그를 향한 양현종의 집념이 대단하다 당초 양현종은 월 일까지 메이저리그 도전 여부를 결정할 예정이었다 하지만 시장이 더디게 흘러가자 상황을 열흘 더 지켜보기로 했다 메이저리그에 갈 수 있는 마지막 기회인 만큼 미련을 남기지 않겠다는 의지다 공교롭게도 올해는 시기가 좋지 않았다 이번 겨울 시장은 매우 암울할 것이라는 전망이 지배적 양현종 시장 메이저리그 양현종 집념 양현종 월 여부 메이저 리그 도전 결정 예정 시장 상황 열흘 메이저리그 마지막 기회 만큼 미련 의지 겨울 시장 암울 전망 지배적 코로나 직격탄 구단들 정규시즌 경기 단축 운영 관중 경기 구단 손실액 구단 억 달러 조 커미셔너 맨프레드 리그 부채 리그 억 달러 조 총액 리그 연봉 전년 대비 감소 억 달러 조 에이전트 스콧 보라스 사무국 엄살 수익 손해 충당 주장 보라스 입김 한파 구단들 직원 인력 감축 몸집 여념 클리블랜드 인디언스 프랜차이즈 스타 프란시스코 린도어 트레이드 예정 이별 제안 클리블랜드 연봉 조정 신청 마지막 린도어 예상 연봉 만 달러 억 재정 타격 클리블랜드 부담 수준 클리블랜드 생각 대가 린도어 린도어 연봉 만 달러 확정 클리블랜드 개막전 예상 연봉 총액 만 달러 억 정도 린도어 뉴욕 메츠 메츠 겨울 선수 희망 억 달러 조 코헨 자산가 스티브 구단주 부임 코헨 구단 매입 공격적 투자 예고 메츠 지갑 거액 매캔 포수 제임스 불펜 투수 트레버 메이 영입 만 달러 억 앞뒤 계획 제이티 포수 최대어 리얼뮤토 불펜 최대어 리암 헨드릭스 투자 의지 효율성 추구 메츠 행보 메이저리그 현실 측면 투자 감행 결정 코로나 자유계약 시장 년 마차도 브라이스 하퍼 계약 월 월 선수들 메이저 리그 정상급 선수 계약 선수들 등급 선수 계약 겨울 투수 최대어 트레버 바우어 다나카 마사히로 제임스 팩스턴 제이크 오도리지 행선지 코로나 여파 윈터미팅 윈터미팅 구단 관계자 선수 자리 서로 의사 확인 중요 자리 자리 계약 계약 화상 회의 서면 진행 에이전트 화상 회의 마취 신경치료 마음 토로 메이저 리그 계약 보상 개념 구단 중점 김하성 샌디에이고 파드리스 관심 미래 나성범 다이노스 정점 평가 양현종 선수 평가 관점 동시 코로나 피해 나성범 도전 좌절 양현종 도전 양현종 난관 메이저 리그 마운드 시장 이창섭 메이저리그 클리블랜드 린도어 양현종 코로나 메츠 최대어 보라스 선수들 제임스 나성범 코헨 트레버 정상급 윈터미팅 스티브
문재인정부,제안,사설 문 대통령의 영변 전면폐기 비핵화 구상을 주목한다 문재인 대통령은 일 북 미 간에는 차 정상회담에 관한 대화가 이뤄지고 있다 면서 한반도 평화프로세스가 북 미 협상 재개를 통해 다음 단계로 나가게 될 것이며 이제 그 시기가 무르익었다 고 했다 문 대통령은 이날 연합뉴스 등 국내외 개 통신사와의 합동 서면 인터뷰에서 이같이 밝히고 비핵화 협상과 관련해 플루토늄 재처리 및 우라늄 농축시설을 대통령 영변 전면 폐기 구상 주목 문재인 대통령 일 정상 회담 대화 한반도 평화 프로세스 협상 재개 단계 대통령 이날 통신사 합동 인터뷰 협상 플루토늄 우라늄 농축 시설 포함 영변 검증하 전면적 폐기 북한 단계 평가 대통령 비핵화 실질적 진전 개성 공단 재개 남북 경제 협력 탄력 국제사회 제재 유엔 안보리 부분적 단계 완화 모색 대통령 언급 수준 그간 관측 차 정상회담 물밑대화 공식적 확인 의미 정상회담 하노이 정상 회담 결렬 개월 외교 재시동 시작 공개 정도 여건 상황인식하 대통령 양측 방안 협상 제시 주목 가치 대통령 영변 완전 폐기 언급 시설 플루토늄 우라늄 농축 시설 포함 핵시설 구체화 검증하 폐기 비핵화 가역 단계 눈높이 조율 현실적 폐기 영변 무게감 미국 재평가 필요성 강조 한편 북한 국제사회 신뢰 검증하 폐기 조건 부과 진전 제재 완화 하노이 결렬 정부 이너프 중재 반향 제안 하노이 결렬 복기 성찰 바탕 일 개국 정상회의 한반도 주변국 연쇄 정상 회담 예고 만큼 시기 중국 한반도 개입 한국 역할 위축 대통령 능동 의지 긍정적 비핵화 자신 양측 대통령 제안 토대 협상 당부 우선 대북특별대표 스티븐 비건 국무부 대북 특별 대표 방한 계기 실무협상 성사 희망 비핵화 영변 하노이 검증하 정상회담 핵시설 만큼 비건 통신사 스티븐 이너프 국제사회 안보리 그간 차 개국 재시동 상황인식하 필요성 재평가
문재인정부,주도,사설 원칙도 일관성도 잃은 부동산 정책 땜질 릴레이 정부 여당이 과격하고 성급한 부동산 대책을 발표한 뒤 시장에서 부작용이 빚어지면 보완책을 내고 며칠 후엔 그 보완책을 다시 땜질하는 일이 반복되고 있다 실무자들은 시장 현실을 제대로 파악하지 못한 채 정권의 정책 방향에만 맞춰 생경한 대책을 급조하고 정책의 한계까지 정확히 살펴야 할 컨트롤타워는 예기치 못한 부작용에 우왕좌왕하는 모습이다 한 원칙 일관성 부동산 정책 릴레이 정부 여당 부동산 대책 시장 부작용 보완책 며칠 보완책 땜질 반복 실무자들 시장 현실 파악 정권 정책 방향 대책 급조 정책 한계 컨트롤타워 예기 부작용 우왕좌왕 모습 정부 제도 민간 등록 임대 사실 폐지 조치 임대사업자 순기능 활용 전월세 공급 기조 정책 소급 논란 세제 혜택 면제 세금 소급 임대사업자들 항의 정부 주말 임대 의무 기간 양도소득세 중과 보완조치 부부 공동 명의 인 채 특례 기준 미달 법해석 반발 이달 통과 시행 계약갱신요구권 전월세상한제 각종 보완책 거론 전세 반전세 월세 집주인 속출 정부 여당 전월 전환율 절반 수준 방안 급조 최장 임대계약 급등 전월세 가격 더불어민주당 전월세 신규 계약 적용 처방 예고 몰이 부동산 입법 주도 원내대표 김태년 민주당 원내 대표 야당 관계자 일방처리 교육문제 금융 세제 교육 극도 부동산시장 번갯불 정책들 정상 작동 자체 발상 투기 해결 정부 여당 일차원 대책 안전성 효과 검증 부동산 정책 실험 시민들 폭우 거리 분노 표출 보완책 정책 신뢰 회복 시장 목소리 부동산 전월세 보완책 부작용 민주당 김태년 전환율 사업자 관계자 일방처리 일관성 법해석 채 소득세 인 양도소득세 반전세 보완조치 집주인
문재인정부,주도,일자리 추경안 일 제출 당 반대 한목소리 문재인 대통령 국회 찾아 직접 설명할 것 문재인 대통령은 일 국회를 설득하는 데 필요하다면 일자리 추경안이 국회에 제출된 이후 적절한 시기에 국회에 가서 시정연설 형태로 일자리 추경의 필요성을 의원들께 설명할 수 있다 고 밝혔다 문 대통령은 이날 수석 보좌관회의를 주재하며 국민에게 일자리 추경이 왜 필요한지 그 예산으로 어떤 일을 하려고 하는지 청와대 정책실이 중심이 돼 충분히 일자리 추경안 제출 반대 한목소리 국회 문재인 대통령 설명 본예산 시정 연설 이례 성패 의지 월 지시도 가계 부채 대책 마련 문재인 대통령 국회 설득 일자리 추경안 국회 제출 국회 시정 연설 형태 일자리 추경 필요성 의원들 설명 대통령 이날 수석 보좌관회의 주재 국민 일자리 추경 예산 청와대 정책실 중심 국회 협력 노력 대통령 본예산 추경 시정연설 이례적 대변인 박수현 청와대 수석 보좌관회의 단기 일자리 추경 추세 소득 분배 악화 저지 중장기적 일자리 소득 주도 성장 경제 패러다임 전환 접근 트랙 토론 추경안 제이 노믹스 문재인 정부 경제 정책 성패 문재인 정부 순항 여부 얘기 추경안 국회 제출 대통령 의지 상황 여소 야대 국회 한목소리 추경 반대 자유 한국당 정우택 대표 권한 대행 원내 대표 정부 추진 조 남짓 추경 공공일자리 주축 발상 자체 일시 일자리 추경 편성 요건 국가 재정법 추경 충족 지적 국민 김동철 원내 대표 공무원 증원 방안 정부 년 부담 전가 경직 예산 문재인 정부 독단 본예산 추경 동의 정책위의장 이용호 정책위 의장 추경 추경 대통령 취임 기념 낙하산 추경 비판 원내대표 바른정당 주호영 원내 대표 여당 야당 시절 추경 요건 추경 통과 협력 거부 이날 대통령 이날 부처 합동 월 방안 가계 부채 종합 관리 마련 지시 이달 치매 국가 책임 추진 계획 완성 주문 민간단체 대북 접촉 방북 신청 대북 제재 훼손 범위 민간 교류 검토 정부 입장 정리 일자리 문재인 추경안 시정연설 청와대 본예산 한목소리 이용호 공무원 정우택 바른정당 조 원내대표 지시도 주호영 박수현 김동철
문재인정부,주도,더뉴스 년 개월 만에 첫 정식 재판 핵심 쟁점은 진행 강진원 앵커 박상연 앵커 출연 김성훈 변호사 아래 텍스트는 실제 방송 내용과 차이가 있을 수 있으니 보다 정확한 내용은 방송으로 확인하시기 바랍니다 앵커 청와대 울산시장 선거 개입 의혹 사건의 첫 정식 재판이 오늘 진행됩니다 검찰이 기소한 지 년 개월 만입니다 앵커 정식 재판까지 왜 이렇게 오랜 시간 정식 재판 핵심 쟁점 진행 강진원 앵커 박상연 앵커 출연 김성훈 변호사 텍스트 실제 방송 차이 방송 확인 앵커 청와대 울산 시장 선거 개입 의혹 사건 정식 재판 진행 검찰 기소 개월 앵커 정식 재판 핵심 쟁점 김성훈 변호사 김성훈 안녕 앵커 변호사님 일반 시청자 기소 정식재판 분들 공판준비기일 정식재판 재판 쟁점 정리 공판준비기일 공판기일 현상 구체적 설명 김성훈 공판준비기일 공판기 민사재판 변론준비기일 변론기일 쟁점 피고인 여럿 사건들 기록 사건들 공판 직접적 준비기일 공판기일 준비 공판기일 핵심적 효율적 진행 형소법 절차 사건 공판준비기일 의정부 차례 정도 쟁점 피고인별 부분들 증거 동의 부동의 나중 변론 것들 증인 정리 공판 기일 일정 진행 공판기일 준비기일 차례 자체 이례적 이례적 시점 기간 공판기일 이례적 사실 제기 부분들 보도 확인 이야기 가지 정도 인사 수사 마무리 지난달 최종적 이진석 국정 상황실장 기소 마무리 얘기 피고인 피고인들 열람등사 방어권 행사 이야기 객관적 사유들 인정 종합적 기간 과도 생각 앵커 변호사님 공판준비기일 시작 공판기일 본격적 재판 설명 공판준비기일 피고인들 재판 분들 출석 의무 출석 의무 재판정 구체적 혐의 김성훈 사건 공소장 페이지 규모기 가지 형태 종합적 청와대 송철호 울산시장 당선 지방선거 개입 혐의 핵심적 가지 방향 의혹 하명 수사 김기현 울산시장 비위첩보 가공 수집 청와대 개입 하명수사 울산지방경찰청 수사 집중적 선거 영향 목적 부분들 청와대 개입 표적수사 기획 주도 송철호 시장 당선 산재 예비 공공병원 산재 예비 조사 결과 방식 개입 중요 부분들 내부 경선 임동호 임동호 경선 후보자 예비 사람들 경선 참여 단독 경선 후보자 가지 혐의 혐의점들 혐의점 역할들 구성 앵커 혐의 정리 피고인들 혐의 부인 장기화 예상 상황 쟁점 작용 김성훈 쟁점 사안 조금씩 하명수사 입수 경위 가공 경위 법률적 사실관계 가지 핵심적 쟁점 법률적 민정수석실 특감반 반부패실 반부패비서관실 고유 역할 권한 핵심적 쟁점 검찰 지방자치단체장 부분들 비위 첩보 확인 수집 수사 명령 것들 권한 부분들 이례적 위법 판단 법률적 정리 우연 첩보 이첩 전달 수사 가공 수사 하명 명령 종용 부분들 핵심 쟁점 공소장 보도 수사 상황 보고 관리 사실관계 판단들 핵심적 쟁점 나머지 가지 한병 정무수석 임동호 후보 임동호 예상 경선 참여 포기 대가 제안 부분들 핵심적 사실관계 쟁점들 산재 예비 조사 공공병원 예비 조사 시점 사실관계 중심 피고인들 관련자들 참고인들 조사들 결국 치열 앵커 치열 다툼 예상 말씀 재판 진행 재판부 일반적 재판부 심 재판부 부장판사 주심 부장판사 부장판사 배석판사들 동등 부장급 대등재판부 구성 의미 김성훈 사건 법률적 법조계 그동안 정권 수사 재판 중요 정치적 법률적 의미 사건 사건 결과 중요 결과 재판 진행 판단 객관적 신뢰도 중요 사건 특정 부장 판사 특정 주심 판사 역할 성향 평가 것들 사법부 부담 사건 대등재판부 구성 대등재판부 구성 취지 경험 판사들 한편 재판부 상호 눈치 사건 재판 진행 공정성 사법부 차원 신경 인사 앵커 연장선상 부장판사 편향 논란 일각 김성훈 결국 편향 확인 부장 휴직 결국 재판 중요 불편부당 의심 자체 부분들 사건 정치적 법률적 의미 기소 분들 현직 국회의원 분씩 정도 사건 사법부 최소 의혹 자체 재판부 구성 실질적 재판 결과 진행 객관성 공정성 권위 신뢰 담보 의지 표명 앵커 변호사 말씀 여부 결국 편향 사법부 확인 추후 자체 공정 시비 염두 대등재판부 말씀 법원 본격적 재판 시작 결과 예상 김성훈 생각 년 가지 공소장 길이 사건 기록 분량 정도 사건기록 중요 피고인 명 피고인 전략들 사실 변론 전략 피고인 무죄 실질적 사건 재판 공판기일 사람들 증인신문 가능성 최소 최소 년 사건 앵커 최소 심 심 심 피고인 정치권 파장 재판 결과 김성훈 정부 제기 형사사건 정치적 의미 중요성 사건 사건 생각 파장 결국 핵심적 법률적 사실관계 부분들 부분들 증언들 사건 이례적 결정 공소장 추미애 법무부 장관 논란 공판 공소사실 요지 입장 공판기일 핵심적 증인들 증언 보도 하나하나 정치적 파장 앵커 본격적 재판 시작 재판 관심 김성훈 변호사 이야기 말씀 김성훈 감사 부분들 피고인 김성훈 재판부 공소장 공판기일 청와대 사법부 변호사 공판준비기일 임동호 부장판사 공정성 분들 울산 울산시장 사실관계 대등재판부 심 개월
문재인정부,주택,임대료 납부 거부 확산에 영세 임대인 줄파산에 주택시장 붕괴할수도 신종 코로나바이러스 감염증 코로나 여파로 민생고가 커지면서 미국에서 이번 사태가 끝날 때까지 임대료를 내지 말자는 렌트 스트라이크 임대료 파업 운동이 번지고 있다 한편에서는 미국 내에서 주택 임대의 절반을 차지하는 소규모 임대인의 생계 위협에 대한 우려의 목소리가 나오고 있다 일 외신과 부동산 임대료 납부 거부 확산 영세 임대 줄파산 주택 시장 붕괴 감염증 신종 코로나바이러스 코로나 여파 민생고 미국 사태 임대료 렌트 스트라이크 임대료 파업 운동 한편 미국 주택 임대 절반 차지 임대인 생계 위협 목소리 외신 부동산업계 코로나 미국 생계 소득 임차인들 임대인 임대료 감면 요구 매장 기업들 움직 미국 매장 운영 치즈케이크팩토리 코로나 임대료 웬디스 패스트푸드 프랜차이즈 일 절반 매장 임대료 지급 유예 세입자 독촉 메일 임대회사 렌트 스트라이크 운동 세입자들 요구 임대료 인하 캠페인 조직 움직임 운동 렌트 스트라이크 지난달 캘리포니아주 로스앤젤레스 임대 회사 코로나 사태 임대료 미납 퇴거 지연 방침 임차인 임대료 납부 촉구 메일 조직 운동 임대료 납부 거부 세입자들 창문 흰색 트위터 소셜 미디어 렌트 스트라이크 해시태그 임대료 메시지 전파 운동 뉴욕 시카고 샌디에이고 전역 운동 임차료 거부 확대 코로나 사태 세입자들 임대료 감당 위기 상황 단체 미국 세입자 대도시주택협의회 조사 뉴욕 응답자 임대료 뉴욕타임스 뉴욕 임대인 부동산업계 지역 세입자 임대료 상황 대비 그간 미국 사례 임대료 거부 운동 정치 움직임 언론 미국 평가 세입자 집주인 보수 변경 계약 조건 압박 수단 임대료 사례 운동 렌트 스트라이크 사회 거리 와중 운동 조직 지침 상담 전화번호 포함 도구 키트 단체행동 단체 행동 예고 이례적 미국 주정부 임대료 납부 유예 조치 납부 유예 면제 주장 세입자들 정치권 반응 뉴욕주의회 코로나 어려움 개인 소기업 일 임대료 부동산 담보 대출 상환액 탕감 골자 법안 제출 뉴욕주지사 앤드류 쿠오모 뉴욕주 지사 임대료 면제 반대 입장 실현 전망 차지 주택 임대 절반 임대인 지원 사각지대 임대료 납부 거부 운동 확산 미국 임대인 도산 위험 목소리 방송 미국 임대 시장 사이 부동산 소유 임대 업자 차지 비중 절반 만 임대인 부동산 전국 임대 절반 소유 관리 계약 세입자 만 회사 부동산 임대인 세입자 집세 건물 은행 대출 세금 건물 주택 관리비 부대 비용 건물 관리인 조경사 저하 직원 급여 지급 능력 붕괴 주택 시장 재현 연방정부 경기부양책 주정부 대책 개인 기업 지원책 부동산 소유자 지원책 전무 상황 연방정부 임차인 임대료 지원 전세 월세 중심 시장 미국 부동 일시적 대책 실업자 침체 장기 경기 예상 예상 비용 부족 금액 임차인 임대인 도산 위험 임대 단체 반발 지역 임대 임대주택협회 단체 사우스캘리포니아 임대 주택 협회 성명 운동 임대료 거부 임대 주택 업계 영세 사업자 불법적 파괴적 피해 최전선 경제 위기 노동자들 일자리 소득 임대 운동 한국 미국 세입자 조직 한국 임차인 임대인 임대료 요구 임차료증감요구권 필요성 대두 사실 사문 경제 상황 권리 충족 요건 경제사정 변동 효력 발휘 미국 임차인 공개적 요구 임대료 인하 조직 움직임 상황 전문가들 한국 미국 집단 임대료 거부 운동 고준석 동국대 법무 대학원 겸임 교수 한국 운동 임대료 거부 다툼 결국 손해 임차인들 가능성 만큼 행동 영세 임대인 상황 한국 미국 정부 세입자 지원 임대료 임대인 세제 혜택 임대 운동 독려 임대 운동 임대인 선의 운동 임대료 차감 참여 임대인 이분법 기준 운동 참여 영세 임대인 사각지대 비판 미국 정부 대책 임대인 지원책 임대 운동 고준석 교수 임대업 생계 수단 영세 임대인 존재 건물주 인식 각종 지원책 소외 임차인 보호 대의 한쪽 일방 희생 강요 임대료 미국 세입자 임대인 부동산 임차인 코로나 지원책 한국 뉴욕 주정부
문재인정부,주택,수요동물원 악어 씹어먹고 재규어에 맞장뜨는 전설의 블랑카 수달 블랑카 를 아십니까 헐크를 연상케하는 초록색의 몸 우락부락한 근육질 이글거리는 눈매와 짐승 같은 이빨이 떠올려지나요 온몸을 회전하는 공포의 롤킥과 전기뱀장어를 연상케하는 공포의 스파크 공격이 연상되는지요 고개가 끄떡여지면 당신은 년대 전자오락실의 최강자 스트리트파이터 와 함께 학창시절을 보낸 옛 세대일 가능성이 큽니다 그렇지 악어 재규어 맞장 전설 블랑카 수달 몸길 최대 족제비 거대 괴수 피라냐 간식 악어 송곳니 재규어 대 블랑카 헐크 연상 초록색 근육질 눈매 짐승 이빨 온몸 회전 공포 롤킥 전기뱀장어 연상 공포 스파크 공격 연상 고개 전자오락실 스트리트파이터 학창시절 세대 가능성 스트리트파이터 영화 애니메이션 등장 분들 남미 초록색 초인 블랑카 동네 초월 능력 블랑카 존재 사람 족제비계 캡짱 울트라 파워 아마존강 포함 남미 중북부 왕수달 육박 거대 몸집 수달 현존 수달 압도적 몸집 자랑 이빨 맹수 포스 왕수달 북미 울버린 족제비가 파워 덩치 호령 절대양강 소식 서식지 파괴 밀렵 숫자 조사 블랑카 수달 아르헨티나 베르메호강 발견 소식 베르메호강 파라과이 볼리비아 연결 남미 젖줄 브라질 중심 남미 북부 집중 왕수달 영역 남부 시그널 한국 수달 절멸 직전 여의도 모습 스미스 소니언 매거진 가디언 영미 언론 여름 보도 관심 측면 생태 소식 베르메호강 유역 물고기 양서류 파충류 날벼락 소식 식인고기 유명 피라냐 남미 괴어 포함 대로 천상 사냥 마리 하루 어치 사냥감 일대 호령 남미악어 카이만 고양잇 맹수 재규어 강의 제패 호적수 법칙 정반대 수달 법칙 족제비 고기 연명 맹수들 분포 종류 주택가 족제비 나무 담비 숲속 초원 오소리 수달 해달 북미 시베리아 툰드라 호령 울버린 특정 부위 극도 업그레이드 녀석들 스컹크 애완동물 페릿 인간 도축 가축 밍크 영역 그중 적응 력자들 수달 수달들 유라시아 아프리카 남미 하천 포식자 수달 정반대 덩치 환경 종류 덩치 북극곰 몸집 동남 열대우림 꼬맹이 말레이곰 수달 반대 세계 종 수달 기온 남미 밀림 블랑카수달 왕수달 덩치 파워 성질머리면 동족 최강 몸길이 남미 안경곰 수달 비교 정도 얼굴 가슴팍 덩치 생김새 수달종들 구분 별명 강의 늑대 아마존 왕수달 별칭 강의 늑대 파워 성질머리 생활습성 기질 용맹 먹성 덩치 비례 막강 요약 악어 재규어 남미 크로커다일 앨리게이터 가비알 문파 악어 형성 카이만 본고장 카이만 몸길 나일악어 미시시피악어 바다악어 성질 상대적 왕수달 저녁거리 목록 물고기 개구리등 카이 포함 칼날가 이빨 턱힘 악어 비늘 껍데기 악어 내용물 왕수달 강의 늑대 까닭 늑대 가족 단위 생활 영역 표시 마리 집단 집단 집단 사이 영역 구분 배설물 포함 분비물들 영토 구분 울음소리 소통 맹수들 악어 남미 최대 고양잇 맹수 재규어 대적 카이만 왕수달 대결 남미 약육강식 중요 서사 해리포터 볼드모트 카이만 왕수달 하늘 불구대천 원수 이야기 수달 카이 최대 위협 동영상 위협 선제적 제거 무리 협업 카이 제거 장면 자신 몸집 거대 성체 카이 상대 무리 왕수달들 반복 지구력 소진 마릿수 결국 익사 목숨 카이 수달 무리 저녁 밥상 희생 제단 싸움 수달들 희생 적수 남미 최대 고양잇 맹수 재규어 무리 사냥 제압 재규어 대 곤경 동영상 수달 무리 전투력 막강 무리 거리 물가 수달 재규어 저항 모습 남미 강가 정글 맹수 왕수달 카이만 재규어 생존싸움 지속 성사 블랑카 드림 매치 울버린 남미 블랑카 수달 북미 끄트머리 울버린 개인적 족제비 거대 괴수 상상 착각 정도 몸집 앞발 공격 일품 울버린 철갑 송곳니 날랜몸동작 왕수달 자리 혈투 극단적 기후변화 상상속 가능 성사 관중들 방독면 착용 파워 냄새 악명 항문분위 냄새 자신 존재감 무리 족제비 공통 특징 울버린 시체 수달 비린내 수달 남미 왕수달 재규어 울버린 블랑카 카이만 카이 북미 베르메호강 스트리트파이터 성질머리 마리 피라냐 송곳니 몸길이 몸길 전자오락실 맹수들 포식자 대
문재인정부,주택,신년 기자회견 개혁원년 당 맹폭 김병민 경희대학교 객원교수 이종훈 정치평론가 노영희 변호사 앵커 추미애 대표가 신년 기자회견을 열고 개헌을 비롯해 본격적인 개혁 드라이브에 시동을 걸겠다고 밝혔습니다 최소 년 집권 비전까지 강조하면서 야 당에서는 혹평이 쏟아지고 있습니다 전문가 세 분을 모셨습니다 김병민 경희대 객원교수 이종훈 정치평론가 그리고 신년 회견 개혁 원년 맹폭 김병민 경희대학교 객원 교수 이종훈 정치평론가 노영희 변호사 앵커 추미애 대표 신년 회견 개헌 본격적 개혁 드라이브 시동 최소 집권 비전 강조 혹평 전문가 객원교수 김병민 경희대 객원 교수 이종훈 정치 평론가 노영희 변호사 인터뷰 안녕 앵커 추다르크 신년사 주제어 앵커 혁신 계획 키워드 추다르크 신년사 정당 혁신 최소 집권 비전 개헌 당론 확정 지대 개혁 로드맵 제시 신년사 최소 집권 비전 야당 인터뷰 집권 초기 홍문종 의원 새누리당 사무총장 논란 앵커 인터뷰 얘기 얘기 야당 년 집권 논란 총선 석 제시 얘기 장기 집권 정권 사실 과욕 국민 여론 추미애 대표 신년사 포함 국정 전반 포함 원래 신년사 화두 개혁원년 한반도 평화 시작 양극 해소 본인 주장 지론 지대개혁 포함 개헌 얘기 지방분권 정부개혁 정당혁신 정도 포함 신년사 사실 의외 핵심 보수 야당 보수 언론 비판 포함 협조 지적 야당들 상황 앵커 과거 보수 야당 집권 년 얘기 노영희 변호사 년 인터뷰 년 년 말씀 취지 이해 사실 그동안 문재인 정부 촛불정권 형성 소리 국민 대다수 응원 배경 이야기 야당들 여당 정부 협조 불만 말씀 기선제압 메시지 전달 의도 을까 생각 신년사 말씀 야당 반발 여당 대표 신중 생각 앵커 일각 개헌 염두 계산 숫자 시각 인터뷰 얘기 중임 문재인 대통령 집권 년 집권 보통 재선 성공 경우들 상정 얘기 신년사 개헌 얘기 얘기 사실 계기 추미애 추구 지방선거 승리 정당 혁신 나름 정치 생명 모습들 본인 성과물들 바탕 집권 가능 비전 제시 추미애 대표 자신감 표현 생각 앵커 야 당 집중적 비난 화살 야 당 반응 정당 얘기 추미애 대표 현실 인식 소시오패스급 얘기 신년사 망상 수필 북한 야당 강도 비판 여당 대표 신년사 야당 독재 호헌 세력 신년사 집권당 책임감 여당 포용력 비판 한국당 비판 측은 표현 촛불혁명 적폐청산 측은 마음 청와대 하명 의존 대표 실망 소득세 법인세 세금폭탄 주도 거래세 보유세 과세 강화 정책 인상 부동산 세금 주도 비판 국민 오만 극치 비판 대표 집권 비전 운운 정권 연장 청와대 합작 연장 제왕 대통령 촛불 배신 국민 심판 비판 대표 신년사 개헌 강조 야당 전두환 인터뷰 년도 영화 흥행 년 쟁점 호헌 개헌 전두환 대통령 호헌 헌법 고수 통일주체국민회의 대통령 선출 체제 고수 대통령 임기 년 유지 이야기 세력들 민주 세력 개헌 요구 상황 상황 어게 상황 보수 야당 호헌 결국 역사 수레바퀴 행동 일종 프레임 프레임 야당들 반대 가지 눈길 국민 개헌 비판 반대 전선 국민 앵커 국민 보수 야당 인터뷰 대표 결국 추미애 규정 보수 야당 보수 야당 반응 모습 특이 말씀 앵커 개인적 대표 가지 강조점 가지 강조 추미애 지대개혁 강조 당내 호응 인터뷰 지대개혁 얘기 보유세 그다음 거래세 세제 개혁 거래세 방향 부동산 거래 활성화 부자들 제도 부동산 임대차 개혁 대표 이야기 부동산 정책 사실 정부 기조 대책 부동산 강남 송파 잠실 양극화 현상 대다수 전문가들 의견 정도 조율 의견 중요 중요 얘기 키워드 중요 대표 얘기 분들 보유세 걱정 전체적 평등 측면 과세 전체적 사람들 확산 사람들 방식 얘기 앵커 창업 실패 얼마 얘기 임대료 속사정 얘기 지대개혁 강조 개인 대표 생각 시각 탄력 인터뷰 연설 원내 교섭 단체 연설 지대 개혁 얘기 지방선거 서울시장 출마 얘기 결국 선택 년 직위 결국 사람들 예상 대권 도전 가능성 분석들 당대표 정치인 추미애 상징적 이미지 문재인 정부 추구 소득 주도 성장 결국 사회 양극 해소 불가능 소득 주도 성장 결정적 지대개혁 해결 불가능 선봉적 이미지 전략 생각 지방선거 임기 지대개혁 홍보 가능성 생각 앵커 얘기 김병민 교수 이종훈 평론가 예상 적중 과거 지대개혁 대권 프로젝트 인터뷰 대권 비전 본인 앵커 구체화 인터뷰 용기 지대개혁 국민들 관심 전문가들 전문가들 화두 대선 승산 추미애 대표 헤어 스타일 화장 앵커 이마 인터뷰 화장 사실 신년사 대표 변신 눈길 지대개혁 배치 개헌 이야기 본인 대권 선언문 낭독 느낌 앵커 비전 집권 그림 인터뷰 차례 얘기 생각 개인적 지대개혁 사실 대표 이야기 초과다보유 부동산 보유자 과세 이야기 초고소득자 초대기업 증세 연장선 일반 국민 대상 보유세 인상 강조 사실 접근 강남 집값 강남 진입 상황 유발 설계 생각 인터뷰 대표 얘기 의미 사실 중요 얘기 복지 로드맵 정부 문재인 세금 얘기 대표 초고소득자들 핀셋 증세 얘기 주택 주택 사람 사람들 대상 얘기 얘기 본인 민주당 여당 정책 방향 앵커 문재인 정부 민주당 비전 추미애 대표 본인 대권 비전 대목 정당 얘기 김병민 교수 정당 패닉 멘붕 얘기 인터뷰 집단 멘붕 얘기 김세연 의원 탈당 석 명 완전체 표현 의원 박인숙 탈당 사전 조율 당내 의원들 교감 사전 신호 행사 참석 기습 선언 한국당 복당 가지 생각 본인 지역구 송파갑 지역 보수적 지역 지방선거 지역 이슈 남경필 지사랑 김세연 의원 탈당 한국당 한국당 환영 한국당 상황 것들 일맥상통 상황 통합 정당 진통 예고 바른정당 국민 집단적 정신 충격 상황 앵커 유승민 대표 얘기 인터뷰 유승민 대표 상황 박인숙 의원 제주도 원희룡 지사 정작 상대 파악 상황 정당 내부 분위기 앵커 원희룡 지사 제주 사이 박인숙 의원 상황 바른정당 석 인터뷰 앵커 미니정당 인터뷰 초미니정당 원래 그동안 한동안 원내교섭단체 유지 교섭 단체 유지 국회 운영 국회 가지 의안 개입 격차 정당 후원금 석 석 이야기 자리 숫자 자리 자리 어감 흐름 형성 중요 흐름 년 창당 한편 이야기 지도부 결국 의원들 소속 의원 관리 지도력 위기 리더십 위기 이야기들 시작 유승민 대표 리더십 가지 의구심 제기 상황 이학재 의원 유승민 대표 리더십 얘기 당내 확산 여지 유승민 대표 리더십 흐름 사실 탈당 수도권 의원들 심적 동요 의원들 이학재 의원 이학재 의원 후회 앵커 원희룡 지사 인터뷰 흐름 원희룡 지사 정당 이름 출마 가능성 무소속 얘기 남경필 지사 탈당 얘기 차례 정당 이름 선거 얘기 현실 상황 추가 발생 가능성 생각 앵커 노영희 변호사 의석수 제 한국 차이 인터뷰 여당 석 자유한국당 석 석 여당 입장 나중 국민 얘기 얘기 가능성 상황 국민 정당 불투명 분들 분들 결국 마이너스 통합 정체성 민주당 안심 상황 여당 입장 생각 전략적 생각 앵커 의원 박지원 국민의당 상황 박인숙 의원 정당 한국당 복당 유승민 의원 대표 꼬마 바른정당 안철수 의원 한국당 원내 도우미 사실 도우미 결과적 인터뷰 통합 정당 의석수 한국당 몸집 얘기 한국당 무소속 이정현 의원 이정현 의원 원내 지위 회복 박지원 의원 얘기 국민 통합 마지막 결정 통합 의원들 기대감 가지 통합 국민 반응 그동안 수치 가지 여론 조사 결과 상황 여론 조사 수치 정당 의원 추가 상황 통합전 기간 정당 의석수 추가 붕괴 시작 국민 안철수 대표 앵커 추가 붕괴 정도 인터뷰 한국당 나름 의원 이학재 의원 마지막 지리산 종주 고심 결단 통합 역할 통합정당 전제조건 전제 추가 러시 사실 상황 여론 조사 결과 영향 생각 앵커 통합 추진 입장 안철수 대표 상황 상황 평창 동계 올림픽 한반도 사용 여부 얘기 앵커 태극기 얘기 유승민 의원 대표 생각 유승민 대표 태극기 얘기 이해 인터뷰 말씀 동서 화합 말씀 사실 당내 동서 화합 사실 국민의당 기조 사실 한반도기 논평 한반도기 활용 태극기 형태 개최 개최국 입장 표현 방법 정도 논평 안철수 대표 반대 이야기 입장 결국 집권 여당 야 당 요즘 보수 국민 보수 정당 분류 인식 조율 보수화 우향화 합당 급변 태도 국민들 말씀 앵커 국민 통합 대표 비전 통일 이야기 이해 인터뷰 비전 스스로 스스로 다짐 시점 대표 본인 마음상태 정당 국민의당 얘기 국민적 열망 평창올림픽 우리나라 상징 생각 태극기 의미 평창올림픽 성공적 북한하 생각 원래 개인 표현 유승민 의원 통합 시점 의견 모순적 생각 본인 입장 인공기 반대 얘기 멘트 사실 대표 한반도기 정도 생각 얘기 마인드 것들 인터뷰 주장들 보수 야당 주장 모순 게요 태극기 대표단 북측 대표단 인공기 허용 상황 이야기 생각 앵커 대표 얘기 인공기 태극기 이해 김병민 교수 이해 인터뷰 생각 인공기 논리 모순 북한 평창동계올림픽 참여 자국 국기 한반도기 사실 평창동계올림픽 얘기 앵커 박지원 의원 표현 무뇌 상태 얘기 인터뷰 안철수 대표 입지 상황 얘기 유승민 대표 통합 찬성 본인 정치 색깔 통합 생각 추호 안철수 대표 얘기 본인 통합 실패 정치 생명 한국 얘기 인터뷰 지구 인터뷰 지구 하태경 의원 본인 한국 코드 대표 결국 전당대회 전당 대회 통합 찬성표 호남 의원들 중재파 의원 표심 안철수 대표 곤혹 처지 사실 앵커 대표 속내 유승민 대표 하태경 의원 언론 인터뷰 얘기 앵커 하태경 의원 얘기 얘기 대표 대표 상황 인터뷰 사실 결정적 순간 정신 사실 오해 발언 정치력 부족 연관 생각 사실 안철수 대표 무리수 당내 당헌 당규 개정 전당대회 상황 나중 수습 사실 걱정 분들 안철수 대표 지지 사람 걱정 유승민 대표 이야기 명분 모양새 통합 시너지 효과 시너지 효과 국민의당 가지 악재 정당 영향 얘기 안철수 대표 단계 재고 재고 앵커 통합열차 출발 사람 정당 꼬마정당 상황 대표 대표 한국당 얘기 인사회 신년 문전박대 사람 주제어 앵커 홍준표 대표 예견 언론 류여 최고 위원 문전 박대 보도 노영희 변호사 제명 본인 재심신청 참석 법적 인터뷰 원래 확정 본인 이해 권리 것들 절차 유지 자유한국당 당헌당규 얘기 확정 제명 나중 재심청구 재심 나중 소급 절차 제명처분 참석 자격 자유한국당 앵커 최고위원 본인 입장 참석 최고위원 재심 제명 확정 자유 한국당 당원 최고위원 대표 여성분 뒤통수 손톱 대로 한국당 홍위병 표현 사당 민낯 비판 본인 최고위원 정체성 인터뷰 생각 본인 예고 재심 청구 재심 청구 한국당 특별 반응 앵커 논의 인터뷰 노영희 변호사 말씀 자유 한국당 당헌 당규 윤리 위원회 규정 최고 위원회 의결 확정 제명 확정 윤리위원회 규정 재심 청구 한국당 입장 류여 최고위원 제명 판단 류여 최고위원 홍준표 대표 홍문표 사무총장 과거 본인 최고위 업무방해죄 형사고소 본인 심경 한국당 지방 선거 형태 본인 정당 생각 측면들 앵커 이종훈 평론가 제명 조치 비판 신년인사회 소동 의견 인터뷰 사실 류여 최고 상황 류여해 최고 홍준표 대표 악몽 출몰 생중계 방식 대표 체제 제기 홍준표 대표 홍준표 대표 지지 친홍계 지도부 대표 대표 결정 나중 평가 당원 정서 사실 류여 최고 전당대회 등 선출 당내 지지기반 인물 류여 최고 활용 생각 앵커 결말 문전박대 형태 관심 대목 한국당 홍준표 대표 언론 류여 얘기 보도 신년사 녹취 준비 얘기 홍준표 대표 앵커 대표 요즘 험지 문재인 정부 전략 인터뷰 집권 정부 견제 균형 야당 대북정책 사법개혁 개혁 날선 모습들 사실 얼마 월 당장 지방 선거 지방선거 상황 대중 호응 상황 여당 후보군 후보군 상태 대표 보수 정책 효과 걱정 정도 시점 지방 선거 모드 전환 공세적 후보군들 중도진영 표심 확보 노력들 가지 정책 노력 생각 인터뷰 자유한국당 상황 흐름 자유한국당 국민 통합 한쪽 한쪽 세력 집결 모습 문재인 정부 가지 적폐 청산 것들 피로감 사람들 조금씩 것들 응원 분들 이탈 움직임 집결 본인들 정체성 국민들 지방선거 정도 성과 앵커 지방선거 한국당 식구 상황 대표 전략 객원교수 김병민 경희대 객원 교수 이종훈 정치 평론가 노영희 변호사 한국당 신년사 추미애 부동산 지대개혁 안철수 의원들 문재인 김병민 지방선거 유승민 자유한국당
문재인정부,직무,버닝썬 파장 어디까지 다섯 가지 쟁점 진행 이광연 앵커 출연 이웅혁 건국대 경찰학과 교수 전지현 변호사 아래 텍스트는 실제 방송 내용과 차이가 있을 수 있으니 보다 정확한 내용은 방송으로 확인하시기 바랍니다 앵커 클럽 버닝썬의 폭행 사건으로 촉발이 된 이른바 승리 게이트 파장 걷잡을 수 없이 커지고 있습니다 성매매 알선부터 불법 촬영과 유포 또 경찰과 유착 버닝썬 파장 가지 쟁점 진행 이광연 앵커 출연 이웅혁 건국대 경찰학 교수 전지현 변호사 텍스트 실제 방송 차이 방송 확인 앵커 클럽 버닝썬 폭행 사건 촉발 파장 승리 게이트 성매매 알선 불법 촬영 유포 경찰 유착 쟁점 수사 전망 이웅혁 건국대 경찰학 교수 전지현 변호사 안녕 사건 정리 쟁점별 사안 사태 피해자 클럽 폭행 피해자 시작 당사자 얘기 한번 시작 김상교 폭행 신고자 사건 당일 녹취 사람 사람 사람 클럽 클럽 앵커 정도 폭행 사건 그다음 승리 얘기 승리 번째 클럽 경찰 유착 의혹 경찰관 입건 상황 이웅혁 전직 경찰 사람 며칠 구속영장 청구 결국 영장 발부 혐의 자체 미성년자 출입 경찰 클럽 중간 역할 연결고리 브로커 역할 만 수수 경찰관들 알선 알선 수재 혐의 경찰 통화 정황 범죄 소명 영장 발부 현직 경찰관 입건 입건 피의자 지위 범죄 시작 범죄등재부 기록 공식적 수사 절차 혐의 자체 일반적 사건 처리 청소년 만 결제 부모 신고 증거 무혐의 통상적 수사 청탁 청탁 공무원 직무유기 혐의 금전적 대가 수사 대상 혐의 처리 공무원 의도적 직무유기 혐의 현직 경찰관 입건 상황 앵커 직무 유기 혐의 입건 상황 경찰 유착 거론 인물 단톡방 거론 경찰총장 수사 전지현 경찰총장 총경 수사 입건 예정 입건 상황 본인 친분관계 인정 청탁 이야기 단톡방 대표 언급 휴대폰 제출 청탁 문자 당사자 휴대폰 제출 휴대폰 장부 운전기사 측근 주변인 소환 조사 생각 총경 프로필 하급 경찰 경찰 요직 엘리트 보직 관리 개인 신상 관리 자리 주위 청탁 조심 김형준 부장 사건 진경준 검사장 상대방 고등학교 동창 대학교 동창 대표 사람 총경 연결고리 나이 차이 연결 연결고리 친분관계 연결 중요 생각 연결고리 권력 배경 총경 사람 생각 골프장 골프 명 명 소환조사 생각 앵커 휴대폰 변호사님 기록 가능성 개연성 수사 방향 말씀 총경 입장 이야기 총경 일 조사 조직 생각 정준영 정준영 말씀 사실 사실 앵커 유리홀딩스 대표 친분 거래 입장 변호사님 다각도 수사 교수님 시점 중요 이웅혁 결국 인간적 사회적 친교 공무원 이용 유형 무형 영향력 행사 결국 수사 후자 방점 시점 강남경찰서 생활 안전 과장 버닝썬 유흥업소 영향력 행사 요직 접수 신고가 처리 주무과장 역할 총경 윤경정 위반 청소년 보호 식품 위생품 위반 결정적 역할 총경 행적 결국 총경 승진 민정수석실 근무 그다음 경찰청 인사 역할 중요 과장 사실 총경급 핵심적 영향력 행사 사람 총경 매개 영향력 행사 상급 부하직원 일정 영향력 행사 구체적 증거 확보 생각 버닝썬 수개월 건 수개월 접수 신고가 신고 처리 원래 원칙 특정시간대 특정경찰관 집중 접수 종료 신고 접수 대장 처리 결과 공정성 총경 근무 버닝썬 특혜 종합적 간접적 증거들 범죄 소명 생각 앵커 경찰 유착 의혹 정도 번째 결국 클럽 마약 투약 유통 성폭행 의혹 버닝썬 촉발 의혹 전반 강남 클럽 확대 상황 전지현 클럽 탈세 각종 폭행 마약 것들 탈세 얼마전 보도 만수르 세트 것들 현금 결제 현금 지갑 사람 속칭 사람들 현금 카드 현금인출기 현금 계좌 이체 형식 현금 소득 누락신고 가능 탈세 정준영 단톡방 정준영 이야기 밀당 포차 업종 신고 제재 관할관청 이야기들 클럽 운영 업종 유흥주점업 신고 부가가치세 탈세 탈세 얼마 보도 클럽 아레나 실사업주 해외 페이퍼컴퍼니 비자금 조성 이야기 그다음 클럽 마약 마약유통 신종 마약 손님 의심 마약 단계 수사 흡입자 검거 그다음 유통 경로 보통 추적 마약 유통 유통경로 그다음 폭행 폭행 클럽 사고들 클럽 아레나 폭행 마약 성폭행 추행 건 버닝썬 건 폭행 마약 집계 광범위 유착 개개클럽 탈법행위 앵커 클럽 영업 직원 성범죄 판결 정리 그래픽 준비 교수님 설명 이웅혁 범죄 온상 의문 판결문 영업직원들 영업팀장들 자료 클럽 아레나 직원 만취 손님 성폭행 징역 실형 선고 버닝썬 영업 팀장 징역 집행 유예 여성 성폭행 시도 감금 혐의 자유 자체 각종 범죄 온상 그다음 클럽 가지 탈세 정황 자체 국세청 연관 국세청 비호세력 의혹 대목 탈세혐의 억 정도 실제 소유주 혐의 적용 바지사장 적용 경찰 국세청 압수수색 몽키뮤지엄 원래 댄스 유흥업소 허가 등록 소매업 등록 승리 얘기 법규정 한국법 냉소적 태도 카톡 세금 탈루 길거리 범죄 화이트컬러범죄 조세 포탈 혐의 강남 클럽 중심 앵커 가수 승리 해외 투자자 성접대 의혹 조사 대상자 포토라인 경찰 포토라인 얘기 승리 일 가수 지난달 실망 말씀 의혹 진상 규명 성실 조사 승리 가수 일 조사 정식 병무청 신청 입영 연기 생각 허락 입영 날짜 연기 마지막 성실 조사 모습 조사 휴대폰 경찰 제출 제출 휴대폰 제출 버닝 의혹 소유주 생각 앵커 현장 기자들 버닝 실소유쥬 의혹 생각 질문 상황 승리 입대 논란 지난주 변호사님 얘기 승리 허락 단서 의미 전지현 승리 병무청 승리 신청 입대 연기 허가 입대 연기 가능 허락 단서 수사 입대 연기 근거 허락 예정 질병 재난 심신장애 기타 사정 연기 규정 승리 기타 사정 연기 병무청 재량 허락 얘기 병무청 법적 검토 보도 과거 수사 연기 허용 사례 병역 의무 국가 수사 전문가들 승리 연기 허가 긍정적 입장 앵커 일 날짜 입대 예정 교수님 단계 승리 물론 정준영 사건들 수사 일 입대 수사 차질 일반적 시각 예상 시점 병무청 판단 이웅혁 입대 수사 추동력 상실 국방부 경찰청 협력 일상적 수사 강제수사 헌병 인적 증거 확보 경찰 시설 일정 허가 추동력 상실 당사자 입장 승리 입장 입영 재판 종국적 군사재판 가지 방어 행사 차원 민간인 신분 유리 판단 생각 경찰 입장 사안 구속 성공 구체적 수사 생각 표면상 성범죄 알선 도박 모습 이면 마약 유통 버닝썬 실제적 운영 탈세 정관계 뇌물공여 혐의 가능성 경찰 수사 구속영장 생각 청구 계획 추정 앵커 등장 인물 가수 정준영 최종훈 거론 상황 불법촬영 공유 단톡방 공유 사건 사건 사람 얘기 정준영 가수 일 생각 조사 진술 회자 황금폰 제출 말씀 물의 경찰총장 조사 결과 불법 촬영물 혐의 인정 경찰총장 최종훈 멤버 아일랜드 멤버 경찰 조사 사회적 물의 조사 인정 동영상 유포 혐의 음주 운전 보도 경찰 청탁 인정 부탁 메시지 생일 축하 경찰 피해자들 말씀 앵커 예능프로그램 가요 프로그램 시청자분들 모습 공인들 모습 몰카 단톡방 사실 충격 며칠 생각 년 개월 확인 피해자 여 구속영장 신청 가능 전지현 구속영장 청구 확인 피해자 명 년 개월 이용 가능성 피해자 명 플러스알파 가능성 감안 피해자 명 동영상 유포 촬영 유포 년 징역 범죄 정도 차후 피해자 가능성 구속영장 신청 정준영 단톡방 수면제 강간 여성 얘기 것들 명예훼손적 혐의 몰카 성폭행 성폭력 그다음 명예훼손 추가 앵커 사건 시간관계상 기사 마무리 배우 차태현 개그맨 김준호 불법 내기 골프 의혹 사건 이웅혁 수사 단톡방 경찰 수사 단서 시작 도박 결국 불법 내기 골프 혐의 만 돈다발 뭉치 김준호 만 시간 결국 나인홀 해외 골프 불법 도박 당사자 얘기 중요 당사자들 얘기 흥미 나중 결국 도박죄 혐의 방어 생각 만 액수 자체 일반 평균액 오락 도박 여지 문제점 상영 자체 장기간 중지 상태 껍질 결국 양파 연예인 가지 범죄 비행 이야기들 일파만파 확산 형국 생각 앵커 불법 촬영물 공유 시작 단톡방 사건 결국 불법 내기 골프 의혹 버닝 의혹 쟁점 정리 이웅혁 교수 전지현 변호사 버닝썬 이웅혁 그다음 단톡방 피해자 정준영 성폭행 전지현 병무청 휴대폰
문재인정부,직무,인재경영 아시아나항공 매년 핵심 인재 선발해 국내외 위탁 교육 아시아나항공은 최고의 안전과 서비스를 통한 고객만족 이라는 경영이념을 바탕으로 인재 양성 노력을 기울여 왔다 국내외 유수 대학 경영전문대학원 에 자체 선발한 핵심 인재를 위탁 교육해오고 있는 것도 그 일환이다 아시아나항공은 매년 핵심 인재로 선발된 대리 과장급들이 미국 중국 일본에서 년간 해외 과정을 수료할 수 있도록 지원 아시아나항공 선발 핵심 인재 위탁 교육 아시아나항공 최고 안전 서비스 고객만족 경영이념 바탕 노력 인재 양성 유수 대학 경영 전문대학원 자체 선발 핵심 인재 위탁 교육 일환 아시아나항공 핵심 인재 선발 대리 과장급들 미국 중국 일본 년 해외 수료 지원 연세대 고려대 서강대 기회 제공 항공업계 운영 직무 전문가 자체 육성 과정도 여객 화물 공항 서비스 직원 대상 예약 운임 발권 탑재관리 화물 탑승수속 수하물 평가 급 자격 부여 아시아나항공 추구 인재경영 인재 선발 육성 조직 활성 가족 친화 경영 안전 서비스 교육 향상 조직 만족도 포함 고교생 학부모 대상 입시 진로 전문가 초청 진로설명회 대표 사례 중학생 자녀 대상 자녀 교실 직원 대상 교양강좌 공항 격납고 지점 진행 오피스 요가 커피 핸드드립 아시아 단편 영화제 상영 프로그램 제공 사회 산업 혁명 월 캐빈 승무원 훈련 기종 실습 가상현실 교육 승무원들 실제 탑승 기내 체험 임직원들 현장 자택 사내 제공 직무교육 활용 사이버 캠퍼스 업그레이드 아시아나항공 승무원 전문가 캐빈 만족도 과정도 가상현실 중학생 핸드드립 미국 임직원 탑재관리 중국 급 임직원들 아시아 수하물 연세대 고교생 일본 과장급들 고려대 항공업 설명회 영화제
문재인정부,직무,통합당 지지도 상승 총선 후 최고치 민주당과는 미래통합당 지지도가 주일 새 포인트 올라 총선 이후 가장 높은 지지도를 기록했다는 여론조사 결과가 일 나왔다 반면 더불어민주당은 총선 뒤 가장 낮은 지지도가 나왔다 한국갤럽은 지난 일 전국 만 세 이상 명을 대상으로 조사한 결과 신뢰수준에 표본오차는 포인트 민주당 지지도는 지난주보다 포인트 하 통합 지지 상승 총선 최고치 민주당 미래 통합 지지도 주일 포인트 지지도 기록 여론 조사 결과 일 더불어민주당 총선 지지도 한국갤럽 일 전국 세 명 대상 조사 결과 신뢰수준 표본오차 포인트 민주당 지지도 지난주 포인트 하락 포인트 상승 정의당 집계 민주당 여당 역할 응답 기록 민주당 지지 긍정적 평가 통합당 야당 역할 통합 지지 긍정적 평가 부정 평가 한국갤럽 통합 지지 상승 행보 유권자들 호응 정부 여당 불만 견제 심리 표출 현상 문재인 대통령 직무 수행 긍정 평가 지난주 부정 평가 포인트 갤럽 중앙 선거 여론 조사 심의 위원회 홈페이지 참조 민주당 지지도 통합당 홈페이지 한국갤럽 세 문재인 표본오차 유권자 신뢰수준 정의당 유권자들 갤럽 위원회 더불어민주당 최고치 주일 포인트 평가 상승 지지 총선 통합 결과 조사 역할 여당 기록 여론 긍정적 긍정
문재인정부,직원,억대 연말정산 사업 납품비리 삼성 전 임직원 등 재판에 법원 정보화 사업 입찰비리 에 이어 국세청의 억원대 홈택스 연말정산 등 정보화 사업에서도 납품비리가 있었던 것으로 드러났다 검찰은 연루된 삼성에스디에스 전 임직원 등 명을 배임수재 등 혐의로 재판에 넘겼다 서울중앙지검 공정거래조사부 부장 구상엽 는 국세청 정보화 사업의 전산장비 납품과정에서 특정 업체에 특혜를 주고 억원대 억 납품비리 연말 정산 사업 납품 비리 삼성 임직원 재판 법원 정보 사업 입찰 비리 국세청 억 원대 홈택스 연말정산 정보 사업 납품비리 검찰 연루 삼성에스디에스 임직원 명 배임수재 혐의 재판 서울중앙지검 공정 거래 조사부 부장 구상엽 사업 국세청 정보 전산 장비 납품 특정 업체 특혜 억 원대 금품 삼성에스디에스 명 전산 업체 임직원 배임수재 혐의 구속기소 일 검찰 전산장비 구입 청탁 원대 금품 명 납품업체 관계자 배임수재 혐의 불구속기소 국세청 억 원대 정보 사업 홈택스 연말정산 참여 업체 삼성에스디에스 임직원들 중심 카르텔 형성 역할 중간업체 고가 단계 전산 장비 공급 설계 보완 용역 실체 거래 방식 납품단가 조사 삼성에스디에스 임직원들 납품업체들 거래 단계 부탁 원대 금품 사업 국세청 발주 수주 컨소시엄 업체 입찰 업체 금액 반영 원가 산정 검찰 입찰비리 법원 정보 사업 입찰 비리 가담 전산업체 조사 사업 비리 국세청 정보 사업 포착 법원 정보 사업 입찰 비리 법원 주사보 출신 퇴직 전산 장비 납품업체 설립 법원 행정처 직원 뇌물 억 원대 사업 법원 발주 독점적 수주 사건 법원 연루 현직 법원 공무원 명 징역 중형 선고 남씨 입찰 국세청 사업 입찰 자신 업체 거래 단계 뇌물 조사 검찰 법원 사업 국세청 정보 사업 비리 사건 업체 납품가격 이윤 확보 갑을관계 법원 공무원 업체 관계자 금품 수수 결국 국민 세금 국고 지출 수사 재판 공직기강 임재우 임재우 국세청 임직원 납품업체 전산장비 삼성에스디에스 전산업체 관계자 연말정산 납품비리 임재우 서울중앙지검 공무원 명 억 입찰비리 삼성
문재인정부,직원,시리아서 잔당 공격으로 여 명 사망 시리아 남서부에서 수니파 무장조직 잔당의 공격으로 대규모 인명피해가 발생했습니다 시리아내전 감시단체 시리아인권관측소는 현지 시간 일 시리아 남서부 스웨이다 곳곳에서 연계조직의 자살폭탄 공격 등으로 지금까지 명이 사망했다고 밝혔습니다 시리아인권관측소는 조직원 명이 스웨이다 시에서 몸에 두른 폭탄 벨트를 터뜨렸고 스웨이 시리아 공격 잔당 여 사망 시리아 남서부 수니파 무장 조직 잔당 공격 인명 피해 발생 시리아인권관측소 시리아 내전 감시 단체 시리아인권 관측소 현지 시리아 남서부 스웨이다 연계 자살 폭탄 공격 명 사망 시리아인권관측소 명 조직원 스웨이다 폭탄 벨트 스웨이 북쪽 동쪽 마을 폭발 사망자 명 사망자 민간인 나머지 친시리아 파악 명 자살 폭탄 테러리스트 포함 명 조직원 사망 시리아인권관측소 러시아 시리아 연합군 국경 지역 자리 연계 공격 거점 동부 지역 남서부 국경 점령지 유지 시리아 스웨이다 남서부 조직원 시리아인권관측소 사망자 관측소 수니파 점령지 시리아인권 친시리아 스웨이 민간인 명 명 러시아 연합군 여 시간 공격 사망 잔당 조직 폭탄 국경 테러리스트 지역 연계 자살
문재인정부,직원,우한 폐렴 제주 중국 관광객 제주서도 발열 방역 비상 제주서 머물던 일 시내 약국서 해열제 구입 확인 우한 출신으로 항저우 거쳐 제주 입국한 것도 확인 박 일간 우도 일출봉 면세점 주요 관광지 동선 확인 제주 여행을 마치고 귀국 후 우한폐렴 신종 코로나바이러스 감염증 확진 판정을 받은 대 중국인 여성 관광객이 제주에서부터 증상을 보인 것으로 확인됐다 이 관광객이 제주에서 해열제를 폐렴 관광객 제주 중국 제주 발열 방역 비상 제주 약국 시내 확인 해열제 구입 출신 제주 입국 확인 박 일간 우도 일출봉 면세점 확인 관광지 동선 제주 여행 귀국 폐렴 신종 코로나바이러스 감염증 확진 판정 중국인 여성 관광객 제주 증상 확인 관광객 제주 해열제 구입 확인 제주도 방역 비상 제주도 중국 출신 여성 관광객 중국 춘추항공 직항 노선 우한 항저우 관광 목적 제주 방문 씨 무사증 입국 개별 관광객 무사증 입국 관광 목적 제주 외국인 비자 입국 일 합법적 체류 제도 제주 닷새 체류 양저우 씨 중국 도착 증상 발열 격리 조치 정부 중국 확진 판정 증상 상태 씨 신종 코로나 확진 사실 중국 춘추항공사 제주지방항공청 확인 제주지방항공청 제주도 국토부 씨 사실 제주 방문 사실 폐렴 확진 전파 제주도 질병관리본부 통보 관리 대상 답변 제주도 이날 동선 확인 결과 제주시 누웨마루거리 위치 약국 해열진통제 구입 사실 확인 누웨 번화가 연동 최대 중국인들 쇼핑 거리 약사 약국 제주도 방역 면담 씨 약국 확인 결과 기침 해열제 성분 해열진통제 제주도 씨 중국인 관광객 기침 가래 증세 씨 제주 접촉 사람들 확인 분석작업 철야 작업 돌입 제주도 씨 해열진통제 구입 약국 약국 협조 임시 휴업 조치 제주도 씨 양저우 직항편 제주 출신 우한 항저우 제주 확인 제주도 중국인 관광객 제주 여행 동선 공개 제주도 제주 도착 제주시 연동 소재 플로라호텔 투숙 씨 일 여 중국인 관광객 승합차 이용 관광 조천읍 에코랜드 산굼부리 우도 우도 점심식사 성산일출봉 제주시내 제주시 연동 저녁식사 숙소 일 롯데면세점 신라면세점 쇼핑 전문점 인근 치킨 점심식사 시내버스 제주시 도심 칠성통 이동 구경 일 버스 이용 한라산 고지 도두동 해안 도로 이동 카페 점심식사 숙소 이날 식사 식당 숙소 인근 관광객들 인근 중국인 관광객 쇼핑거리 누웨마루거리 산책 편의점 물건 구입 숙소 여행 마지막 일 시내버스 이용 공항 이동 이날 동선 공개 관광객 롯데면세점 신라면세점 즉시 휴업 씨 투숙 명 호텔 직원 신원 확인 격리 제주 제주도 관광객 중국 씨 중국인 제주시 해열제 우도 양저우 점심식사 누웨마루거리 시내버스
문재인정부,청년,뉴스 열어보기 이대남 대보다 오른쪽 이대녀는 대만큼 왼쪽 앵커 뉴스 열어보기 시작합니다 앵커 먼저 중앙일보부터 볼까요 앵커 젠더이슈에서 확연히 갈라진 이대남 이대녀 의 견해가 정책 전반에서도 크게 다른 것으로 나타났습니다 중앙일보가 엠브레인퍼블릭에 의뢰해 지난해말 일주일동안 명을 상대로 유 무선 면접조사를 통해 정책이념을 추출한 결과 이대남은 가장 보수적 이대남 대 오른쪽 이대녀 대 왼쪽 앵커 시작 앵커 중앙일보 앵커 젠더이슈 이대남 이대녀 견해 정책 전반 중앙일보 엠브레인퍼블릭 의뢰 명 일주일 상대 무선 면접조사 정책이념 추출 결과 이대남 보수적 대 보수적 이대녀 진보적 대 정도 진보적 사회영역 견해차 비정규직 이대남 퍼센트 노동 시장 자율 이대녀 퍼센트 의견 동의 앵커 세계일보 통계청 자료 개월 일자리 장기 실업자 만 육박 구직기간 년 초장기 실업자 년 천 장기실업자 절반가량 청년 신문 청년층 대기업 공공 기관 취업 선호 기업 경력직 일자리 미스 매치 영향 앵커 서울경제 부모 세대 세대 자녀 세대 서로 생각 재무적 정서적 부모상 신한라이프 상속 증여 연구소 부모 세대 결혼 중요 이벤트 목돈 역할 재무 지원 세대 자녀 납입 금융 상품 정기적 지출 비용 지속적 지원 조사 부모 세대 직업 결혼 중요 의사 결정 중요 생각 자녀 세대 일상 경험 실패 위로 조언 역할 중요 조사 부모 세대 자녀 세대 재태크 효율적 상품 자산 관리 부동산 앵커 한겨레 전세 대출 금리 전월세전환율 이례적 현상 시중은행 전세 대출 최저 금리 적용 전월세전환울 세입자 입장 대출 전세보증금 충당 월세 이익 신문 현상 일시적 진단 만기 계약 갱신 청구 행사 도래 전셋값 상승 월세 집주인 전월세전환율 대출금리 현상 일반화 가능성 전문가 의견 앵커 조선일보 서울시 지역공공 화폐 서울 사랑 상품권 구매 신한은행 신한카드 카카오페이 티머니 금융회사 금융 회사 제한 시민들 불편 서울시 수수료 상품권 발행 선택 해명 금융사 시민들 구매 정보 확보 서울 상품권 사업 발판 지적 신문 조치 전임 시장 시작 제로페이 이용률 의도 서울시 안팎 이대녀 이대남 상품권 일자리 서울시 실업자 전월세 재무적 퍼센트 서울 대 대 신한라이프 전셋값 시민들 개월 중앙일보 금융회사 전월세전환율
문재인정부,청년,정면승부 오신환 정권에 책임 묻는 선거 투표가 권력을 이길 것 라디오 이동형의 뉴스 정면승부 방송 방송일 년 월 일 화요일 대담 오신환 국민의힘 의원 오세훈캠프 공동선거대책위원장 아래 텍스트는 실제 방송 내용과 차이가 있을 수 있으니 보다 정확한 내용은 방송으로 확인하시기 바랍니다 정면승부 오신환 정권에 책임 묻 오신환 정권 책임 선거 투표 권력 방송 방송일 화요일 대담 공동선거대책위원장 오신환 국민의힘 의원 오세훈캠프 공동 선거 대책 위원장 텍스트 실제 방송 차이 방송 확인 정면승부 오신환 정권 책임 선거 투표 권력 부동산 대란 분노 세대 민주당 심판투표 본질 남용 여부 거짓말 프레임 대응 부동산 일자리 책임 권력 투표 이동 앵커 이동형 국민 오세훈 서울 시장 후보 캠프 오신환 공동 선거 대책 위원장 전화 연결 위원장님 안녕 공동선거대책위원장 오신환 국민의힘 의원 오세훈캠프 공동 선거 대책 위원장 오신환 안녕 오신환 이동형 우원식 의원 이야기 여당 여론조사 바닥민심 진단 위원장님 오신환 여론 조사 추이 문재인 정부 심판 여론 결집 대 대 층들 공정 정의 가치 문재인 정부 판단 이동형 야당 정권 심판 바람 승리 이야기 여당 투표율 재보궐 조직 무시 얘기 조직 오신환 양당 조직선거 위력 무시 정권심판여론 조직 방해물 과거 사례 지방 선거 민주당 서울시 의회 장악 서울 시장 선거 대패 현상 년 서울 되풀 판단 이동형 민주당 표심 과거 세대 표심 국민 여론조사 사람들 투표장 국민의힘 여론조사 오신환 민주당 사례들 과거 선거 사례 근거 희망 분석들 문재인 정부 민주당 부동산 대란 투기 사건 박원순 시장 성추행 사건 선거 과거 일들 정권하 세대 분노 세대 국민 지지 투표장 청년들 민주당 심판투표 이동형 의원님 과거 유세 현장 총선 유세현장 총선 유세 현장 유세현장 들 호응 오신환 분위기 코로나 극복 정권 판단들 회초리 무능 정부 심판 생각들 청년세대들 본인들 정의 김상조 실장 모습 의원 위선 행태 것들 부노 이동형 말씀 위선 행태 민주당 오세훈 후보 거짓말 논란 결국 당선 당선 무효 오신환 협박 유권자들 여론 호소 사실 선거 시민 판단 연말 기점 사건 발생 민주당 입장 반성 국민들 호소 자세 고위 공무원 사실 청와대 민주당 투기 모습들 하위 공무원 정의 모습 반감 이동형 사태 선거 영향 인정 오세훈 후보 거짓말 논란 선거 영향 변수 오신환 본질 오세훈 후보 시장 권한 남용 특혜 투기 배우자 년도 초등학교 상속 투기 본질 입증 거짓말 프레임 프레임 선거 네거티브 흑색 선거 초지일관 프레임 작동 대응 이동형 유권자들 판단 오신환 판단 일 이야기 반복 여론 조사 반응 판단들 선거 시민들 현장 이동형 정책 오세훈 후보 규제 철폐 규제 완화 얘기 이슈 오세훈 후보 국민 스탠스 이슈 규제 철폐 규제 완화 부동산 집값 오신환 정부 년 공급부족 공급 부족 이야기 초지일관 변창흠 장관 공급확대 규제 완화 박영선 후보 이야기 번 부동산 대책 작동 서민 청년들 벼락거리 상황 국민들 분노 이낙연 총리 원내대표 머리 사과 진정성 선거 머리 읍소 정부 진정성 조금 입증 박주민 의원 징계 당장 위선 당적정리 이동형 정부 부동산 정책 실패 집값 국민들 선거 야당 유리 동의 재건축 규제 철폐 규제 완화 오신환 집값 말씀 이동형 질문 오신환 과거 입증 외환 위기 서울 시내 집값 안정 이명박 대통령 오세훈 서울 시장 임기 재임 시민 단체 입증 재개발 재건축 공공주택 공급 임기시절 오세훈 서울 시장 임기 시절 공공주택 공급 정부 공공 공공 기준 년 공공주택 공급 오세훈 서울 시장 임기 공공주택 공급 역설적 민간시장 활성화 기여분 공공 서민 분들 공공주택 공급 입증 사례 이동형 플러스 민간 공급 집값 말씀 청취자분들 유권자분들 오세훈 후보 호소 한마디 오신환 투표일 선거 박원순 사건 시장 성추행 선거 문재인 정권 부동산 대란 일자리 대란 책임 생각 국민 변화 모습 심판 문재인 정부 권력 투표 입증 이동형 위원장님 말씀 위원장 오신환 감사 이동형 국민 오신환 공동 선거 대책 위원장 오신환 이동형 민주당 오세훈 부동산 재건축 문재인 위원장 서울 공공주택 위원장님 여론조사 유권자 거짓말 유세현장 화요일 공무원
문재인정부,청년,김남국 공천신청 년 유승민 찍어내기 재연되나 두렵다 더불어민주당 지도부의 만류에도 불구하고 조국백서 의 필자인 김남국 변호사가 일 서울 강서갑 공천을 신청했다 이 지역구 현역 의원은 조국 전 법무부 장관에 비판적 입장을 견지해온 금태섭 민주당 의원이다 이때문에 친조국 대 반조국 일전 이라는 평가다 김 변호사는 민주당 공천 추가공모 마감일인 이날 오후 당 공천관리위원회 공관위 에 공천을 김남국 공천 신청 년 유승민 재연 더불어민주당 지도부 만류 조국백서 필자 김남국 변호사 서울 강서갑 공천 신청 의원 지역구 현역 조국 법무부 장관 비판 입장 견지 의원 금태섭 민주당 친조국 친조국 일전 평가 변호사 민주당 공천 추가 공모 마감일 이날 공천 공관위 공천 신청 라디오 인터뷰 다윗 골리앗 싸움 임전무퇴 변호사 이날 페이스북 금태섭 의원 제목 조국 수호 프레임 선의 경쟁 의원 변호사 출마 총선 조국 수호 주장 변호사 금태섭 의원 조국 수호 검찰 개혁 민주당 프레임 조국 내전 최고위원 김해영 민주당 최고 위원 이날 최고위원회의 이날 최고 위원 회의 변호사 정치 영역 청년 정신 실현 의원 박용진 입장문 총선 여당 새누리당 태도 반면교사 정도 적극 대처 일각 새누리당 대구 동을 유승민 금태섭 재연 지적 명 민주당 의원 포함 단체메시지 이날 격론 이재정 의원 의원 의원님 단어 용인 언급 입길 화력 측면 조국 수호 총선 거론 의원 비판 해석 의원 언론 조국 프레임 반박 출마 변호사 견해 김병욱 의원 국민 정서 친문 의원 변호사 옹호 최민희 민주당 의원 페이스북 김해영 의원 청년 대변 의원 변호사 민주당 입당 정치신인 민주당 추가공모 강서갑 후보자 추가 공모 결정 일 논란 한복판 출마설정 변호사 출마 설정 일 비판 의원 공개 일 변호사 회견 취소 일 페이스북 피력 변호사 출마 의지 일 지도부 만류 일 변호사 출마 의지 일 강서갑 출마 신청 일 친문 성향 정청래 민주당 의원 진행 유튜브 방송 변호사 강서갑 정청래 의원 질문 변호사 광주 출신 변호사 전남대 로스쿨 시험 변호사 합격 대선 문재인 대통령 지지 선언 아들 문준용 법률 대리인 주장 준용씨 페이스북 친구 대선 문재인 후보 캠프 법률 지원단 활동 서초동 집회 조국 백서 필자 참여 변호사 공천 신청 민주당 고민 민주당 다선 의원 변호사 설득 금태섭 금태섭 김남국 경선 조국 대전 재소환 선거 악재 일각 인사 거부감 조국 법무부 장관 재직 시절 법무 검찰개혁위원 참여 김용민 변호사 경기 양주 출마 인터뷰 이날 라디오 장관 인연 위촉장 관련성 사람 변호사 민주당 금태섭 페이스북 강서갑 김남국 친문 친조국 정청래 문재인 새누리당 김해영
문재인정부,청소년,휴학생 노회찬 특보 정의당 대구 지방선거 명 출사표 대구에서 정의당 간판으로 명이 지방선거에 출마한다 정의당대구시당은 일 대구 노동자들은 전국 최저 수준의 임금과 장시간 노동에 자신의 삶을 맡기고 있다 청년실업률도 전국 꼴찌를 기록한다 하지만 대구 정치지형은 여전히 자유한국당에 의해 좌지우지된다 일당 독점을 깨고 지역정치의 혁신과 다양성의 민주주의를 정착시키기위해 대구에서 광역의원 휴학생 노회찬 특보 정의당 대구 지방 선거 출사표 대구 정의당 간판 명 지방선거 출마 정의당대구시당 노동자들 대구 노동자 수준 전국 최저 임금 장시간 노동 자신 청년실업률 전국 꼴찌 기록 대구 정치 지형 자유한국당 좌지우지 일당 독점 지역정치 혁신 다양성 민주주의 정착 대구 광역 의원 기초 의원 명 출마 비산동 대구시 서구 원대동 평리동 기초 의원 장태수 정의당 대구시당 위원장 지역 대구시의원 도전장 위원장 출마 대구 서구 선거구 자유 한국당 공천 임태상 서구의원 공천 탈락 출마 강행 이재화 대구시의원 명 지지세 재선 이영재 북구의원 김성년 수성구의원 선 도전장 학년 경북대학교 식물 생물 과학 전공 휴학중 이주윤 북구의원 출마자 눈길 이씨 취업문제 고민 청년들 년 준비 차원 출마 이남훈 정의당 대구시당 사무처장 중구의원 출사표 대구 달서구 여년 청소년운동 여성운동 한민정 청소년 교육 문화 센터 우리세상 이사 달서구의원 출마 환경특보 노회찬 원내 대표 환경 특보 김소하 북구의원 제약회사 근무 김남수 수성구의원 배수정 달서구의회 정유진 북구의회 비례 대표 확정 정의당대구시당쪽 광역 의회 비례 대표 여성 지방 선거 후보자 명 여성 구대선 구대선 대구 정의당 노회찬 정의당대구시당 위원장 대구시당 지방선거 대구시 북구의원 우리세상 경북대학교 자유한국당 후보자 달서구 선 사무처장 도전장 출사표 수성구의원 북구의회 구대선 한국당 대구시의원
문재인정부,청소년,양담소 학원과 에서 벌어지는 코로나시대 학교폭력 라디오 양소영 변호사의 상담소 방송일시 년 월 일 수요일 출연자 이희관 변호사 올해 중 자녀가 학원에서 학교폭력 저질러 코로나로 학생도 학부모도 학교 가기 어려운 시점에 대처법은 통한 사이버 학교폭력 늘어 거짓정보 흘려 골탕 먹이기도 학교폭력 예방법으로 강제전학 가해 학원 코로나시대 학교 폭력 양소영 변호사 상담소 방송일시 수요일 출연자 이희관 변호사 자녀 학원 학교폭력 코로나 학생 학부모 학교 시점 대처법 사이버 학교 폭력 거짓정보 골탕 학교 폭력 예방법 강제전학 가해 학생 의사 의무적 상급 학교 진학 유지 동영 텍스트 실제 방송 차이 방송 확인 양소영 변호사 양소영 법률고민 이희관 변호사 변호사님 안녕 이희관 변호사 이희관 안녕 법무 법인 자우 이희관 변호사 고등학교 교사 교편생활 변호사 인천시 교육청 재직 행정심판위원 서울시 교육청 행정 심판 위원 활동 양소영 변호사님 선생님 분위기 이희관 칭찬 양소영 소개 부탁 이희관 일상 시대 코로나 양소영 제목 일상 제목 이희관 코로나 발생 개월 현상 생활 변화 변화 대응 법규범 법정책 법제도 현황 시대 포스트 코로나 대비 역할 명 필자 머리 조망 양소영 변호사님 명 변호사님 법률사무소신 이희관 각자 직역 현업 법조인들 연수원 동기 인연 양소영 주제 시대 포스트 코로나 주제들 이희관 총선 공직선거 전자투표 가능 재택근무 근로 이슈 매출 상가 상가 임대차 현안 온라인 수업 시대 학교 폭력 아동학대 화상재판 등기업무 사법 정보 이슈 코로나 의무이행 지연 불가항력 면책 쟁점 상존 시대 등교 수업 학교 폭력 예방 제도 시대 온라인 수업 유효 가족 증가 아동학대 사회 현명 대처 양소영 양담소 정보 감사 준비 사연 이야기 중학교 아이 학생 학교폭력 상태 온라인 개학 학교 학원 학교 친구 아이 학원 단체 대화방 학생 친구 학원 피해학생 학교폭력 행사 아이 사안조사 진행 예전 아이 학교 상황 보호자 학교 학부모 사연 고민 공감 학교 상황 학원 학교폭력 이희관 학교 폭력 예방법 학교폭력 학교 발생 국한 학교 이외 장소 주말 방학 학교 이외 발생 폭력 학교폭력 사안 학교 상황 학원 발생 학교폭력 양소영 사안 구체적 폭력 행사 상담 학교 상황 보호자 대처 시작 변호사님 상담 부탁 이희관 사안조사 시작 냉정 자녀 이야기 사실관계 전후상황 파악 중요 양소영 선생님 연락 선생님 연락 이희관 학교 폭력 사안 신고 선택 양소영 일반적 연락 사안 발생 의논 선생님 담임 선생 이희관 부모님 학교폭력 아이 대화 사실관계 전후정황 아이 중요 학교생활 판단 학교 사실 부모님 학교 학교 폭력 사안 대처 학생 양소영 사연 피해학생 기준 정도 학교폭력 정도 가능 설명 이희관 요즘 청소년들 접촉 코로나 시대 요즘 의사소통 아이들 학교생활 교류 온라인 비일비재 예전 왕따 학교폭력 양상들 카톡방 단체 특정 친구 거짓 정보 거짓 정보 거짓 정보 이야기 친구들 골탕 양소영 이희관 양소영 아이들 장난 생각 이희관 학생 장난 생각 골탕 피해 학생 입장 상황 이용 어른 협박 금품 요구 양소영 상 모욕적 표현 말씀 폭언 폭파 강제 초대 감옥 생각 변호사님 말씀 허위정보 장난 이희관 양소영 상 학교폭력 인정 학부모 피해 학생 강제 전학 요구 처분 이희관 학교 폭력 예방법 강제전학 피해 학생 학부모 강제전학 요구 강제전학 피해학생 가해학생 학교 학교생활 접촉 원천적 봉쇄 마음 강제전학 결정 가해학생 의사 강제전학 원래 학교 재전학 불가능 상급학교 진학 유지 초등학생 피해학생 중학교 진학 중학생 피해학생 고등학교 진학 양소영 강제전학 처분 강제전학 처분 이희관 제도 초창기 초창기 학교 폭력 예방법 강제전학 초등학교 중학교 제도 학교폭력 사회 이슈 가해학생 학생 분리 유일 방어책 강제전학 결정 시행 양소영 요새 변호사님 예전 강제전학 추세 이희관 강제전학 필요성 인식 강제전학 강제전학 추세 강제전학 초등학교 중학교 조치 행위 상응 학생 선도 피해학생 보호 결정 양소영 분들 강제전학 요새 유의 사연 시대 온라인 원격 수업 아이들 학교폭력 예방 필요성 사연 아이들 학교 보호자 학교 사회 시대 온라인 원격 수업 대비 학교 폭력 예방 지도 생각 이희관 학교폭력 인정요건 비접촉 방식 학교폭력 증가 추세 방식 학교 폭력 양상 세분 규정 절차진행 코로나 등교 출석 상황 사안조사 심의 대면 가능 근거규정 마련 양소영 코로나 시대 학교폭력 대처법 이희관 변호사 변호사님 감사 이희관 감사 양소영 이희관 강제전학 학교폭력 피해학생 변호사 온라인 코로나 중학교 교육청 변호사님 학부모 학교생활 선생님 가해학생 상급학교 아동학대
문재인정부,청소년,로컬 프리즘 민주노총과 당 체제 대전시에는 노동권익센터란 기관이 있다 노동실태조사 권리홍보 청소년 노동인권교육 등을 하는 곳이다 대전시에 따르면 이곳은 년 비정규직 근로자지원센터 로 설립됐다가 년 이름이 바뀌었다 운영은 설립 이후 줄곧 민주노총이 하고 있다 인건비 등 예산 올해 억 만원 은 전액 대전시가 부담한다 그동안 년에 한 번씩 센터 운영 단 민주노총 체제 대전시 노동권익센터 기관 노동실태조사 권리홍보 청소년 노동 인권 교육 대전시 근로자지원센터 정규 근로자 지원 센터 설립 이름 운영 설립 민주노총 인건비 예산 억 전액 대전시 부담 그동안 센터 운영 단체 공모 민주노총 공모 민주 단독 지원 센터 조례 센터 대전시의회 운영 기관 결정 이의 제기 시의원 공무원 민주노총 지역 정치지형 한쪽 목소리 명 명 대전시의회 의원 대전시장 명 대전 지역 국회의원 민주당 체제 사실 체제 사례 대전 대덕구의회 민주당 의원 초등학생 용돈 포함 대덕구 예산안 억 단독 처리 대덕구 초등학교 학년 연간 원씩 예산 억 원쯤 포퓰리즘 논란 대덕구 의원 민주당 소속 시민 단체 출신 박정현 구청장 소속 서울시의회 시장 교육감 공무원 의회 허가 발언 의장 발언 중지 퇴장 조례 개정 지방의회 시장 군기 조례 과거 서울시 의원 민주당 소속 체제 지방선거 지방 선거 민주당 광역 의원 명 명 당선 선거 전국 교육감 개 전교조 출신 교육감 진보 성향 여당 총선 총선 국회 권력 장악 총선 개표 의혹 제기 해소 권력 감시 시민단체 관변단체 변질 견제 세력 집권 세력 폭주 진실 정직 공정 가치 일방적 입법 서민 살림살이 임대 전셋집 세입자 부담 무모 탈원전 정책 국민 부담 전기료 인상 선택 순간 개인 결정 회복 집단 선택 결과 복구 대전시 민주당 교육감 대덕구 대전시의회 시민단체 공무원 국회의원 민주노총 전셋집 근로자지원센터 그동안 전기료 지방선거 명
문재인정부,체결,울산 전통시장 상인 대상 맞춤형 건강관리 사업 큰 호응 울산시가 건강하고 활력 넘치는 전통시장 조성을 위해 지역 대학과 손잡고 추진하는 전통시장 상인 맞춤형 건강관리 프로그램이 좋은 반응을 얻고 있다 울산시는 지난 년부터 해마다 춘해보건대 산학협력단과 건강한 전통시장 만들기 사업 협약을 맺고 전통시장 특성과 상인의 요구가 반영된 시장상인 맞춤형 건강증진 프로그램을 년째 운영하고 있다 사업 울산 전통 시장 상인 대상 맞춤 건강관리 호응 울산시 건강 활력 전통 시장 조성 지역 대학 추진 프로그램 전통 시장 상인 맞춤 건강관리 반응 울산시 년 산학협력단 건강 전통시장 사업 협약 전통 시장 특성 상인 요구 반영 시장 상인 맞춤 건강 증진 프로그램 년 운영 다수 사람 장시간 질환 노출 전통 시장 상인 대상 의사 간호사 전문가 건강 지킴 지원단 만성 질환자 등록 관리 의원 연계 건강 검진 건강 증진 서비스 프로그램 운영 전통시장 사업 대상 전통 시장 공모 선정 첫해 사업 수암시장 남구 남목시장 동구 곳 여명 서비스 태화종합시장 중구 추가 대상 전통 시장 명 일 상인 상대 사업 참여 조사결과 만족 만족 사업 만족도 만족 만족 수준 상인들 평균 수축기 혈압 수치 평균 혈당 개선 성과 추가 공모 대상 곳 전통시장 여명 서비스 맞춤 건강관리 제공 이날 춘해보 산학협력단 사업협약 체결 울산시 시민 건강 관계자 일상 건강관리 전통 시장 상인 역할 건강 지킴이 활력 행복 건강 시장 한몫 신동명 신동명 전통시장 건강관리 울산시 상인들 신동명 춘해보 산학협력단 협력단 울산 태화종합시장 질환자 지원단 조사결과 남구 남목시장 중구 수축기 곳 간호사
문재인정부,체결,소프트웨어 산업 마진율은 재고는 제로 한국 잠재력 대단해 토마브라보 실버레이크와 함께 소프트웨어 분야 세계 대 투자사로 꼽히는 사모투자펀드 비스타 에쿼티 파트너스 이하 비스타 를 이끄는 로버트 스미스 회장은 독특한 이력의 소유자다 년 미국 중서부 지역 도시 덴버의 교사 부부 사이에서 태어난 스미스 회장은 코넬대에서 화학공학을 전공한 뒤 타이어 회사 굿이어 와 화학 기업 마진율 소프트웨어 산업 마진 재고 한국 잠재력 토마브라보 실버레이크 투자사 소프트웨어 분야 세계 사모투자펀드 파트너스 비스타 에쿼티 비스타 로버트 스미스 로버트 회장 독특 이력 소유자 미국 지역 도시 덴버 사이 교사 부부 스미스 회장 코넬대 화학공학 전공 타이어 회사 굿이어 화학 기업 에어 프로덕츠 화학 엔지니어 사회생활 시작 컬럼비아대 진학 금융 마케팅 분야 진로 선회 미국 투자 은행 골드만삭스 입사 비스타 설립 분야 투자 업무 전문성 비스타 설립 연평균 수익률 업계 평판 투자자들 배당금 억 달러 조 위상 명패 피치북 년 년 최고 소프트웨어 투자자 선정 년 세계 타임지 선정 영향력 인 포함 기준 개인 자산 달러 조 포브스 미국 경제지 선정 아프리카 미국 최고 부자 스미스 회장 요즘 각광 사스 산업 년 집중적 투자 선구자 사스 서비스 소프트웨어 약자 환경 클라우드 컴퓨팅 운용 형태 정기 구독 소프트웨어 서비스 팬데믹 신종 코로나 대유행 재택근무 일상 기업들 도구 업무 핵심 자리 슬랙 업무 메신저 사스 분류 시장 조사 기관 가트너 세계 기업 소비자들 사스 지출 억 달러 조 전년 대비 증가 당선인 윤석열 대통령 정부 디지털 플랫폼 공약 디지털 전환 첨병 사스 산업 관심 한국소프트웨어산업협회 초청 한국 비스타 설립자 설립자 최고경영자 스미스 회장 투자 비결 산업 한국 소프트웨어 전망 아프리카 미국 비스타 최고 갑부 산업 스미스 회장 인터뷰 소프트웨어 마진 재고 운용 자본 규모 포트폴리오 억 달러 수준 투자 기업 곳 전사적 자원관리 고객관계관리 마케팅 자동 농업 헬스케어 보험 투자 기업들 주력 분야 제각각 기업용 소프트웨어 공통점 비스타 설립 번 거래 누적 투자액 억 달러 조 달러 조 비용 소프트웨어 개발사 앱티오 이듬해 달러 인수 디지털 콘텐츠 관리 설루션 기업 액퀴아 비스타 포트폴리오 회사들 기업 대중적 기업 포천 앱티오 소프트웨어 사용 기업 비스타 사스 시장 명성 영향력 마케팅 자동 소프트웨어 기업 마케토 억 달러 인수 년 어도비 시스템스 억 달러 매각 거래 업계 소프트웨어 투자 비스타 위상 계기 억 달러 육박 덕분 매매 차익 거래 정도 기업 기업 소프트웨어 투자 대학 졸업 시대 컴퓨터 시작 기업들 컴퓨터 활용 시작 산업 환경 디지털화 숙제 기업 소프트웨어 해결 생산성 도구 매력적 투자처 비스타 대체투자 산업혁명 지원 소프트웨어 제품 추가 제조 재고 비용 사업 마진 비스타 투자 기업들 투자자본수익률 기업 집중 기업 거래 기업 신뢰 중시 만큼 소비자 상대 기업 일관성 변동성 장기적 기업 투자 안정 생각 소프트웨어 기업 치킨 투자 기업 선정 바이아웃 투자 지분 인수 경영 지원 기업가치 매각 증권 컨설턴트 유망주 제품 판매 부가 가치 창출 투자 파트너 실제 기업 고객 보유 고정 고객 자체 제품 우수성 보장 그간 비스타 노하우 적용 장기적 고객 유치 인수 기업가치 소프트웨어 기업 제품 느낌 제품 판매 마케팅 품질 관리 인사 소프트웨어 기업 소프트웨어 기업 곳 활용 기업 명 최고기술책임자 위험관리책임자 최고운영책임자 연결 교류 방식 노하우 전달 비스타 생태계 확장 방식 소프트웨어 분야 실력 유능 인재 채용 중요 인재 선별 평가 나름 프로세스 활용 사람 선발 비스타 생태 자유 이직 소프트웨어 기업 실력 인재 흡수 방식 기업 경쟁력 기업 가치 비결 생태계 인재 사모펀드 차익 실현 단기 실적 집중 기업 가능성 장기 성장 가능 희생 비판 단기 이익 집중 기업 지속 가능 매각 상장 성사 과거 사모 펀드 수익성 추구 비용 차입매수 금융공학적 접근 방식 비스타 인재 채용 분야 예산 투자 기업 체질 개선 기업 부가가치 창출할 집중 스미스 회장 특정 기업 언급 비스타 최대 매매 차익 억 달러 마케토 사모 펀드 인수 성공 사례 투자 기간 개선 경영 실적 비스타 가격 시장 프리미엄 웃돈 마케토 인수 사스 분야 루커스 경영진 스티브 영입 전문 리더십 강화 신규 채용 회사 핵심 경쟁력 핵심 강화 직전 결과 인수 달러 적자 기록 마케토 법인세 감가상각비 차감 이익 차감 이듬해 흑자 전환 성공적 매각 발판 포브스 비스타 투자금 회수 개월 평균 보유 투자 기업 비스타 경쟁력 인재 육성 고안 교육과정 신입 직원 교육 부트캠프 스미스 회장 철학 주 일반적 기업 프로그램 비스타 부트 캠프 졸업 개월 비스타 부트캠프 년 년 만 포트폴리오 기업 기준 신규 직원 채용 한국 잠재력 인재 육성 비스타 투자 그간 미국 영국 캐나다 호주 영미권 방한 계기 기업 한국 소프트웨어 투자 검토 스미스 회장 한국소프트웨어산업협회 기업 한국 소프트웨어 지속적 투자 검토 양해각서 체결 회장 이날 스미스 기업 간담회 산업 한국 소프트웨어 평가 한국 디지털 주목 시장 발달 나라 시장 만큼 사스 잠재력 해외 인재 초청 업계 한국 소프트웨어 대표 기업 스타트업 기업 의미 방한 계기 한국 기업 네트워킹 시장 한국 사스 기업 성장 시장 사스 생태 구축 중요 진단 기업 역량 투자 정부 지원 인력 육성 투자자 기업 정부 노동시장 영향 발전 생태계 구축 산업 측면 인재 육성 우선 디지털 수요 폭발 세계적 채용 디지털 인재 어려움 기업 한국 정부 인프라 마련 정책적 인센티브 인재 육성 기업 입장 시장 겨냥 시장 기업 소프트웨어 적용 분야 분야 우수 성과 기업 시장 차지 승자독식 체제 고객 기업 운영 방식 성공 과학기술정보통신부 정보통신산업진흥원 실태조사 클라우드산업 실태 조사 결과 보고서 기업 사스 개 기준 추세 기업 세계 사스 만 수준 사스 기업 만 미국 한국인 창업 기업 글로벌 시장 두각 시작 사스 기업 미국 실리콘밸리 진출 채팅 응용프로그램 인터페이스 두각 센드버드 분야 모바일 애드 테크 세계 시장 선도 몰로코 대표적 유니콘 기업가치 억 달러 비상장사 반열 기업 기업 전문 센드버드 소프트웨어 미국 최대 원격 의료 업체 텔라독헬스 미국 소셜 미디어 레딧 신세계 넥슨 엔씨소프트 기업 적용 이용자 기준 억 몰로코 인기 삼성 갤럭시 배달 민족 틱톡 일본 라인 스포티파이 유수 기업 제품 적용 타깃 광고 몰로코 머신러닝 기계학습 소프트웨어 작동 스미스 회장 컴퓨터 산업 발전 년 발전 주류 부상 시장 사스 한국 기회 조언 클라우드 가상 서버 활용 원격 컴퓨팅 환경 서비스 소프트웨어 제공 문서 작성 회계 프로그램 설치 일정액 구독료 인터넷 접속 사용 방식 기기 장소 제약 소프트웨어 사용 장점 기업 기업 사이 전자 상거래 모델 기업 소비자 상품 서비스 모델 구분 미국 사스 한국 스미스
문재인정부,체결,눈에 또 마비된 제주공항 체류객 지원은 무난 앵커 지난 일 제주공항에 안팎의 눈이 내리면서 활주로가 차례나 폐쇄돼 승객들이 큰 불편을 겪었죠 적은 적설량에 활주로가 잇따라 폐쇄되면서 제설 능력이 부족한 것이 아니냐는 지적이 나오고 있습니다 체류객들을 위한 조치는 비교적 무난했다고 평가되고 있습니다 유종민 기자의 보도입니다 기자 한파와 폭설이 몰아친 지난 일 제주 마비 제주공항 체류객 지원 앵커 제주공항 안팎 활주로 차례 폐쇄 승객들 불편 적설량 활주로 폐쇄 제설 능력 부족 지적 체류객들 조치 평가 유종민 보도 한파 폭설 제주공항 바람 하루 안팎 활주로 차례 폐쇄 적설량 활주 폐쇄 제설 능력 부족 지적 제주공항 여 제설 장비 폭설 시간 활주로 년 비교 장비 보강 미비 실정 국토교통부 부족 제설 능력 제주공항 시설 구조 기상 조건 조치 제주공항 김포 김해 공항 활주로 개 강설 활주 결빙 발생 제설 작업 활주 폐쇄 수반 주장 활주 폐쇄 수송객 차질 비교 체류객 대책 평가 제주도 년 제주공항 사태 계기 메뉴얼 체류객 지원 마련 운용 매트리스 모포 사전 확보 의료 숙박 안내 지원 항공사들 서비스 안내 문자 도움 체류객 발생 혼란 심야 체류객 해결 문경종 제주도 재난 기록적 기록 폭설 제주공항 마비 경험 바탕 관계기관 협약 체결 폭설 대처 체류객 대비 만큼 활주 제설 능력 목소리 제주공항 체류객 활주로 제주도 적설량 기록적 유종민 관계기관 국토교통부 김해 항공사 문경종 항공사들 교통부 승객들 수송객 개 김포 만큼 체류객들 차례 여 시간 제설 폭설 활주 폐쇄
문재인정부,체계,부산시상수도본부 먹는 물 분석 국제적 신뢰 확보 부산 부산시 상수도사업본부가 먹는 물 분석 능력 국제 평가에서 년 연속 적합 판정을 받았습니다 상수도본부는 국제 공인 기관인 미국의 시그마 알드리치 알티씨 가 주관하는 먹는 물 분야 개 항목 평가에 참여해 모든 항목에서 적합 판정을 받았습니다 상수도본부는 먹는 물 분야 시험과 검사 체계를 선진화하고 시민의 신뢰를 높이기 위 부산시상수도본부 확보 국제 신뢰 부산시 상수도 사업 본부 평가 능력 국제 적합 연속 판정 상수도본부 기관 국제 공인 미국 시그마 알드리치 알티씨 주관 평가 분야 항목 참여 항목 적합 판정 상수도본부 시험 분야 검사 체계 선진화 시민 신뢰 년 국제 평가 참여 부산시 부산 알티씨 알드리치 알티 선진화 미국 상수도본부 부산시상수도본부 국제 본부 신뢰 분야 항목 평가 상수도 적합 공인 판정 연속 능력 시상 시그마 주관 체계 선진 검사 시민 수도 시험 사업 기관 참여 확보
문재인정부,체계,나이트포커스 쇄신론 분출 한국당 중진들 결단하라 진행 이종구 앵커 출연 김관옥 계명대 교수 양지열 변호사 아래 텍스트는 실제 방송 내용과 차이가 있을 수 있으니 보다 정확한 내용은 방송으로 확인하시기 바랍니다 앵커 내년 총선을 앞두고 한국당 내부에서 중진 용퇴론과 험지 출마 등의 쇄신론이 이어지고 있습니다 오늘 초선 의원들이 모였는데요 인적 쇄신에 대한 의견을 쇄신론 분출 한국당 중진들 결단 진행 이종구 앵커 출연 김관옥 계명대 교수 양지열 변호사 텍스트 실제 방송 차이 방송 확인 앵커 내년 총선 한국당 내부 중진 용퇴 험지 출마 쇄신론 의원들 초선 의원 쇄신 의견 움직임들 대대적 정풍 운동 주목 나이트 포커스 김관옥 계명대 교수 교수 김병민 경희대 주제 불출마 고심 자유 한국당 중진 의원 한마디 불출마 영상 영화 친구 장면 패러디 자유 한국 분위기 본인 불출마 권유 이야기 김관옥 생각 일정 국면 전환 국면 전환 직전 황교안 대표 이목 영입 논란 패스트트랙 추가점수 표창장 리더십 위기 국면 전환 장면 내부 갈등 김태흠 의원 중진 의원 용퇴론 선 초선 명 이야기 진정성 생각 년 공천파동 자유한국당 몰락 시작 주역들 초선들 실질적 국회 혹평 스스로 의정활동 본인들 거취 얘기 중진들 기개적 국면 전환 성격 황교안 대표 차원 목적 앵커 사실 반성 중진의원들 반발 초선의원들 생각 간사 초선 의원 모임 이양수 의원 목소리 양수 자유 한국당 의원 의원 국민 눈높이 정치 자기반성 선행 철저 자기반성 기득권 희생 흐름 물꼬 헌신 용기 시점 위기 선배 의원 경륜 연륜 발휘 중요 앵커 본인들 반성 선배 의원 경륜 욕춘지 승리 험지 희생 이야기 김병민 희생 강조 민주당 상황 사태 조국 장관 민주당 이철희 의원 불출마 선언 지역구 의원 표창원 의원 불출마 선언 민주당 하위 평가 쇄신 예고 자유 한국당 입장 과거 불출마 선언 불출마 의사 피력 인사들 듯이 출마 모습 한국당 파동 인재 영입 인재영입 사람들 영입 사람들 자리 인적 쇄신 기본 전제 일들 공간 초선의원들 초선의원 책임 상대방 이야기 백지 표현 부담 기준 절차 의지 한국당 균열 시도 정도 생각 앵커 부정적 쇄신 중앙 중진 사이 불만들 책임 얘기들 성일종 의원 성일종 자유 한국당 의원 라디오 시선 김종배 월 초선의원들 목소리 중진 정계 은퇴 촉구 년 보수 정치 실패 책임 중진 규정 기간 역할 분들 지칭 의원님 중진의원들 총선 호응 의원님 다선의원들 책임 요구 요구 조건 수용 준비 명 앵커 자막 년 인터뷰 마음 김병민 교수 초선의원들 마음 부정적 마음 유지 김병민 위기감들 생각 기준 잣대 설정 기준 잣대 국민 눈높 년 의정활동 국민들 외면 의정활동 사람들 기준 사람들 이야기 초선의원들 재선의원들 칼날 방법 서로 얘기 지역구 내년 총선 본인 지역 한국당 필패론 위기감들 재선의원들 생각 얘기 모습 결국 화살 현직 의원 기준 상태 보수통합 나중 기준 정립 인적 쇄신 흐름들 생각 앵커 당내 상황 변수 변수 바른미래당 위시 보수 중진의원들 본인들 용퇴론 가능성 김관옥 생각 말씀 대로 사실 년 불출마 이야기 분들 이야기 불출마 얘기 책임 모양 언급 서로 서로 희생양 얘기 장면 국민 입장 책임 정치 사실 지지율 자유한국당 지지율 민주당 반사효과 장면 반성 쇄신 것들 체계적 내부적 합의 서로 장면들 수권정당 고민 앵커 대표 황교안 보수통합 강조 통합 대의 이야기 발언 황교안 자유 한국당 대표 통합 대의 통합 정의 분열 불의 앵커 보수 통합 정의 통합 정의 분열 불의 김병민 보수통합 목소리 반대 여론들 황교안 대표 반대 여론 저항 통합 내년 총선 보수 분열 상태 가능성 황교안 대표 판단 보수진영 승리 입장 황교안 대표 당대표 취임 황교안 대표 리더십 최적 성과 이야기 사람들 박근혜 대통령 탄핵 분열 보수 그림하 통합 본인 리더십 완전 대권주자 자리매김 위치 입장 황교안 대표 총선 승리 본인 대권 국민들 여론 지지 바탕 총선 본인 정치 여정 보수 통합 부분들 명운 생각 앵커 러브콜 유승민 의원 바른미래당 유승민 의원 반응 유승민 바른미래당 의원 보수 년 손가락질 잘잘못 책임 보수 통합 불가능 생각 앵커 탄핵 얘기 기획단 총선 출범 신당 자유한국당 통합 신당 김관옥 기획단 구성원 권은희 의원 자유한국 통합 이야기 내부 합의 앵커 교통 정리 김관옥 교통정리 기획 자체 원래 목적 신당 미래당 신당 장면 자유한국당 러브콜 통합 차원 협상 통합 기구 형성 장면 자유 한국 차원 통합 논의 이야기 아까 말씀 대표 시피 황교안 상황 리더십 의문 제기 지지율 본인 지지율 국면 전환 통합 예견 입장 유승민 의원 장면 이야기 대안정당 통합 대당 주체적 정치 대당 장면 황교안 대표 이야기 가지 조건 협의 서로 장면 우리공화당 이해관계 분열 논란 생각 앵커 보수 통합 대통합 보수 계층 얘기 사실 생각 당내 출신 계파 사전 교감 물밑작업 생각 생각 여당 시선 원내대표 이인영 민주당 원내 대표 발언 이인영 더불어민주당 원내 대표 황교안 대표 장병 갑질 장군 영입 책임 추궁 보수통합 제안 교감 소통 생략 제안 일방통행식 뚱딴지 생각 제안 사람 얘기 폭탄 폭탄 폭탄 시선 회피 의심 선거 실현 가능 정개 개편 제 야당 행보 앵커 정책적 운명 악평 얘기 김병민 이인영 원내 대표 불안 조국 장관 사태 민주당 세대 정치 공간 제기 사태 국면들 한국당 국민들 사랑 세대 전체적 용퇴들 시작 핵심 당사자 이인영 원내 대표 한국당 혁신 모습 보수 국면 유승민 의원 통합 안철수계 인사들 통합 제주도 지사 원희룡 통합 시민사회 통합 문재인 정부 구도 형성 지금이랑 구도 선거 여론조사 자유한국당 지지도 통합 보수정당 지지도 비교 차이 보수 분열 선거 입장 민주당 베스트 선택지 조국 장관 사태 대규모 혁신 생각 보수진영 통합 혁신 작업 혁신 칼날 민주당 그룹 희망사항 기대감 것들 바탕 보수통합 악평 앵커 여당 입장 야당 후보 난립 유리 이야기 박지원 의원 한마디 황교안 대표 미래 이야기 박지원 김어준 대안신당 의원 라디오 뉴스공장 보수 기치 출마 대권 후보 희생 희생 각오 위기 탈출 보수 통합 결국 실패 황교안 나락 앵커 의원 결국 박지원 얘기 교수님 말씀 국면 전환 정도 인식 김관옥 황교안 대표 구심력 충분조건 자유 한국 내부 리더십 의문시 시선들 공화당 바른미래당 장면 실질적 이견 정파들 보수 통합 동력 황교안 대표 의문 제기 가능 얘기 대상 영입 박찬주 대장 결국 최고위원회 분들 반대 반발 취하 장면 리더십 일방적 포용적 리더십 장면 부분들 통합 장면 가능 회의 앵커 당내 정리 마당 용광 역할 지적 자유한국당 분들 민주당 사이 가지 혁신 대안 모습 총선 공약 검토 단어들 모병 이야기 민주당 싱크탱크 민주당연구원 모병제 전환 필요성 이야기 징병제 남성 의무적 복무 사람 지원 군복무 모병제 이야기 공식적 당론 표심 남성 이야기 김병민 민주당 당장 장경태 청년위원장 총선기획단 바탕 총선기획단 건의 공약 검토 얘기 앵커 이야기 남성 표심 이야기 남성 표심 앵커 김병민 남성 대다수 군대 사람들 보통 살 군대 군대 군대 모병제 군대 상황 예비역 입장 군대 년 기간 순간 모병 생각 측면 계산 공약 생각 현실화 가능성 예산 비용적 측면 병사들 월급 모병제 일자리 창출 부분들 경제성 이야기 분들 남북 남북 세계 유일 분단국가 북한 대군 상황 모병제 전환 동원 능력 가능 가지 회의 시각 민주당 한국당 비교 안보 불안감 측면 한국당 보수적 우위적 측면 모병제 카드 선거 불리 국면 좌초 민주연구원 미래 정책적 어젠다 가능 장경태 위원장 총선 공약 대환영 선거 국면 앵커 악수 말씀 김병민 선거 악수 앵커 정경 국방부 장관 이인영 원내 대표 모병제 언급 정경 국방부 장관 국방부 모병제 검토 말씀 이인영 더불어민주당 원내 대표 정리 얘기 공식적 얘기 민주연구원 자체 민주연구원 견해 확인 앵커 사람 이야기 정리 당정 논의 당내 조율 민주연구원 일방적 아이디어 차원 이야기 김관옥 이인영 대표 이야기 충원제도 근간 선거 얘기 국민 대상 기간 국민 동의 공감대 작업 장기간 시기적 생각 말씀 부분들 가지 문제점 지적 필요성 이야기 현대화 사실 전문화 인력 우수 인력들 모병제 필요성 증대 당장 불가능 공정성 중요 화두 시대 모병제 결국 군대 일자리 사람 군대 장면 개연성 말씀 대로 모병제안 선거용 진짜 패착 생각 앵커 생각 김병민 실질적 상황 가지 민주연구원 총선 전략 고민들 얘기 여론 대다수 분위기 한번 총선 공약 총체적 점검 모병제 필요성 논의 진행 사실 정도 여론 환기 정도 생각 앵커 차원 모병제 공약 사실 총선 가능성 김관옥 회의적 말씀 표심 청년층 군대 군대 실질적 긍정적 측면 부정적 사람들 긍정적 국민 감안 모병제 단계적 단서 민주연구원 단계적 얘기 국민들 모병제 근간 위험 발상 생각 앵커 정권 그동안 역대 모병제 논의 검토 조국 장관 사태 공정 화두 교수 말씀 모병제 패착 부정적 측면 군대 생계 군대 지원 공정 논란 생각 자유한국당 반격 김병민 대한민국 용납 가지 공정 병역 입시 입시 조국 장관 층들 모병제 얘기 순간 재벌들 자제들 사람 입장 병역 국가 병역 신성 의무 이행 국민들 만 정도 얘기 현재적 일자리 청년들 병역 의무 긍정적 측면 결과론 부익부빈익빈 병역 의무 전달 것들 불편 심기 입시 기부 기여입학제 반발감 정도 상황 문재인 정부 계층 세대 여론조사 세대 남자 문재인 정부 남자 문제들 제기 남성 불만들 일거 해소 정책들 고민 획기적 근본적 남성 불만들 고민들 얘기들 악영향 초래 선거 국면 앵커 교수님 가지 병역 교육 교육 개혁 방안 고교서열화 해소 자사고 특목고 것들 유은혜 부총리 발언 유은혜 부총리 부총리 교육부 장관 고교 차지 외국어고 자율형사립고 국제고 우수 학생들 선점 학비 교육비 소요 고등학교 사실 일류 이류 서열화 고등학교 진학 경쟁 심화 학부모님 사교육비 부담 앵커 년 자사고 외국어고 국제고 특목고 혼란 찬반 김관옥 고교평준 교육 요구 분출 과학고 것들 사실 중요 고등학교들 취지 학교 운영 외고 실질적 외국 외국 학교 진학 것들 대한민국 대학교 주류 장면 전환 일괄적 년 일반 강제적 생각 국정 국민들 동의 국정 생각 시기적 설득 변화 수용 유인책 방향 국민 학습권 선택권 존재 감안 국민 동의 시간 여유 아까 군대 국민 대상 강제적 것들 배제 설득 동기 부여 방법 전개 생각 앵커 교수님 김병민 문재인 정부 초심 출범 탈원전 호 신고리 호 원전 폐쇄 결정 공약 국민 신중 목소리 공론화 위원회 공론화 위원회 결국 폐쇄 상황 판단하 재기 결정 교육 장관 김상곤 교육부 시절 입시 제도 개선 공론화 위원회 찬반 양론 팽배 비판 교육 국민들 관심 분야 예측 가능 일관성 바탕 기간 장기적 기간 장기 교육 정책 중요 문재인 정부 유은혜 장관 정치 의도 판단 조국 장관 사태 수시모집 정시모집 비율 조정 정시모집 확대 문재인 정부 애당초 계획 국민 의사 반영 정책 반작용들 시작 반작용 불편감 문재인 정부 지지층 불만 지지층 불만 공정 화두 정시 모집 확대 정책들 정책 평준 교육 출발 자사고 특목고 폐지 정책 일괄적 상황 판단 정책들 반작용들 문재인 정부 집값 강남 부동산 노력 방식 특목고 자사고 일괄 폐지 강남 선호 현상 부동산값 폭등 양극 현상 초래 전망 지배적 정책들 숙고 공로화위원회 초심 생각 앵커 더불어민주당 총선 전략 핵심 가지 정도 얘기 그중 혁신 미래 것들 표심 가지 노력 대 게이머 출신 영입 세대 총선 영입 출마 의원 더불어민주당 금태섭 이야기 한번 금태섭 더불어민주당 의원 정부 과거 참여 분들 참여 정부 청와대 초반 대 예전 초반 활동 분들 수혈 분들 활동 앵커 총선 세대 표심 마음 정책들 발언들 세대 발언들 김관옥 세대 수혈 지속적 과거 김대중 대통령 김영삼 대통령 운동 출신 분들 정치권 유입 국정 기여 세력 사실상 존재 얘기 전문직 덩어리 존재 사실 정당 선거 청년들 선거 청년 비례 정당들 충원 방식 생각 청년들 투자 경험 기회 당장 비례 국민들 검증 젊은이들 비례 절반 국정 실질적 의정활동 정당들 숙련 기간 것들 정당 내부 역할 훈련 비례 과거 세력 존재 정당 역할 정당 역할 당장 대 인물난 절반 할애 임기응변적 성격 철저 검증 조사 결과 선택 생각 앵커 정국 결국 총선 시작 가지 공약 공약 남발 검증 말씀 민심 관심 사태 조국 장관 시작 그동안 여론 조사 결과 관심 총선 정국 시작 만큼 여론 조사 관심 여론 조사 결과 그래픽 결과 이야기 국정수행 문재인 대통령 국정 수행 평가 부정 평가 빨간색 긍정 평가 파란색 일주일 부정평가 김병민 가지 요인 복합적 작용 생각 조간신문 기사들 반환점 문재인 정부 집권 중반 국민들 여론들 시작 보도 결국 경제 정책 일자리 문재인 정부 그동안 정책들 부정적 인식들 국민들 정도 표출 상황들 생각 월화수 조사 직전 얘기 분양가상한제 지정 부동산정책 정부 부동산 정책 직격탄 국민들 불만 표출 분양가상한제 일반 국민 문재인 정부 부동산 정책 부동산 기대감 분양가상한제 정책 시장 역현상 발생 부동산 가격 왜곡 교란 현상들 것들 복합적 상황들 문재인 정부 정책 불신 번째 수요일 황교안 대표 통합논의들 반영 민주당 자유 한국당 입장 쇄신 더불어민주당 사태 조국 장관 쇄신 이해찬 대표 이인영 원내 대표 청와대 강기정 수석 가지 논란 상황 자리 쇄신 목소리 반영 생각 앵커 월화수 목요일 그전 관심 박찬주 논란 대장 영입 자유한국당 행보 자유 한국당 지지율 김관옥 지난주 조국 국면 장면 부정 긍정 장면 얘기 조국 국면 분리 현상 발생 문재인 대통령 평가 시작 느낌 결정적 주말 운영위원회 강기정 수석 태도들 근본적 청와대 조국 국면 상황 반성 로키 모드 유지 국민들 의견 장면들 노영민 실장 강기정 수석 국민 대표 행위 국민들 불편 경제 얘기 하루 이틀 얘기 누적 전반적 청와대 인적쇄신 필요성 생각 앵커 자유한국당 강기정 정무 수석 사과 요구 국회 예결위 회의 국무총리 이낙연 국무총리 참석 사과 이낙연 총리 발언 나경원 자유 한국당 원내 대표 일 미사일 체계 강기정 청와대 정무 수석 일 표현 위원장 답변 강기정 수석 증인 이낙연 국무총리 정부 사람 국회 절제 생각 정부 사람 도리 국회운영 차질 정도 생각 앵커 이낙연 총리 사과 강기정 수석 여론 조사 결과 이야기 여론 조사 결과 강기정 수석 언행 더불어민주당 대통령 지지율 일조 영향 김병민 자리 강기정 수석 앞자리 노영민 실장 정의 실장 생각 정의 실장 나경원 원내 대표 발언 질의응답 뒷자리 강기정 정무 수석 일들 발언 청와대 총괄적 총괄 노영민 비서실장 수석 정리 조정 실질적 야당 대표 미안 사과 말씀 얘기들 사건 일들 민주당 중진의원 얘기 제기 강기정 수석 차치 정쟁 수단 자유한국당 도발적 이야기 수석 국민들 마음 불편 이낙연 국무총리 발언들 사건 비서실장 노영민 정의 안보실장 사건 정리 국면 한마디 국면들 국민들 마음 정확 장면 앵커 돌발상황 사실 대통령 여당 악영향 언행 총리 이낙연 겸손 사과 자유 한국당 의원 극찬 김관옥 자유 한국당 의원 칭찬 강기정 수석 발언 효과 부정적 조국 국면 패스트 트랙 국면 장면 자체 효과 발휘 여당 부정 효과 이낙연 총리 수습 총리 총리 완성 모습들 생각 앵커 이낙연 총리 사과 야당 의원 호평 정도 일단락 당사자 나경원 원내 대표 입장 마무리 교수 나이트 포커스 김관옥 계명대 교수 김병민 경희대 말씀 자유한국당 한국당 민주당 김병민 김관옥 모병제 황교안 국민들 문재인 대 강기정 청와대 분들 불출마 부동산
문재인정부,체계,송영무 년 국방개혁 원년으로 군역량 집중 송영무 국방부 장관이 년을 국방개혁의 원년으로 만들기 위해 군 역량을 집중하라고 지시했다 국방부는 이날 서울 용산 국방부 청사에서 송영무 장관 주재로 열린 년 연말 전군 주요 지휘관회의 에서 북한의 도발 위협 등 핵심 안보 현안을 논의했다 회의에는 군 주요지휘관과 직할기관장 참모부서장 등 여명이 참석했다 회의에 송영무 국방 개혁 원년 군역량 집중 장관 송영무 국방부 년 국방개혁 원년 역량 집중 지시 국방부 청사 이날 서울 용산 국방부 주재 송영무 장관 전군 연말 지휘관회의 북한 도발 위협 현안 핵심 안보 논의 회의 지휘관 직할기관장 참모부서장 여명 참석 회의 장관 국가 어려움 국민 위기 극복 평화적 민주적 정부 출발 임무 완수 치하 국방부 장관 이날 국방 개혁 국민 나라 정의 대한민국 지향 문재인 정부 핵심과제 인식 년 국방 개혁 실행 원년 역량 집중 지시 국방부 장관 민주시민사회 시대 요구 부응 과거 임무 매진 미래 전진 당부 회의 국방 분야 토대 추진 국방 개혁 논의 대 국방 분야 북핵 대칭 위협 대응 능력 강화 조건 기초 전작 전환 추진 국방 개혁 척결 국방 문민 방산 비리 산업 혁명 보장 방위 산업 육성 장병 인권 복무 여건 개선 장관 간부들 이날 북한 위협 대비태세 평가 국방부 북한 장기간 대북 제재 영향 내부 불만 체제 안정 점증 미사일 체제 생존 수단 인식 전략 도발 대미 강경 대응 협상력 전망 내부 상황 심화 국면 전환 북방한계선 침범 포격도발 전술 도발 목적 국제 행사 방해 테러 가능성 사이버 공격 가능 상존 평가 대비태세 논의 대응책 공조하 정보 감시 정찰 자산 통합 운용 도발 징후 조기 식별 도발 군사 조치 시행 대응능력 의지 현시 강조 국방부 한국 체계 킬체인 한국 미사일 방어 체계 대량응징보복 구축 가속화 노력 지속 회의 국방부 동계올림픽 평창 동계 올림픽 패럴림픽 평화올림픽 성공 방위 군사 대비 태세 확립 한국군 주도 신작전수행계획 발전 다짐 송영무 장관 당면 안보상황 미국 취임 트럼프 대통령 미국 우선주의 협력 견제 국제 질서 주도 도모 중국 강군몽 실현 군사 본격화 러시아 신동방정책 회복 아태 지역 영향력 추구 일본 북한 미사일 위협 명분 군사 능력 역할 확대 역내 안보 구도 유동성 증가 전망 국방부 안보상황 북한 위협 미사일 사이버 공격 위협 증대 전쟁양상 과거 강조 장관 장관 포함 국방부 직원들 야전 지휘관 전투임무 전념 지원 군복 군인 존경 워리어 리스펙트 문화 정착 최선 김지은 김지은 국방부 송영무 국방개혁 지휘관 영향력 미국 한국 대응능력 대 김지은 평창
문재인정부,통제,정 총리 투기의심 농지 강제 처분 실사용 외 토지취득 금지 앵커 정부가 오늘 정세균 국무총리 주재로 후속 조치 관계장관회의가 열고 부동산 투기 근절을 위한 추가 대책을 논의했습니다 우선 정부는 앞서 합동조사단 차 조사에서 드러난 투기 의심 직원 명의 농지를 수사 결과에 따라 강제 처분하고 임직원은 실사용 목적 외에 토지 취득 금지하기로 했습니다 취재기자 연결해 자세한 내용 알아 총리 투기 의심 농지 강제 처분 실사용 토지 취득 앵커 정부 정세균 국무총리 주재 후속 조치 장관 회의 근절 부동산 투기 추가 대책 논의 정부 조사 합동 조사단 명 투기 의심 직원 농지 수사 결과 강제 처분 임직원 실사 목적 토지 취득 취재 연결 차정윤 정부 휴일 의혹 관계장관회의 투기 의혹 장관 회의 대책 정부 시 관계장관회의 후속 조치 장관 회의 자리 총리 직원 극단 선택 유감 회의 발언 시작 총리 회의 논의 대책 방향 가지 설명 조직 방안 내부 통제 집중적 수단 불법 투기 전락 농지 대책 제도 개선 정부 총리실 산하 합동 조사단 조사 결과 명 투기 의심자 농지 수사 결과 강제 처분 임직원 실사 목적 토지 취득 임직원 보유 토지 상시 관리 정보시스템 구축 총리 내부 통제 총괄 감시단 준법 윤리 설치 감시 감독 체계 상시 작동 제도화 강조 농지취득 사전 사후 관리 관리 농업경영계획서 심사 투기우려지역 신설 농지 위원회 심의 총리 대책 청산 투기 비리 척결 부동산 적폐 시작 외양간 정부 의지 부동산 범죄 서민 금융 범죄 서민 일상 부당 생활 적폐 척결 강조 정치부 부동산 정세균 실사용 관계장관회의 임직원 차정윤 국무총리 총리실 조사단 의심자
문재인정부,통제,류근일 칼럼 이상하고 괴이한 일들이 벌어지면 총선을 앞둔 시국이 아무래도 예사롭지가 않다 으스스하고 음습하고 엽기적이며 흉흉하다 단순한 선거가 아니라 마치 아마겟돈 전쟁이라도 치를 것 같은 종말론적 분위기가 온 땅을 뒤덮고 있다 자유당 극성기 유신 시대 신군부 공 시절이 연상된다 역대 모든 정변 엔 공통점이 있다 정상적인 기준에선 상상도 못 할 이상하고 괴이한 일들이 일들 자유당 유신 신군부 정변 공통점 정상 기준 상상 울산 선거 개입 의혹 정권 시국 예사 엽기적 단순 선거 아마겟돈 전쟁 종말론 분위기 자유당 극성기 유신 시대 신군부 공 시절 연상 역대 정변 공통점 정상적 기준 상상 일들 유권자들 인조 인 투표 감시 소문 년 안가 궁정동 경호실장 차지철 청와대 경호 실장 김재규 중앙정보부장 부마사태 캄보디아 캄보디아 포트 정권 시절 분실 치안국 남영동 서울대 박종철 정권들 역대 막강 정권 막장 이면 예외 억지 궤변 혼매 병증 폭주 이래 조국 사태 정권 일들 조국 마음 중국 폐렴 확진자 급증 국가 체계 작동 대구 코로나 대구 봉쇄 운운 그중 압권 청와대 울산 관권 부정 선거 의혹 수사 마무리 재판 관련자 기소 의혹 형사 피고 사건 결말 여하 문재인 정권 관권 부정 선거 정권 운동 정권 공수처법안 강행 처리 조정 검경 수사 경찰 호위무사 장관 추미애 법무부 기용 윤석열 검찰 박살 장관 공소장 울산 사건 공개 사법부 정치 당파 일들 울산 부정 선거 정권 붕괴 악몽 살벌 위기감 자유 진영 유사 전체주의 나팔 소리 완장 부대 홍위병 정치 토지 대기업 공개념 언론 종교 시장 통제 동일 노동 동일 임금 풍요 이념 체제 무관심 경제주의 지표 외곬 기준 한국인 세대 세상 위악 농담 얼마 운동권 울산 시장 부정 선거 소추가 박차 기소 명 윗선 수사 본격화 윗선 윗선 상황 관여 추급 관여 김명수 대법원장 대법관 임명 노태악 판사 대통령 헌법 위반 탄핵 중국인 입국 문재인 대통령 탄핵 국민 청원 만 윤석열 검찰 사건 울산 부정 선거 수사 수사 정점 사태 비화 가늠 결정 뇌관 베네수엘라 전체주의 변혁 차베스 발탁 차베스 여성 검찰 총장 오르테가 디아스 전체주의 투쟁 사실 법조 운동 년 차베스 후계자 마두로 사법부 주구 국회 입법 탈취 부정선거 허수아비 제헌 의회 소집 마두 회사 브라질 건설 뇌물 폭로 콜롬비아 망명 상징 윤석열 검찰 총장 인적 윤석열 수사 성원 국민 연대 대가리 조국 정경심 울산 피고인 윗선 윗선 사이 특정 범주 흑백 대치 제 자리 안철수 철수 울산 윤석열 윗선 부정선거 일들 전체주의 차베스 문재인 청와대 사법부 검경 신군부 운동권 자유당 캄보디아 대구 뇌관 궁정동 브라질 남영동 치안국 차지철
문재인정부,통제,차 접종 간격 개월로 인과성 불충분 사망도 위로금 앵커 우리 일상을 다시 빼앗으려고 하는 코로나의 기세를 꺾기 위해서 정부가 백신 차 접종을 서두르기로 했습니다 살 이상은 나이 구분 없이 백신 기본 접종을 마치고 나서 석 달 뒤에 추가 접종을 하도록 그 간격을 더 줄였습니다 차 접종은 당장 다음 주부터 사전 예약이 가능합니다 첫 소식 정다은 기자입니다 기 접종 간격 인과성 사망 위로금 앵커 일상 코로나 기세 정부 접종 백신 살 나이 구분 접종 백신 기본 추가 접종 간격 접종 당장 당장 사전 예약 가능 소식 정다 일 접종자 기준 만 접종 대상자 세 고령층 고령 접종 세 연령층 접종률 확진자 증가세 고령층 돌파 감염 속도 접종이 정부 결국 성인 간격 접종 최소 고령 세 고위험군 개월 세 대상자 개월 개월 이기일 중앙재난안전대책본부 제 통제관 세 중환자 사망자 절반 정도 접종 완료자 환자들 돌파 감염 환자 나머지 절반 미접종 분들 미접종 고령 접종 완료자 중증화 치명률 배 기본 접종 개월 일 사전예약 가능 일 접종 월 접종 연령 접종 접종 세 내년 접종 방역 패스 유효기간 개월 유지 세 청소년 대상 접종 검토 방역 당국 내년 근거 인과 평가 사망자 인 천만 위로금 소급 지원 예정 영상취재 김민철 영상편집 소지혜 세 고령층 인과성 개월 위로금 세 사망자 대상자 미접종 연령층 완료자 중환자 접종이 접종률
문재인정부,판단,최우선 노인 접종 미룬 정부 아스트라 연령 상관없다 신종 코로나바이러스 감염증 코로나 백신 국내 접종을 앞두고 정부가 코로나 감염에 가장 취약한 고령층의 접종 시기를 미뤄 논란이 예상된다 당초 접종 최우선 순위에 올랐던 요양병원 세 이상 노인 접종은 이르면 월에야 가능할 전망이다 정은경 코로나 예방접종 대응 추진단장 질병관리청장 은 일 브리핑을 열고 우선 요양병원 요양 접종 노인 정부 아스트라 연령 감염증 신종 코로나바이러스 코로나 백신 접종 백신 정부 코로나 감염 고령층 접종 논란 예상 접종 순위 접종 요양 병원 노인 월 가능 전망 추진단장 정은경 코로나 예방 접종 대응 질병관리청장 브리핑 요양병원 요양시설 고령 집단 시설 입원 미만 입소자 종사자 대상 예방접종 아스트라제네카 백신 예방 접종 시작 세 연령층 연령 백신 유효성 추가적 임상정보 확인 예방 접종 전문 위원회 심의 접종방안 확정 계획 정부 대상 접종 이야기 고령층 접종 유럽 아스트라제네카 백신 논란 고령 효과 자료 추가 임상 확인 접종 단장 세 연령층 연령 백신 유효성 정보 추가 임상 확인 월 예상 예방 접종 전문 위원회 심의 접종 방안 확정 계획 코로나 예방 접종 달성 접종률 중요 효과 논란 고령 접종 예정 강행 신뢰 접종률 언급 단장 안전성 면역원성 확인 중증 진행 사망 예방 효과 판단 효과 근거 확인 접종 순차적 의견 정부 추가 임상 자료 토대 고령층 접종 재검토 정부 계획 임상 자료 접종 고령 백신 월 연기 고령 코로나 사망 대 접종 사망자 대유행 봄철 전망 정부 의료진 책임 기기 정부 여부 고령 접종 모습 식품 의약품 안전처 심사 아스트라제네카 허가 관문 백신 안전 효과성 검증 자문단 고령층 회의 결과 고령 접종 의견 자문단 다수 대상자 임상 참여 고령자 고령자 투여 배제 자문단 대상 평가 예방 효과 접종 감염 사례 명 경증 환자 면역반응 유도 성질 면역원성 성인 집단 차이 고령자 대상 안전 시험 고령자 접종 반응 발생 성인 미만 수준 자문단 중대 사례 보고 안전성 자료 효과 입증 부족 접종 사흘뒤 중앙약사심의위원회 중앙약심 세 접종 허가 권고 세 질병 관리청 예방 접종 전문 위원회 추가 논의 조건 정부 입장 질병청 전문가들 초청 코로나 백신 접종 시민 참여 특집 브리핑 세 아스트라제네카 백신 메시지 이날 브리핑 교수 남재환 가톨릭 의대 어머님 아스트라제네카 백신 접종 권유 설명 식약처 아스트라제네카 백신 사용 허가 사용 주의 사항 세 고령자 사용 신중 결정 문구 김강립 식약 처장 의사 접종 대상자 상태 백신 접종 유익성 결정 의미 설명 정부 허가 책임 의료진 접종 의료 현장 반발 세 접종 정부 태도 아스트라제네카 백신 국민 신뢰 흠집 근거 그새 고령 제한 과학 근거 가능 전문가 그룹 접종 세계보건기구 전문가 자문단 아스트라제네카 백신 세 고령층 고령 접종 아스트라제케 백신 긴급 사용 승인 여부 결정 전망 알레한드로 크라비오토 긴급성 생각 환자들 중증화 사망 얘기 세계 코로나 사망 사람들 설명 유럽의약품청 세 연령 접종 가능 권고 아스트라제네카 종주국 영국 만 세 성인 연령제한 접종 만 접종 고령 접종 아스트라제네카 백신 제한 나라 고령층 백신 효과 입증 임상 시험 자료 독일 프랑스 미만 접종 나라 아스트라제네카 백신 사용 연령 제한 대안 한국 상황 정기석 한림대성심병원 호흡기 내과 교수 질병관리본부장 백신 접종 유행 시작 요양 병원 집단 확산 사망 분들 교수 식약처 허가 의사들 책임 아스트라제네카 백신 권고사항 의사 판단 의사단체 접종 반대 지적 김신우 경북대병원 감염 내과 교수 항체 생성 자료 노인 유효 효과 정부 신중 태도 근거 부족 진행 어려움 정책 결정 비난 의식 결정 이에스더 이우림 세 아스트라제네카 고령층 코로나 자문단 고령자 전문가
문재인정부,판단,팩트체크 가계 소득 늘었다 지만 저소득층은 줄었다 문재인 대통령은 일 기자회견에서 부진한 일자리 성적표를 받아들었다는 지적에 대해 정부가 할 말이 없다 면서도 긍정적인 여러 효과도 있었다 고 설명했다 그러면서 전반적으로 가계 소득이 높아진다거나 상용직이 늘고 청년 고용률이 사상 최고를 기록했다 는 점을 긍정적 효과로 들었다 이는 전날 홍남기 경제부총리가 양적 측면에서 미흡하지만 긍정적인 소득 가계 저소득층 문재인 대통령 회견 부진 일자리 성적표 지적 정부 긍정적 효과 설명 전반적 가계 소득 상용직 청년 고용 사상 최고 기록 긍정 효과 경제부총리 홍남기 경제 부총리 측면 미흡 긍정적 모습 평가 주장 신빙성 가계 소득 저소득층 통계청 전국 가구 평균 실질 명목 소득 분기 증가 사실 소득 계층 상황 정부 최저임금 정책 초점 소득 하위 분위 차하위 분위 소득 연속 상위 분위 분위 소득 기간 증가 중산층 분위 분기 감소 증가 처분가능소득 실질 처분 가능 소득 월평균 원씩 실질 처분 가능 소득 가계 소득 사회보험료 세금 비소비지출 처분가능소득 물가 상승 감안 가계 실제 구매력 의미 분위 소득 감소 경제 비전 정부 부익부 빈익빈 심화 의원 추경호 자유 한국당 대통령 발언 얘기 청와대 참모 대통령 유리 통계 부각 의심 질적 일자리 대통령 정부 일자리 질적 개선 주장 대표 근거 상용직 일자리 증가 임시 일용직 근로자 만 전년 대비 만 상용직 기간 정책기획과장 황인웅 기획 재정부 정책 기획 과장 상용직 임시 일용직 안정성 대비 고용 안정 임금 수준 상대적 일자리 설명 상용직 년 증가 전년 대비 증가 포인트 상용직 얘기 상용 근로자 정규직 개념 기간 근로 계약 년 일자리 근로자 계약 년 아르바이트생 상용직 분류 상용직 일자리 얘기 동향분석실장 성재민 노동 연구원 동향 실장 일자리 일자리 개선 여부 판단 상용 증가 임금 조건 정규직 여부 지표 청년 고용 개선 생산가능인구 고용률 년 그중 청년 세 고용률 포인트 증가 선방 청년 고용 년 년 년 년 년 개선 평가 이견 청년층 실업률 전년 대비 포인트 하락 구직단념자 취업준비생 포함 체감실업률 청년 고용 보조 지표 통계 작성 최고치 기록 청년층 피부 실업률 악화 청년층 제외 고용률 건전 한국 경제 허리 취업자 만 전년 대비 청년층 제외 연령대 실업자 실업률 고용률 고용 동향 통계 용어 설명 고용 취업자 세 인구 고용률 경제활동인구 취업자 실업자 비경제활동인구 포함 생산가능인구 분모 실업률 실업자 경제활동인구 취업자 조사대상 주간 수입 목적 시간 동일 가구 가족 운영 농장 사업체 수입 시간 무급 가족 종사자 직업 사업체 일시적 사고 연가 교육 노사분규 사유 일시 휴직자 실업자 조사대상 주간 수입 주 일자리 구직활동 사람 일자리 가능 즉시 취업 경제활동인구 세 인구 조사대상기간 상품 조사 대상 기간 서비스 생산 수입 취업자 구직활동 실업자 비경제활동인구 세 인구 조사 대상 기간 취업 실업 상태 일자리 상용직 취업자 실업자 청년층 근로자 고용률 실업률 추경호 황인웅 성재민 사업체 처분가능소득 정규직 경제활동인구
문재인정부,판단,단독 국정원 적폐청산 핵심 서버 조사 이를 막는 내부자들 이전 정부 국가정보원의 불법 정치공작 관련 각종 문서와 기록이 저장된 서버 검색은 국정원 적폐청산 작업에서 가장 중요한 일로 꼽힌다 그곳에 실행 계획과 지휘부의 지시 사항 공작 실행 후 보고서 특수활동비 집행 내역 등 모든 근거 자료들이 보관돼 있기 때문이다 그런데 현 국정원 원장 서훈 이 기밀 보안 등을 이유로 서버 검색을 내부자 인 국정원 적폐 청산 핵심 서버 조사 내부자들 정부 국가 정보원 문서 불법 정치 공작 각종 기록 저장 서버 검색 작업 국정원 적폐 청산 중요 실행 계획 지휘부 지시 사항 공작 실행 보고서 내역 특수 활동비 집행 근거 자료 보관 국정원 원장 서훈 기밀 보안 서버 검색 내부자 보안요원들 전적 부실 조사 미완 개혁 국정원 검찰 수사의뢰 사안들 서버 보관 추정 기본 자료 누락 자료 수사 지연 혼선 초래 사례 빈발 파악 사정 국정원 내부 정통 복수 관계자 국정원 적폐 문서 기록들 저장 서버 검색 개혁 작업 시작 티에프 이래 적폐 청산 요원들 소속 내부 요원 전담 조남관 감찰 실장 티에프 파견 검사 작업 배제 티에프 내부 요원들 검색 자료들 토대 판단 상황 고양이 생선 모양새 실장 포함 파견 검사 티에프 구성원 국정원법 직원 신분 적폐청산 실무 중요 서버 검색 참여 관계자 국정원 대변인실 국정원 감찰 실장 파견 검사 국정원 서버 접근 조사 서버 접근 사실무근 해명 실태 왜곡 주장 지적 티에프 상황 관계자 방치 생각 국정원 개혁 위원 기조실장 신현수 국정원 파견 검사 서버 검색 참여 의견 상황 변화 공개 채동욱 유출사건 검찰 총장 개인 정보 유출 사건 아르시에스 사건 민간인 사찰 조사 결과 부실 서버 검색 방식 참여정부 활동 진실 화해 과거사정리위원회 진실위 후퇴 지적 안병욱 진실위 위원장 과거 진실위 마이크로필름 목록 검색 문서 검색 진실위 조사관 검색 요원 검색 확인 검증 조사 검증 한계 지적 국정원 개혁 발전 위원회 이달 활동 시한 관계자 개혁위 이달 청산 처리 사안 감찰실 티에프 검사 고립 검찰 국정원 부실 자료 이첩 불만 누적 검사들 선별적 국정원 서버 압수수색 의견 검찰 관계자 수사 디테일 자료 임무 나머지 검찰 국정원 태도 사람들 개혁 의지 의심 검찰 국정원 논리 조직 보호 작동 의심 외곽팀 사이버 댓글 외곽 수사 투입 특별 활동비 예산 집행 내역 기록 원장 전표 개별 영수증 공작 관여 파악 직원 관련자 명단 이름 사례 검찰 관계자 공작 시행계획 지휘서신 사후 보고서 마련 자료 자료 검찰 수사 지체 수사 규모 이중고 불만 검찰 관계자 수사 댓글 수사 심리 전단 명단 국정원 수사 장기화 검사들 수사상 자료 기록 서버 선별적 압수수색 허용 강희철 강희철 국정원 티에프 관계자 진실위 적폐청산 요원들 보고서 활동비 위원회 내부자 검사들
문재인정부,폐지,양심의 점은 부정의 점보다 명예롭다 전국 여개 학교 무감독 시험 전교생이 다같이 강당에 모여서 시험을 본다고요 그것도 선생님 없이요 올해 월 경기 오산시 운암고 학년인 류아영 양 은 올해부터 학교의 무감독 시험 결정을 듣고 걱정이 앞섰다 수시 전형을 노리는 류 양은 부정행위가 생기면 어쩌나 하고 걱정했다 월 말 중간고사가 열렸다 강당에 놓인 여 개 책상에 고 학생들이 모 양심 점 부정 점 명예 시험 전국 학교 전교생 강당 시험 선생님 학년 경기 오산시 운암고 류아영 학교 결정 시험 걱정 전형 부정행위 걱정 월 중간고사 강당 여 책상 학생 교사 시험지 답안지 퇴장 시험 분 교사들 답안지 일주일 시험 부정행위 발생 내신 경쟁 과열 고교 내신 시험지 유출 사고 사회 파장 상황 전국 학교들 학생들 양심 무감독 시험 학생 교사 만족도 시험 무감독시험 학생들 만족도 이명분 운암고 시험 학생 정도 집중도 김현서 양심 행동 시험 자율적 학생 성장 자부심 교사들 학생들 도덕성 양심 시험 교사 운암고 조찬영 부정행위 염려 부정행위 발생 학생들 성적 평균 교장 정상열 운암고 무감독시험 무작정 부정행위 발생 사회 물의 년 학생 학부모 교사 신뢰 교사 시험 설명 전국 시험 무감독시험 학교들 인천 제물포고 서울 중앙여고 년 년 무감독시험 교사 상황 시험 시간 긴급 대비 복도 대기 제물포고 시험 폐지 컨닝사태 단체 컨닝 사태 처리 양심 점 부정 점 명예 학생 교사들 노력 학교 전통 학교 출신 윤진노 제물포고 동창회 사무 국장 학교 출신 양심적 자부심 양정여고 경기 이천 성의여고 경북 김천 석유화학고 전남 여수 여 고교 시험 전국 고교 교감 유희관 중앙여고 시험 벤치마킹 학교 관계자 부정행위 인성 교육 내신 입시 중요 대입 제도 인천 최영권 연극영화학 인턴 한양대 연극 영화학 학년 무감독 운암고 부정행위 제물포고 학생들 중앙여고 한양대 인천 답안지 여 자부심 시험지 무감독시험 교사들 만족도 김천 연극영화학 경북 전남 여 동창회 여수 유희관 이천
문재인정부,폐지,포털 뉴스장사 댓글조작 방지 만든다 자유한국당 바른미래당 민주평화당이 일 댓글 여론 조작 사건 을 계기로 국내 대형 포털 사이트들의 여론 왜곡을 막기 위한 법안을 발의하는 등 공동 입법 작업에 나서기로 했다 야 당 대표와 원내대표는 이날 국회 귀빈식당에서 긴급회동을 갖고 여론 조작 사건을 계기로 포털 및 여론조사 등 제도 개선에 힘을 합치기로 했다 고 밝혔다 여론 조 포털 장사 댓글조작 방지 한국 미래 평화당 입법 착수 언론사 클릭 연결 자유한국당 바른미래당 민주평화당 사건 댓글 여론 조작 계기 포털 사이트 여론 왜곡 법안 발의 작업 공동 입법 대표 원내대표 귀빈식당 이날 국회 귀빈 식당 긴급회동 사건 여론 조작 계기 포털 여론조사 제도 개선 여론 조작 포털 사이트 규제 법안 공동 대응 대표 한국당 홍준표 이날 회견 포털 사이트 장사 포털 서비스 포털 아웃링크 제도 신문법 개정안 통과 아웃링크 포털 사이트 제목 클릭 사이트 언론사 연결 본문 확인 형식 구글 사이트들 유명 해외 사이트 채택 대표 네이버 방송 언론 기관 광고 수입 수입 혼자 구조 순위 조작 가능 여론 조작 가능 댓글 제도 국회 입법 강조 야 당 포털 사이트 책임 강화 댓글 추천 조작 검색어 순위 취약 구조 규제 강조 의원 바른미래당 신용현 조작 포털 사이트 소셜 댓글 폐지 주장 의원 민주평화당 정동영 매크로 프로그램 이용 댓글 포털 사이트 서비스 조작 법안 당론 발의 이날 언론사 민주평화당 한국당 바른미래당 야 당 정동영 아웃링크 사이트들 검색어 홍준표 신용현 소셜 긴급회동 개정안 한국
문재인정부,폐지,검수완박 정작 디테일이 없다 더불어민주당의 검수완박 검찰 수사권 완전 박탈 입법 추진을 두고 법조계는 물론 진보 성향 시민단체까지 신중론 을 펴고 있다 형사사법체계에 커다란 변화를 가져올 일인 데도 까다로운 세부 쟁점들에 대해서는 진지한 논의가 부족했다는 것이다 민주당은 일 검찰의 대 범죄 수사권을 폐지하는 검찰청법 형사소송법 개정안을 당론으로 발의하기로 했다 검수완박 정작 디테일 더불어민주당 검수완박 검찰 박탈 수사 완전 입법 추진 법조계 시민단체 진보 성향 시민 단체 신중론 형사사법체계 변화 쟁점 논의 부족 민주당 검찰 수사권 범죄 수사 폐지 검찰청법 형사소송법 개정안 당론 발의 수사권 범죄 수사 경찰 이관 장기적 중대범죄수사청 중수청 한국 신설 방안 추진 법조계 디테일 부족 지적 수사공백 부패 경제 공직자 방위사업 범죄 검찰 전담 회장 정웅석 한국 형사 소송법 학회 범죄 일반 형사 사건 전문적 사건 전문가 집단 접근 단기적 기관 검찰 이외 출범 년 기소 고위공직자범죄수사처 공수처 선례 수사공백 발생 경찰 강화 목소리 경찰 업무범위 수사 치안 첩보 포함 시행 수사 조정 경찰 범죄 제외 사건 수사 개시 종결권 수사 종결 확보 법안 통과 검찰 경찰 수사 공정 걱정 상황 민주당 경찰 직무 범죄 검찰 직접수사권 경찰 내부 감찰 강화 한편 경찰 인사 제도 혁신 방안 경찰 견제 장치 지적 현행 제도 경찰 검찰 사법통제 경찰 혐의 사건 검찰 재수사 요청 사건 건 재수사 개월 김예원 장애인 법센터 변호사 경찰 수사 시작 종결 결정 실질 통제 초기 진실 발견 형사권 행사 장기 로드맵 한국 수사권 범죄 수사 이관 형사사법체계 미국 연방 수사국 법무부 산하 영국 중대 비리 수사청 행정부 독립기관 독립기관 설립 기관 독립성 보장 의원 황운하 민주당 발의 법안 중수청 설립 중수청장 임명권 대통령 조직 정원 규정 대통령령 행정부 조직 구성 여지 한상희 건국대 법학 전문 대학원 교수 대통령 입김 기관 검찰 경찰 중수청 공수처 특사경 고민 민주당 개문발차 폐지 검찰 수사 추진 설립 한국 정부 논의 형사 소송법 전반 손질 지적 형사소송법 검찰 번 검사 언급 수사권 변사자 검시 감정 보증금 몰수 영역 이창현 한국외대 법학 전문 대학원 교수 형사소송법 검사 수사 규정 조문 일거 내밀 토의 삽시간 가능 민주당 시행 유예기간 만큼 준비 입장 비상대책위원장 윤호중 민주당 비상 대책 위원장 이날 라디오 출연 중수청 중수청 설립 검찰개혁법안 시행 준비 기간 유예 수사 공백 여지 의원 박주민 민주당 이날 의총 경찰 대 범죄 수사 검찰 소요 기간 정도 비공식적 확인 여당 국민 정부 협의 방안 경찰 통제 방안 경찰 개편 논의 민주당 수사권 중수청 대 소송법 형사소송법 한국 행정부 공직자 정웅석 공수처 재수사 수사청 김예원 미국
문재인정부,플랫폼,비트코인 사상 첫 만원대 돌파 가상화폐 비트코인의 국제 가격이 사상 처음 만 달러 돌파를 눈앞에 두게 됐다 국내 가격도 처음으로 만 원을 넘어섰다 미국 전기차회사 테슬라가 대규모 투자에 나선 데다 향후 차량 구입 결제도 허용할 것이라고 밝히면서 비트코인의 제도권 안착이 앞당겨질 것이라는 기대가 반영된 것으로 풀이된다 하지만 과도한 변동성과 거품에 대한 우려도 여 비트코인 사상 만 원대 돌파 테슬라 매수소식 달러 어치 매수 소식 급등 가격 테슬라 자산 물량 클듯 혁신 상징 지녀 파급 효과 일각선 포석 금융 서비스 진출 분석도 가상 화폐 비트코인 국제 가격 사상 돌파 달러 눈앞 가격 만 테슬라 미국 전기차 회사 투자 결제 차량 구입 허용 비트코인 제도 안착 반영 풀이 과도 변동성 거품 코인데스크 글로벌 가상 자산 정보 사이트 이날 시 비트코인 만 달러 거래 급등 최고치 연일 사상 최고 경신 빗썸 업비트 거래소 가상 화폐 비트코인 사상 만 업비트 비트코 시간 거래 대금 조 테슬라 일 현지 달러 조 규모 비트코인 구매 공시 자산 테슬라 보유 수준 테슬라 현금 수익 다양화 자산 극대화 목적 미래 제품 결제 수단 비트코인 용인 시작 테슬라 머스크 창업자 일론 대표적 가상 화폐 옹호론자 계정 지난달 트위 소개 비트코인 변경 비트코인 소셜네트워크서비스 공개적 비트코 지지자 비트코인 기성 금융 직전 단계 테슬라 투자 취지 다양화 현금 수익 설명 목적 단순 투자 비트코인 구매 연구원 한대훈 증권 테슬라 주행 데이터 활용 기업 빅데이터 플랫폼 도약 만큼 금융 서비스 분야 비트코인 활용 페이팔 온라인 결제 기업 비트코 결제 시작 혁신 아이콘 평가 테슬라 비트코 결제 허용 파급력 관측 미국 웨드부시증권 애널리스트 아이브스 테슬라 비트코 사용 잠재 게임체 인저 가격 변동 화폐 미흡 지적 세탁 조달 불법 자금 테슬라 비트코인 비트코 미국 만 한대훈 지녀 온라인 업비트 조 옹호론자 일론 일각선 아이브스 만큼 창업자 변동성 빅데이터 매수소식
문재인정부,플랫폼,집중취재 일삯 못 받는 외국인 노동자들 인 미만은 사각지대 광주 앵커 요즘 농촌과 산업현장에서 외국인 노동자들 아니면 일손을 구하기가 어렵다고 하죠 하지만 힘들게 일하고도 임금을 제대로 못 받거나 떼이는 경우가 많고 피해를 구제받기도 쉽지 않은 상황이 이어지고 있습니다 근로 감독의 사각지대에서 노동 착취를 당하고 있는 외국인 노동자들의 실태와 문제점을 민소운 김아르내 기자가 집중 일삯 외국인 노동자 인 미만 사각지대 앵커 요즘 농촌 산업현장 외국인 노동자 일손 임금 피해 구제 상황 근로 감독 사각지대 노동 착취 외국인 노동자 실태 문제점 민소운 김아르내 집중 취재 리포트 씨 우즈베키스탄 국적 년 전남 낚시 도구 공장 근로계약서 하루 시간 최저 임금 수준 약속 씨 자신 월급 최저임금 사실 월급 퇴직금 씨 체불임금 여만 근무 시작 사장 최저시급 최저시급 공장 약속 월급 의무 최저 임금 지급 입장 광주광역시 공장 씨 카자흐스탄 국적 급여 가량 노동청 고소 임금 요구 업주 연락 생각 중요 공장 공통점 직원 미만 농축 산업 분야 외국인 노동자 사업장 영세 사업장 근로계약서 야간 휴일수당 지급 의무 정부 임금 소액체당금 제도 미만 농어업 사업장 제외 노동 제도 노동 신분 불법 체류 외국인들 임금체불 취약 환경 김춘호 변호사 광주민중의집 운영위원 농어촌 산재 사장님 국가 소액 체당금 이중삼중 외국인 노동자 임금 체불 신고액 백억 년 임금명세서 명세서 플랫폼 해법 월급 급여명세서 기록 급여명세서 자신 임금 산정 현장 발급 확인 부산 외국인 주민 지원 센터 천 외국인 노동자 임금 체불 상담 실제 얼마 증명 자료 외국인 노동자 급여명세서 존재 임금체불 노동자 음성변조 급여명세서 퇴직금 급여명세서 근무 사실 입증 자료 사업자 김인선 부산외국인주민지원센터 상담가 근무 사람 회사 사진 노동청 신고 급여명세서 업주 입맛 합의 근로 기준 개정 월 업체 미만 포함 사업장 급여명세서 구체적 지침 노동권익센터 중심 인터넷 사이트 급여 명세서 양식 제공 정도 한국어 인터넷 사용 외국인 노동자 고령층 취약계층 접근성 김둘례 민주노총 동부산상담소 실장 시행 월 노동부 관리 감독 부분들 체계 점검 확립 시행 사전 고용노동부 현장 혼란 지침 기준 과태료 적용 마련 촬영기자 허선귀 영상편집 전은별 외국인 노동자 명세서 사업장 급여명세서 부산외국인주민지원센터 최저임금 임금체불 부산 노동청 백억 노동부 사각지대 신고액 인 퇴직금 김아르내 카자흐스탄 계약서 최저시급 우즈베키스탄 농어촌
문재인정부,플랫폼,현대모비스 글로비스 전기차 수소 등 미래 먹거리 공략 강화 현대차그룹의 부품 물류 사업을 담당하는 현대모비스와 현대글로비스가 전기차 수소 등 그룹이 점찍은 미래 성장 사업 공략을 강화한다 악셀 마슈카 현대모비스 부사장은 일 현지 시각 독일 뮌헨에서 열리는 국제 모터쇼 옛 프랑크푸르트 모터쇼 모빌리티 에서 글로벌 영업 전략을 발표하고 유럽 현지 고객사 수주에 나설 계획이다 모비스 현대모비스 글로비스 전기차 수소 미래 먹거리 공략 강화 현대차그룹 부품 물류 사업 현대모비스 현대글로비스 전기차 수소 그룹 미래 성장 사업 공략 강화 악셀 마슈카 현대모비스 부사장 일 현지 시각 독일 뮌헨 국제 모터쇼 프랑크푸르트 모터쇼 모빌리티 전략 글로벌 영업 유럽 현지 고객사 수주 계획 모비스 제품 전기차 스케이트보드 플랫폼 뭉치 전용 부품 모듈 스케이트보드 플랫폼 배터리 차량 바닥 전기차 특성 설계 뼈대 차대 스케이트보드 뼈대 부품 전기차 핵심 모터 배터리 레고 조립 뭉치 형태 장착 차체 차종 저가 생산 모비스 그간 경험 부품 사업 바탕 전기차 구동 조향 제동 부품 모듈 배터리 관리 뼈대 플랫폼 맞춤형 공급 설명 모비스 영업 강화 유럽 북미 중국 인도 현지 현지 전담 조직 유럽 북미 지역 전담 임원 채용 현대글로비스 중개 원유 글로벌 원자재 거래 업체 트라피구라 계약 년 암모니아 액화석유가스 해상 운송 시작 천억 투자 건조 적재량 척 규모 가스 운반선 투입 최장 바닷길 암모니아 가스 운반 계획 수소 질소 결합 암모니아 상온 액체 대량 수소 저장 운송 유리 회사 강조 부피 저장 운송 기체 수소 일상적 사용 액화 수소 단점 보완 운송 암모니아 수소 추출 사용 월 합동 암모니아 협의체 가입 글로비스 수소 생산 운송 추출 공급망 전반 서비스 제공 암모니아 이산화탄소 배출 재생 에너지 생산 수소 활용 암모니아 의미 전기차 뼈대 유럽 현대모비스 스케이트보드 모터쇼 현대글로비스 글로비스 적재량 운반선 북미 부사장
문재인정부,행동,단독 경찰 이용구 폭행 내사종결 수사관 입건 서울경찰청 진상조사단이 지난해 월 일 택시 운전사를 폭행한 이용구 법무부 차관을 입건조차 하지 않고 내사종결한 서울 서초경찰서 경사를 직무유기 혐의의 피의자로 입건해 조사 중인 것으로 일 밝혀졌다 동아일보 취재를 종합하면 서울경찰청 진상조사단은 최근 경사를 특정범죄가중처벌법상 특수직무유기 혐의 피의자로 입건했다 특수직무유기는 경찰 이용구 폭행 입건 내사 종결 수사관 특수 직무 유기 혐의 피의자 조사 서울경찰청 진상 조사단 택시 운전사 폭행 차관 이용구 법무부 입건 내사종결 서울 서초경찰서 경사 직무 유기 혐의 피의자 입건 조사 일 동아일보 취재 종합 서울경찰청 진상 조사단 경사 특정 범죄 가중 처벌 특수 직무 유기 혐의 피의자 입건 특수직무유기 범죄 수사 직무 종사 공무원 특가법 규정 사람 직무 유기 적용 차관 택시 운전사 멱살 행동 특가 운행 운전자 폭행 경사 일반 형법 적용 특수직무유기 유죄 인정 유기 징역 년 징역 처벌 형법 직무 유기 형량 경사 입건 조정 검경 수사 개정 절차 경찰 설명 시행 검사 사법경찰관 상호 협력 준칙 일반 수사 규정 혐의자 수사기관 출석 조사 수사 시작 간주 입건 경사 경찰 감찰부서 수사부서 조사 경사 차관 수사 무마 의혹 경찰 수사 별도 서울중앙지검 형사 부장검사 이동언 수사 특수직무유기 피의자 서울경찰청 운전사 검경 이용구 내사종결 수사관 서울중앙지검 조사단 서울 법무부 경찰관 부장검사 동아일보 사법경찰관 공무원 특가법 혐의자 운전자 감찰부서
문재인정부,행동,더오래 운 좋게 수익 올린 주린이에 찾아온 주식의 저주 더 오래 강정영의 이웃집 부자이야기 요새 코로나로 모두가 힘든 세상을 살아가고 있다 그런데 나는 왠지 수입도 더 늘고 하는 일도 술술 잘 풀린다 주식을 샀는데 사자 마자 산 종목이 급등 따블이 되었다 회사에서 동기들 제치고 승진도 빨리했다 혹시 최연소 합격까지 한 것은 아닌가 그렇다면 미안한 얘기이지만 앞으로의 인생 매 수익 주린이 주식 저주 강정영 이웃집 부자 이야기 요새 코로나 세상 수입 주식 종목 급등 따블 회사 동기들 승진 합격 미안 얘기 인생 조심 화투판 초장 끗발 개끗발 초반 기고만장 사람 고개 퇴장 사람 심술 과장 오랫동안 나라 사람 기억 대학 법대 입학 대학교수 머리카락 비판 지식인 행세 공정 정의 사도 장관 실제 생활 법원 판결 이익 별짓 위선자 절벽 옛말 남자 가지 금기 소년 급제 중년 상처 말년 무전 출세 중년 배우자 말년 고생 그중 출세 위험 시험 합격 사람들 오만 중도 하차 머리 시험 아래위 사람 무시 동료들 인간관계 사람 성공 편승 얼마 끝장 능력 착각 처신 주식 초기 수익 불행 시작 실적 미래 우량 기업 장기투자 손해 세칭 유행 테마 종목 족집게 도사 추천 주식 실적 단기 급등 종목 공부 원칙 순식간 주식 백전백패 실력 착각 준비 사람 성실 부지런 인간관계 성공 도움 끈기 인내 성공 보장 필요조건 충분조건 행운 작용 러시안룰렛 회전식 리볼버 권총 총알 장전 머리 방아쇠 목숨 게임 총알 장전 탄창 위치 이마 방아쇠 괴짜 부자 억 게임 청년 무일푼 이판사판 도전 확률 확률 게임 도전 청년 도전 억 세 게임 확률 행운 나심 니콜라스탈렙 현실 러시안룰렛 사람 명 주씩 위험 경고 연발 권총 총알 방아쇠 발생 안전 착각 총알 사실 망각 방심 결국 총알 발사 치명상 반대 공부 노력 사람 회사 입사 콘텐츠 분야 전문가 사람 단기간 성공 큰돈 조심 행동 조금씩 위험 성공 성공 성공 승자 운칠기삼 사람들 실력 의존 도박 무리 실력 실력 잠시 행운 실력 착각 순간 저주 행운 방아쇠 개끗발 회전식 무일푼 러시안룰렛 인간관계 이웃집 사람들 지식인 대학교수 장기투자 세칭 코로나 옛말 위선자 별짓 끝장 조금씩 오랫동안 치명상 니콜라스탈렙 동료들 화투판 필요조건 동기들 그중 족집게 운칠기삼 배우자 강정영 나심 충분조건 순식간 전문가 주씩
문재인정부,행동,보조금 규제 카드 때리려다 한국만 당할라 긴장 유럽연합 이 탄소국경세 에 이어 강력한 역외 보조금 규제 카드를 꺼내 들었다 또 미국도 중국을 견제하기 위한 혁신경쟁법 을 추진하고 있어 무역시장에서 선진국들의 게임의 룰 바꾸기가 본격화하고 있다 이에 따라 세계무역기구 체제 아래서 선진국 시장을 자유롭게 공략하던 한국 수출기업들의 피해가 우려되고 있다 규제 보조금 카드 한국 긴장 유럽연합 탄소국경세 규제 역외 보조금 카드 미국 중국 견제 혁신경쟁법 추진 무역시장 선진국들 게임 본격화 세계무역기구 체제 선진국 시장 자유 공략 한국 수출 기업 피해 통신 집행위원회 현지시간 시장 교란 역외 보조금 규정 이해 관계자 절차 의견 수렴 의회 승인 절차 법안 발효 진행 계획 보도 규정안 외국 기업 일정 규모 기업 인수 합병 공공 조달 수출 년 자국 정부 수혜 보조금 내역 신고 당국 사전 허가 자료 허위 제출 신고 매출액 과징금 부과 공공 조달 보조금 경쟁 왜곡 의심 상황 당국 직권 조사 권한 움직 외국 기업 반발 미국상공회의소 주재 의견문 보조금 불투명 운영 국가 적용 준비 사전 자료 비용 부담 지체 시장 결국 혁신 저해 비판 중국상공회의소 주재 법안 법안 활용 타국 정보 교류 중요 규제 외국 기업 투자 위축 주장 유럽 진출 기업 한국 대표 유럽 한국기업연합회 관계자 자유무역협정 보조금 규정 투명 운영 한국 기업 선의 피해자 규정 직권 조사 조사 범위 당국 자의 해석 권한 남용 미국 보조금 규제 불만 표시 자국 법안 무역 제재 상원 지난달 혁신 경쟁 법안 통과 처리 절차 하원 협의 미국 중국 견제 종합 법안 제재 대중 무역 방지 자금 유출 하원 협의 대통령 서명 연내 발효 예정 인권 탄압 미국 가치 행동 중국 기업 무역 제재 미국 중국 기업 미국 자금 최종적 중국 정부 인민해방군 유입 규정 제재 효과 강화 동맹국 공동 통제 대중 수출 수입 추진 중국 통상 분쟁 피해 미국 수입업 소비자 각종 세금 감면 방안 법안 중국 견제 한국 국가 영향권 단정 지식 재산 탈취 인권 탄압 품목 중국 거래 기업 제재 이원석 무역 협회 통상 지원 센터 위원 미국 해당법 근거 한국 대중 공동 수출입 통제 제안 가능성 한국 기업 공급망 제품 생산 공급 제재 가능 중국 기업 포함 여부 점검 대응 시나리오 준비 미국 한국 중국 보조금 관계자 선진국 유럽 이원석
문재인정부,행위,박원순 공개 두둔 우상호에 민주당서도 아무리 급하다지만 더불어민주당 서울시장 예비후보인 우상호 의원이 일 고 박원순 전 시장의 배우자가 남편의 무고함 을 주장하며 쓴 손편지에 공개적으로 동조하고 나서 파문이 일고 있다 당내 경선이 한 달도 채 남지 않은 상황에서 당내 전통적 지지층을 결집시켜 박영선 예비후보에게 밀리는 지지율을 끌어올리려는 시도로 풀이된다 그러나 당내에서도 무리수 라는 비판이 나온 두둔 박원순 공개 우상호 민주당 예비후보 더불어민주당 서울 시장 예비 후보 우상호 의원 일 박원순 시장 배우자 남편 주장 손편지 공개적 동조 파문 당내 경선 상황 지지층 당내 전통 지지 결집 박영선 예비 후보 지지율 시도 풀이 당내 무리수 비판 후보 이날 자신 페이스북 언론 보도 강난희 여사 편지 시작 눈시울 박원순 시장 혁신 롤모델 민주주의 인권 동지 박원순 시장 정책 계승 발전 박원순 우상호 우상호 박원순 마음가짐 서울시 정책 일 시장 번 생일 강난희 여사 유가족들 시장 배우자 강난희씨 박원순 기억 사람들 손편지 국가인권위원회 시장 성희롱 사실 인정 진실 생각 남편 박원순 사람 손편지 에스엔에스 전파 우상호 후보 손편지 소회 자신 페이스북 강씨 주장 인권위 시장 행위 성추행 조사 부정 진실 주장 논란 강씨 편지 진실 가족 박원순 도덕성 회복 생각 추모 박원순 세상 변화 서울 시장 보궐 선거 후보 강씨 주장 가해 지적 후보 페이스북 지지 댓글 실망 비판 후보 사퇴 촉구 반응 누리꾼 선거 서울 시장 사실 부정 시장 후보 자격 당장 사퇴 요구 누리꾼 서울 시장 출마 사람 국가인권위원회 법원 인정 사건 박원순 성추행 생각 비판 민주당 책임 출마 당헌 보궐선거 후보 지적 후보 행보 인권위 공식 사과 방침 배치 이낙연 대표 지난달 인권위 조사 결과 피해자 가족들 피해자 피해 일상 회복 나름 최선 더모아 윤태곤 의제와 전략 그룹 정치분석실장 결국 경선 박영선 후보 박영선 후보 정책 위주 상황 차별 전략 무리수 민주당 핵심 전통 지지 소구 발언 내부 후보 행위 무리수 지적 후보 지지율 도움 행위 민주당 관계자 지지자 당내 핵심 어필 당장 경선 최종 후보 민주당 관계자 후보 보궐선거 부산 서울시장 성추행 후보 발언 정치적 경선 결과 마음 야당 반발 국민 서울 시장 예비 후보 나경원 의원 이날 자신 페이스북 선거 서울 시장 후보 박원순 찬양 자체 가해 후보 우상호 캠프 인권위 입장 존중 피해자 시장 시민 운동 시정 후보 가치 입장 손편지 동조 남편 아내 동감 박원순 서울시장 인권위 손편지 우상호 민주당 페이스북 강씨 강난희 성추행 서울 피해자 무리수 박영선 윤태곤 보궐선거 예비후보 더불어민주당
문재인정부,행위,더뉴스 더정치 정경두 해임건의안 추경 발목 진행 김대근 앵커 출연 기동민 더불어민주당 의원 임재훈 바른미래당 의원 아래 텍스트는 실제 방송 내용과 차이가 있을 수 있으니 보다 정확한 내용은 방송으로 확인하시기 바랍니다 앵커 나흘 뒤 일이면 월 국회가 문을 닫습니다 추경 등 정치권이 해결해야 될 과제는 산적해 있는데 정경두 국방장관 해임건의안이 새로운 쟁점으 정경 해임건의안 추경 발목 진행 김대근 앵커 출연 의원 기동민 더불어민주당 의원 임재훈 바른미래당 텍스트 실제 방송 차이 방송 확인 앵커 나흘 일 국회 추경 정치권 해결 산적 정경 국방장관 해임 건의안 쟁점 국회 정치권 성적표 여야 미니 토론 정치 변수 국회 의원 기동민 더불어민주당 의원 임재훈 바른미래당 안녕 인터뷰 안녕 앵커 국회의장 문희상 국회 의장 회동 원내 대표 자리 일정 국회 합의 의원님 분위기 기동민 얘기 생산적 얘기 국민 얘기 내부 당리당략 자당 우회전술 부분들 합의 자유한국당 정상화 의사일정 합의 조건들 얼마 경제원탁회의 부분들 성사 추경 협조 말씀 국정조사 북한 목선 국정 조사 정경 국방부 장관 해임 건의안 처리 가지 일 본회의 추경 처리 요구 바람 전형적 정치공세 의사일정 합의 상황 얘기 앵커 결국 의사일정 합의 분위기 미래당 원내 국회 의장 협의 일정 합의 임재훈 바른미래당 중재자적 역할 노력 국민들 일정 평가 결실 결과 말씀 나라적 정치 경제 안보 사회 교육 부분들 조건 정치권 담론 대화 무조건적 대화 재개 대화 병행 국민들 해결 대화 것들 정치권 방기 국민들 지탄 외면 판단 조건 정치권 대화 판단 앵커 의원님 조건 정치권 대화 얘기 상황 정경 국방장관 해임 건의안 쟁점 등장 상황 나경원 원내 대표 기자회견 얘기 나경원 자유 한국당 원내 대표 정경두 해임건의안 제출 표결 이틀 합의 국회 정상 합의 본회의 이틀 사실 내정 합의 여당 하루 정경 장관 국회 사실 방탄 국회 사용 자유한국당 입장 정경 국방장관 해임건의안 제출 상황 민주당 상황 기동민 우회전술 기본 야당 원내 대표 생각 국무위원 해임건의 의사일정 이틀 본회의 시간 표결 시간 본회의 일정 이틀 중요 상황 본회의 일정 확정 해임 제출 이외 정치 공세 아무것 생각 나경원 원내 대표 말씀 일 의사일정 합의 말씀 원내대표 여야 원내 대표 합의 부분들 자유 한국당 의원 총회 자연 백지화 원내대표 나경원 원내 대표 말씀 무효화 국민 협상 얘기 국민 무효화 예전 합의 말씀 자체 어불성설 생각 경계 실패 비판 국방부 장관 사과 부족 생각 중요 사안 경계 실패 국방부 장관 해임 생각 해임 군단장 보직 포함 책임 국민 사과 부분들 국회 정상 추경 전제조건 해임건의안 국방부 장관 해임 건의안 얘기 명분 빌미 생각 자유한국당 의원들 패스트트랙 경찰 소환 진행 출두 의원들 소환 의원 출두 시작 출두 소환 부분들 방어막 임시국회 소집 자신들 울타리 계산 노림수화 해임건의안 국방부 장관 해임 건의안 요구 의구심 앵커 결국 방탄국회 말씀 이해 기동민 국민 국회 처리 예산 처리 국민 월급 소임 국회 자당 의원들 보호 구실 임시국회 얘기 국민 예의 생각 앵커 말씀 의원님 자체 국방장관 해임 건의안 반대 입장 이해 바른미래당 입장 바른미래당 입장 민주당 정경 국회 중요 얘기 입장 임재훈 자유한국당 정경 국방부 장관 해임 건의안 제출 자유한국당 관철 예측 앵커 임재훈 일정 정치공세적 측면 차제 자유한국당 예측 가능 정치 로드맵 제시 민주당 바른미래당 수용 가능 해법 제시 말씀 국정 정부 여당 청와대 여당 결자해지 마음 정신 해결 정치 타이밍 예술 시의성 예술 대통령 정부 여당 정경 국방부 장관 해임 건의안 제출 정국 혼란 가중 경질 책임정치 발현 정경 국방부 장관 본인 군대 기강 국민들 안심 분노 마음들 판단 청와대 정경 장관 본인 결자해지 정신 생각 앵커 결국 본인 사퇴 입장 이해 임재훈 대통령 정부 여당 부담 국방부 장관 책임 정치 행위 국민들 마음 정도 안심 의미 정경 장관 국회 본회의 대정부질문 말씀 대정부 질문 자리 실천 판단 정경 장관 용기 결단 앵커 결자해지 용기 결단 말씀 기동민 지적 말씀 경계 실패 군대 지휘관 작전 실패 용서 경계 실패 용서 용서 책임 방식 상황 경중 경계 실패 지휘관 책무 책임 변명 사안들 국방부 장관 경질 시작 군대 질서 생각 인정 진행 진행 파악 은폐 조작 자인 일정 책임들 국민 사과 만큼 기회 상황들 돌파 리더십 계기 생각 비판 국방 정쟁화 가능 예측 정치일정 부분들 해임건의안 통과 본회의 주장 상황들 호도 기만적 접근 생각들 지적 지적 추경 방해물 문제들 처리 추경 추경 처리 국민 불안감 경제 부분들 바람 앵커 결자 사퇴 말씀 임재훈 존경 기동민 의원 말씀 부정 일정 동의 일리 판단 국민들 분노 국민들 분노 하늘 부분들 진정 억제 진무 위무 작업들 국방 최고책임자 정경 국방부 장관 나름 결단 용단 대통령 부담 정부 여당 집권 여당 책임성 나름 자유 부분들 정리 정경 국방부 장관 용기 각료 판단 용단 결단 촉구 앵커 자리 주제 자유한국당 일 이틀 본회의 입장 불가능 입장 민주당 기동민 말씀 해임건의안 시간 시간 규정 활용 본회의 일정 확정 해임 건의안 카드 일반 우회전술 기본 본회의 일정 확정 자신 정치 목적 실현 악용 느낌 해임건의안 국방부 장관 해임 건의안 처리 이틀간 본회의 야당 제안 여당 본회의 일정 확보 국방부 장관 해임 건의안 카드 전제 기본 상실 접근법 생각들 정치공세 부분들 것들 자제 국정조사 해임건의안 전폭적 협조 생각 구실들 자유한국당 협상 행태 마지노선 생각 앵커 자유한국당 해임건의안 제출 입장 상황 상황 국회 일정 협의 말씀 가능성 생각 전망 기동민 해임건의안 처리 제출 이틀간 진행 본회의 합의 본회의 보고 처리 처리 임시 국회 우회적 메시지 그전 추경 처리 느낌들 부분들 곤혹 추경 흥정 대상물 일본 무역보복 상황 결단 여야 합의 부분들 중요 당리당략 앵커 해임건의안 추경안 연관 자체 의견 말씀 의원 생각 임재훈 자유한국당 정국 상황 나라적 국가적 정경 국방부 장관 해임 건의안 제출 아까 말씀 가능성 대로 실현 가능 정략 발상 자유한국당 제안 청와대 여당 결자해지 정신 추경 국회 추경국회 야당 추경 협조 투트랙 국정 판단 앵커 추경안 입장 예전 역할 추경 거수기 입장 미래당 상황 임재훈 존경 오신환 원내 대표 말씀 일정 동의 일방적 추경 추경 야당 요구 것들 국민들 부분들 정부 여당 협치 정신 판단 추경 일환 앵커 말씀 청와대 민주당 대승적 결단 말씀 상황 이해 해임건의안 자유한국당 제출 국회 보고 처리 절차 주장 해임건의안 국회 통과 자동 해임 기동민 구속력 해임건의안 통과 장관 해임 해임건의안 통과 정부 대통령 해임건의안 존중 일종 신사협약 국민 대표 국회 존중 접근 이론 존재 정치현실 국민 무시 행위 생각 앵커 강제성 해임건의안 통과 대통령 무시 상황 기동민 정치 책임 신중 사안 국회 해임건의안 처리 장관 수행 여당 야당 국회 입장 신중 조심 접근 국회 정치 카드 동원 예전 박근혜 대통령 탄핵 장관 김재수 농림부 해임건의 진행 정치 노림수 해법 차원 실제 국면 규정 지배 중요 정치 행위 카드 성사 성사 가지 한쪽 정치 치명상 상황 조심 국민들 정서 정치 감안 진행 사안 생각 앵커 여당 입장 야당 입장 정경 얘기 국방장관 해임 건의안 배경 가지 사건 그중 북한 어선 귀순 사건 자유한국당 국정조사 요구 상황 미래당 임재훈 미래당 국정조사 찬성 국민들 의구심 궁금증들 국회 차원 정치권 판단 진행 말씀 대로 자유 한국당 주장 정경 국방부 장관 해임 건의안 제출 정치공학적 공세 측면 차치 말씀 정경 국방부 장관 자진 자리 정국 유일 강조 앵커 입장 입장 얘기 귀순사건 북한 어선 귀순 사건 국정조사 요구 민주당 입장 기동민 국정조사 최순실 사건 국정 농단 사건 경제적 나라 정도 경제적 중요 정치 타격 경제 타격 유력 카드 진행과정 흑막 은폐 조작 징후 사안들 국민들 요청 국회 국정조사 발동 유사 예전 노크귀순 국정조사 일정 경계 실패 책임 대응과정 부분들 질타 사건 조직적 은폐 조작 진상 규명 부족 생각 국방위원회 운영위원회 국가안보실 상대 얼마 추궁 비판 장들 마련 국회 유력 정치 공격 진실 규명 장소 합법적 국정조사 요구 본말 전도 운영위원회 국방위원회 의혹 양파 의혹 국민 공감대 국정조사 국정 조사 할아버지 요청 생각 상황 순서 바늘귀 허리 생각 앵커 말씀 결국 해임 건의안 국정조사 숨통 여야 생각 민주당 입장 해법 제시 기동민 약속 원칙 앵커 약속 기동민 경제원탁회의 조건 성사 추경 처리 말씀 경제원탁회의 장하성 정책 실장 밥상 밥상 얘기 임재훈 의원 청와대 생각 원칙 충실 애초 합의 대로 입장 플러스알파 얼마 생각 생각 플러스알파 밥상 주문 원칙적 타협 대상 생각 앵커 약속 경제원탁회의 우선 기동민 부분들 운영위 국방위 국민 궁금증 대변 회의 생략 국정 정치 흑막 의구심 앵커 임재훈 말씀 존경 기동민 의원 말씀 일정 동의 기동민 의원 말씀 국민들 신뢰 요구 국민들 퍼센티지 국민들 정부 의구심 의문 점들 독립 단위 해결 국민들 취지 정부여당 나중 동의 앵커 여당 야당 역할 진행 국회 갈등 국회 해결 논의 가지 의제 얘기 얘기 악화 한일관계 국회 가지 의견 상황 일본 가지 반도체 소재 수출 규제 방안 추가적 제재 전략물자 수출 건건 심사 화이트 리스트 한국 배제 방안 추진 정치권 해결 임재훈 자유무역시대 일본 야만적 행태 정치인 사람 국민 사람 분노 감정적 해결 냉정 객관적 투명 가지 방책 제시 정치권 목소리 일관 목소리 판단 여야 초당적 대처 판단 국익 사활 외교 강화 외교 우리나라 외교 고립무원 상태 대미 대중 대일 외교 대러시아 외교 외교 속도감 입체적 추진 일본 정상화 과거 경험 년대 수상 수상 스즈키 젠코 외상 아베 총리 부친 외무장관 아베 신타로 외무 장관 우리나라 달러 경협차관 요구 일본 거부반응 교착 한일관계 타개 한국 일본 지한파 실력자들 지일 막후 실력자 외교 부분들 공식적 부분들 해결 경험들 판단 정부 정부 외교 노력 기업 기업 최선 노력 막후 실력자 일본 한국 관계자들 실력자들 결자해지 정신 한일관계 계기 단계 업그레이드 터닝포인트 판단 차원 한번 접근 생각 앵커 일본 인물 중재 말씀 문재인 대통령 번째 기동민 대통령 말씀 부분들 속단 말씀 임재훈 의원 말씀 해법 전폭적 동의 가지 조심 분노 이성 판단력 유지 가슴속 분노 생각 접근 시대착오적 접근 경제적 동북아 질서 판도들 정치 노림수 진행 부분들 하루아침 해결 비관적 얘기 단계적 보복조치 대응조치 부분들 생각 이성 판단력 마음속 분노 말씀들 차원 국회 접근 생각 국회의장 말씀 서청원 의원 필두 의원들 전문가들 협상단들 파견 경색 국면 노력들 초당적 대처 황교안 대표 회동 형식 대통령 자리 말씀 긍정적 신호 생각 앵커 말씀 의원님 황교안 대표 회견 임재훈 대화 재개 국정현안 초당적 자세 평가 정치 레토릭 실전 방안 실질적 대화 난맥 국정 돌파 기동민 의원 말씀 대로 경색 한일관계 마음 말씀 초당적 대처 추경 정경 해임건의안 국방부 장관 해임 건의안 사건 북한 목선 국정조사건 여야 대립 일본 초당적 대처 부인 정치권 대오각성 대승적 자세 전환 촉구 앵커 국회 경색 한일관계 해법 주목 말씀 인터뷰 감사 부분들 기동민 해임건의안 본회의 자유한국당 일본 건의안 임재훈 국정조사 국민들 한국당 국방부 한일관계 민주당
문재인정부,행위,망언 당사자 명단 공개 주장 왜곡 금지법 공동 발의 자유한국당 의원들의 망언에 대한 광주 시민들의 분노와 정치권의 후폭풍이 쉽게 가라않지 않고 있습니다 급기야 자유한국당 김병준 비대위원장이 어제 긴급 기자간담회를 열고 진화에 나섰는데요 공청회 발언은 허위이고 을 폄훼하는 것이다 이런 주장을 계속하는 것은 보수를 넘어 국민을 욕보이는 행위 라면서 사과를 했는 왜곡 금지법 공동 발의 자유 한국당 의원 망언 광주 시민 분노 정치권 후폭풍 비대위원장 자유 한국당 김병준 비대 위원장 기자간담회 긴급 간담회 진화 발언 공청회 허위 폄훼 주장 보수 국민 행위 사과 하루 김병준 위원장 의견 존재 보수정당 생명력 공분 나경원 원내 대표 공청회 사실 역사 해석 존재 논란 파장 차원 사과 명 의원 윤리위원회 윤리 위원회 징계 수위 논의 예정 당사자들 주장 입장 김진태 의원 광주 별도 사과 명단 유공자 공개 주장 이종명 의원 여부 북한군 개입 검증 유공자 명단 공개 의원직 유공자 괴물 집단 김순례 의원 명단 공개 주장 의원들 발언 김진태 자유한국당 의원 주관적 의견 평가 나중 김순례 자유한국당 의원 말씀 국민 유공자 명단 공개 말씀 주장 법적 불가능 요구 사과 진정성 비난 북한군 개입 진상 조사 법원 판결 규명 허위 주장 사람들 북한군 개입 주장 지만원 명예 훼손 혐의 재판 판결 북한 개입 내란 음모 지만원씨 주장 사실 법원 인정 명예 훼손 무죄 선고 지만원씨 김대중 대통령 북한 북한군 광주 주장 법원 명예 훼손 유죄 선고 피해자 구체적 특정 사실 주장 처벌 선례 악용 왜곡 주장 사람들 시각 국회 금지법 왜곡 추진 왜곡 비방 행위 징역 벌금 부과 토론회 간담회 발언 규제 범주 포함 검토중 여야 명 의원 국회 윤리 위원회 징계안 제출 자유한국당 출당 압박 의원 제명 거론 시민단체들 광주 시민 단체 상경 투쟁 예정 사태 수습 친절 자유한국당 광주 유공자 김병준 공청회 북한군 지만원 위원장 간담회 윤리위원회 김순례 의원직 한국당 당사자 김진태 나경원 의원들 위원회
문재인정부,행정,차 재난지원금 노점상 지원 현실은 대전 앵커 정부가 차 재난지원금 지급 대상에 노점상 을 포함한다고 밝히면서 자치단체가 전통시장을 중심으로 현황 파악에 나섰습니다 하지만 노점상도 행정기관이나 상인회의 관리대상이냐 아니냐에 따라 지원 여부가 갈려 형평성 논란을 부추기고 있습니다 홍정표 기자의 보도입니다 리포트 천 백여 곳의 점포가 자리잡은 재난 지원금 노점상 지원 현실 앵커 정부 재난 지원금 지급 대상 노점상 포함 자치단체 전통시장 중심 현황 파악 노점상 행정기관 상인회 관리대상 지원 여부 형평 논란 홍정표 보도 리포트 점포 자리 대전 중앙시장 점포 분 노점상 시장 도로변 과일 채소 좌판 재난 지원금 지원 대상 노점상 포함 군데 지원금 미지 사업자 등록 허가 도로 점유 상인회 가입 선별적 지원 예정 노점상들 사실상 차별적 지원 반대 노점상 도움 중기부 지자체 노점상 현황 파악 요청 상황 처지 노점상 배제 상황 자치단체 공무원 자치 단체 전통시장 노점상 파악 가능 도로 나머지 일반 노점상 파악 세금 노점상 지원 시선 소상공인 지원 제외 장사 할머니들 기업 노점 파악 방법 노점상전국연합 선별 보편 지원 요구 단체 노점상 형평성 지원 확대 요구 재난지원금 불만 촬영기자 유민철 노점상 지원금 재난지원금 자치단체 상인회 형평성 홍정표 공무원 촬영기자 할머니들 중앙시장 사업자 도로변 중기부 관리대상 전통시장 사실상 행정기관 지자체 노점상전국연합 노점상들 소상공인 전국연합 유민철 지원
문재인정부,행정,홍콩 판공실 새수장 뤄후이닝 깜짝 발탁 이유는 홍콩에 주재하는 중국 중앙정부의 최고 책임자가 바뀐 것을 두고 깜짝 인사 라는 평가가 나오고 있다 그의 나이와 이력을 두고 이례적 인사라는 의견이 분분해지고 있다 일 홍콩 사우스차이나모닝포스트 는 중국 정부가 홍콩 주재 중국 연락판공실 주임으로 뤄후이닝 전 산시 성 당서기를 임명한 것은 공산당 내부에서도 예상치 뤄후이닝 홍콩 판공실 새수장 뤄후 이닝 발탁 홍콩 주재 중국 중앙 정부 최고 책임자 인사 평가 나이 이력 이례 인사 의견 사우스차이나모닝포스트 홍콩 중국 정부 주임 홍콩 주재 중국 연락 판공실 뤄후이닝 산시 당서기 임명 공산당 내부 예상 인사 평가 보도 주임 은퇴 노령 간부 주목 중국 간부 중국 세 정식 은퇴 세 한직 이동 일반 실제 주임 서기 산시성 부주임 전국 인민 대표 대회 재경위 자리 주임 홍콩 금융 지식 주목 주임 경제 사절단 홍콩 방문 제외 홍콩 업무 홍콩 그동안 홍콩 연락 판공실 주임 부처 베이징 중앙 홍콩 업무 관료 출신 임명 대조 주임 책임자 홍콩 사태 시진핑 주석 관례 최적 인물 의미 평가 당서기 산시성 취임 주임 산시 부패스캔들 척결 붕괴 직전 경제 회복 주임 최고 지도부 관심 최고 수준 지방행정경험 연락 판공실 주임 평가 중국 내륙 근무 주임 홍콩 주재 중국 연락 판공실 임명 홍콩 일국양제 국가 체제 자신감 얘기 주임 홍콩 취임 기자회견 정세 반년 홍콩 사람들 불안 홍콩 궤도 홍콩 일국양제 우위 직무 이행 홍콩 중국 산시성 판공실 재경위 산시 세 당서기 책임자 뤄후이닝 부주임 일국양제 뤄후 새수장 베이징 양제 지방행정경험 자신감
문재인정부,행정,안희정 개 혐의중 개 유죄 심 무죄 개월만에 대반전 위력으로 제압당할 만한 상황은 없었다 위력이 충분히 행사됐다 수행비서 성폭행 등의 혐의로 심에서 법정 구속된 안희정 전 충남도지사 의 심 판단은 도 달랐다 심 재판부는 안 전 지사가 전 수행비서 김지은 씨 를 업무상 위력으로 성폭행하고 추행했다고 봤다 인사권을 쥐고 있는 안 전 지사의 사회적 지위나 권세 안희정 혐의 유죄 개월 대반전 법정구속 안희정 법정 구속 항소심 징역 선고 위력 제압 상황 위력 행사 수행 비서 성폭행 혐의 심 법정 구속 안희정 충남도지사 판단 도 재판부 지사 업무 위력 성폭행 추행 인사권 지사 사회 지위 권세 자체 무형 위력 작용 재판부 유형 위력 증명 위력 성폭행 인정 무죄 선고 지사 항소심 징역 확정 공직선거법 세 선거 출마 대학 시절 년 위반 국가 보안법 유죄 선고 차례 복역 지사 억 불법 정치 자금 혐의 구속 수감 번째 구속 권력 상하 저항 재판부 수행 비서 근무 시작 성폭행 지사 위력 행사 범죄 피해자 판단 재판부 지사 권력 상하 적극 저항 결정권 행사 상태 설명 피해자 물리적 제압 정도 폭행 협박 유죄 심 배치 판단 지방 별정직 공무원 신분 지사 비서 지사 순종 내부 사정 지사 악용 지사 피해 지사 순두부식당 지사 텔레그램 이모티콘 저항 증거 주장 재판부 사건 성폭행 성희롱 심리 성차별 양성평등 성인지 감수성 강조 피해자 지사 주장 지사 정형화 피해자 편협 관점 반박 신빙성 피해자 진술 신빙 재판부 지사 진술 진술 신빙성 재판부 진술 범행 입증 증거 부족 판단 재판부 지사 경위 상황 지사 행동 감정 구체적 경험 진술 진술 재판부 범행 시점 혼동 일관성 진술 배척 강조 피해자 허위 사실 신빙성 인정 재판부 판단 법정 지사 공중화장실 공중 화장실 성추행 경위 진술 번복 재판부 지사 진술 배척 빌미 검찰 조사 기억 지사 심 사람 심 기억 취지 재판부 여판사 포함 재판부 판사 남성 재판부 여성 성언주 판사 기 포함 판사 사무 분담 위원회 여성 피해자 사건 심리 재판부 성폭력 전담 여판사 주장 재판장 부장판사 홍동기 서울고법 부장 판사 법원 판사들 진보 성향 판사 모임 국제 인권법 연구회 회원 공보관 법원 행정처 윤리 감사 심의관 일 법원 행정처 기획 조정 실장 근무 김예지 심 재판부 피해자 성폭행 심 안희정 개월 공무원 신빙성 여판사 항소심 공중화장실 행정처 서울고법 공보관 홍동기 재판장
문재인정부,허용,특별연장근로 재해 등 긴급때만 허용 정부가 주 시간제 시행의 충격을 완화할 대안으로 꼽히는 특별연장근로 인가 제도를 확대하지 않기로 했다 산업계 요구를 사실상 거부한 것이다 현행법상 확대가 어렵다는 게 이유지만 정부가 좀더 유연하게 대처해야 한다는 비판이 나온다 고용노동부는 일 특별연장근로 인가 제도의 적용 요건을 상세히 설명하는 가이드라인을 발표했다 근로기준법 특별연장근로 재해 긴급때 허용 고용부 거부 산업 확대 요구 사실 감염병 확산 해킹사고 발생때 시간 가능 연장 근로 공장 정비 게임 출시 불허 정부 시간 시행 충격 완화 대안 특별연장근 인가 제도 확대 산업 요구 사실 거부 현행법 확대 정부 대처 비판 고용노동부 특별 연장 인가 제도 적용 요건 설명 근로 기준 규정 제도 특별 사정 시간 허용 고용부 장관 사전 승인 시간 사후 승인 고용부 현행 시행 규칙 자연재해 재난 사고 특별연장근로 허용 태풍 홍수 지진 자연재해 감염병 화재 전염병 확산 폭발 중대 산업 재해 발령 환경오염 사고 국가 사이버 위기 경보 사고 발생 특별연장근로 허용 방침 정보통신기술 업종 요구 해킹 서버 인터넷 뱅킹 장애 사회 재난 인정 특별연장근로 허용 정유화학업계 요구 정비 기간 일정 가동 기간 공장 대대적 정비작업 방송계 요청 선거방송 허용 기준 사회 재난 취지 기업 프로그램 출시 병원 업무 폭증 평상 평상 환자 급증 허용 경영계 시간 대안 특별연장근 확대 요구 장관 김동연 경제 부총리 기획 재정부 적극 검토 고용부 확대 사실 거부 기업 부담 고용부 현행법 특별 연장 인가 기준 경영계 정부 시행규칙 개정 얼마 주장 고용부 노동계 눈치 소극적 대처 년 상반기 특별연장근로 신청 접수 건 인가 고용부 특별연장근로 특별연장근 자연재해 김동연 감염병 전염병 시행규칙 경영계 현행법 재정부 고용노동부 소극적 부총리
문재인정부,허용,상호금융 비조합원 비과세 혜택 년 더 유지 농 어업인이 아닌 준조합원도 농협 수협 등 상호금융의 예금 이자 배당소득에 대한 비과세 혜택을 년간 더 받을 수 있게 됐다 장기주택저당차입금 이자지급액에 대한 소득공제 대상은 기준시가 억원 까지로 확대됐다 서울 등 조정대상지역의 주택 보유자에 대한 종합부동산세 세부담 상한은 대책 당시 발표한 에서 로 완화됐다 기획재 년 상호 금융 혜택 유지 어업인 준조합원 농협 수협 상호금융 배당소득 혜택 년 장기 주택 저당 차입금 이자 지급액 소득 공제 대상 기준시 억 확대 서울 조정대상지역 보유자 상한 종합 부동산세 완화 기획재정부 일 소득세법 세법 개정안 본회의 국회 통과 제출안 애초 정부 제출 항목 수정 상호 금융 예탁금 출자금 배당소득 년 조합원 회원 준조합원 현행 비과세 정부안 조합원 회원 년 비과세 연장 준조합원 내년 분리 과세 전환 상호금융 반발 국회 논의 필요성 서민 지원 제기 조합원 회원 준조합원 년 비과세 분리과세 결정 주택기준시가 장기 주택 저당 차입금 이자 상환액 소득 공제 대상 주택 기준 시가 억 억 상향조정 제도 만기 장기 주택담보대출 무주택 주택자 노동자 만 만 한도 근로소득 공제 소득 공제 대상 확대 서민 중산층 주거부담 정부 전망 신용카드 매출세액 연간 공제 한도 정부안 만 만 기한 우대 공제 적용 년 연장 애초 정부안 년 음식숙박업 간이과세자 우대공제율 적용 기간 년 기준 모바일 상품권 인지세 부과 만 초과 만 초과 상향조정 시행 유예 년 적용 부담 종교인 과세 지급명세서 종교인 소득 지급 명세서 제출 적용 가산세 내년 유예 정부안 소득분 적용 배제 지급명세서 미제출 제출 지급금액 가산세 부가 고용증대세제 청년친화기업 추가 공제 만 청년 정규 고용 기업 공제금액 인 만 원씩 최대 해외진출기업 수도권 지역 유턴 기간 세액 감면 확대 세무조사 조사 공무원 납세자 심문 녹음 국세 기본법 개정안 결국 무산 조사공무원 납세자 녹음 부담 국세청 반대 국회 내년 상반기 정부 녹음 규정 각계 의견 수렴 외국 사례 수집 보고 부대의견 여야 합의 부동산 세제 정부안 조정대상지역 소유자 상한 부담 계획 최종적 결정 인상 종부세 세율 공시 가격 상승 내년 종부세 대비 이상자 내면 보유자 주택 매각 적용 장기 보유 세액 공제 보유자 종전 추가 장기 보유 세액 공제 년 고령자 세액 공제 최대 한도 제한 주택자 수도 거주 주택 채 주택 매각 농어촌 주택 매입 양도 감면 양도 포인트 가산 규정 면제 장기보유특별공제 허용 공시 가격 억 농어촌주택 기준 시가 한옥 억 장기일반민간임대주택 양도 소득세 장기 보유 특별 공제 특례 년 유지 주택 임대 소득 분리 과세 적용 필요경비율 하향조정 임대주택등록자 조정 유지 필요경비율 세부담 감안 정부안 부담 임대 주택 등록자 부가 가치세법 개정안 지방정부 자주 재원 확충 부가가치세액 지방 이양 지방 소비세 비율 확대 연간 지방세 확충 전망 정은주 정은주 정부안 개정안 비과세 보유자 준조합원 상호금융 종부세 수도권 가산세 분리과세 등록자 종교인 억 세부담 예탁금 억 조합원 지급명세서
문재인정부,허용,저가아파트 대상 대규모 기획조사 정책실패 책임 덤터기 논란 정부가 공시가격 억 원 이하의 저가 아파트 거래자에 대한 대대적인 기획조사를 벌이기로 해 배경에 관심이 모아진다 국토교통부는 일 오늘 부터 내년 월까지 전국의 공시가격 억 원 이하 아파트 이하 저가 아파트 를 거래한 법인과 외지인을 대상으로 실거래 기획조사에 착수한다고 밝혔다 조사대상은 년 월부터 올해 월까지 저가 아파트 대상 기획 조사 덤터기 정책 실패 책임 논란 정부 공시 가격 거래자 저가 아파트 대대적 기획조사 배경 관심 국토교통부 일 내년 전국 공시 가격 아파트 저가 아파트 거래 법인 외지인 대상 실거래 기획 조사 착수 조사대상 월 거래 만 저가 아파트 여 법인 거래 만 외지 만 거래 만 국토부 기획조사 진행 아파트 거래 제기 취득세 중과 회피 편법 거래 의혹 법인 저가 아파트 집중 매집 거래 가격 상승 피해 근거 제시 인기 저가 아파트 정부 정책 실패 민간 부작용 책임 덤터기 반응 정부 다주택자 취득세 최대 아파트 대상 제외 시장 정부 아파트 투자 먹잇감 반응 공시 거래 미만 저가 아파트 조사 국토부 기획조사 아파트 매수 법인 외지인 대상 자금조달계획 매도 매수인 거래가격 종합적 검토 방식 진행 대상지역 전국 지역 조사 결과 거래과정 실거래금액 신고 다운 계약 편법증여 명의신탁 의심 법령 위반 사실 확인 금융위원회 경찰청 국세청 금융 위원회 관계기관 통보 처벌 국토부 이상거래 집중조사 별도 급증 법인 저가 아파트 매수 심층적 실태조사 진행 매수 집중 지역 물건 특징 매수 자금 조달 방법 거래가격 영향 다각적 국토부 아파트 거래 법인 차지 비중 월 남짓 급증 시작 월 시세차익 투기행위 가능성 지적 제기 토지정책관 국토부 김형석 토지 정책관 기획조사 법인 명의 이용 투기 다운계약 위법행위 적극 적발 처벌 법인 매수 저가 아파트 실태 조사 제도보완 사항 발굴 제도개선 활용 시장 저가 아파트 정부 대대적 조사 착수 만큼 아파트 시장 대로 상태 국토부 민주당 소속 장경태 의원 제출 자료 월 계약일 기준 거래건수 저가 아파트 거래 건수 만 직전 개월 년 월 매매건수 만 비교 만 증가 수치 채 개인 다주택자 채 매입 법인 지역별 경기 만 경남 만 경북 만 충남 만 충북 만 인구 지방 지역 아파트 거래 추세 직방 부동산 정보 업체 이달 등록 전국 아파트 매매 계약 실거래 억 미만 아파트 차지 실거래가 억 미만 아파트 매수 비중 지난달 이달 포인트 급등 정부 정부 기획조사 시장 아파트 거래 지방 부동산 시장 위축 반응 정책 실패 책임 민간 냉소적 반응 아파트 그동안 저가 입지 노후 투자자 그동안 여윳 실수요자들 마련 실수요자 외면 정부 대책 상황 대책 개인기준 주택 취득세율 주택 적용 대책 주택자 유지 주택자 공시 억 미만 예외 허용 시세 전후 저가 아파트 취득세 주택자 적용 민간연구소 관계자 저가 아파트 다주택자 법인 쇼핑 정부 사실상 조사 사실 정책 실패 민간 비판 국토부 기획조사 취득세 실거래 그동안 만 다주택자 부동산 거래가격 억 주택자 사실상
문재인정부,혁신,노조권한 강화 기초연금 인상 법인세 부동산 보유세 경감 여야는 이번 총선을 앞두고 중앙선거관리위원회에 대 정책 을 제출했다 경제 외교 안보 정책 등에서 큰 차이가 났다 더불어민주당은 친 노동 대북 유화책을 강조한 반면 미래통합당은 친시장 한 미 동맹 강화 등을 주장했다 민주당의 번 공약은 벤처 대 강국 실현이다 정부의 경제 정책 기조 중 소득 주도 성장은 언급하지 노조 강화 기초연금 인상 법인세 부동산 보유세 경감 민주당 통합당 공약 비교 여야 중앙선거관리위원회 정책 제출 경제 외교 안보 정책 차이 더불어민주당 노동 대북 유화책 강조 미래통합당 친시장 동맹 강화 주장 민주당 공약 강국 벤처 실현 정부 기조 경제 정책 성장 소득 주도 언급 혁신 성장 강조 민주당 년 조 기업 가치 기업 유니콘 개 육성 문재인 정부 최저임금 인상 성장 소득 주도 탈원전 언급 민주당 미만 사업체 노동자 보장 노동관계법 권리 국제노동기구 비준 기본 협약 추진 노동조합 권리 강화 통합 희망 경제 프레임 폐기 탈원전 정책 노동 시장 개혁 제시 통합당 노조 강성 특권 법인세 인하 투자 활성 상속 증여세 개선 정책 대북 정책 포함 외교 분야 입장 민주당 국면 남북 경색 개성 공단 가동 재개 금강산 관광 협력 남북 교류 추진 통합당 축소 군사 훈련 북한 눈치 정책 규정 폐기 주장 부동산 정책 여당 청년 신혼주택 만 공급 공약 야당 재개발 서울 지역 재건축 규제 완화 지역 공급 주장 야당 주택담보대출비율 완화 대출 기준 기준 고가 주택 공시지가 억 조정 완화 세금 부담 민주당 법인세 탈원전 노동자 통합당 부동산 금강산 유니콘 서울
문재인정부,혁신,정무수석에 전병헌 협치 소통 강화 앵커 문재인 대통령은 정무수석에 민주당 원내대표 출신인 전병헌 전 의원 사회혁신수석에 하승창 사회수석에 김수현 교수를 임명했습니다 비서실 인선이 마무리된 가운데 외교 안보 라인과 경제 부문 인사도 속도를 낼 것으로 보입니다 김도원 기자입니다 기자 공석으로 남아있던 청와대 수석비서관 자리 가운데 자리가 채워졌습니다 국회와의 정무수석 전병헌 협치 소통 강화 앵커 문재인 대통령 정무수석 출신 민주당 원내 대표 전병헌 의원 사회혁신수석 하승창 사회수석 김수현 교수 임명 비서실 인선 마무리 외교 안보 라인 경제 인사 경제 속도 김도원 공석 자리 자리 청와대 수석 비서관 국회 소통 정무수석 전병헌 의원 임명 수석 의원 민주당 원내 대표 선대위 전략본부장 원내 대표 출신 정무수석 기용 여소야대 구도 국회 협치 중량급 인사 파격적 기용 풀이 전병헌 청와대 정무 수석 청와대 경험 년 국회 년 활동 만큼 양쪽 입장 이해 사람 사람 생각 시민사회단체 사회혁신수석 하승창 서울시 정무 부시장 임명 시민 운동가 출신 수석 박원순 인맥 분류 선대위 사회혁신위원장 활동 하승창 청와대 사회 혁신 수석 사회 숙제 국민 국정 철학 대통령 보좌 교육 복지 사회 정책 전반 관장 사회수석 교수 김수현 세종대 임명 수석 사회정책비서관 참여 정부 시절 사회 정책 비서관 국민경제비서관 청와대 업무 서울연구원장 역임 박원순 인맥 분류 김수현 청와대 사회 수석 서민들 국민 청년 희망 정책 발굴 기획 조율 혼신 인사 비서실장 산하 수석 비서관 인선 마무리 청와대 정책실장 경제 정책 수석비서관 국가안보실장 외교 안보 라인 인선 시일 마무리 방침 청와대 비서관 전병헌 수석비서관 김수현 하승창 정무수석 민주당 협치 사회수석 사회혁신수석 여소야대 김도원 사회정책비서관 선대위 박원순 서울시 비서실장 세종대 서울 연구원장 사회혁신
문재인정부,혁신,문재인 대통령 재산 억 천만 원 년 전보다 억 늘어 문재인 대통령의 재산이 지난해 월 국회의원 퇴직 때보다 억여 원가량 늘어난 것으로 나타났습니다 정부공직자윤리위원회가 공개한 재산등록사항을 보면 지난해 대 국회의원 퇴직 당시 억여 원이던 문 대통령의 재산은 대통령 취임 이후 억 천여만 원으로 억천만 원가량이 늘어났습니다 본인 이름으로 억 천여만 원 부인 김정숙 여사 이름으로 문재인 대통령 재산 년 억 문재인 대통령 재산 퇴직 국회의원 퇴직 억 원가량 정부공직자윤리위원회 공개 재산등록사항 퇴직 억 국회의원 퇴직 대통령 재산 대통령 취임 억 본인 이름 억 부인 김정숙 여사 이름 억 어머니 강한옥 여사 이름 천 예금 신고 억 양산 자택 서울 홍은동 자택 포함 대통령 포함 참모진 정부 청와대 평균 재산 억 장하성 정책 실장 억 조국 민정 수석 억 하승창 사회 혁신 수석 억천만 비서실장 임종석 대통령 재산 억 억 국회의원 원가량 억천만 억 하승창 장하성 청와대 서울 양산 임종석 문재인 위원회 억 억 공직자 재산등록사항 김정숙 천 억 참모진 강한옥 억 홍은동 정부공직자윤리위원회 억
문재인정부,활용,그린벨트 해제 백지화 태릉골프장 부지 활용 검토 앵커 푼다 안 푼다 지난주 그린벨트 해제를 둘러싼 계속된 논란에 문재인 대통령이 직접 종지부를 찍었습니다 그린벨트는 계속 보존하고 대신 다양한 국공립 시설 부지를 최대한 발굴하기로 했습니다 전병남 기자입니다 기자 문재인 대통령은 어제 일 정세균 국무총리와 주례회동에서 개발제한구역 즉 그린벨트를 그린벨트 해제 백지화 태릉골프장 검토 부지 활용 앵커 해제 지난주 그린벨트 논란 문재인 대통령 종지부 그린벨트 보존 부지 국공립 시설 발굴 전병남 문재인 대통령 일 정세균 국무총리 주례회동 개발제한구역 그린벨트 유지 결정 대통령 주택 공급 물량 확대 방안 논의 개발제한구역 미래 세대 해제 보존 결정 총리실 여권 메시지 부동산 정책 주도 비판 대통령 혼란상 정리 논의 그린벨트 해제 사실 백지 확보 주택 용지 부지 국공립 시설 발굴 확보 국가 소유 태릉 골프장 부지 활용 방안 검토 대통령 청와대 참모 회의 유동자금 부동산 생산적 투자 유입 방안 강구 지시 부과 주식 양도 재검토 지시 대통령 투자 주식 장기 유인 인센티브 정책 추가 주문 주식 시장 활성 의지 강조 평가 그린벨트 부동산 백지화 국공립 청와대 개발제한구역 전병남 태릉골프장 문재인 주례회동 유동자금 국무총리 정세균 총리실 재검토 골프장 태릉 혼란상 종지부 대통령 주식 부지 해제
문재인정부,활용,금융노조 국책은행 지방 이전설에 부동산 실패 감추기냐 청와대와 더불어민주당의 속도를 내고 있는 공공기관 이전 추진에 대한 반발이 커지고 있다 특히 산업은행 등 국책은행의 지방 이전을 놓고서는 국가 차원의 금융 경쟁력 강화는 생각하지 않고 공공기관 이전을 정치 도구로만 활용하려 한다는 비판의 목소리가 나온다 전국금융산업노동조합은 일 청와대와 여당에 부동산 정책 실패를 감추기 위해 동북아 금융 금융노조 이전설 국책 은행 지방 부동산 실패 청와대 더불어민주당 속도 공공기관 추진 반발 산업은행 국책은행 지방 국가 차원 강화 금융 경쟁력 생각 공공기관 정치 도구 활용 비판 목소리 전국금융산업노동조합 청와대 여당 실패 부동산 정책 동북아 금융 중심지 포기 공개서한 서한 당정 국책은행 추진 조목조목 비판 금융 노조 실패 부동산 정책 금융노조 추진 공공 기관 지방 실패 부동산 정책 국민 분노 분산 희석 속내 규정 국책은행 지방 금융산업 비효율 초래 정부 금융 중심지 정책 타격 문재인 정부 금융산업 사지 저항 관계자 금융 노조 고위 공개서한 토론회 개최 국책은행 지방 결정 노무현 정부 추진 금융심지 정책 포기 서울 일본 도쿄 싱가포르 중국 상하이 포스트 홍콩 자리 각축 서울 금융 경쟁력 싱가포르 경쟁 상대 영국 컨설팅그룹 지옌 평가 국제 금융 센터 지수 서울 위 도쿄 위 싱가포르 위 와중 국책은행 추가 서울 경쟁력 약화 가능성 한국금융연구원 금융위원회 의뢰 금융중심지 수립 금융 중심지 추진 전략 추가지정 검토 보고서 서울 요인 금융 중심지 실패 국가 금융역량 클러스터 형성 캐나다 토론토 금융중심지 발전 요인 반대 은행 증권거래소 생명보험 연기금 금융클러스터 형성 금융기관 지방 결정 순서 반대 국책은행 금융기관 순서 반대 지적 실물 경제 활동 금융 수요 창출 금융기관들 일반 한국 반대 금융기관 실물 경제 활성 도모 취지 오정근 한국금융 융합 학회장 금융 본질적 산업 중심지 존재 지방 효과 검토 금융기관 산업 지방 발상 서울 금융경쟁력 논리 정치 추진 지방이전 비효율 반대 금융위원회 금융감독원 정책 당국 서울 관계자 국책 은행 노조 기업은행 여신 업무 공단 수도 인근 위치 중소기업 대상 지방 증가 출장 업무 은성수 금융 위원장 수출입은행장 지난 해외 관계자 영업 서울 입장 서울 지역구 여당 의원 국책 은행 추가 정부 여당 반발 검토 입장 청와대 고위 관계자 춘추관 기자들 산업은행 기업은행 지방 검토 금융위 관계자 정부 차원 검토 입장 국책은행 지방 주장 여당 김영배 더불어민주당 의원 서울 성북갑 대정부 질의 수출입은행 국책은행들 공공 기관 추가 서울 국책은행 관계자 금융중심지 청와대 중심지 경쟁력 공공기관 싱가포르 금융노조 오정근 비효율 지방이전 금융기관 도쿄 공개서한 산업은행 더불어민주당 기업은행
문재인정부,활용,통유리 자연 아웃렛 롯데 타임빌라스 일 오픈 롯데백화점이 일 경기 의왕시에 프리미엄아울렛 타임빌라스 를 연다고 일 밝혔다 연면적 약 만 규모로 지하 층부터 지상 층까지 총 개 브랜드가 입점한다 이번 점포는 자연 속 휴식 을 콘셉트로 내세웠다 가량의 야외 녹지를 활용한 글라스빌 이 대표적이다 인근 바라산을 배경으로 투명한 유리 온실을 연상시 아웃렛 통유리 자연 롯데 타임빌라스 오픈 롯데백화점 의왕시 경기 프리 미엄아울렛 타임빌라스 일 연면적 만 규모 지하 지상 브랜드 입점 점포 자연 휴식 자연 콘셉트 가량 야외 녹지 활용 글라스빌 대표적 인근 바라산 배경 투명 유리 온실 연상 개 독립 건물 녹지 글라스빌 잔디광장 글라스빌 잔디 광장 어린이 놀이 시설 그루 자작나무 산책길 자연 요소 폭염 날씨 영향 최소화 교외 아웃렛 날씨 건물 천장 특징 야외 글라스빌 지하 매장 연결 고객 동선 날씨 구애 고객 가족 단위 겨냥 콘텐츠 각종 체험 강화 전동카 투어 실내 트램 펄린 콘텐츠 유아동 대상 확대 세대 골퍼 매장 체험 골프 입점 교외 아웃렛 대비 식품 매장 구성비 가량 황범석 롯데쇼핑 백화점 사업부 대표 공간 단순 쇼핑 고객들 소풍 공간 지역 경기 남부 대표 복합 문화 공간 글라스빌 타임빌라스 아웃렛 자작나무 롯데쇼핑 구성비 황범석 롯데 연면 세대 바라산 만
