정부,키워드,문장
박근혜정부,개혁,만능 프린터로 손수 제작 제조업 개혁 이끌까 지난 일 대구 창조경제혁신센터에서는 한국과 중국 일본 등 세 나라의 메이커 들이 모인 한 중 일 패션 웨어러블 메이커톤 대회가 열렸다 메이커 하면 보통 제조업체의 브랜드를 지칭하는 말로 이해한다 이 가방이 어디 메이커니 하는 식이다 하지만 여기서 말하는 메이커는 전혀 다른 뜻이다 영어 단어 는 제조사를 뜻하는 메이커와 만능 프린터 제작 제조업 개혁 창조경제혁신센터 대구 창조 경제 혁신 센터 한국 중국 일본 나라 메이커 메이커톤 패션 웨어러블 대회 메이커 보통 제조 업체 브랜드 지칭 이해 가방 메이 메이커 영어 단어 제조사 메이커 메이커 사람 컴퓨터 프로그램 전자제품 로봇 액세서리 가구 요리 자신 머리 각종 물건 통칭 직장 산업 제조업혁명 제작도구 견인 네트워크 발달 창조 문화 프린터 제조 승인 물질 독점 거대제약사 통제 미래창조과학부 한국창의과학재단 주최 이날 행사 세계적 확산 메이커 운동 바람 시작 섬유 의류 단지 자리 대구혁신센터 참가자들 패션 전자 접목 제품 제작 박 일간 머리 권민주씨 참가자 디자이너 권민주 이날 행사 전문가 멘토링 중국 일본 메이커들 협업 기회 한국창의과학재단 이날 메이커 교류 메이크 온라인 플랫폼 닷컴 대구 경북 메이커스 네트워크 출범 홍보대사 평소 손수 제작 가수 구준엽 클론 참여 영미권 중반 영미 시작 메이커 운동 세계 주목 버락 오바마 미국 대통령 백악관 메이커 페어 메이커들 축제 오바마 대통령 자리 프로젝트 미국 제조업 혁명 대표 혁명 직장 산업 월스트리트 저널 메이커 운동 중국 자리 세계 해커스페이스 메이커들 장소 중국 여개 메이커 운동 손수 제작 문화 영향 손수제작 가구 제작 생활 용품 수공업 전문가 의존 창조 문화 손수 제작 문화 원형 영역 음악 펑크 장르 대변 일련 문화운동 거대 음반 회사 주도 음악 상업화 반기 연주 음반 제작 문화 주동 전통적 생산자 소비자 이분법 구조 저항적 문화 양식 영역 손수제작 메이커 운동 발전 요리 전통 손수 제작 분야 근래 요리 대중 관심 메이커 운동 연관 주목 메이커 운동 배경 발전 컴퓨터 발전 각종 도구 가격 비약적 개인 생산능력 확장 계기 금속 모양 밀링머신 과거 원대 정보기술 발달 결정적 메이커 정신 관심 분야 몰입 자기만족적 헌신 네트워크 사이 연결 교환 도전정신 자극 덕분 창조성 발전 메이커 문화 핵심 평가 차원 프린터 프린터 제조업 붕괴 생산과정 개인 민주화 전망 프린터 프린터 문서 플라스틱 사출 방식 금속 절삭 형태 재질 물체 대로 기기 반론 이달 미국 식품 의약국 사상 프린터 승인 변화 지역 약국 가정 맞춤형 제조 제약사 과거 거대 역할 유지 애틀랜틱 미국 시사 주간지 미국 위스콘신대학교 산업 역사학자 그레고리 힉비 교수 인용 등장 제약 방식 년 개별 약사 제조 프린터 물질 당국 허가 거대 제약사 통제 능력 개입 영향 얼마 지역 서점 분권화 온라인 배송 업체 출판사 메이커 운동 향방 가늠 물살 사실 구글 페이지 공동 창업자 래리 학부 시절 레고 블록 잉크젯 프린터 메이커 활동 자신 메이커 정신 벤처 모태 프로그래밍 공부 온라인 강좌 플랫폼 생활 코딩 운영자 이고잉 아이디 도구 자료 요즘 코딩 시대 시대 프로그래밍 적용 미국 온라인 손수제작 네트워크 대구 중국 제조업 메이커들 차원 참가자 래리 한국창의과학재단 수공업 전문가 오바마
박근혜정부,개혁,늦어지는 총리 인선 발목 잡힌 국정 운영 과제 최창렬 교수 이진곤 국민일보 논설고문 앵커 인사검증 문제 등으로 후임 총리 인선이 늦어지면서 박근혜 대통령의 고민도 깊어지는 모양새입니다 인사문제에 발목이 잡히면서 현 정부가 내세웠던 국정운영 과제도 제대로 추진되지 못하고 있다는 지적까지 나오고 있습니다 전문가 모셨습니다 이진곤 국민일본 논설고문 최창렬 용인대 교수 두 분 모셨습니다 어서 오십시오 박근혜 대통령 총리 인선 발목 국정 운영 최창렬 교수 이진곤 국민일보 논설 고문 앵커 인사검증 인선 후임 총리 박근혜 대통령 고민 모양새 인사문제 발목 정부 국정운영 추진 지적 전문가 논설고문 이진곤 국민 일본 논설 고문 교수 최창렬 용인대 박근혜 대통령 인적 쇄신 고민 마무리단계 일요일 화요일 며칠 주제 총리인사 야권 거론 주제 정홍원 총리 후임 총리 총리 적합 인물 질문 사전 그래픽 사람 모습 최창렬 교수 김종인 새누리당 국민 행복 추진 위원장 김영란 국민권익위원장 이진곤 고문 김문수 지사 김영란 국민권익위원장 김영란 국민권익위원장 공통 설명 인터뷰 김영란 위원장 자신 총리 생각 김영란법 얘기 부정청탁금지법 이해 충돌 방지 정도 생각 정도 얘기 관료사회 민관유착 정경유착 관피아 개척 적임자 중요 이야기 법률가 생각 법률가 총리 적임자 총리 인물 개념 관료사회 개격 의미 관료 사회 개혁 사회 양극화 화합 중요 감사원장 검찰총장 김영란 위원장 말씀 사족 관피아 전관예우 자유 의미 생각 김영란법 앵커 이진곤 고문 인터뷰 말씀 교수 공감 법조인 말씀 김영란법 제정 청렴의지 도덕성 강조 측면 여성 요즘 사실 중요 국민들 치료 힐링 리더십 박근혜 대통령 여성 김영란 대법 여성 국민들 법조인 이미지 포용력 이미지 법조인 방면 제도 교수님 제도 교수 입장 앵커 주제어 말씀 거론 노무현 정부 총리 회장 한덕수 무역 협회 강철규 공정 거래 위원장 얘기 야권 인사들 기용 목소리 인터뷰 야권 인사 기용 측면 야권 생각 야권 거부 정권 사회 이념갈등 시야 그동안 비판 제기 관료 법률가 초첨 비판 여야 제기 직권 보수 성향 인사 야성 인사 중도 진보 정도 인사들 사람 개혁성 도덕성 도덕 청문회 통과 고사 능력 지명 검증 고정관념 탈피 검즈움 통과 국민 눈높이 인물 특정인물 거론 시민운동가쪽 시야 국무총리 전체적 내각 통할 자리 법률 관료 이념 탈피 인물구역 청와대 인물 것들 반영 인사 앵커 인사시기 지적 그래픽 준비 정부 박근혜 출범 국방장관 미래 창조 과학부 장관 임명 일 일 단추 시작 감사원장 자리 양건 감사원장 사퇴 장관 신임 황찬현 임명 일 공백사태 보건 복지 장관 사퇴 위기 상황 장관 윤진식 해수부 실언 경질 일 대통령 민원 비서관 자리 일 자리 정홍원 국무총리 사의 표명 일 후임 남재준 국정원장 일 결정 박근혜 정부 인사전략 인사시스템 비판 생각 인터뷰 자리 총리 장관 자리 자리 사람 자리 비용 정부 청와대 짜임새 안정 분위기 자리 제때 국무회의 청와대 수석 회의 비서관들 대통령 혼자 안정 추진 정책 추진 대통령 유능 대통령 혼자 그밑 총리 국무위원 대통령 보좌인 분야 대통령 보좌 대통령 대통령 무리 허점 인사 신경 앵커 교수 인사 공백 인터뷰 인재풀 말씀 연장 얘기 국정철학 국정철학 얘기 추상적 이야기 대통령 코드 인사 대통령 수석 장관 코드 국정철학 이념적 간격 무게 인사 아까 말씀 청문회 청문회 통과 국민 눈높이 적합 인사 청문회 화면 부처 장관 것들 출범 대통령 정권 인사시스템 지적 지지율 정권 초기 안대희 대법관 사퇴 책임론 거론 다들 지적 청와대 검증 대통령인사위원회 팀들 직군 자신들 측근 인수위 측면 생각 앵커 전당 대회 새누리당 얘기 주제어 우정 제목 인터뷰 얘기 동지 구별 정치 얘기 독일 헌법학자 이야기 영원 영원 동지 얘기 정치 우정 이시종 후보 윤진식 후보 청주고등학교 동기 서청원 의원 김무성 의원 과거 통일민주당 민주계 서청원 의원 대 민한당 입당 사람 대변인 비서실장 때 대통령 정무장관 원내총무 지명 자리 김무성 의원 대 통일민주당 출발 상도동계 마지막 세대 우정 우정 외나무다리 어승부 친박 친박 주장 친박 분위기 비박 분위기 년 세종시 세종시 박근혜 대표 대선 복당 서청원 의원 자타 공인 과거 자타 공인 친박연대 대 친화력 여야 가지 정치 입지 지향점 앵커 인터뷰 얘기 사석 자리 앵커 이진곤 고문 생각 인터뷰 구성원들 사람 이미지 박근혜 대통령 편안 박근혜 그늘 재창출 정권 가능 판단 서청원 의원 박근혜 대통령 박근혜 정부 여당 역할 생각 김무성 의원 분위기 친박 비박 공언 분위기 김무성 의원 친박역할 세종시 사실 대표 논의 요즘 배신 의리 배신 무리 박근혜 대통령 새누리당 의존도 유지 그늘 판단 당락 결정 말씀중 이진곤 고문 말씀 유지 분리 언론 집권당 대표 관심 국민 관심 서청원 김무성 의원 관심 관심 야당 마찬 야당 대표 관심 당청관계락 고문 말씀 맥락 자율적 강조 정당 후보 정당 후보 대통령 당선 대통령 당정 초월 원래 대통령중심제 현실적 당정청 여권 형성 청와대 내각 협조 청와대 일방적 관점 의원 서청원 당청관계 소통 원활 당정청 고리역할 당정청 고리 역할 청와대 일방적 곤란 얘기 김무성 의원 얘기 김기춘 실장 뉘앙스 대통령선택사항 전당대회 당심 박심 중요 납득 얘기 당정 정립 국민들 의미 공청권 행사 인맥 게의미 국민적 당청 긴장관계 청와대 목소리 국민들 전달 당청 의미 앵커 야당 얘기 주제 재보선 파워게임 정치 민주 내부 파워 게임 시작 민주당 출신 안철수 공동 대표 조짐 공천 갈등 재현 지방 선거 부분들 라운드 인터뷰 안철수 대표 자신 계파 당선 정치인 자신 계파 인사들 원내 진출 이의 제기 대표 얼마 광주 전략 공천 논란 사실 군데 최소 결정 서울 포함 군데 안철수 대표 자신 인사쪽 고집 전략공천 남용 민주당쪽 통과 영입 정도 선거 대표 공격 것들 야당 대안당 인정 대표 양보 민주당 공격 인터뷰 고문님 내부갈등 인터뷰 큰틀 최교수님 의견 대표 세력 확장 생각 저항 안철수 대표 세력 확보 한계 친노계 세력들 세력들 만큼 저항 권력다툼 스스로 안철수 대표 자신 이미지 훼손 결과 리더십 발휘 앵커 마지막 주제 거물들 동작 동작 군데 서울 재보궐선거 별들 전쟁 거물들 올스타전 인터뷰 서울 지역구 특성 경기 서울 군데 분산 서울 여야 거물 거부감 언론 거물급 인사 정치 복귀 여당 오세훈 나경원 이혜훈 의원 야권 정동영 천정배 금태섭 분들 배지 종로구 정치일 번지 양쪽 정치승리 지방선거 연장 국민들 지지 총력 앵커 고문님 인터뷰 별들 전쟁 여권 야권 진입 사람 자리 차지 사람 옛날 출신들 대선 후보 출신 김황식 총리 진입 기회 상징성 자리 수도권 중요 거물 홍보수석 사람 이정현 홍보 수석 네임밸류 정치 배경 이용 우월적 지위 생각 사람 경쟁 경쟁 성공 인기 지위 강화 앵커 여야 승부 중요 자리 공천경쟁 치열 논설고문 이진곤 국민일보 논설 고문 교수 최창렬 용인대 수고 인터뷰 청와대 박근혜 이진곤 김영란 서울 당청 안철수 서청원 위원장 국민들 최창렬 친박 새누리당 세종시 인사들 당정청 고문님 민주당 감사원장
박근혜정부,개혁,유승민 원내대표 공무원연금 개혁 월 일까지 입법 완료 정부와 청와대 새누리당은 공무원연금 개혁을 기존 여야 합의대로 월 일까지 완료한다는 방침을 재확인했습니다 유승민 원내대표는 오늘 당정청 회의가 끝난 뒤 기자회견을 열고 공무원연금 개혁은 시급성을 감안해 최우선으로 추진하기로 했다고 밝혔습니다 이에 따라 공무원연금 개혁특위 운영 시한인 월 일까지 입법조치를 완료할 계획이라고 유 원내대표는 유승민 원내 대표 공무원 연금 개혁 입법 정부 청와대 새누리당 공무원 연금 개혁 여야 합의 방침 재확인 유승민 원내 대표 회의 당정청 기자회견 공무원 연금 개혁 감안 최우선 추진 공무원 연금 개혁 특위 운영 시한 입법조치 계획 원내 설명 국민 타협기구 활동 시한 이달 만큼 이해관계자 의견 수렴 마련 유승민 공무원 만큼 당정청 타협기구 이해관계자 청와대 기자회견 최우선 재확인 새누리당 입법조치 개혁 시한 입법 대표 이달 원내 운영 수렴 의견 타협 국민 기구 회의 설명 계획 방침 정부 활동 조치 회견 추진 감안 합의 여야 특위 연금 마련
박근혜정부,경영,동아원 등 대기업 곳 추가로 구조조정한다 동아원 등 대기업 곳이 추가로 구조조정 수술대에 오른다 올해 상반기에 이미 구조조정 대상이 된 곳을 합하면 모두 개로 년 곳 이후 최대 규모다 하지만 당장 월 일이면 채권은행 중심의 구조조정 수단인 워크아웃 기업재무구조개선작업 의 근거법인 기업구조조정촉진법 기촉법 이 종료될 상황이어서 일부 혼란이 우려된다 금융감독 동아원 추가 구조조정 동아원 추가 구조 조정 수술대 상반기 구조 조정 대상 곳 개 년 곳 최대 규모 당장 채권 은행 중심 구조 조정 수단 워크아웃 기업재무구조개선작업 근거 법인 기업 구조 조정 촉진법 기촉법 종료 상황 혼란 금융감독원 신용위험평가 진행 곳 워크아웃 대상 등급 곳 퇴출 대상 등급 선정 곳 구조 조정 대상 가운 워크아웃 결정 동아원 상장사 등급 곳 포함 채권은행들 지난달 억 금융 신용 공여액 대기업 부실 위험 가능 곳 대상 신용위험평가 신용 위험 평가 년 차례 상반기 세계경제 경영 어려움 기업 급증 구조 조정 부각 잣대 추가 신용 위험 평가 업종별 철강 곳 조선 기계제조 음식료 곳 포함 건설 전자 석유화학 자동차 골프장 업종 곳 구조 조정 대상 기업 채권 금융 기관 주도 워크아웃 신속 금융지원 자구 계획 이행 추진 기업 추가적 금융지원 자체적 정상화 추진 법정관리 기업회생절차 정리 계획 곳 금융권 조 은행 조 차지 은행들 대손충당금 조 구조 조정 살생부 수단 정작 구조 조정 기촉법 처지 혼선 예상 여야 국회 정무 위원회 종료 기촉법 년 개월 연장 개정안 잠정 합의 법안들 일괄 처리 여야 의견 바람 통과 연내 국회 사실상 상황 내년 워크아웃 불가능 워크아웃 채권단 동의 신속 자금지원 재무구조개선 경영정상화 추진 금감원 기촉법 종료 공백 최소화 채권 금융 기관 자율 협약 기업 구조 조정 운영 마련 작업 제 금융 금융회사 채권 금융 회사 참여 자율 협약 강제 지적 진웅섭 금융 감독원장 이날 은행 여신 부행장 참석 회의 협약 강제성 합리적 근거 행태 기관 이기주의 기업 구조 조정 애로 발생 협조 당부 처리 연내 법안 기촉법 실효 임시 국회 회기 내년 임시국회 내년 임시 국회 법안 통과 법안 효력 혼란 구조 조정 작업 진행 금융 위원회 관계자 국회 월 기촉법 처리 공백 기간 보름 정도 임시 국회 통과 혼란 최소화 구조조정 워크아웃 기촉법 대기업 곳 금융권 임시국회 곳 상반기 곳 동아원 위원회 관계자 신용위험평가 수술대 정작 살생부 곳
박근혜정부,경영,사설 정권 선전도구 공영방송을 제자리로 구체제 청산을 위한 대 과제 년 민주항쟁 당시 전국의 거리를 메운 시민들은 군사독재 타도와 함께 언론개혁을 외쳤다 전두환 정권의 강압정치에 분노했지만 정권의 나팔수인 언론의 죄상에 대해서도 매섭게 질타했다 언론계 내부에서 자성의 목소리가 커지면서 거듭나기 위한 몸부림이 이어졌다 가 한때 영향력 신뢰도 위 매체가 된 것은 이런 노 공영방송 정권 선전 도구 공영 방송 제자리 구 체제 청산 대 민주 항쟁 전국 거리 시민들 군사 독재 타도 언론개혁 전두환 정권 강압정치 분노 정권 나팔수 언론 죄상 질타 언론 내부 자성 목소리 몸부림 영향력 신뢰도 매체 노력 결과 년 촛불시민들 퇴진 박근혜 정권 언론개혁 촉구 박근혜 최순실 게이트 언론 게이트 공범 비판 아이러니 상황 직면 공영 공공 매체들 언론 역할 도외시 정권 박근혜 무능 비리 국정농단 가능 이명박 정권 이래 공영 방송 퇴보 권리 여론 형성 공론장 역할 시민 요구 반대 정권 홍보 여론 조작 봉사 중심 국민 방송 자임 공영 방송 세월 사건 이정현 청와대 홍보 수석 보도국장 김시곤 보도 국장 전화 정부 비판적 기사 요구 청와대 보도 간섭 기본 업무 공언 정도 보도 지침 시달 일상적 사건 최순실 국정 농단 보도 김재철 사장 경영진 권력 충견 노릇 박근혜 정권 공안 검사 출신 고영주 변호사 방송문화진흥회 이사장 방송사 정도 저널리즘 원칙 충실 기자들 시용기자들 동원 확산 극우 이데올로기 언론 시시비비 편향 이념 촛불집회 회사 로고 마이크 보도 기자들 고백 시민 분노 웅변 정부 지분 보유 정권 고삐 이명박 정부 낙하산 사장 기자들 년 해직 보도 책임자 청와대 홍보 수석 기용 공정 언론 포기 사장 우종범 기용 최씨 개입 정황 사장 중소기업은행장 출신 조준희 최씨 개입 서울신문 보도 정권 편향 비판 극우 논리 자본 이익 대변 운동장 한국 사회 기둥들 언론개혁 공영 방송 정상 시작 정권 방송 홍보 도구 활용 제도 개혁 개선 공영 방송 지배 구조 방송편성 자유 보장 우선 현행 방송법 정부 공영방송 최고 의결 기관 이사회 이사 절대다수 추천 구조 방송 장악 이사회 이사장 이인호 사장 인선 개입 사실 민정수석 김영한 청와대 민정 수석 비망록 낙하산 임명 이사장 포함 인 여당 인 추천 야당 방법 이사진 구성 여당 인 야당 인 추천 사장 분 찬성 특별다수제 선임 방안 대주주 방송문화진흥회 이사회 여당 인 추천 야당 구성 이사 시민단체 이사 추천 방법 독립성 사장 추천 위원회 낙하산 사장 차단 이중장치 방송편성 자유 강화 독립 규정도 방송사업자 제작 편성 개입 영향력 노사 동수 비율 편성위원회 구성 운영 공정보도 사후 감시 평가 장치 편성위원회 제청 인사 방송편성책임자 임명 편성위원회 편성규약 제정 이명박 박근혜 정권 언론 장악 왜곡 진상 한편 권력 봉사 언론인들 청산 이명박 정권 공영방송 언론 장악 여명 언론인 해고 여명 징계 복직 현장 복귀 필수 년 방송 제자리 방송 정권 종속 부역 언론 방송 출세 방편 권력 감시 비판 언론 본령 윤리 의식 자리 방송 개혁 박근혜 최순실 게이트 권력 감시 공정 보도 여론 형성 언론 민주주의 불가결 요소 재확인 정치권 제왕 대통령 개헌 목소리 분출 언론 수행 무소불위 권력 특정 세력 국정농단 불가능 새누리당 제외 정당들 공영 방송 개혁 주장 국회 당장 관련법 통과 언론개혁 공영방송 청와대 박근혜 이명박 국정농단 기자들 이사장 방송편성 이사회 위원회 언론개혁 언론인 변호사 시달 영향력 편성위원회 방송문화진흥회
박근혜정부,경영,방문진 문화방송 사장후보 명으로 압축 문화방송 사장 후보가 구영회 전 문화방송 미술센터 사장 김종국 대전문화방송 사장 안광한 문화방송 부사장 최명길 문화방송 보도국 유럽지사장 등 명으로 압축됐다 문화방송 최대주주인 방송문화진흥회 방문진 는 일 임시 이사회를 열어 김재철 전 사장의 퇴진으로 공석이 된 사장직 공개모집에 응한 명을 방문진 명 문화방송 사장 후보 압축 문화방송 사장 문화방송 미술 센터 김종국 대전문화방송 사장 안광한 문화방송 부사장 최명길 유럽지사장 문화방송 보도국 유럽 지사장 명 압축 문화방송 최대 주주 방송문화진흥회 방문진 이사회 임시 김재철 사장 퇴진 공석 사장직 공개 모집 명 대상 제출 경영계획서 검토 투표 결정 애초 방문진 후보자 배수 압축 이사 표결 동점자 명 후보 선정 이사 김충일 방문진 전화통화 표결 결과 공동 명 일 이사회 명 명 사장 내정자 선임 그날 주주총회 확정 계획 명 사장 후보 문화방송 년 피디 간부 근무 문화방송 안팎 사장 성향 정책 방송 태도 정권 편향 공정성 회복 계기 마련 결정 구영회 사장 정치부장 보도국장 경영본부장 삼척문화방송 사장 역임 도전 번째 사장 년 년 년 최종 후보군 김종국 사장 경제부장 정치부장 기획본부장 사장 추진 지역사 통폐합 마산 진주 문화방송 통합 창원문화방송 사장 유일 피디 출신 안광한 부사장 편성국장 편성본부장 역임 부사장 사장 퇴진 사장 직무 대행 최명길 유럽 지사장 워싱턴 특파원 보도 제작국 부국장 라디오 시사 프로그램 세계 진행 방문진 이사회 후보 명 분 면접 프레젠테이션 찬성 이사 과반수 사장 후보 최종 결정 사장 임기 사장 잔여 임기 내년 개월 전국언론노조 이날 문화방송 사장 언론 감시 역할인 권력 기관 견제 수행 방송 독립성 공정성 철학 인물 선임 김재철 체제 연장 인물 반대 의견 표명 언론노조 특별 결의문 후보들 사장 결탁 공영방송 가치 훼손 김재철 체제 유지 가담 적극 인물 포함 사장 김재철 체제 인물 선임 이명박 정권 논란 언론 장악 재연 사회 갈등 증폭 문화방송 명 방문진 이사회 본부장 부사장 사장직 김재철 최명길 명 부국장 역할인 김종국 안광한 공정성 지사장
박근혜정부,경쟁,삼성전자 북미 빌트인 가전 사업 강화 삼성전자가 차세대 생활가전사업 전략의 핵심인 기업 간 거래 와 빌트인 사업 강화를 위한 준비를 마쳤다 삼성전자는 미국 프리미엄 가전업체 데이코 인수식을 일 현지 시간 미국 캘리포니아 주 인더스트리 데이코 본사에서 열었다고 일 밝혔다 삼성전자는 이번 인수를 통해 고급 생활가전 라인업과 전문 유통망을 확보하며 북미 주택 삼성전자 북미 빌트인 가전 사업 강화 프리미엄업체 데이코 인수식 삼성전자 전략 차세대 생활 가전 사업 핵심 기업 거래 빌트인 사업 강화 준비 삼성전자 미국 프리미엄 가전 업체 데이코 인수식 일 현지 데이코 미국 캘리포니아 인더스트리 데이코 일 삼성전자 인수 라인업 고급 생활 가전 전문 유통망 확보 시장 북미 주택 가전 사업 강화 계획 주택 부동산 럭셔리 가전 중요도 빌트인 사업 경쟁력 소비자가전 윤부근 삼성전자 소비자 가전 대표 사장 삼성전자 혁신 역량 데이코 전문성 프리미엄 가전 전문 바탕 시장 북미 가전 영향력 강화 삼성전자 데이코 북미 미국 차세대 빌트인 윤부근 인수식 캘리포니아 유통망 부동산 경쟁력 소비자가전 중요도 프리미엄업체 영향력 소비자 전문성 시간 가전 프리미엄 강화 사업 주택 고급
박근혜정부,경쟁,현대기아차 상반기 내수점유율 깨져 년 만 수입차 공세가 나날이 거세지는 가운데 현대기아자동차의 상반기 내수 점유율이 년 만에 를 밑돈 것으로 나타났습니다 한국자동차산업협회 에 따르면 국내 자동차 신규등록 기준으로 올해 월 현대차와 기아차의 점유율은 각각 와 로 양사의 합산 점유율이 에 그쳤습니다 현대기아차의 신규등록 기준 반기 점유율이 선 현대기아차 상반기 내수 점유 수입 공세 현대기아자동차 점유율 상반기 내수 점유 년 한국자동차산업협회 자동차 신규 등록 기준 월 현대차 기아차 점유율 합산 점유 현대기아차 신규 등록 기준 반기 점유 선 상반기 년 현대차 점유 기아차 점유율 현대기아차 기아차 점유 상승 상반기 현대차 기아차 대 상반기 현대차 기아차 최고점 상반기 현대차 기아차 상반기 현대차 기아차 상반기 현대차 기아차 상승 곡선 상반기 현대차 기아차 하락 상반기 점유율 현대기아차 점유율 추락 기간 수입 시장 잠식 주요인 상반기 수입차 점유율 상반기 배 수입 점유 년 상반기 년 상반기 년 상반기 년 상반기 년 상반기 년 상반기 금융위기 년 하락세 상승곡선 급증세 자동차업계 수입차 기세 까닭 현대기아차 내수 점유 고지 탈환 시각 지배적 업계 관계자 현대기아차 점유율 년 상반기 수치적 구조적 천지 차이 년 현대차 대우 르노삼성 업체 완성 경쟁 구도 여력 점유 상승 경쟁 상대 평가 수입차 지적 실제 현대차 기아차 대우 르노삼성자동차 쌍용자동차 완성 제작 업체 점유율 신규 등록 기준 점유 수입차 내수 시장 점유 차지 상반기 현대기아차 점유 순위 수입차 한국 쌍용차 르노삼성차 사 수입차 비중 관계자 과거 사치품 인식 수입차들 연비 성능 디젤 차량 쏘나타급 중소 차량 시장 적극 공략 중소 차급 시장 잠식 수입차 경쟁 현대기아차 대 내수 점유 회복 싸움 전망 업계 관계자 수입 업계 내수 시장 잠식 자동차 약화 관계자 현대기아차 시장 과점 지위 수입차 경쟁 대응 측면 업체들 완성 업체 경쟁력 제품 과거 현대기아차 시장 분점 가능성 자동차산업 업체끼리 완성 업체 끼리 모델 한정 시장 싸움 수입 업체 경쟁 차종 강조 의미 현대차 메르세데스 벤츠 클래스 아우디 모델 독일 고급 대응 전략 차종 그랜저 제네시스 사이 아슬란 프리미엄 차량 방향 상반기 점유율 현대차 수입차 기아차 현대기아차 자동차 관계자 아우디 독일
박근혜정부,경쟁,경기 기술개발 지원으로 매출 일자리 늘려 앵커 인력과 자금 사정이 좋지 않은 중소기업이 새로운 기술을 개발하기란 여간 어려운 일이 아닙니다 이런 부분을 지원하기 위해 지자체가 나서고 있는데 매출 증대와 고용 창출 효과가 큰 것으로 나타났습니다 김학무 기자의 보도입니다 기자 대형 나 모니터 패널의 세정 장비를 개발하는 업체입니다 년 전 자본금 억 원으로 시작한 작은 지원 매출 일자리 앵커 인력 자금 사정 중소기업 지원 지자체 매출 증대 효과 고용 창출 김학무 보도 모니터 패널 세정 장비 업체 년 시작 업체 년 시작 자금 부족 어려움 도움 손길 경기도 과학 진흥원 년 억 자금 지원 성공 매출 고용 인원 증가 실적 중견기업 성장 최민옥 에이유테크 대표 중소기업 자체 자금 운영 지원 매출 발생 자금 인력난 동시 해결 사료 생산 업체 지원 핵심기술 성공 미국 제품 품질 수입물량 대체 김영일 사료 생산 업체 관계자 원천기술 미국 코팅 면실 독점 부분들 전량 국산 의의 자금 부족 중소기업 자금 지원 경기 년 기업 천 지원 천 매출 증가 천백 고용 성과 임창규 경기 과학 진흥원 팀장 고용 창출 효과 지원 취약 지원 경기도 최고 시책 지원 경기도 경쟁력 중소기업 일자리 중소기업 경기도 관계자 팀장 미국 김학무 진흥원 자본금 일자리 수입물량 부분들 김영일 최민옥 에이유테크 중견기업 임창규 원천기술 인력난 억 핵심기술 경쟁력 천 천백
박근혜정부,공공기관,취재일기 어느 공공기관의 용기 있는 고백 올해 월 중순 유길상 한국고용정보원장이 심각한 얼굴로 이렇게 말했다 개원한 지 년이 다 돼 가는데 제대로 된 게 하나도 없다 의욕과 열정을 찾을 수 없다 무기력증에 빠져있다 유 원장은 지난해 월 일 취임했다 딱 한 달 만에 내놓은 그의 진단은 한마디로 국민에 대한 서비스는 안중에 없는 기관으로 전락했다 는 것이다 고용정보원 공공기관 용기 고백 중순 유길 한국 고용 정보 원장 얼굴 개원 의욕 열정 무기력증 원장 취임 진단 한마디 국민 서비스 안중 기관 전락 고용정보원 국가 인력 수급 전망 워크넷 일자리 연결 고용정보 총괄 조직 기관 역할 국가 고용 서비스 엉망 얘기 진단 고용정보원 자기반성문 고용정보 총괄 조직 단순 보고서 발간 정책 누락 부실 연명 고용서비스 수요자 국민 공급자 편의주의 신뢰도 바닥 진로지도 미흡 고용보험 다량 개인정보 보유 정보 유출 유실 위험 상존 성과 인맥 계파 형성 공공기관 치명적 치부 총망라 노조 반응 의외 박기영 노조 위원장 눈치 얘기 직원 얘기 반성문 국민 사랑 조직 기관 그동안 반성문 짐작 대목 학습 무력감 업무 의미 책임 열정 보람 학습 무력감 고위 간부 홈페이지 색깔 고용노동부 지정 상황 능동적 낙하산 인선 원장 정치인 사람 원장 계파 형성 갈등 눈치 일상화 원장 개원 선포 조직 폐기 경장 위원장 한마디 용기 고백 정부 정치권 세계 국가 국가고용정보기관 일류 기관 재탄생 학습 무력감 외부 입김 낙하산 인사 자신들 선택 개혁 걸림돌 걱정 선임기자 김기찬 경제 선임 김기찬 무력감 위원장 반성문 한마디 박기영 공공기관 고용정보 고용서비스 정보원 고용정보원 진로지도 신뢰도 자신들 홈페이지 정치권 보고서 편의주의 일자리 개인정보 선임기자 총망라 무기력증 유길 공급자 일상화 고용보험 노동부 고용노동부 자기반성문 정치인 한국 정보기관 재탄생 그동안
박근혜정부,공공기관,박 대통령 성과연봉제 못 미뤄 노동계 월 총파업 박근혜 대통령은 일 공공기관 성과연봉제와 관련해 정부와 정치권에서 민간부문의 구조조정이 논의되고 있는 현 상황에서 공공기관의 정상화는 더 이상 미룰 수 없는 과제 라며 각 부처는 개 공공기관 모두가 성과연봉제를 도입할 수 있도록 적극 독려해 주기를 바란다 고 말했다 한국노총과 민주노총은 정부가 추진 방침을 철회하지 않으면 월 공공부문 대통령 성과 연봉 총파업 노동 박근혜 대통령 성과연봉제 공공 기관 성과 연봉 정부 정치권 민간부문 구조조정 논의 상황 공공기관 정상화 부처 공공 기관 성과연봉제 적극 독려 한국노총 민주노총 정부 추진 방침 철회 총파업 공공 진행 반발 대통령 청와대 주재 국무회의 공공 기관 개혁 성과 노동개혁 구조개혁 영향 감안 개혁 공공 기관 정부 추진 의지 중요 시점 공공기관 중심 체질 불필요 민간 정리 경제 활력 국민 신뢰 회복 대통령 워크숍 공공 기관 기관장 주재 예정 정부 연말 공기업 공공기관 성과연봉제 상태 공공산업노동조합연맹 한국노총 공공노동조합연맹 금융산업노동조합연맹 민주 노총 공공 운수 노동조합 전국보건의료산업노동조합 서울 여의도 한국노총 기자회견 노사정 타협 해체 공동대책위원회 노총 공공 공동 대책 위원회 공대위 복원 성과연봉제 공동투쟁 집회 월 최대 공공 총파업 진행 공대위 기획재정부 기관 노동 위반 법적 문제점 주장 위원장 조상수 공공 운수 노조 기재부 성과 연봉 조기 기관 인센티브 억 추산 정부 충성 명목 포상금 정규 정규직 노동 시간 단축 공공 서비스 확대 일자리 창출 교섭 제안 기재부 공공 기관 운영 위원회 성과연봉제 공공기관 내년 인건비 동결 조기 기관 조기 인센티브 지급 결정 박태우 공공기관 성과연봉제 한국노총 총파업 민주노총 조상수 공대위 기재부 위원회 기관장 노사정 서울 공기업 포상금 정규직
박근혜정부,공공기관,울산 울산시 혁신도시 공공기관 지역발전 협약 울산시가 혁신도시 이전 공공기관과 지역발전을 위한 상생 협력 협약을 맺었습니다 참여 기관은 앞으로 지역산업 육성 연구 과제를 개발하고 신성장산업과 지역산업 맞춤형 인재 육성 지역 인재 채용 확대 등의 사업을 추진합니다 상생 협력 협약에는 근로복지공단과 산업인력공단 등 개 혁신도시 이전 공공기관이 참여합니다 김인철 울산시 혁신도시 협약 공공 기관 지역발전 울산시 혁신도시 공공기관 지역발전 협약 상생 협력 참여 기관 지역 산업 육성 신성장산업 지역 산업 맞춤 인재 육성 지역 인재 채용 확대 사업 추진 협약 상생 협력 근로복지공단 산업인력공단 혁신 도시 공공기관 참여 지역발전 공공기관 혁신도시 근로복지공단 인력공단 산업인력공단 울산시 신성장 신성장산업 산업 지역 인재 협약 육성 협력 상생 기관 확대 공공 혁신 사업 추진 도시 채용 참여 발전 맞춤
박근혜정부,공무원,백가쟁명 강성현 윤창중의 자폭 그리고 한중 양국의 왜곡된 접대문화 집에서 새는 바가지 밖에서도 샌다 는 말이 있다 윤창중 씨가 일약 세계 대 화제인물에 올랐다고 조롱하는 기사도 눈에 띈다 중국도 중국중앙 신경보 지방 일간지 할 것 없이 거의 모든 언론에서 윤창중 성 추문 사건 을 노벨상 수상자 이상으로 비중 있게 다뤘다 대한민국의 국격 이 무너지는 것은 일순간이다 윤창중 파문 으로 윤창중 자폭 양국 왜곡 접대문화 바가지 윤창중 화제인물 세계 화제 인물 조롱 기사 중국 중국중앙 신경보 지방 일간지 언론 윤창중 윤창중 추문 사건 노벨상 수상자 비중 대한민국 국격 일순간 윤창중 파문 냄비 언론 열흘 분위기 며칠 인요한 며칠 국제진료소장 세브란스 병원 국제 진료 소장 종편 방송 출연 유혈 윤창중 대변인 동정 시선 윤창중 언론 모습 닭장 닭들 행태 비유 윤창중 동료 언론인 보도 행태 닭장 닭들 마리 닭들 상처 잔인 신음 교대 동료 비애감 모양 소견 판단 능력 부족 사람 속말 닭대가리 새대가리 윤창중 추문 자신들 닭장 이전투구 닭대가리 차이 신문 윤창중 폭탄 비유 폭탄 결국 폭탄 적극 추천 폭탄 자성 윤창중 스캔 음주문화 접대 문화 정치부 잔뼈 윤창중 자신 입장 접대문화 귀족층 건설업자 건설업자 별장 별장 접대 의혹 사건 조사 한참 진행 별장 동원 여성 여대생 포함 사건 스타덤 김학의 법무차관 사람 여대 동원 중간 소식 별장 질탕 사람들 면모 우둔 공직자들 간악 건설업자 접대 음주문화 접대문화 중국 학술 모임 참가 베이징 며칠 친구 소개 주재원 사람 전화 동료 사람 중국 생활 이골 정도 세월 중국 식사 노래 중국식 노래방 노래방 도우미 아가씨 인구대국 나이 남짓 이상형 음주가무 자신 시장 사과 자리 사람 옆자리 아가씨 사과 사람 구별 무렵 중반 시골 경기도 문산 방귀 중년 농민 사람 농민 도시 세련 건달 정도 사기 기질 농민 나이 나이 자신 나이 고무줄 나이 농민 친구 부패 공직자 탐관 농락 세금문제 민원문제 발생 탐관오리들 술집 룸살롱 친구 가관 공무원 오입 용돈 나이 형님 결국 공무원들 결국 공무원 농민 학교 콩밥 신세 홍수 수해 전답 허위 신고 보상금 들통 농민 공무원 세상 건설업자들 다산 선생 강조 목민관 자세 국민교육헌장 낭독 정신 행동 조식 양심 남명 선생 성성자 방울 소리 경계 반성 조식 사욕 자신 단칼 일념 경의검 신독 국어사전 혼자 도리 행동 조심 풀이 국가 공직자 고위 신독 사회 윤창중 사람 골목 정신 사회 만연 음주문화 접대 문화 뇌물문화 공범의식 통절 반성 제 제 폭탄 산시 웨이난 사범대학 교수 강성현 윤창중 중국 건설업자 공직자 닭장 공무원 닭대가리 신독 닭들 여대생 음주문화 접대문화 노래방 문산 수상자 경기도 세브란스 남명 노벨상 정치부
박근혜정부,공무원,지역인재 급 견습직원 합격자 여성이 오해정성적이 우수한 지역 인재를 급 공무원으로 채용하는 지역인재 급 견습직원 합격자 가운데 여성이 전체의 로 남성보다 많은 것으로 나타났습니다 안전행정부는 지역인재 급 견습직원 선발에 모두 여 명이 응시했으며 합격자 가운데 여성은 남성은 였고 평균 연령은 세였다고 밝혔습니다 선발된 급 견습 직원들은 년 동 여성 지역 인재 견습 직원 합격자 오해정성적 우수 지역 인재 공무원 채용 견습직원 지역 인재 견습 직원 합격자 여성 합격자 남성 안전행정부 지역 인재 견습 직원 선발 여 응시 합격자 여성 합격자 평균 연령 세 선발 직원들 견습 직원 년 중앙행정기관 중앙 행정 기관 근무 근무 성적 평가 공무원 임용 합격자 견습직원 공무원 중앙행정기관 오해정성적 안전행정부 행정부 여 직원들 선발 지역 남성 견습 직원 근무 여성 인재 행정 오해 평균 정성 기관 연령 중앙 안전 성적 우수 평가 응시 채용 임용
박근혜정부,공무원,연금 개혁안 막판까지 진통 남은 과제는 앵커 멘트 년 이후 년 만에 현실화 된 공무원 연금 개혁 협상은 합의처리 시한까지 몰린 끝에 극적으로 타결됐습니다 김기현 기자가 논의 과정을 정리했습니다 리포트 공무원 연금 개혁은 집권 년차를 맞은 박근혜 대통령이 주요 국정과제로 발표하면서 본격화됐습니다 녹취 박근혜 대통령 지난해 월 일 공적연금에 대해서는 내년 막판 연금 개혁 진통 앵커 멘트 년 년 현실화 공무원 연금 개혁 협상 합의 처리 시한 극적 타결 김기현 논의 정리 리포트 개혁 공무원 연금 집권 박근혜 대통령 국정과제 본격화 녹취 박근혜 대통령 공적 연금 내년 재정 개선 방안 마련 개정 정부여당 공무원 단체 반발 여당 당론 법안 돌파 의지 정치 논의 기구 구성 조차 정도 난항 녹취 원내대표 유승민 새누리당 원내 대표 협상 마지막 협상 공무원 연금 개혁 회의 특위 활동 기간 차례 연장 합의 시한 벼랑 협상 비율 줄다리기 여야 막판 공적 연금 강화 고리 극적 합의 도달 녹취 원내대표 우윤근 새정치연합 원내 대표 여야 양보 타협 이해관계인들 양보 희생 결과 의의 생각 시한 성과 의식 여당 발목 비난 야당 타협 감소 국가 재정 부담 측면 절반 성공 평가 군인연금 사학연금 논의 시작 전체적 연금 구조 조정 공무원 원내대표 박근혜 김기현 새누리당 새정치연합 우윤근 유승민 군인연금 정부여당 현실화 사학연금 국정과제 당론 이해관계인들 이해관계인 본격화
박근혜정부,공사,경제 버려진 구 고속도로의 재발견 경남 함안군 산인면 모곡리 남해고속도로 진주 마산 구간 새로 놓은 직선도로 옆으로 버려진 구 고속도로에 태양광 패널이 줄지어 늘어섰다 태양광 패널들은 남부지방의 따사로운 봄햇살을 온몸에 받고 있었다 도로공사가 남해고속도로의 폐고속도로 구간에 설치한 태양광발전소가 눈길을 끌고 있다 폐고속도로에 태양광 발전소를 설치한 것은 이번이 처음이다 모곡리 고속도로 재발견 경남 함안군 산인면 모곡리 남해고속도로 진주 마산 구간 직선도로 고속도로 태양 패널 태양광 패널 남부지방 봄햇살 온몸 도로공사 남해고속도로 폐고속도 구간 설치 태양광발전소 눈길 폐고속도로 태양광 발전소 설치 모곡리 진주시 금곡 승산 방촌 상촌 남해고속도로 구간 태양 패널 설치 태양광 발전소 발전용량 개 아파트 전력 공급 규모 에너지 시민사회 에너지 시민 사회 도로공사 실험 주목 개 아파트 공급 규모 폐고속도 정부 고민거리 고속도로 확장 정비 폐도 추세 도로 터널 폐도 발생 국도 방치 도로 폐도 흉물 폐고속도로 소유 정부 관리 도로공사 폐고속도 처리 가지 정도 도로 유지 보수 작업장용 자재 중장비 정치장 방법 별도 비용 전망 고속도로 주변 주변 환경오염 지역 사용 이관 요구 수요 정부 매각 고속도로 도로 고속도로 매각 매각대금 녹지대 조성 활용방안 마지막 활용 방안 폐도 나무 비용 아스팔트 폐기물 처리 비용 녹지대 조성 관리비용 폐도 태양광발전소 아이디어 년 전력위기설 한국도로공사 관계자 전력부족 정부 차원 신재생 에너지 관심 여름 고속도로 태양열 남부지방 에너지 전기 구상 태양광에너지 대표적 신재생 에너지 입지 면적 설치 땅값 설치 신재생 에너지 생산설비 지목변경 방식 설치 태양 패널 권장 부작용 악용 산비탈 갯벌 매립 사례 환경 신재생 에너지 생산 환경 폐고속도 입지문제 해결 시도 평가 대표 이헌석 에너 지정의 행동 소음문제 인근지역 이용 태양광 발전 매력적 해외 인근 태양광발전소 설치 사례 폐고속도 태양광 발전 도로공사 남동발전 재무적 투자자 은행 공동 투자 별도 법인 고속도로 태양광 발전 주식회사 설립 자기자본 타인자본 자기자본 도로공사 남동발전 지분 투자 나머지 은행 재무 투자자 고속도로 태양광 발전 주식회사 억 투자 만 규모 발전용량 태양광발전소 설치 강원도 평창군 규모 만 도시 상시 사용 전력량 설치비용 민원 공동사업자 남동 발전 입장 폐고속도 태양광 발전 사업 사업 남동발전 신재생 에너지공급의무화 제도 적용 대상 기업 제도 일정 규모 발전사업자 발전량 일정량 신재생 에너지 전력 공급 의무화 제도 설비 규모 발전사업자 수자원공사 지역난방공사 설비 규모 발전사업자 남동발전 한국수력원자력 중부발전 서부발전 남부발전 동서발전 포스코에너지 파워 율촌 전력 년 발전량 신재생 에너지 년 고속도로 시설물 이용 태양 에너지 도로공사 타탕 조사 결과 폐고속도 구간 정도 휴게소 주차장 녹지대 성토부 공간 고속도로 주변 시설 활용 태양광 발전 발전 용량 가구 규모 강원도 춘천시 전력량 폐고속도로 남부지방 태양광 발전 적격지 태양광 노출 태양광발전소 중부 이남 인근 충북 영동군 황간면 경부고속도로 황간 월 패널 설치 전기 생산 인허가 추진 인근 경남 함안군 장지리 남해고속도로 장기 언양휴게소 경부고속도로 울산 호남 백계리 전라남도 장성군 구간 호남고속도로 장성 구간 설치 태양 패널 추진 설치비용 태양광 발전 규모 경제 당장 본전 태양광발전소 남해고속도로 태양광 발전소 투자 억 태양광 발전 수익 연간 최소 투자금액 얘기 지역주민들 반발 주민들 진주시 지수면 주민 태양광발전저지위원회 구성 태양광 발전소 설치 반대 반사 농작물 피해 차량 주변 통행 안전 위협 주장 유휴농지 실제 농촌 유휴 농지 태양 패널 설치 인근 축사 소음 반사 가축 피해 민원 제기 사례 관리문제 중요 개인 기업 설치 태양광패널 설치시 정부 지원 운용 보수 유지 관리 효율 대표 이헌석 에너 지정의 행동 설치 생각 지속 가능 보수 유지 사업 성패 태양광 고속도로 폐고속도 남해고속도로 폐도 태양광발전소 신재생 도로공사 발전소 강원도 폐고속도로 경부고속도로 이헌석 진주시 모곡리 녹지대 경남 주식회사 사업자 발전용량 남동발전 투자자 발전량 전력량 재무적
박근혜정부,공사,관광특구 모든 점포 가격표시제 의무화 앞으로 명동 이태원 등 서울지역 관광특구 곳에 있는 모든 점포는 의무적으로 가격표시제를 실시해야 한다 또 고무줄 요금 으로 원성을 샀던 인천공항 서울 구간 택시요금의 정액제 도입도 추진된다 외국인 관광객의 발길을 돌리게 하는 고질적인 바가지 횡포를 없애기 위해서다 일 서울시에 따르면 우선 부당요금 관행을 없애기 위해 올 하반기에 개 관광특구 의무화 점포 가격 표시 의무 인천공항 서울 택시 요금 정액 서울시 근절 바가지 횡포 피해 외국인 보상금 명동 이태원 곳 서울 지역 관광 특구 점포 의무적 가격표시제 고무줄 요금 원성 인천공항 서울 구간 택시 요금 정액제 추진 외국인 관광객 발길 고질적 바가지 횡포 서울시 부당 요금 관행 관광 특구 점포 가격표시제 의무화 특구 크기 소매 점포 의무적 외국인관광택시 적용 인천공항 서울 구간 택시 요금 정액제 택시 확대 방안 추진 정액요금제 인천공항 서울 시내 이동 기준 도착지 만 만 요금 제도 그동안 공항 택시 부당 웃돈 요구 사례 여성 관광객 피해 식당 옷가게 바가지 피해 외국인 보상금 만 만 인상 한국관광공사 외국인 관광객 쇼핑 불편신고 쇼핑 불편 신고 년 건 불편 건 차지 택시 건 쇼핑 불편신고 서울시 관계자 쇼핑 택시 이용 바가지 횡포 외국인 관광객 재방문율 원인 합동단속 관광 성수기 합동 단속 미스터리 쇼퍼 방식 불시 점검 바가지 근절 외국인 서울시 관광객 서울 가격표시제 인천공항 정액제 보상금 관광특구 의무화 도착지 만 성수기 곳 불편신고 쇼퍼 만 그동안 이태원 건 건 명동 만 재방문율 만
박근혜정부,공사,무용지물 저류지 용량 부족 배수시설이 피해 키워 앵커 울산을 강타한 태풍 차바 의 영향으로 울산 태화시장 주변은 말 그대로 쑥대밭이 됐습니다 그런데 인근에 울산 혁신 도시를 조성하면서 배수 시설을 확장하지 않았고 빗물 저류 시설도 제 역할을 하지 못해 침수 피해가 더 커졌다는 지적입니다 이윤재 기자가 보도합니다 기자 태풍으로 빗물 폭격을 맞은 울산 태화시장 골목 곳곳이 침수됐 무용지물 저류지 용량 부족 배수시설 키워 앵커 울산 강타 태풍 차바 영향 주변 울산 태화시장 쑥대밭 인근 도시 울산 혁신 조성 배수 시설 확장 시설 빗물 저류 역할 침수 피해 지적 이윤재 보도 태풍 빗물 폭격 울산 태화시장 골목 침수 건물 어깨높이 아수라장 주민들 부근 울산 혁신 도시 조성 배수 시설 확장 피해 주장 혁신도시 처리 배수 시설 시설 이용 김용두 울산 유곡동 혁신 도시 조성 배수 시설 설계 예전 저류지 형식적 울산시 공사 혁신도시 빗물 저장 저류지 군데 용량 부족 저류지 홍수 조절 조흥제 교수 울산대 건설 환경 공학부 사실 저류지 자체 만수 역할 피해 가중 역효과 판단 울산시 공사 전례 폭우 상황 침수 피해 완벽 입장 도시 확장 치수 시설 피해 지적 울산 저류지 빗물 혁신도시 울산대 태화시장 울산시 이윤재 아수라장 주민들 공학부 어깨높이 역효과 조흥제 차바 쑥대밭 만수 배수시설 김용두 키워 유곡동 공사 시간 무용지물 시설 피해 도시
박근혜정부,교육,수월성 탓에 폐허 됐지만 그 속에 머물며 사유할 것 폐허의 대학 새로운 대학의 탄생은 가능한가 빌 레딩스 지음 윤지관 김영희 옮김 책과함께 만 원 나라 안팎의 지식인들이 대학의 위기 를 진단할 때마다 자주 인용해 그만큼 권위를 인정받았다고 할 수 있는 책이다 은 대학의 기업화 문제를 신자유주의의 탓으로 돌려 문제를 단순화하거나 모든 해법을 학문적 자율성을 보장하라고 요구하는 폐허 사유 폐허 대학 대학 탄생 가능 레딩스 윤지관 김영희 책과 만 나라 안팎 지식인들 대학 위기 진단 인용 권위 대학 기업화 신자유주의 단순화 해법 학문 자율 보장 요구 대학 역사 검토 문화 이론 질문 중반 캐나다 몬트리올대학 비교 문학 부교수 문학 문화 이론 분야 두각 학자 레딩스 대학 사회 역할 변모 원인 캐나다 시사 주간지 대학 순위 척도 특집 개념 대학 기업체 유사 기업체 학생 구성 강좌 규모 재정 규모 도서관 장서 학내 주차 이질적 범주 단일 저울 계량화 수치화 순위평가 공통 통화 언론 대학 평가 요소 가중치 자의적 지표 교육 비판 대학 언론 단어 지은이 빌헬름 훔볼트 빌헬름 독일 대학 적용 완성 근대 대학 국민국가 민족 문화 이념 생산 보호 주입 구실 주장 자본주의 발달 지구화 진행 현금 사회 인간 자본주의 인간관계 중심 국민국가 쇠퇴 대학 민족 문화적 사명 소멸 대학 수렴 근대 대학 가치 비용 대비 환원 고등교육 소비재 학생 소비자 변모 자동차 효율 연비 고등교육 대학 알튀세르 이데올로기 국가 장치 자율적 관료 기업 전락 지은이 주장 대학 재원 축소 대학 투자처 기업 관심 급증 대학 교육 행정 포섭 특이 문화이론가 지은이 문화연구 냉소적 문화 여성 남성 중심 주변 서구 타자 이성애 동성애 배제 지적 배제 거부 아무것 비판 문화연구 대학 척도 대학 기업 시각 마케팅 기회 제공 위험 판단 신생 학문 금기시 고전적 인문학 근본주의자 대영제국 토박이 인문학 알맹이 목격 인문학 여가 교양 개인들 호소력 이야기 능력 인문학 전성기 회고 지은이 향수 논의 혁명 특정 대학 정의 종지부 학생들 봉기 문화 애도 보수화 신세계 건설 진보적 근대주의 근대성 시간 곤경 종합 지구 시대 대학 교양 문화 이념 탈역사적 개념 아무것 지시 상태 탈지시화 지은이 책갈피 대학 경지 상아탑 규정 비판 폐허 거주 촉구 대학 민족 정체 연계 포기 대학 민족주의 메타서사 인정 사유 소통 대학 최소 불일치 공동체 유지 레딩스 년 살 나이 비행기 사고 세상 사후 출간 장프랑수아 리오타르 유행 즈음 국민국가 해체 일반화 국가 주도 대학 구조 조정 인문학 위기 논란 한국 현실 적용 대학 문화 학문적 검토 공부거리 윤지관 덕성여대 영문학 교수 한국대학학회 회장 일정 책임감 문화 개념 국가 이데올로기 동일시 관점 유보 비판적 현장 교실 중요 생각 주목 공역자 김영희 한국과학기술원 인문 사회 과학부 교수 부부 학자 공부 인문학 레딩스 캐나다 자본주의 윤지관 김영희 지구화 빌헬름 국민국가 주간지 고등교육 도서관 몬트리올대학 부교수 덕성여대 기업체 문화연구
박근혜정부,교육,박근혜 대통령 노동개혁 좌초 역사 심판 벗어날 수 없어 앵커 박근혜 대통령이 국회의 비협조로 노동개혁이 좌초된다면 역사의 심판을 벗어날 수 없을 것이라고 말했습니다 올 한해 개 핵심개혁과제의 추진 성과를 점검하는 자리에서 나온 발언입니다 취재기자 연결합니다 박순표 기자 박 대통령이 어제 국무회의에 이어 오늘 다시 노동개혁 법안의 국회 처리를 강조했군요 기자 말씀하신 것처럼 박 대통 박근혜 대통령 노동 개혁 좌초 역사 심판 앵커 박근혜 대통령 국회 비협조 노동개혁 좌초 역사 심판 핵심 개혁 추진 성과 점검 자리 발언 취재 연결 박순표 대통령 국무회의 노동 개혁 법안 국회 처리 강조 말씀 대통령 개혁 핵심 개혁 종합 점검 회의 대통령 자리 핵심 자식 생각 정도 정책 환경 의미 성과 평가 년 조 효과 재정 절감 공무원연금개혁 정부 중복 사업 통폐합 임금피크제 공공 기관 개혁 자유학 확산 대통령 노동개혁 노사정 국회 민생 경제 입법 국회 권리 의무 강조 노동개혁 정략 흥정 거래 수단 국회 비협조 노동개혁 좌초 역사 심판 대통령 발언 박근혜 대통령 노동개혁 청년들 생존 만큼 정쟁 대상 정략 흥정 거래 수단 국회 비협조 노동개혁 좌초 역사 심판 생각 대통령 발언 노동개혁 법안 경제 활성 분리 처리 야당 주장 반박 법안 처리 촉구 풀이 점검회의 핵심 개혁 점검 회의 공공 금융개혁 노동 교육개혁 창조경제 경제혁신 개 분야 진행 장관 부처 정책 수요자 일반 국민 평가 회의 참석 토론 노동개혁 점검회의 박근혜 노사정 박순표 만큼 개 공무원연금개혁 임금피크제 공무원 조 수요자 금융개혁 청년들 창조경제 교육개혁 국무회의 비협조 자유학 경제혁신 개혁 대통령
박근혜정부,교육,위기를 기회로 대 브랜드 중심 글로벌 시장 공략 가속 아모레퍼시픽의 년 경영방침은 우리 다 함께 다 아모레퍼시픽은 국내 외 경영환경의 급격한 변화에 적극 대응하여 원대한 기업 으로의 비전 달성을 위한 도전을 이어가겠다고 강조했다 중점 추진 전략은 글로벌 확산 디지털 리더십 확보 리테일 역량 고도화 미래 경영 혁신 질 경영 체질화 인재 경영이다 아모레퍼시픽은 글로벌 확 가속 브랜드 중심 글로벌 시장 공략 아모레퍼시픽 경영 방침 아모레퍼시픽 경영환경 변화 적극 대응 기업 비전 달성 도전 강조 전략 중점 추진 미래 글로벌 확산 디지털 리더십 확보 리테일 역량 고도 경영 경영 혁신 경영 체질 인재 아모레퍼시픽 글로벌 확산 글로벌 챔피언 브랜드 설화수 라네즈 마몽드 에뛰드 이니스프리 중심 공략 글로벌 시장 가속화 브랜드 넥스트 글로벌 사업 조성 모멘텀 글로벌 성장 확보 아모레퍼시픽 모바일 채널 중심 디지털 콘텐트 고객 밀접 소통 강화 한편 글로벌 이커 머스 경쟁력 본격적 확보 디지털 리더십 박차 계획 온라인 오프라인 상생 고객 구매 경험 진화 옴니채널 차별화 전략 디지털 활용 뷰티 혁신 시대 선도 고객 니즈 신속 대응 혁신적 제품력 모방 특이성 브랜드 가치 리테일 역량 고도화 예정 세상 미래 경영 본격적 추진 아모레퍼시픽 전사 차원 강조 경영 지속적 수행 동시 해외 사업 정착 적자 매장 수익 개선 해외 선진 시장 흑자 확보 개선 조직 효율 사업 역량 강화 성장 주력 계획 아모레퍼시픽 관계자 소명의식 전문가 양성 전문 교육 전문적 인재 관리 체계 구축 특이 가치 추구 창조 장인 육성 아모레퍼시픽 경쟁력 고도화 리테일
박근혜정부,근로자,정년 퇴직자 재고용 땐 정부 지원금 노년층 취업률 크게 올라 뉴스데스크 앵커 은퇴자의 재취업 자리가 많지 않다 보니 수십 년 전공과 무관한 일도 가까스로 구하는 경우가 대부분인데요 정부가 정년을 마친 근로자를 다시 채용한 기업에 보조금을 주기 시작하면서부터 노년층 취업률이 크게 늘었다고 합니다 장승철 기자입니다 리포트 올해 일흔네 살 전경률 씨 예리한 작업 도구를 능숙하게 다루는 걸 보면 대의 재고용 정년 퇴직자 정부 지원금 노년층 취업률 뉴스데스크 앵커 은퇴자 재취업 자리 전공 정부 정년 근로자 채용 기업 보조금 시작 노년 취업 장승철 리포트 전경률 작업 도구 대 나이 기계 자동차 정비 평생 정년 퇴직 퇴직자 재고용 지원금 정부 제도 출근 전경률 재고용 직원 경제 안정 나이 나태 일터 직원 회사 생산 연령 세 정년 재고용 직원들 세 장년 취업자 만 년 인 지원 지원금 지급 기간 년 한정 재취업 고령층 직장 연구원 우광호 한국경제연구원 출산율 고령층 성장 정부 기간 지원금 지급 포함 실제적 준비 장년 고용 대책 착수 이달 예정 장승철 재고용 지원금 전경률 재취업 장승철 노년층 세 퇴직자 한국경제연구원 우광호 고령층 자동차 취업률 인 만 보조금 출산율 은퇴자 대 연구원 취업자 뉴스데스크 근로자 직원들 정년 직원 정부
박근혜정부,근로자,분신소동 끝 합의안 추인 민노총 강력 반발 한국노총이 한때 분신 소동까지 벌어지는 진통 끝에 노동시장 개혁안을 받아들이기로 결정했습니다 하지만 민주노총은 강경 투쟁을 예고했고 합의안 문구를 놓고도 여러 해석이 나오고 있어 앞으로도 난관은 많을 것 같습니다 하현종 기자가 보도합니다 한국노총의 최고 의결기구인 중앙집행위는 명 가운데 명의 찬성으로 노사정 합의안을 추인했습니다 하지만 일부 산 분신소동 분신 소동 합의안 추인 민노총 반발 한국노총 분신 소동 진통 노동 시장 개혁 결정 민주노총 강경 투쟁 예고 합의 문구 해석 난관 하현종 보도 한국노총 최고 의결 기구 중앙집행위 명 명 찬성 노사정 합의 추인 산별 노조 위원장 반발 회의장 아수라장 금속 노련 위원장 분신시도 협의 조건 근로자 쟁점 합의 주장 민주노총 노사정 합의 야합 규정 투쟁 예고 한상균 민주노총 위원장 정부 자본 노동 현장 노사정 야합 약탈자 대문 노동자 단결 야합 정부 노동개혁 추진 토대 마련 평가 한국 노총 추인 만큼 노동 시장 구조 개편 급물살 정도 협의 양측 해석 부분들 불씨 연장 정규 기간 파견 허용 업종 확대 논의 진전 상태 논란 예상 위원장 추인 합의안 노사정 민주노총 한국노총 하현종 분신소동 중앙집행위 급물살 집행위 노동자 근로자 아수라장 부분들 회의장 약탈자 한국 한상균 노동개혁 분신시도 민노총 만큼 노동 야합 노총 합의 분신 협의 기간
박근혜정부,근로자,명 더 보은 옥천 영동 주민 늘리기 작전 내년 월 치러지는 대 총선을 앞두고 충북 남부 지역인 보은 옥천 영동군이 시끄럽다 선거구를 지키기 위한 인구 늘리기 총력전에 나서면서다 헌법재판소는 지난해 월 새로운 선거구 획정 기준을 제시했다 종전 대 이었던 선거구 최소 인구와 최대 인구 편차를 대 로 바꾼 것이다 개 선거구의 평균 인구 만 명 를 기준으로 할 때 명 보은 옥천 영동 주민 작전 개 인구 헌재 판결 선거구 기준 미달 선거구 인구 영동선 주소 학생 상품권도 내년 총선 지역 충북 남부 보은 옥천 영동군 선거구 인구 총력전 헌법재판소 월 기준 선거구 획정 제시 종전 인구 선거구 최소 편차 최대 인구 대 선거구 평균 인구 만 기준 하한선 만 월 개 인구 만 명 부족 획정안 선거구 국회 제출 선거구 인구 증가 감안 명 인구 선거구 유지 얘기 개 인구 태스크포스 구성 하루 각종 사회단체 이장협의회 기업인협의회 참석 회의 공무원 산하 단체 직원 지역 기업 회사원 대학생 주소 독려 지역 순회간담회 보은군 전입 공장 근로자 보은군 입주 우진프라임 명 기숙사 입주자 주소 작업 진행 월 준공 여 사원아파트 입주자 주소 협조 상태 옥천 충북도립대학 총장 기숙사 옥천군 주소 학생 명 대학 기숙사 전원 주소 영동군 입학 여 영동대 신입 당근 제시 주소 학생들 만 원짜리 상품권 주소 유지 학생 원권 상품권 입학식 대학 홍보활동 계획 이문섭 보은군 이장 협의회장 선거구 지역 주민 걱정 타지 출향인사들 협조 요청 상태 노력 상황 지역 년 연평균 인구 명 정성엽 충북 자치행정과장 보은 옥천 영동 지리적 지역 선거구 구조 보은 괴산군 청주시 상당구 통합 현실적 인구 유일 대안 선거구 보은군 개 기숙사 보은 충북 영동 입주자 옥천 영동대 만 상품권 만 영동군 근로자 사원아파트 연평균 입학식 이장협의회
박근혜정부,노동,중국 조선 일본 가운데 조선에만 이것 이 없었다고 근대 역사학의 아버지라는 평가를 받는 레오폴트 랑케는 역사가의 임무는 그것이 본래 어떠했나 를 밝히는 것이라고 말했다 요즈음 랑케의 고전적인 사실주의 담론은 사실과 허구의 경계를 허무는 포스트모던 담론에 의해 다소 밀려났지만 역사가에게는 여전히 역사 탐구의 근본 원칙이다 특히 허구가 사실을 이기고 있는 혼란스러운 세상에서 역사가들은 포스트모던 중국 조선 일본 조선 일본 프레시안 뤼시앵 페브르 앙리 마르탱 탄생 근대 역사학 아버지 평가 레오폴트 랑케 역사가 임무 본래 요즈음 랑케 고전적 사실주의 담론 사실 허구 경계 포스트모던 담론 역사가 역사 탐구 근본 원칙 허구 사실 혼란 세상 역사가들 포스트모던 이론 편승 랑케 노력 관점 뤼시앵 페브르 앙리 마르탱 강주헌 배영란 돌베개 주목 가치 반세기 오늘날 생명력 이론 해석 치중 사실 충실 뤼시앵 페브르 앙리 마르탱 강주헌 배영란 돌베개 저자 돌베개 공동 뤼시앵 페브르 앙리 마르탱 앙리 사상 생산 유통 제반 요소 조명 골격 사회사 역사학 제창 노역사 뤼시앵 페브르 앙리 마르탱 국립도서관 사서 앙리 저자들 생산 요소들 종이 목판인쇄술 활판인쇄술 활자 장정 편집 자본 인쇄업자 인쇄공 구성 출판 길드 서적상 저자 저작권 활판인쇄술 지리 확산 출판부수 종류 소유 현황 유통 발송 영업방식 정기시 출판권 무단복제 검열 금서 마지막 근대 인문주의 종교개혁 기여 사회 변화 구텐베르크 인쇄술 세기 출판 인큐내뷸라 만 세기 생산 억 책들 유럽 문화 영향 사회 변화 무리 저자들 효소 비유적 로버트 단턴 역사가 혁명 용어 사용 사실들 일반화 개념 이론 철학자 사회과학자들 사실들 역사가들 흥미 사실들 구텐베르크 활판인쇄술 유럽 지역 유럽 바깥 확산 지리 추적 종류 책들 생산 계층적 소유 계량적 역사 지평 기념비적 평가 손색 생산 유통 사실적 계량적 근대 유럽 서적문화 문화 전반 실증적 접근 동시대 지역 문화 비교 출처 한국인들 출판 분야 자부심 동양 년 종이 사용 서양 세기 종이 등장 동양 년 금속활자인쇄술 동양 구텐베르크 인쇄술 세기 중엽 시작 저자들 중국 세기 중엽 조선 세기 전반 시작 저자들 태종 년 서적 출판 계몽적 칙령 소개 분야 출판 분야 동양 우위 지속 직지 자랑 중국문화권 한자 활자 금속활자 이용 인쇄 시험적 수준 책들 목판인쇄술 생산 서양 금속활자 이용 자본주의적 대량생산 조선 목판인쇄술 필사 이용 수공업적 수준 조선 생산 저조 서양 시장 판매 생산 조선 정부 민중 교화 목적 윤리서적 양반 집안 가문 영광 과시 목적 문집 보관 서양 출판업자들 서적상들 시장 논리 입각 책들 출판 조선 국가 서적 생산 독점 양반 상징 판매 저속 행위 금기시 중국 조선 일본 조선 일본 서점 사실 중국 송대 민간 출판사 서점 존재 조선 유학자들 야만적 무시 일본 도쿠가와 막부 민간 출판사 서점 폭발적 시대 서물 시대 정도 서양 중세 붕괴 근대 기여 조선 중세 질서 고착화 도구 마디 서양 변화 원동력 조선 체제유지용 강명관 천년의상상 탄생 주도 수요 구텐베르크 세기 중엽 활판인쇄술 시작 전통 방법 감당 만큼 수요 서적 출판 활판인쇄술 기술적 측면 목판인쇄술 사용 금속활자 메달 화폐 도장 원리 구텐베르크 원리 인쇄 적용 인쇄 실무 난점 극복 세기 중엽 구텐베르크 활판인쇄술 발명 노력 기술자들 사실 수요 수요 공급 공급 수요 창출 최종적 사회 변화 역사 뤼시앵 페브르 앙리 마르탱 앙리 사회사 문화사 진화 생산 유통 소유 계량적 확인 정도 역사가들 관심 독자 마르크스 자동적 혁명가 최종적 중요 독자 저자 전유 카를로 진즈부르그 유제분 김정하 문학과지성사 문학과지성사 문화사가들 세기 소리 낭독 소리 묵독 독서방법 변화 사회 변화 반영 물론 문화사 대표적 로버트 단턴 주명철 알마 로제 샤르티에 굴리엘모 카발로 이종삼 한국출판마케팅연구소 카를로 진즈부르그 유제분 김정하 문학과지성사 한국사학자들 연구방법론 조선시대 문화 생산 유통 소비 사상 집중 조명 문화대국조선 유익 사실 흥미 이야기 서양 종이 나무 옷가지 재활용 옷가지 수집 사업 벌이 이야기 구텐베르크 푸스트 재정 후원자 요한 구텐베르크 토사구팽 이야기 인쇄노동자들 첨단 지식 산업 종사자 자부심 과시 이야기 가격혁명기 인쇄노동자들 파업 이야기 근대 저자들 원고료 증정본 후원자들 헌정 금일봉 이야기 중세 흥미 지리학 서적 마르코 폴로 망드빌 거짓 견문기 관심 이야기 오늘날 프랑크푸르트 도서 시장 신간 소개 카탈로그 이야기 독서 즐거움 조선 인쇄술 구텐베르크 역사가 동양 중국 책들 유럽 뤼시앵 앙리 랑케 일본 활판인쇄술 마르탱 돌베개 저자들 목판인쇄술 세기 문학과지성사 종사자 후원자 문화사 역사학 사회사 서적상 포스트모던 자부심 요한 역사가들 사실들 금속활자 옷가지 카를로
박근혜정부,노동,오늘부터 정기국회 돌입 총선 전초전 격돌 예고 앵커 대 국회 마지막 정기국회가 오늘 일 부터 일간의 일정에 돌입합니다 내년 총선을 앞두고 열리는 이번 정기국회에서 여야는 노동개혁과 예산안 등 주요 쟁점을 두고 치열한 기 싸움을 이어갈 것으로 보입니다 이만수 기자가 보도합니다 기자 월 정기국회를 하루 앞둔 여야는 빈손으로 끝난 월 임시국회 책임을 상대방에게 돌리며 정기 국회 돌입 총선 전초전 격돌 예고 앵커 국회 마지막 정기 국회 일 일 일정 돌입 내년 총선 정기국회 여야 노동개혁 예산안 쟁점 치열 싸움 이만수 보도 정기 국회 하루 여야 빈손 책임 임시 국회 상대방 신경전 원유철 새누리당 원내 대표 새정치민주연합 냉정 화풀이식 정치 공세 이종걸 새정치연합 원내 대표 새누리당 특수 활동비 공개 반대 동참 여야 공방전 정기 국회 총선 내년 마지막 정기 국회 여야 대대적 지지 결집 예상 당장 새누리당 노동개혁 포함 개혁 경제 활성 화법 처리 총력 안보 이슈 부각 보수층 계획 김무성 새누리당 대표 군인 정신 국민들 국민들 영웅 새정치연합 해킹 의혹 촉발 국정원 개혁 재벌개혁 전면 여야 양보 격돌 전망 문재인 새정치연합 대표 대기업 청년 고용 투자 중소기업 상생 경제 생태 중소기업 일자리 여야 당장 일 일 연설 교섭 단체 대표 기선 여야 추석 전후 국정감사 방패 한판 맞대결 법정 시한 예산안 처리 내년 총선 조금 유리 고지 선점 공방 예상 새누리당 새정치연합 정기국회 중소기업 예산안 화풀이식 이만수 노동개혁 보수층 국정감사 국민들 맞대결 활동비 신경전 이종걸 국정원 김무성 문재인 대기업 새정치민주연합 원유철 재벌개혁 일자리
박근혜정부,노동,입주 기업들 대출보다는 지원이 시급 개성공단 입주기업들은 오늘 정부가 발표한 피해 기업 지원 대책은 조업이 한 달 정도 차질을 빚는 상황에서 상환 부담을 느낄 수 밖에 없는 대출 이 주 내용이라며 지원 이 필요하다고 밝혔습니다 개성공단기업협회 옥성석 부회장은 아직 피해 집계가 끝나지 않은 만큼 정부 대책에 대한 평가를 유보하겠다면서도 일단 경협 자금을 통해 긴급 운전 자금을 지급하 대출 입주 기업 지원 개성 공단 입주 기업 정부 피해 기업 지원 대책 조업 차질 정도 상황 상환 부담 대출 지원 부회장 개성공단기업협회 옥성석 집계 대책 만큼 정부 평가 유보 경협 자금 자금 긴급 운전 지급 조치 옥성석 부회장 개성 공단 사태 장기 가능 만큼 비상대책위원회 만큼 비상 대책 위원회 구성 특별법 제정 입주 기업 입장 반영 정치권 언론 대응 설명 개성공단 철수 주재원들 고용 유지 고용노동부 만 지원 입장 매출 입주 기업 봉급 지급 재원 부족 상황 만큼 개성공단 옥성석 부회장 개성공단기업협회 정치권 특별법 주재원들 주재원 고용노동부 노동부 위원회 비상대책위원회 만 대책 지원 입주 기업 정부 고용 지급 사태 대출 입장 상황 정도 자금 운전 개성
박근혜정부,노동자,박보검 아이유가 사회 보는 촛불집회 어때 년 월 아르헨티나에선 앵커와 기자가 생방송 도중 모유 수유를 하는 바람에 발칵 뒤집어진 적이 있었어 누드 비치도 있고 성인 여성이 가슴 드러낸 채 공중샤워장을 오가기도 하던데 공공장소에서 모유 수유는 금지라나 공공장소에서의 모유 수유권 보장 을 촉구하며 앵커와 기자가 벌인 저항 수유 는 수많은 여성의 지지를 받았고 이에 동참하는 수많 박보검 아이유 사회 촛불집회 아르헨티나 앵커 도중 모유 수유 바람 누드 비치 성인 여성 가슴 공중 공공장소 모유 수유 공공장소 보장 모유 수유 촉구 앵커 저항 수유 여성 지지 동참 아르헨티나 산모 광장 저항 수유 시위 사건 가슴 여성 광장 모습 쿠스코 동성애자 집회 페루 대표 관광도시 그중 핵심부 아르마스 광장 대성당 계단 집회 참가자 상의 여성들 유럽 북미 광경 페루 볼리비아 남미 보수적 나라 주최 성명 시위대 구호 광장 시작 무장경찰 시위대 시청 차벽 물대포 경찰 시위 진압 페루 시민 대답 시위대 주장 반대 사람들 시위대 물리 폭력 행사 경찰 보호 집회 시위 경찰 임무 집회 참가자 시위대 불의 폭력 보호 상식 생각 법전 존재 나라 집회 시위 경찰 물대포 차벽 파블로프 법칙 세계 경찰 시위대 보호 페루 파업 대중교통 불평 볼리비아 촛불집회 저항 축제 며칠 시위 목격 페루 대학 국립대학 쿠스코 소재 정문 시위대 대학 정문 학생들 순식간 도로 왕복 차선 동시 미터 가량 깃발 대오 도로 점령 사이 해방구 시위대 구호 시작 전광석화 전술 흥미 경찰 등장 버스 택시 차량 운전자 나머지 반씩 왕복 차선 학생들 도로 불평 사람 교통정체 운운 불만 사람 학생 학생들 대로 시위 자진해산 학교 시위 청년 대답 대학 교수들 부정 시민들 그날 도로 점거 시위행진 해산 경찰 개입 사고방식 짐작 남미 남미인 유럽 시민혁명 절대권력자 공화국 시민사회 정부 권력 사이 대립 존재 프랑스 다툼 시민사회 해결 공권력 개입 최소화 공권력 시민사회 조정자 해결사 개입 시민사회 상대적 정부 결과 엄마 시절 사람들 볼리비아 시위대 택시기사 버스 운전사 운수노동자 파업 요금 인상 최저임금 발생 파업 시위대 장소 도로 운수노동자들 파업 일손 협상 도시 진입 봉쇄 버스 시위대 맞은편 버스 불평 사람 외국인 여행자 현지인들 간식거리 태연 표정 게바라 라틴아메리카 원주민 현실 계기 광산도시 포토시 파업 그날 방문 박물관 시장 식당 버스회사 택시회사 공공서비스 주요도로 차량 행인 볼리비아 국기 포토시 시민 동참 까닭 파업 식당 혼자 장사 사람들 유리창 남미 집회 시위문화 소개 집회 시위 인류 문화 집회 시위 방식 발생 도태 진화 인류 역사 발전 발전 월스트리트 오큐파이 운동 홍콩 우산운동 프랑스 밤샘시위 아르헨티나 저항 수유 대한민국 촛불집회 아마존 청취 히말라야 시청 인터넷 시대 박근혜 퇴진 촛불 집회 장소 콜롬 비아 국립자연공원 전인권 동해물 백두산 순간 성조 기타 연주 지미 헨드릭스 반전운동 페스티벌 우드스톡 지미 헨드릭스 촛불집회 광화문 촛불 집회 전인권 현장 촛불집회 참여 시민 청와대 경찰 광장 전인권 노래 감전 전율 반딧불 해변 스마트폰 액정 생각 훗날 년 거론 한국 집회시위문화 전인권 노동시간 치열 경쟁 전통축제 촛불집회 시민들 분출구 저항축제 자리 마련 후회 전인권 노래 상상 촛불 집회 무대 아이유 박보검 사회 유아인 세대 대표 자유발언 김혜수 영화인 대표 문화 예술인 블랙리스트 성토 서태지 시대유감 아이엠에프 사태 생존 신세대 자유 헤드뱅잉 빅뱅이 뱅뱅뱅 소녀시대 세계 토요일 내무반 까까머리 군인 침상 티브이 촛불 집회 라이브 얘기 모습 요즘 유행 이름 저항 댄스 말씀 저항댄스 일병 일병 지난주 휴가 저항댄스 휴가 촛불집회 이름 이름 대통령 부역자 조합 시대 역행 일병 시정 시정 소리 국정 저항댄스 병사 사제 댄스 막사 사제 대통령 늘품 체조 실패 우주 기운 국민댄스 상상 상상력 권력 쟁취 노동효 여행작가 시위대 촛불집회 페루 전인권 아르헨티나 볼리비아 남미 시민사회 쿠스코 저항댄스 사람들 프랑스 유럽 블랙리스트 공권력 포토시 까까머리 외국인 우드스톡 차선 차벽 헨드릭스 공공장소
박근혜정부,노동자,전문 문재인 박근혜 대통령 담화 입장 발표 서민엔 절망 재벌엔 희망 속보 문재인 박근혜 대통령 대국민담화 관련 입장 발표 경제의 가장 큰 문제는 소득불평등 다음은 문 대표의 입장 전문 박근혜 대통령 대국민담화에 대한 입장 존경하는 국민여러분 정부의 경제정책에는 서민과 중산층이 빠져있습니다 박근혜 대통령의 대국민 담화에 민생은 없었습니다 재벌 대기업에는 희망이 되었을지 몰라도 서민과 중산층 문재인 박근혜 대통령 담화 입장 서민 절망 재벌 희망 속보 문재인 대국민담화 입장 박근혜 대통령 대국민담 입장 경제 소득 평등 대표 입장 전문 대국민담화 박근혜 대통령 대국민담 입장 존경 국민 정부 경제정책 서민 중산층 박근혜 대통령 대국민 담화 민생 재벌 대기업 희망 서민 중산층 절망 청년 고용 절벽 정규 차별 전월세 대란 가계부채 의지 민생 해결 소득 정규 차별 해소 한국경제 경제 정규직 비정규직간 임금격차 고용 평등 기간제법 파견법 비정규직 양산 불법파견 용인 법안 노동자들 고용 불안 악화 악법중 악법 일자리 청년들 희망 국회 최악 법안 우리당 노동 법 기간제법 파견법 제외 법안 처리 제안 정부여당 일괄처리 고집 무작정 노사정 타협 주체 한국노총 반발 파기 선언 노동법안들 통과 정부여당 편협 고집 기업활력제고특별법 서비스산업발전기본법 테러방지법 북한인권법 기업활력제고특별법 우리당 재벌집단 재벌 집단 대상 제외 입장 재벌 대기업 양보 재벌 편법상속 경제력 집중 장치 마련 제안 정부여당 재벌 대기업 특혜 고집 우리당 제시 타협안 거부 서비스산업발전법 청와대 회동 합의 보건 의료 분야 제외 당장 처리 얘기 박근혜 대통령 서비스산업발전법 일자리 창출 약속 보건의료분야 제외 처리 이법 통과 정부여당 약속 국민 테러방지법 협상 연말 릴레이 협상 여야 대테러 대응 기구 총리실 합의 새누리당 나흘 합의 파기 우리당 테러방지 법적 절차 근거 적극 동의 권한남용 국민감시 인권침해 국민 안전 보장 방향 새누리당 합의 우리당 법안 처리 북한인권법 가지 쟁점 제외 이견 북한인권재단 북한인권증진자문위원회 구성 방식 지엽적 의견 차이 새누리당 북한 인권 증진 노력 남북 발전 한반도 평화 정착 방향 조화 추진 기본원칙 거부 우리당 정부여당 요구 경제 활성 법안 처리 적극 협조 법안 법안 처리 우리당 개 쟁점법안 절충안 제시 합의안 도출 노력 법안처리 발목 정부여당 정부여당 국정 모습 야당 사회 희망 존경 국민 새누리당 국민 투표 절반 사표 선거구 획정 협상 결렬 책임 청와대 새누리당 차례 협상 새누리당 대안 제시 우리당 당론 수정안 재수정안 재재수정안 제시 새누리당 빈손 반대 협상 원점 시작 새누리당 협상 가지 득표 정당 과반의석 기득권 야당 인내 끈기 협상 국민 투표 절반 사표 지역주의 정치 구조 강화 선거제도 국민 명령 헌법재판소 판결취지 지역주의 정치 선거법 경기 규칙 일방 직권상정 의결 전례 차례 새누리당 청와대 국회의장 직권상정 벼랑 전술 벼랑 선택 식물국회 식물여당 타협 대화 대안 억지 생떼 난무 협상장 청와대 눈치 협상 한번 무능 집권여당 대통령 자신 국회 통법부 생각 대통령 인식 대통령 국회탓 자격 하청정치 당청관계 우선 국회선진화법 국회 새누리 배후 대통령 국민 위안부 피해자 국회 동의 협상 무효 위안부 협상 최상 결과 인정 대통령 자화자찬 얼굴 정도 최종적 가역 운운 책임 협상 동의 소녀상 철거 일본 정부 마디 반박 야당 정치공세 치부 정부 난청 따름 명망 집필진 구성 역사교과서 대통령 포부 공개 역사 교과서 집필진 집필 밀실 친일 독재 교과서 아이들 역사 누리과정 진실 대통령 간판 공약 교육감들 누리과정 대통령 사과 공약이행 먼저 역대 선거 선심 정책 약속 대통령 당선 무책임 공약 파기 대통령 포퓰리즘 운운 약속 비교육적 행동 누리 해결 대통령 존경 국민 해결 북한 결국 박근혜 대통령 북한 의지 근본 해법 미국 변명 한반도 대통령 인식 다행 희망 정책 새누리당 일각 핵개발론 전술 배치 위험 무책임 주장 방관 악화 한반도 안보 상황 돌파 현실적 냉정 정책 정부 북핵 해결 주체 인식 주변부적 사고 북핵문제 최대 당사자 미국 중국 의존 정부 주도 역할 획기적 오바마 대통령 국정연설 세계 국가들 해결 해결 미국 해결 의지 명심 대북 확성기 방송 재개 즉흥적 대응 군사 긴장 제재 제재 그간 경험 북핵문제 남북 개선 평화안보협력체제 동북아 다자 평화 안보 협력 체제 병행 해결 근본 가능 국제사회 제재 제재 남북대화 북미대화 유도 중국 러시아 자 회담 역할 정부 외교 역량 동원 국민 대통령 성장전략 최고 평가 자랑 년 국민들 사상 최악 가계부채 사상 최악 청년실업 사상 최악 전월세 고통 현실 대통령 생방송 자화자찬 년 박근혜 정부 집권 경제기조 전환 마지막 기회 국정 최고 책임 대통령 대통령 국민 소통 경제 한반도 평화 일본군 위안부 역사 교과서 국정 국민 입장 생각 국민들 정치 문화 변화 호소 만큼 국회 존중 정치 중립 부탁 새누리당 우리당 박근혜 청와대 역사교과서 집필진 위안부 정부여당 미국 누리과정 비정규직 국민들 지역주의 동북아 일자리 무책임 수정안 중국 전월세 자화자찬
박근혜정부,노동자,스마트 기술 바람 하지만 한국은 최근 몇 년 사이 스마트폰을 필두로 통신 분야 뿐만 아니라 거의 전 산업분야에서 스마트 열풍이 불고 있다 자동차 분야에서는 스마트카 가전분야에서는 스마트 혹은 스마트 냉장고 에너지 분야에서는 스마트그리드 금융 분야에서는 스마트카드 건설 분야에서는 스마트아파트 등 모든 영역이 스마트해지기 위해 노력하고 있는 것처럼 보인다 왜 이런 현상이 벌 스마트 바람 스마트 한국 나라 이슈페이퍼 변화 세계 한국 진로 스마트폰 사이 필두 통신 분야 산업분야 스마트 열풍 자동차 분야 스마트카 가전분야 스마트 스마트 냉장고 에너지 분야 스마트그리드 금융 분야 스마트카드 건설 분야 스마트아파트 영역 스마트 노력 현상 진행 변화 산업구조 영향 스마트시대 변화 배경 현상 변화 의미 정리 경제 패러다임 변화 한국 경제 요소 경제 효율성 경제 혁신 경제 경제체제 혁신 주도 경제 체제 진입 요소 경제 노동력 천연자원 투입요소 의존 경제 경공업 중심 산업구조 수입대체 노력 효율성 경제 투자 중심 중공업 중심 경제 산업 규모 프로세스 효율 향상 노력 효율성 경제 수출 장려 규제완화 경제 규모 제품 초점 경제체제 하드웨어 중심 구성 혁신 한계 혁신 경제 정보통신산업 하이테크산업 혁신적 지식 산업 중심 대기업 혁신 중소기업 고용 부가가치창출 기여 경제체제 효율 주도 경제 혁신 주도 경제 변화 경제 패러다임 요약 햄버거 경제 아이디어 소프트웨어 서비스 경제 변화 옛날 상징 거대 공장 중심 경제 이해 스마트 로봇 공장 생산 경제 부가가치 고용 측면 소프트웨어 서비스 제조업 영향 고용 제조업 배 창출 경제 변화 경제 패러다임 핵심 소프트웨어 스마트기술 자리 스마트기술 유형 영향 스마트기술 지식집적도 소프트 실시간화 지원 요구 서비스 제공 형태 발전 가지 세계적 화두 빅데이터 빅데이터 정형화 데이터 수집 저장 관리 방식 차원 대량 정형 데이터 수집 서비스 제공 기술적 데이터 클라우드 처리 데이터 처리 하둡 전통적 데이터베이스 보완 데이터 시각 기법 기술세트 사용 기술적 중요 빅테이터 중요 딥블루 왓슨 딥블루 챔피언 체스 세계 대항 컴퓨터 년 챔피언 체스 세계 게리 카스파로프 시합 전체적 게임 카스파로프 딥블루 년 향상 딥블루 카스파로프 왓슨 인공 지능 컴퓨터 자연어 형식 질문들 역량 테스트 미국 유명 퀴즈 제퍼디 참가 일 제퍼디 우승자 사상 최대 제닝스 제퍼디 상금왕 브레드 러터 대결 완승 퀴즈쇼 연산력 왓슨 서비스 왓슨애널리틱스 출시 컴퓨터 인간 기업 경영 의사결정 사물 인터넷 가전제품 모바일 장비 웨어러블 컴퓨터 사물 센서 통신 내장 인터넷 연결 데이터 의미 가트너 년 억 네트워크 연결 사물 개수 년 억 세상 사물 인터넷 연결 의사소통 스마트 교통 구글 무인자동차 자율 주행 자동차 지능 탑재 사물인터넷 기계 끼리 커뮤니케이션 사람 운전 스마트 자동차 주행안전시스템 관리 차문 작동 인포테인머트 관리 카메라 충돌 방지 레이더 공조관리 네트워크 통합 관리 데이터 데이터 기능들 탑재 안전 자율주행 도로 포함 각종 시설 사물인터넷 연결 스마트화 스마트 생산 스마트팩토리 구축 노력 프린터 결합 공장 형태 생산 방식 탄생 예정 프린터 밀링 절삭 방식 잉크젯 프린터 재료 연속적 분사 적층 방식 입체물 제작 장치 프린터 컴퓨터 제어 형태 제품 산업 전반 제조 변화 예상 이외 프린터 공장 제어 생산 자체 소프트웨어 생산 효율적 생산체계 변화 도시 제조업 활성화 맞춤생산 실질적 가능 동력 작동 전망 스마트 유통 물류서비스 피자 생수 센서 지능 탑재 드론 배달 생각 물류 혁명 아마존 구글 심층적 상용화 준비 드론 배달서비스 물류 서비스 영화 다큐멘터리 제작 공중촬영 적들 동태 감시 공중감시 역할 수행 물류창고 사정 거대 창고 선반 컨베이어 벨트 화물 관리 체계 지능 로봇 활용 사람 물건 위치 고민 자동 관리 체계 스마트 의료 병원 첨단장비들 활용 환자 상태 진단 과학적 정밀 진단 수술 가능 상태 진화 스마트기술 발전 혈관 환자 상태 수술 가능 소형로봇들 활용 왓슨 인공지능들 발전 자료 경험 지식 축적 의사 진단 정확 진단 수술 가능 마지막 언급 스마트 스마트 서비스 스마트 서비스 로봇기술 활용 혼다사 휴머노이드 로봇 사용 사람 생각 로봇 사람 음식점 서비스 물건 서비스 청소서비스 사람 케어서비스 수행 고령화 진행 선진국들 각종 애완견 유사 형태 로봇 활성화 서비스 로봇 활성 형태 짐작 스마트 형태 진화 생활 침투 스마트 발전 인터넷 정보통신 발전 클라우드 컴퓨팅 발전 하드웨어 소프트웨어 발전 인공지능화 디지털화 중심 산업구조 변화 스마트 창의력 상상력 창조지식 동시 제품고도화 서비스 혁신 핵심동력 패러다임 견인 주역 산업 경계 산업 창출 핵심동력 스마트 개인 사회 산업 정부정책 영향 맥킨지 스마트 개인 사회 입장 건강 환경 영향 소비패턴 변화 작업 특성 변화 비즈니스 차원 신제품 서비스 출시 생산자 발생 잉여 배분 생산자 소비자 잉여 조직구조 의미 변화 초래 마지막 경제 정부 정책 측면 생산효율 향상 국가 비교우위 변화 고용 창출 각종 규제 영향 정지형 스마트기술 경제 영향 시사점 스마트기술 발전 산업 스마트기술 활용 증가 사람 일들 스마트기술 대체 가능성 빅데이터 딥러닝 의료 법률 운수 금융 교육 상담 서비스 완전 대체 가능성 물류 자동 로봇 물류서비스 머신 운수 대체 가능성 논의 금융기술 이동 통신 운수 금융 교육 서비스 완전 변화 가능성 기업들 스마트기술 변화 대응 경쟁력 시장 위험 개인들 전통적 노동집약적 서비스 스마트기술 대체 실업 위험 가능성 스마트 운용 지식집약적 서비스 활성화 산업 구조 중후 장대 산업 경박단소 소프트 산업 실업 발생 가능성 한국 혁신 주도 경제 진입 중심 경제구조 유지 구조 상당기간 유지 기간 가능성 중심 경제구조 인당 성장률 하락 요소생산성 하락 자본축적률 저하 경제활력 저하 경제 구조 자체 취약 위험 내포 극복 기업가 정신 함양 혁신 중소기업 육성 혁신 중소기업 육성 경제 구조 자체 제품 서비스 전환 정보통신기술 발전 지식자산 중요성 증가 상황 대책 혁신 중소기업 지식 스마트기술 활용 틈새시장 개척 변화 대처 년 자료 증가 중소기업 숫자 고용노동자 숫자 증가 중심 성장 일반화 혁신형 중소기업 기회 포착 숫자 성장 지속적 증가 고용 역할 구체적 미국 창출 일자리 창업기업 이윤준 년 대기업들 고용 고용 창업벤처기업 스마트기술 미국 활성화 스마트기술 대기업 변신 중소기업 기회 제공 한국 청년실업률 경제활력 스마트기술 집중적 투자 중소벤처 장려 극복 속국 전락 젊은이들 일자리 불안 불행 국가 바로가기 지식 협동조합 나라 참고자료이윤준 창조 경제 시대 방안 창업 활성 과학기술정책 정지형 이승민 신현준 스마트기술 발전 전망 고용 환경 변화 보고서 스마트기술 한국 중소기업 혁신형 딥블루 왓슨 활성화 제퍼디 미국 제조업 카스파로프 대기업 네트워크 자동차 가능성 드론 빅데이터 사물인터넷 정지형
박근혜정부,노조,야권 인사들 오늘 약속이라도 한 듯 광주로 추미애 막걸리 토크 박지원 기자간담회 안희정 공무원 특강 손학규 저녁 문화행사 더불어민주당 추미애 대표 국민의당 박지원 비상대책위원장 안희정 충남도지사 손학규 전 새정치민주연합 상임고문 등 야권 주요 인사들이 일 광주에 총집결한다 일부터 박 일 일정으로 광주를 방문한 추 대표는 광주 비엔날레 개막식과 민심청취를 위한 막걸리 인사 약속 광주로 토크 추미애 막걸리 박지원 기자간담회 안희정 공무원 특강 손학규 문화행사 대표 더불어민주당 추미애 국민 박지원 비상 대책 위원장 안희정 충남도 지사 손학규 정치 민주 상임 고문 야권 인사들 광주 총집결 일 박 일정 광주 방문 대표 개막식 광주 비엔날레 민심청취 막걸리 토크 일정 진행 민주 묘지 참배 예정 참배 민주묘역 민주관 최고위원회의 진행 대표 광주 기아차 노조 사무실 방문 광주 일자리 창출 간담회 참석 상경 국민 박지원 비상 대책 위원장 일 광주시의회 기자간담회 결과적 방문 더민주 신임 지도부 광주 맞불 성격 비대위원장 더민주 전대 지난달 전남 강진 손학규 고문 회동 도전 사실 대권 선언 안희정 지사 광주 지사 광주시교육청 공무원들 대상 특강 진행 국민 인사들 회동 고문 광주 행사 참석 고문 이날 광주 무진관 손학규 한마당 빛고을 문화 행사 참석 예정 광주 손학규 안희정 간담회 더민주 추미애 박지원 위원장 무진관 공무원 빛고을 광주시의회 전남 강진 인사들 기자간담회 일자리 사무실 더불어민주당 최고위원회의
박근혜정부,노조,엠 입니다 글 올린 중징계 문화방송 이 자사의 세월호 참사 보도에 대한 비판 글을 올린 피디 와 휴대전화 메신저 창에서 자사 보도에 대한 우려 글을 쓴 기자에게 정직 이라는 중징계 조치를 내려 과잉 징계 논란이 일 전망이다 는 일 예능본부 권성민 에게 회사의 명예를 훼손시키고 사규상 품위유지 의무를 위반했다 는 이유로 정직 개월의 징계 처분을 내 중징계 카카오톡 보도 정직 노조 사상 초유 문화방송 자사 보도 세월 참사 비판 피디 휴대 전화 메신 자사 보도 정직 중징계 조치 논란 과잉 징계 전망 예능 본부 권성민 회사 명예 훼손 의무 사규 품위 유지 위반 정직 징계 처분 인터넷사이트 인터넷 사이트 유머 제목 장문 세월 참사 보도 보도 자체 참사 수준 뼛속 치욕 엠 얘기 싸움 시작 부탁 전문 엠병신 위원장 지난달 이성주 언론 노조 본부 모습 시위 언론 노조 본부 지난달 대기 발령 명령 인사 위원회 소집 품위 유지 규정 위반 정직 징계 처분 확정 사측 징계 제정 사내 소셜미디어 적용 사실 의견 구분 개인 의견 회사 의견 주의 소셜미디어 사용 공정성 신뢰성 노력 자신 정치적 해석 주의 본부 전국 언론 노동조합 이날 성명 남용 시대착오 인사 민주 가치 전면적 도발 사측 징계 행위 비판 본부 명예 실추 해사 행위 권성민 사과 징계 칼날 경영진 부당 징계 전모 무효화 투쟁 노조 사이 반발 목소리 다음날 대기 발령 조치 지난달 김태호 김유곤 포함 명 예능 본부 실명 성명 일 드라마 라디오 성명 카카오톡 대화창 방송 예정 리포트 공유 위반 업무 비밀 준수 사측 신모 이날 보도국 신모 정직 징계 처분 확정 사측 의무 업무 비밀 준수 규정 위반 지난달 기수들 구성 휴대 전화 메신저 서비스 카카오톡 대화창 예정 이날 방송 박상후 부장 초벌 기사 표명 동기들 공유 리포트 당일 방송 분노 슬픔 리포트 리포트 민간 잠수사 사망 원인 유가족들 조급증 압박 시청자들 항의 본부 사측 징계 의사소통 시청자들 공표 목적 작성 기사 반발 사측 사적 공간 대화 제기 본부 사측 대화 입수 회사 게시판 공개 본부 카톡방 사적 대화 공간 불상 방법 입수 사원 게시판 공개 혐의 통신 비밀 보호법 위반 주장 한편 사측 경위 대화 입수 설명 요구 사측 카카오톡 소셜미디어 권성민 중징계 메신 신모 이성주
박근혜정부,노조,박 대통령 김무성 이제 결단을 동시에 문재인 압박 공무원연금 개혁 시한 월 일 이 다가오면서 여권이 일 일제히 새정치민주연합을 압박하고 나섰다 박근혜 대통령과 새누리당 김무성 대표가 동시에 새정치연합 문재인 대표를 협공하는 모양새였다 박 대통령은 이날 국무회의에서 국회가 시한 내에 공무원연금 개혁을 마무리 짓지 못하면 내년부터는 매일 억원씩 연간 조 억원의 세금이 들어가야 하고 대통령 김무성 결단 동시 문재인 압박 마지막 좌절 지도자 결심 정부 여당 노조 설득 가능성 대표 담판 가능 어놔 시한 공무원 연금 개혁 월 일 여권 일 새정치민주연합 압박 박근혜 대통령 대표 새누리당 김무성 동시 대표 새정치연합 문재인 협공 모양새 대통령 이날 국무 회의 국회 시한 공무원 연금 개혁 마무리 내년 억 원씩 연간 세금 년 억 원씩 연간 재정적자 발생 공무원연금 국가재정 미래세대 부담 개혁 역사 국민 공무원 연금 타협 기구 제시 대안들 서로 마음 조금씩 국가재정 미래 결단 당부 대통령 국무 회의 발언 분 정도 공무원연금 할애 대통령 특보단 오찬 공무원 연금 개혁 개 마지막 개혁 좌절 개혁 완수 최선 강조 대통령 새누리당 김무성 대표 기자들 대표 새정치연합 문재인 청와대 회동 개혁 필요성 인정 대표 여야 개혁 자체 지도자 결단 자신 대표 담판 국회 강경파 반발 새정치연합 숙원 사업 아시아문화중심도시특별법 처리 유승민 원내 대표 이날 야당 신뢰 인내심 바닥 불만 표시 대표 책임 정부 여당 반격 대표 기자들 발언 김무성 대표 입장 결단 정부 여당 정부 여당 핵심적 공무원 단체 이해관계자들 동의 정부 여당 반박 대표 공무원 단체 설득 합리적 방안 연금 개혁 마련 여당 공무원 단체 의견 수렴 그동안 주도적 정부 여당 결단 대표 여당 소득대체율 생애평균소득 대비 노후 연금 비율 국민 연금 수준 하박상박 김태일 교수 대표 대표 기자들 질문 정부 여당 머리 협의 노력 공무원 연금 개혁 여야 대표 담판 가능성 신용호 정종문 사진 공무원연금 공무원 김무성 문재인 새정치연합 지도자 기자들 유승민 김태일 원씩 국가재정 강경파 가능성 새누리당 아시아 대안들 특별법 아시아문화중심도시특별법 인내심 조금씩 그동안
박근혜정부,능력,한국대중음악상 싸이와 호선 버터플라이가 갑 회를 맞은 한국대중음악상의 최다 수상자로 호선 버터플라이가 확정됐다 호선 버터플라이는 앨범 드림토크 로 올해의 음반 과 최우수 모던 록 음반 부문을 싱글 로 최우수 모던 록 노래 부문을 수상하는 등 개 부문을 수상했다 월 일 저녁 서울 광진구 유니클로 악스에서 호란의 사회로 열린 이번 시상식에서 몇 한국대중음악상 싸이 호 버터플라이 싸이 수상 종합 호 버터플라이 관왕 회 한국대중음악상 최다 수상자 호 버터플라이 확정 호 버터플라이 앨범 드림토크 음반 모던 음반 싱글 모던 노래 수상 개 수상 서울 광진구 유니클로 악스 호란 사회 시상식 관심 싸이 종합부문 노래 음악인 개 상반기 출신 오디션 프로그램 버스커 버스커 최우수 음반 최우수 노래 신인 인 밴드 상대적 인지도 신인 수상 이변 사건 풀이 싸이 수상 한국대중음악상 지향점 극적 해석 선정 위원회 특별상 페스티벌 최대 성장 자라섬국제재즈페스티벌 음반 수상 호 버터플라이 수상 소감 호 버터플라이 싸이 주인공 시상식 호 버터플라이 싸이 버스커 버스커 여부 다부문 수상 관심 호 버터플라이 평론계 지지 활동 대적 버스커 버스커 출신 오디션 프로그램 이례적 평단 지지 뚜껑 호 버터플라이 싸이 결과 최고 영예 종합부문 싱글 개 호 버터플라이 장르 앨범 종합 수상 결과적 선정위원단 호 버터플라이 음반 완성도 점수 싸이 업적 호평 풀이 호 버터플라이 그룹 허클베리 초창기 멤버 남상아 시인 성기완 주축 노장 밴드 년 밴드 음반 감동 밴드 리더 성기완 부친상 시상식 참석 선정위원 음악 평론가 호 버터플라이 년 공백 마련 기대치 걸작 한국 대중음악 사운드 실험 서정 추상 가사 앨범 가치 싸이 선정위원 서정민 노래 심사평 음악 완성도 노래 선정위원 의견 노래 선정 노래 성과 후보들 비교 정도 거대 음악 웹진 에디터 차우진 선정 위원 세계적 히트 산업 음악 시장 관점 입체적 재고 싸이 노래 중요 대상 평가 버스커 버스커 유력 신인 농성 철거 반대 대중문화운동 두리반 투쟁 대표 뮤지션 데뷔앨범 기타 드럼 국내음악 상상 음악 실험 공허감 표현 호평 선정위원 대중음악 평론가 박은석 선정 위원 신인상 트로피 한국대중음악상 그동안 추구 소명 합치 결과 대안 방법 표방 음악계 자극 주사 자립음악생산조합 연대 구축 측면 신인상 가치 화답 극찬 한국 대중음악 선정 위원단 버스커 버스커 압도적 인기 데뷔앨범 가치 등장 변화 기대감 점수 조인철 생각 기분 헬리콥터 레코즈 자립음악생산조합 감사 인사 장르부문 정차식 음반 수상자 전년 수상자 티아라 지드래곤 아이돌 장르부문 성숙기 아이돌 시장 본격적 롱런 뮤지션 구분 확인 지드래곤 솔로 앨범 평론계 호평 그룹 여타 아이돌 차원 도전 시도 싱글 힙합 노래 댄스 일렉트로닉 노래 수상 선정위원 남성훈 흑인 음악 칼럼니스트 지드래곤 앨범 오브 앨범 카인드 장르 편곡 스타일 구애 완벽 투영 성공 수상대상 동명 타이틀 트랙 참여 힙합 트랙 최고 년 인상적 힙합 차우진 선정 위원 음악 동방신기 소녀시대 히트 싱글 비약 구사 냉정 감정 완성도 한국 아이돌 지구적 산업 네트워크 포함 구성 시사 빅토리아 감사 연기 노래 모습 노력 여타 장르부문 치열 경쟁 뮤지션 음반 노래 결과 최우수 시상식 다부문 후보 수상 실패 정차식 레이 출신 보컬리스트 정차식 년 번째 헤비메탈 트로트 동년배 남성 강조 트랙 인상적 정차식 예상 과거 멘트 시절 무대 종속 소감 치열 경쟁 종합 수상 실패 버스커 버스커 최우수 음반 노래 대중음악평론가 선정 위원 김윤하 대중음악 평론가 년 절반 싸이 상반기 버스커 버스커 앨범 작업 열중 대중들 반응 음악칼럼니스트 김성환 버스커 버스커 버스커 데뷔작 버스커 포크 밴드 인디 포크 형식미 주류 기획사 제작 결합 특별 결과 댄스 발라드 도배 한국 주류 대중음악 시장 바람 평가 알앤비 소울 음반 노래 나얼 소울 솔로 앨범 프린 시플 오브 마이 차지 선정위원 강일권 편집장 본작 뮤지션 추구 장르 기술적 능력 마니아 탄생 음악 시대 알앤비 소울 나얼 애정 메이저 장르 성취 작품 극찬 댄스 일렉트로닉 음반 홍대 글렌체크 힙합 음반 재즈힙합 지속적 소리 수상 치열 경쟁 이이언 프라이머리 경쟁자 업적 선정위원 재즈 비평가 김현준 선정 위원 역사상 성과 재즈씬 주목 작품들 결과 베이시스트 이원술 재즈 클래식 음악 화학 융합 작품 포인트 오브 콘택트 재즈 크로스오버 재즈음반 국악 크로스오버 그룹 잠비나이 국악기 포스트 형식미 차연 재즈 크로스오버 크로스오버음반 수상 세계 프리 재즈 조명 강태환 소래화 재즈 크로스오버 최우수연주 수상 안민용 강태환 작품 평생 예술 성취 진주 앨범 선입견 음악 추천 특별상 한국대중음악상 나이 자라섬국제재즈페스티벌 한국 재즈 성과 기억 음악 영화 영화 사운드 트랙 확정 공로상 김민기 네티즌 음악인 그룹 버스커 버스커 남자 가수 박재범 여자 가수 박정현 수상 박재범 투표 참여 누리꾼 박수 종합분야 음반 호 버터 플라이 노래 싸이 음악인 싸이 신인 장르분야 최우수 음반 정차식 격동 최우수 노래 정차식 모던록 음반 호 버터 플라이 모던록 노래 호 버터플라이 최우수 음반 버스커버스커 버스커버스커 최우수 노래 버스커버스커 댄스 일렉트로닉 음반 글렌체크 댄스 일렉트로닉 노래 힙합 음반 소리 소리 힙합 노래 지드래곤 알앤비 소울 음반 나얼 알앤비 소울 노래 나얼 재즈 크로스오버 재즈음반 이원술 재즈 크로스오버 크로스오버음반 잠비 나이 차연 재즈 크로스오버 연주 강태환 소래화 영화 음악 네티즌 음악인 분야 그룹 버스커 버스커 남자 가수 박재범 여자 가수 박정현 공로상 김민기 선정 위원회 특별상 자라섬국제재즈페스티벌 최우수 버스커 싸이 호 한국 선정위원 정차식 대중음악 버스커버스커 시상식 나얼 크로스오버 지드래곤 특별상 한국대중음악상 신인상 수상자 이원술 자라섬국제재즈페스티벌 완성도 차연 개 음악인
박근혜정부,능력,특성화전문대학 육성사업 우수대학 오송생명과학단지 등 연계 취업 창업 제 대학 비전 충북보건과학대학교는 인근 오송생명과학단지 오창과학산업단지 등에 산재해 있는 지역전략산업과 연계한 특성화 대학 정립을 대학 중 장기 발전계획의 핵심 전략으로 삼아 년부터 지속적이고 일관되게 보건의료 과학기술 분야 특성화 체제로의 대학 구조개혁을 추진하고 있으며 각 분야에서 뚜렷한 성과를 내고 있다 취업 창업 제 대학이라는 대학 비전 우수대학 특성 화전문대학 육성 사업 오송생명과학단지 연계 취업 창업 대학 비전 충북보건과학대학교 인근 오송 생명 과학 단지 오창과학산업단지 산재 지역전략산업 연계 정립 특성 대학 대학 장기 핵심 전략 년 지속적 일관 보건의료 과학기술 분야 특성 체제 대학 구조 개혁 추진 분야 성과 취업 창업 제 대학 대학 비전 달성 학생들 입학 초기 졸업 지도교수 학생 상담 단계 일대일 맞춤 진로 설정 기초 실무 응용 능력 함양 집중 역량 강화 맞춤 취업 클리닉 대표 취업 역량 강화 체계적 창업 이수 프로그램 창업 역량 강화 운영 학생들 자발적 참여 촉진 취업역량인증제 개인 노력 취업 역량 강화 평가 시상 운영 성과 바탕 취업률 기준 기준 자체 집계 상승 보건 계열 국가시험 합격 개 학과 평균 전년 대비 포인트 전국 평균 대비 포인트 우수 성과 특성 사업 본격적 추진 직무 산업체 요구 교육과정 반영 교육과정 체계적 운영 학과 시작 년 년 개 학과 교육과정 산업체 요구 현장 중심 교육과정 지역 산업체 전문가 참여 운영 학과 교육 위원회 산업체 인재 미스매칭 최소화 교육과정 교육과정 운영 평가 환류 원스톱 지원 통합전산시스템 구축 년 성과물 산출 학생 개개인 직무능력성취도 제공 학과 대학 차원 직무능력성취도 정량적 평가 확인 체계 노력 결과 충청 호남권 거점센터 특성화 유형 지정 노하우 교육 운영 전파 노력 충북보건과학대 차별화 인재양성 강조 프로그램 안전보건통합교육 인재프로그램 안전보건통합교육 재학 대상 심폐소생술 실험실안전 개 프로그램 교육 일정 코스 수료자 대학 안전보건공단 공동 이수증 수여 프로그램 산업체 취업 재해 예방 능력 사회 전반 안전 보건 문화 확산 기여 정희승 특성 화전문대학 육성 사업 단장 취업 대학 충북보건과학대학교 대학 년간 특성 구조 개혁 추진 결과 지역 전국적 명성 보건의료 과학기술 특성 대학 성장 교육 취업 향상 교육 추진 체제 교육 운영 체제 교수학습 지원 체제 취업 창업 지원 체제 학생 지도 체제 구축 프로그램 교육 특성 맞춤형 실무학기제 취업역량인증제 단계 프로그램 집중 역량 강화 운영 노력 결과 연속 충북 지역 전문대 취업 달성 취업률 유지 특성 전문대학 육성 사업 선정 이래 학과 이래 대상 교육과정 연차 계획 의거 추진 년도 실현 고도 작업 착수 그간 노력 월 충청 호남권 거점센터 선정 명예 생각 권역 대학 네트워크 중심축 교육과정 확산 정착 거점 역할 최선 수행 충북보건과학대 내실 교육 특성 계획 진행 지역 대학 책무 지역 산업체 인력 양성 공급 생각 품성 겸비 전문 인재 양성 인문학 소양 사회성 미래 지향 인재 양성 집체 품성 교육 교육 테마 품성 진행 머리 전문 지식 가슴 품성 졸업생 배출 지역 산업 발전 밑거름 역할 수행 박용석 총장 특성화 산업체 교육과정 취업률 맞춤형 일대일 충북보건과학대 단계
박근혜정부,능력,예능 육아와 현실 육아의 간극 슈퍼맨 아빠들에 좌절하는 보통 아빠들 문화코드 예능 육아와 현실 육아의 간극 슈퍼맨 아빠들에 좌절하는 보통 아빠들 정덕현 문화평론가 라디오 최영일의 뉴스 정면승부 방 송 방송일 화 진 행 최영일 시사평론가 앵커 최영일 시사평론가 이하 최영일 매주 화요일에는 뉴스 안에 예능 육아 현실 육아 간극 슈퍼맨 아빠 좌절 보통 아빠 문화 코드 예능 육아 현실 육아 간극 슈퍼맨 아빠 좌절 보통 아빠 정덕현 문화평론가 방송일 최영일 시사 평론가 시사평론가 앵커 최영일 시사 평론가 최영일 화요일 대중문화 코드 문화 코드 정덕현 문화 평론가 안녕 정덕현 문화 평론가 정덕현 안녕 최영일 분들 사랑 육아 예능 예전 느낌 화제성 정덕현 방송 아이들 육아 예능 트렌드 아빠 슈퍼맨 마이베이비 프로그램들 육아예능 아빠 종영 마이 베이비 주목 슈퍼맨 선전 예전 화제 긍정적 반응 장면들 반복 육아예능 특성 아이들 특성 아이 모습 관심 최영일 우리나라 국가 요즘 세대들 세대 세대 육아 예능 인기 대리만족 정덕현 요즘 육아 능력 경제 능력 뒷받침 아이 엄두 사회 친구 아이 친구들 친구들 육아예능 열광 모습 아이 욕구 본능적 경제 여건 현실적 대리만족 육아예능 프로그램 인기 최영일 위화감 지적 일례 아이들 경험 회사 유명 엔터테인먼트 노래 녹음 류현진 선수 스타들 유명 한류 스타 아이들 방문 해외 여행 정덕현 연예인 가족 연예인 일반인들 육아예능 연예인들 위화감 정도 저택 보통 서민들 교육 모습 서민들 위화감 카메라 연예인 설치 위화감 육아예능 침체 요인 최영일 주변 또래 아이 아빠들 하소연 유명 연예 아빠 본인 현실 아빠 역할 강요 느낌 정덕현 아빠들 상대적 박탈감 의견들 아빠들 아이들 일들 물리적 현실적 자체 부담 육아예능 아빠들 아이들 슈퍼맨 시민 입장 박탈감 최영일 아이들 모습 실제 육아 지적 정덕현 화보 촬영 장면 비현실적 생각 사진 연예활동 방송활동 일상적 장면 아이들 아이 부모들 아이 머리 욕구 방송 것들 의식 듯이 현실 느낌 최영일 주말 육아 프로그램 출연 아이 엄마 연예기획사 전속계약 출연자들 가족 결국 프로그램 출연 상업적 귀결 비판 사실 정덕현 항간 아이들 돈벌이 얘기 아이들 미성숙 카메라 선택권 전적 부모 자의적 결정 아이 긍정적 상업적 행보 비난 감수 그간 소원 아빠 아이 집중 모습 결국 상업적 귀결 본말 전도 위험성 최영일 공중파 채널 육아 예능 제작진들 기억 정덕현 육아 예능 끝물 얘기 현장 아이들 모습 행복감 상업적 위화감 부정적 인상 육아예능 일반 서민 눈높이 일반 서민 육아 공감 출연자 이야기 육아 육아 이야기 육아 예능 성패 최영일 말씀 감사 문화 코드 정덕현 문화 평론가 최영일 정덕현 아이들 위화감 육아예능 슈퍼맨 연예인 평론가 아빠들 마이베이비 박탈감 출연자 서민들 대리만족 물리적 일들 전속계약 류현진 위험성 그간
박근혜정부,마음,쿠바혁명 자존심 지켰지만 살기 어려워진 건 사실 쿠바서 가장 가난한 곳 관타나모 주민들 삶 미와 관계정상화 후에도 별로 달라지지 않아 청년들 내부도 변화 필요 반제국주의 참호 택시를 타고 관타나모 미군기지 방향으로 이동하는 중 마주친 입간판 문구가 어디서 많이 본 듯했다 이제 곳곳에서 성조기와 미국 관광객을 볼 수 있는 아바나와 달리 쿠바 쿠바혁명 자존심 쿠바 가난 관타나모 주민 관계정상화 청년 내부 변화 참호 택시 방향 관타나모 미군 기지 이동 입간판 문구 성조기 미국 관광객 아바나 쿠바 남단 관타나모 지역 미국 전쟁 경향신문 한국 언론 쿠바 쿠바 관타나모 지역 관타나모 시내 현지인 안내 쿠바 초소 검문 미군기지 최근접 카이마네라 도착 쿠바인들 당국 사전 허가 사진 지정 쿠바 민통선 마을 카이마네라 여성 나디아 에르난데스 쿠바 혁명 미군기지 마을 왕래 자유 미군 상대 여성들 매매춘 성행 혁명 질서 교육 의료 측면 마을 정돈 교육 혁명 사실 카이마네라 쿠바 전역 얘기 혁명 쿠바인들 자존심 미국 맞짱 비용 대양 자유 항행 차단 관타나모 주민 극적 반전 미국 칼끝 일상 쿠바인들 쿠바 미사일 위기 쿠바 공군 파일럿 안토니오 한인 후손 안토니오 미국 폭탄 투하 상상 하루하루 비행기 회고 안보 측면 경제 고통 호세 아드리안 미군기지 쿠바 영토 혁명 정부 과거 협약 무효 미국 쿠바 영토 불법 점령 반세기 아바나대 졸업 고향 아드리안 카이마네라 쿠바 가난 지역 미군 영토 점령 원인 생각 쿠바 스페인 전쟁 년 카이마네라 면적 분 미군기지 피델 카스트로 쿠바혁명 년 관타나모만 통행 봉쇄 지역 사탕수수 커피 운송 수산업 내리막길 소금 생산 최대 산업 쿠바인들 소비 소금 생산 반대 미군기지 음용수 시설 바닷물 담수 설치 쿠바인들 생필품 부족 건물 년 세월 풍화 근본 원인 미국 금수조치 호세마르티 국제공항 자동차 바퀴 세탁 세제 비닐 여행객들 모습 미국 대사 수립 쿠바인 단면 외국 부탁 물건 미국 쿠바 지난달 대사관 재개설 쿠바 정부 수교 관계정상화 강조 알리시아 엘비라 코레데라 모랄레스 쿠바 공산당 국제우호친선협회 부대표 인터뷰 미국 금수조치 관타나모 기지 반환 경제 봉쇄 조치 피해 보상 쿠바 적대 정책 철회 조건 충족 관계정상화 쿠바인들 미국 주일 쿠바 체류 얘기 쿠바인들 쿠바혁명 결과적 경제 부정 사실 미국 관계개선 세대 세대 생각 아바나 거리 관타나모 시내 무선인터넷 와이파이 스마트폰 젊은이들 장사진 쿠바 정부 공공장소 제한적 와이파이 허용 풍경 일 관타나모 우체국 보도블록 와이파이 접속 아리다이 파디야 금수조치 마음속 내부 미국 금수조치하 젊은이 브이 벤데타 어나니머스 가면 바탕화면 노트북 컴퓨터 바탕 화면 접근 컴퓨터 자리 개발원조 쿠바판 트위 준주네오 보급 체제전복 미국 젊은이들 대사 체인지 점진 레짐 도박 판단 정권 카스트로 제재 해제 경제난 숨통 사회주 혁명 계산 미국 관계정상화 시작 아바나 미라마르 무역 센터 와이파이 접속 페르디난 아바나대 의대 아리엘 쿠바 경제 속도 인터넷 흐름 아리엘 쿠바 사회 엘리트 쿠바인들 평균급여 달러 정도 상황 의사들 해외 파견 달러 아리엘 아버지 앙골라 파견 의사 의대 졸업 장래 예정 사회주의자 아리엘 생각 정도 나라 사랑 쿠바 미국 관타나모 쿠바인 쿠바인들 카이마네라 미군기지 와이파이 아리엘 미군 아바나 아바나대 쿠바혁명 카스트로 안토니오 관계정상화 쿠바판 바닷물 레짐 미라마르 아드리안 보도블록
박근혜정부,마음,올림픽은 국가 감정대립하며 싸울 시간이 없다 서울에 첫눈이 관측됐던 일 한진그룹 회장인 조양호 평창 겨울올림픽 조직위원장 을 만났다 서울 중구 센터원빌딩 층에 자리 잡은 조직위원회 서울사무소에서였다 조 위원장이 월 부임 후 언론과 단독 인터뷰를 한 것은 처음이다 평창이 년 올림픽 개최지로 결정될 때 유치위원장이었던 그는 요즘 밤잠을 자주 설친다 할 일이 태산 올림픽 국가 감정대립 김종석 스포츠 인생극장 조양호 평창 올림픽 조직 위원장 서울 첫눈 관측 회장 한진그룹 조양호 평창 겨울 올림픽 조직 위원장 서울 중구 센터원빌딩 자리 조직 위원회 서울 사무소 위원장 부임 언론 단독 인터뷰 평창 개최지 올림픽 결정 유치 요즘 밤잠 태산 목소리 열정 유치 확정 년 실타래 가닥 자신감 올림픽 위원장 올림픽 유치 성공 개최 책임 의무감 애국심 봉사 정신 말문 개막 평창 올림픽 이기주의 사공 의사결정 무관심 걸림돌 지적 대립 감정 올림픽 평창만 강원도 문화체육관광부 행사 국가 대업 중앙 정부 강원도 조직위 삼위일체 올림픽 준비 박차 스피드스케이팅 경기장 올림픽 신설 경기장 착공 성과 위원장 산적 신축 경기장 적기 완공 기업 스폰서 계약 평창 올림픽 예산 대회 인프라 조 예산 조직위 운영 조 책정 조직위 유치 로컬 후원사 억 수입 예상 과거 정부 주도 기업들 금고 이젠 윈윈 방안 설득 내년 본격적 홍보 시작 우수 전문가 집단 확보 필수 극대화 업무 효율 극대 위원장 평가권 인사권 부여 목소리 위원장 외국 인력 영입 스폰서 유치 중요 결국 인재 적재적소 배치 평창 올림픽 정규인력 명 임시인력 명 만 자원봉사자 투입 위원장 올림픽 유치 국제올림픽위원회 위원들 음료 서빙 항공사 최고 경영자 경험 자원 봉사자 운영 위원장 자원봉사자들 전문적 서비스 역량 강화 기업 학교 올림픽 고생 올림픽 분들 인센티브 학점 혜택 방안 모색 올림픽 서울 한강 기적 겨울올림픽 평창 겨울 올림픽 세상 메시지 전달 평창 세계 지도 한국 교통 경기장 인프라 숙박 음식 서비스 선진국 도달 외국인 관광객 사시사철 평창 기업 스포츠 성패 팀워크 위원장 겨울 스포츠 인연 년대 설원 스키 마니아 년 스키 시작 강원도 횡계 리프트 언덕 스키 스키 매력 골프 대답 코스 날씨 설질 느낌 도전 의식 자극 골프 동반자 배려 스키장 스키어들 매너 위원장 부친 창업주 조중훈 한진그룹 스포츠 후원 유명 조중훈 창업주 서울 올림픽 유치 앞장 대한항공 배구팀 남자 배구 탁구팀 여자 탁구 창단 정상급 년 대한항공 빙상 모태범 이승훈 영입 출범 위원장 응원 선수 감독 긴장 경기장 년 대한탁구협회 회장 위원장 시절 미국 유학 풋볼 미식축구 조예 스포츠 플레이어 결과 구성원 단합 마음 승부 열쇠 명망 헤드코치 독단적 공부 운동부 지향 위원장 선수들 학습 기회 공부 대로 영어 위원장 조직위 한진그룹 업무 동시 수행 마리 토끼 한진그룹 경영 체계 회사 신경 실적 웃음 개인적 대 위원장 위원장 활동 시작 위원장 한진해운 인수 흑자 전환 미소 평창 올인 위원장 조직위 평소 승용차 스포츠유틸리티차량 애마 교체 현장 지론 발품 의미 유치 위원장 시절 위원 득표 활동 지구 바퀴 이날 인터뷰 에너지 충만 조양호 위원장 한반도 희망 가속페달 위원장 평창 경기장 한진그룹 조직위 서울 강원도 조양호 대한항공 자원봉사자 위원들 봉사자 조중훈 항공사 외국인 센터원빌딩
박근혜정부,마음,시각장애 판정받고 작가가 된 벤처기업가 삶의 어려움은 우리가 흔히 생각하는 곳에 있지 않습니다 저는 급 시각장애인입니다 사람들은 상상할 겁니다 저의 시야가 어두컴컴할 거라고 하지만 저는 눈앞이 너무 환해서 괴롭습니다 빛 번짐이 아주 심한 망막변성증이죠 구름 한 점 없이 맑은 날 제 눈은 세상을 보지 못합니다 갑자기 터진 사진기 조명에 잠시 눈이 멀 듯이 말이죠 빛 속에는 그런 시각 장애 판정 작가 벤처기업가 복지국가 절망 복지 어려움 생각 시각 장애인 사람들 상상 시야 눈앞 망막변성증 구름 세상 사진기 조명 듯이 어둠 작가 사람들 글자판 자판 연습 사나흘 도달 음성 합성 소프트웨어 이용 원고 아픔 얼마 경상도 사람 식당 아내 짜증 계단 아내 혼자 바람 발끝 계단 평소 사람 까닭 미안 부축 아내 자동차 후진 설치 방지턱 계단 윗계단 그림자 정도 구분 가능 계단 구분 사람들 지체장애인 생각 계단 정작 도움 실내 바깥 계단 사람 어려움 아내 이야기 아내 큰소리 아내 경상도 사람 사투리 발음 발음 구분 덕분 방지턱 복지란 복지 풍요 어려움 사람들 용기 어려움 세상 어려움 예상 세상 지옥 비굴 강요 지옥 복지 밑바닥 추락 사람 좌절 경험 짐작 년 정보 통신 분야 사업 시작 명 직원 회사 세상 변화 벤처 열풍 바람 순식간 회사 년 손실 억 고생 회사 운영 악순환 년 진단 시각 장애 사망 장애 판정 보험사 종신보험금 회사 회생 역부족 결국 회사 억 연대 보증 채무 파산 당장 어려움 용기 마음속 마음속 잿더미 파산 시각장애인 국민연금공단 연락 연체금 독촉 장애연금 걱정 국민 연금 고갈 시대 연금생활자 연금 식구 아내 장애연금 설계 도전 디딤돌 기획 반응 즐거움 작가 명함 청년 시절 감옥살이 소재 단행본 얼마 사업 이야기 제목 사람 반응 황홀 복지 절벽 만큼 안전그물 창의적 도전 주저 파산 걱정 장애 무릎 사람 주인 복지 낭비 어둠 복지 세상 어둠 줄기 운영위원 이건범 내만복 운영 위원 한글 문화 연대 대표 복지국가 사람들 장애인 방지턱 경상도 내만복 이건범 마음속 복지국가 장애연금 시각장애인 망막변성증 감옥살이 눈앞 안전그물 연체금 변성증 억 종신보험금 만큼 역부족 단행본 디딤돌 악순환 운영위원 국민연금공단 보험금 보험사 기업가 듯이 억 연금생활자 자동차
박근혜정부,복지,분신 이남종씨 흔적을 찾아 죽기 하루 전 직원들 월급을 챙겨놓다 서울 중구 만리동과 회현동을 잇는 서울역 고가도로는 평소와 다르지 않았다 표정 없는 도로는 잿빛이었고 그 위를 바삐 오가는 차량에는 열흘 전 기억이 실려 있지 않았다 지난 일 오후 시 높이의 고가도로 아래를 오가는 시민들은 두툼한 외투를 단단히 여미고 있었다 영하 도의 추운 날씨였다 지난해 월 일 오후 시 분 고 이남 분신 이남종 흔적 하루 직원 월급 만리동 서울 중구 회현동 서울역 고가 도로 평소 표정 도로 잿빛 차량 열흘 기억 열흘 일 시 높이 고가도로 시민들 외투 영하 날씨 월 시 이남종씨 전라도 광주 렌터카 은색 스타렉스 서울역 고가 도로 방향 서울역 도로 차선 버스전용차 택시 승강장 한눈 세로 펼침막 다리 바탕 흰색 글씨 선명 박근혜 사퇴 특검 쇠사슬 휘발유 전화 시위 교통 통제 노모 박근혜 포스터 발밑 땔감 벽돌 모양 톱밥 라이터 사퇴 박근혜 남종씨 소리 소방차 사이렌 순식간 불길 분 진화 전신 화상 영등포 한강성심병원 치료 다음날 시 현장 유서 박근혜 정부 총칼 자유민주주의 자유민주주의 전복 쿠데타 정부 중략 두려움 두려움 남종씨 자신 마지막 준비 사실 현장 발견 유류품 스타렉스 차량 굵기 쇠사슬 벽돌 모양 톱밥 상자 플라스틱 스테인리스 재질 케이블타이 밧줄 죽음 형식 분신 일반 자살 공개 장소 극단 방법 교수 천정환 성균관대 분신 일반적 자살 공개 장소 현장 다중 의식 특수 치사율 참혹성 외상 경험 기억 분신자살 구조 메커니즘 연구교수 이창언 성공회대 교수 자신 치명적 방식 분신 열망 단순 도피 복수심 이타성 동기 내포 죽음 동시 사람 소통 지향 행위 설명 남종씨 순천 전남 광주 영문과 조선대 영문 입학 졸업 학사장교 임관 년 복무 택시운전 검찰공무원 시험 공무원 준비 실패 편의점 매니저 옥상 서강대 퇴진 노태우 정권 요구 분신 사회부장 김기설 민족 민주 운동 대중운동조직 가담 노동자 정규 노동 보장 목숨 박종태씨 화물연대 양산지회 소속 노동단체 가입 남종씨 궤적 열사 모양새 일 시 광주 북구 평 아파트 남종씨 상훈 동생 유품 정리 형제 남종씨 제대 년 현관 거실 성인 만큼 얼마 박근혜 대통령 선거 공보물 포스터 사진 노모 형제 의사 대통령 상훈씨 동생 사진 남종이 빨래 빨래 동생 세탁기 작동법 상훈씨 허탈 남짓 동생 입매 남종씨 유품 일기장 다이어리 앨범 우표 수집 활동 대학 시절 문학동아리 발간 문집 황지우 유하 박철 시인 당대 유명 시집 유품 발견 동생 년 반명함판 사진 본인 검정 가죽 지갑 동생 분신 소식 자리 송년회 렌터카 펼침막 제작 남종씨 마지막 준비 낌새 동생 이야기 성격 정치 이야기 동생 국민 유서 기억 동생 기억 부처 사람 사고 남종이 오랫동안 생활 오랫동안 검찰 공무원 준비 생활비 다단계 사기 바람 동생 허무 탕진 상훈 동생 얼굴 면목 이틀 동생 평소 각오 동생 세상 동생 의지 동생 마음 마음 남들 배려 동생 회상 상훈씨 결국 눈물방울 남종씨 지인 유서 행복 상훈씨 동생 원망 동생 마음 스스로 죄책감 용두동 광주 북구 편의점 중년 여성 점원 자리 건널목 도로 위치 남종씨 마지막 직장 평 점포 일반 편의점 점원들 근무시간 조정 월급 지급 점포 전반 살림 매니저 이남종씨 점원 대답 회피 사람 조심 말문 기억 남종씨 기억 남종 아르바이트생 존댓말 만큼 예의 사람 아르바이트생 점장님 호칭 삼촌 사비 바둑판 야구공 배트 글러브 아르바이트생 사건 하루 월 남종씨 의아 연락 매장 금고 월급 원래 지급일 보름 연말 정산 자신 피해 월급 지급 남종씨 직원 교대 공지사항 인수인계 메모 사람들 불편 배려 남종씨 서울역 고가 도로 시각 점원 교대근무 분 수차례 전화 연락 다음날 편의점 분신 사실 이야기 평소 정치 사람 분신 사람 사람 동일 인물 민주투사 이남종 열사 파업 투쟁 승리 조선대학교 광주 동구 정문 근조 펼침막 대학 영문 학번 입학 남종씨 문학동아리 분신정국 졸업 후배들 시화전 찬조시 활동 만큼 창작 문집 대학 시절 색연필 밑줄 동그라미 서로 흔적 여백 시상전개 긴장감 학생회 단체 가입 학생운동 새내기 시절 일기 시국 고민 일기장 자본주의 불균형 노동 자본주의 균형 노동 자본주의 민주사회 중략 국가 통제 평등 사회주 자본주의 국가 복지 정책 사회 복지 자본주의 후배 임은정 남종씨 순수 사람 기억 남종씨 학보사 활동 학생운동 임씨 지지자 학보사 편향 시각 당부 분신 극단 선택 한편 남종 선배 생각 소식 남종 선배 대학 시절 요란 구호 생업 종사 현실 순응 남종 선배 친구 선배 시국 분노 주변 정치인 핀잔 정도 세상 체념 순수 남종 선배 상황 문제의식 간직 정오 광주 북구 망월동 남종씨 퇴진 펼침막 봉분 국화 송이 이불 열흘 안개꽃 주변 무덤 비석 퇴진 박근혜 정권 구묘역 시위 민주 노동운동 경찰 최루탄 연세대 이한열 교육위원 정희곤 광주광역시 교육 위원 광주서강고 사회교사 재직 년 해직 남종씨 학년 재학중 고인 죽음 조심 추측 남종이 광주 진실 시작 후반 질풍노도 분신 정국 대학 첫해 학생운동 주변 이야기 의식 밑바닥 경험들 자리 영향 유품 정리 좌식 책상 교수 문학평론가 이동하 에세이집 눈치 자신 의지 자유 의미 의식 기쁨 선물 에세이집 에세이집 박채린 손지은 박세라 단비뉴스 월 서울역 고가 도로 남성 분신 시도 병원 노동자 방식 세상 세명대 저널리즘 스쿨 대학원 발행 온라인 신문 취재 한겨레 토요판 이남종씨 궤적 남종씨 광주 박근혜 자본주의 서울역 편의점 펼침막 에세이집 만큼 이남종 상훈 남종이 이남종씨 노동자 일기장 다음날 상훈씨 스타렉스 학보사
박근혜정부,복지,오늘은 나도 연극배우 일반 시민들 공연 잇따라 일반 시민들이 직접 무대에 오르는 연극 공연이 속속 선보인다 인천 최장수 사설소극장인 작은 극장 돌체 남구 문학동 는 일 제 기 시민참여프로젝트인 연극 하녀 사진 를 공연한다 사회복지사 공무원 판촉사원 등 시민 배우 명이 직장을 마치고 개월간의 연습 끝에 내놓은 작품이다 이들은 개월간 매주 차례가량 연극 기본기를 연극배우 공연 일반 시민 인천 사설 극장 극장 돌체 하녀 시민 배우 참여 무대 부천 시민 지난달 공연 일반 시민 무대 연극 공연 사설 인천 장수 극장 극장 돌체 남구 문학동 일 시민 참여 프로젝트 연극 하녀 사진 공연 판촉사원 사회 복지사 공무원 판촉 사원 명 시민 배우 직장 개월 연습 작품 개월 차례 가량 연극 기본기 공연 주말 연기 수업 몰입 작품 년 하녀 여인 집주인 살해 동성애 체포 프랑스 사회 충격 사건 소재 연기 지도 박상숙 극단 마임 대표 연기 경험 시민 배우 표현 감동 공연 평일 시 일요일 시 시 관람료 일반 청소년 부천시 평생 학습 센터 연극 참여 부천 시민 인근 지난달 심곡천 사거리 극장 극예술 공간 공연 월 공연 품평회 회 연습 무대 여 관객 장진 영화감독 희곡 작품 사인 회장 박주연 연극 동아리 소통 공감 작품 참여자들 감동 내년 직장인 연극 대회 참가 계획 공무원 박주연 인천 박상숙 직장인 판촉사원 사거리 심곡천 돌체 명 부천시 동성애 문학동 집주인 영화감독 장진 프랑스
박근혜정부,복지,포퓰리즘 의 잃어버린 뜻을 찾아서 프레시안 는 창간 주년을 맞아 번역 특집 을 준비했습니다 열두 명의 번역가들이 어떤 식으로든 기억에 남는 자신의 번역서 한 권을 골라 그에 관한 이야기를 들려주었습니다 원제 볼프강 작스 외 지음 이희재 옮김 아카이브 펴냄 의 번역은 두 가지 점에서 어려웠다 첫째 열일곱 포퓰리즘 발전사전 볼프강 작스 발전 사전 프레시안 창간 번역 특집 준비 번역가들 기억 자신 번역서 이야기 원제 원제 볼프강 작스 이희재 아카이브 번역 가지 필자들 발전 환경 평등 도움 시장 요구 세계 참여 계획 인구 빈곤 생산 진보 자원 과학 사회주의 생활 수준 국가 가지 개념 사전 문체 제각각 번역가 저자 문체 예열 문체 문체 구사 필자 영어 모국어 필자 원문 문체 중요 예술 작품 문체 번역 독자 믿음 볼프강 작스 이희재 아카이브 아카이브 대응어 어려움 단어 문장 맥락 대응어 제시 단어 사정 원어 외연 안정 대응어 제시 단어 맥락 욕망 욕구 결핍 인간 생명체 생리 욕망 욕구 사람 사회 자타 간주 물질 풍요 결국 요구 시행착오 제목 개발사전 발전사전 맥락 풀이 발전 구멍 발전 선택 발전 긍정 의미 자연 발전 사회 시민 의식 문장 자연 정도 긍정성 사람들 의도 긍정적 단어들 위험 부정 뉘앙스 번역어 번역자 판단 논파 개발론 발전론 번역자 긍정 일변도 발전 방위적 비판 번역가 일방적 매도 단어 조금 영어 영한사전 대중영합주의 대중추수주의 인기영합주의 부정 일변도 포퓰리즘 음역 부정적 세기 세기 제한 토지 소유 철도 국유 금융 민주 요구 미국 소농 자작농 중심 정치 운동 정당 대통령 후보 스스로 자랑 세력 소수 금권 반특권주의 반엘리트주의 미국 기득 세력 미국 언론 장악 금권 세력 무책임 정치 운동 결국 역사 뒤안길 미국 농업 군수산업 금융 큰손들 큰손들 손실 공산주의 국민 세금 무책임 나라 긍정적 서민주의 역사 맥락 긍정적 학술적 중립적 서민주의 긍정성 대응어 온라인 영한사전 인민주의 풀이 공산주의 연상 미국 서민주의자 자본가 반공주의자 미국 서민주의자 관료주의 혐오 집단 자립 추구 서민주의자 인민주의자 서민주의자 사민주의자 진보정의당 당명 정의당 결정 사민당 당원들 실망 분노 토로 기사 세기 유럽 진보 구심점 노동조합 노동조합 사민당 결집 대내외적 투쟁 양보 타협 안전 사회 기여 한국 노동조합 조직력 노조 한국 정규 노동자 권익 아랑곳 자신 기득권 고집 세기 서민당 탄압 세력 미국 금권 물질 이익 풍요 집착 사람 자본가 노동자 금권 노예 유럽 노동자 불이익 감수 산별노조 결성 노동자 이익 대변 한국 노동자 미국 서민주의 농민들 한국 소수 한국 미국 기업농 체제 기미 기업농 자영농 초점 시골 농민 서민 도시 자영업자 서민 한국 자영업자 자영업자 보수적 전통적 역사 진보 확신 서구 사민주의 숭상 세력 한국 진보 운명 독립심 고장 애착 역사 진보 확신 나머지 패배 긴장감 현실 더듬이 퇴화 집단 진보주의 맹신 갈망 사람들 국경 기회 나라 나라 무국 야심가 관광중독자들 터전 서민들 사람들 대변 서민주의 한국 중요 정치 세력 자리 서민주의 번역어 원래 긍정 의미 다소 상상 고장 년 엔진 폐차 고민 아이들 아이들 필요성 아이들 가족 여행 나이 장거리 운전 부담 기차 버스 대중교통 마음 목돈 결정 반년 불편 주일 번씩 규칙적 운동 배낭 슈퍼 운동 머리 중년 사내 배낭 모양 지인 처분 며칠 고민 마음 한구석 조금 불편 모양 물질 불편 심리 불편 집들 박탈감 조금씩 모양 아이들 결여 느낌 건강 운동 식료품 행복 기준 특수 요구 남들 생각 보편적 요구 현실 속박 문제의식 마디 요약 필자들 자본주의 공장 생산 양식 역사 발전 필연 정점 체제 세계 관철 선험 체제 역사적 체제 구체적 석탄 화석연료 영국 나라 화석연료 기계 폭발적 성장 자본주의 공업 문명 화석연료 장점 농축 물질 폭발 에너지 단점 고갈 자연 만 화석연료 사람 년 고갈 석탄 석유 석유 화석연료 바닥 백 공업 문명 위력 현혹 비서양인 서양 공업 문명 지구상 존재 사회 추구 전범 지적 산업 생산력 자신 처지 공업화 선진국 경쟁 문화 다양성 가치관 화석 연료 입각 공업 문명 막강 생산력 무기 서양 세계인 년 발전 환경 평등 도움 시장 요구 세계 참여 계획 인구 빈곤 생산 진보 자원 과학 사회주의 생활수준 국가 개 개념 가지 개념 세상 응시 일종 안경 개념 하나하나 불량 안경 불량 안경 세상 정확 사회 핵심 개념 뿌리 원래 맥락 좌표 자원 영어 원래 화석연료 재생 가능 의미 화석연료 재생 자원 화석연료 바탕 모델 공업 문명 회적 유한 자연 자원화 자본주의 논리 재생 가능 종자 유전자 조작 시장 거래 재생 소모 화석 상품 변질 경제 성장 세상 평등 논리 전통적 불의 체제 불평등 체제 사이 불평등 공동체 빈곤 풍요 가치 기준 옛날 국민소득 생활수준 가치 기준 나라 나라 굴욕감 선진국 사람 기본 요구 불안감 욕망 욕망 무분별 자연 수탈 자연 수탈 인간 수탈 지불 능력 사람 물건 생산 국가 경제 세계 경제 하수인 만인 빈곤 퇴치 명분 가난 사람 스스로 생각 전제 전제 기회 평등 발상 거부 경쟁 시합 전제 관점 국경 자유 교류 생활 선진 문명 보통 생각 자연 환경 사회 환경 독립성 강조 선택 자유 모래알 개인 완전 경쟁 사회 논리 개인 집단 집단 경향 중산층 소비 성향 성향 보수 정치 소수 중산층 문명 선진 문명 자본주의 체제 이구동성 선전 진입 다수 서민 빈민 국경 초월 자본 공세 상호 경쟁 빈곤 자본주의 비판 생각 오산 현대 선진 국가 국민 제공 복지 사람 정도 전문가 관료 오만 일방적 인식 바탕 유한 지구 사람 사람 보통 진보주의자 사람들 필자들 결정적 지점 필자들 진보 자체 오염 진보 울타리 진보 근본주의자 근본주의 이슬람 테러주의자 장점 근본주의 장점 주장 논리 귀결 필자들 근본주의자 피상적 행동 이반 일리치 사람 만년 얼굴 종양 아편 통증 전통 방식 치료 현대 의학 비판 자신 믿음 자신 궁핍 운명 발전 생산 물질 차지 종국 일국 노동자 타국 노동자 종국적 일자리 전범 자연 수탈 노동자 자국민 수탈 자국민 수탈 한계 식민지 국민 수탈 국민 수탈 한계 후손 생각 소비 후손 후손 수탈 마련 자본주의 세계 강타 금융 위기 본질 부동산 거품 현혹 집값 허리 후손 아랑곳 집값 집값 사람들 후손 수탈 볼프강 작스 개정판 서문 부자 생산 소비 양상 전범 신조 지구 사람 감당 처지 발전 신조 지속 중요 욕망 정의 열망 식민지 경험 나라들 사실 인정 정치적 독립 경제적 여유 물질 향유 경쟁 무대 상상력 탈식민화 지적 과거 식민지 나라들 발전 집착 대접 인정 욕구 실력 식민지 수모 두려움 나라 운명 개인 운명 영향 한국 파란만장 근현대사 중앙집권제 역사 나라 나라 특성 작용 세계 발전 세계 미국 전후 구상 소수 예외 실패 단정 분단 악조건 한국 경제적 선진 공업국 성장 나라 깨달음 신분제 폐해 농업 경제 추구 상업 경제 조선 왕조 필자들 사회 생각 일본 후발 제국주의 공업 국가 조선 조선 필자들 쇄국 정책 나중 개방 정도 성과 조선 발전 가능 위협 일본 조선 일본 국가 제국주의 산업 타국 아프가니스탄 이라크 운명 유한 지구 무한 탐욕 추구 자멸 근본 비판 근본적 근본 비판 타국 침공 강대국 행동 제동 만 영국 국민 이라크전쟁 반대 행진 토니 블레어 이라크전 민주주의 현주소 민주주의 자국 국경선 탈발전 식민지 악몽 나라들 그림 소련 동유럽 사회주의 체제 년 사회주의 결국 일사불란 무한 발전 무한 노동 강요 자본주의 발전 전략 근본적 차이 지적 년 자본주의 위기 근본 원인 자본주의 견제 사회주의 견제 세력 자본주의 긴장 부자 초기 정글 자본주의 국경선 임금 결국 사람들 은행 지경 은행 결국 나랏돈 나랏돈 국민 세금 정도 고비 은행들 고액 보너스 잔치 은행 적자 정부 세금 세금 나라 협박 국가 차원 사업 계획 거부감 지역 차원 자생적 풀뿌리운동 중시 국가 지역 차원 운동 중요 생각 국가 지원 영국 노동당 정부 스코틀랜드 웨일스 자치 영역 영어 사멸 위기 웨일스어 영국 정부 지원 사용 인구 자본주의 체제 다양성 정부 정부 차이 다양성 정부들 중지 법인세 국제 합의 세금 타국 금융 자본 공갈 차원 변화 중요 차원 변화 현실 중요 미덕 생각 사실 물질 반성 근본 생각 시각 발전 정부 강조 인간 현실 출발 현실 조금씩 다수 정부 소수 정부 볼프강 작스 섬나라 영국 경제 지상주의 세계 거덜 판국 거대 인구 인도 공업 대열 간디 경고 개정판 서문 년대 필자들 눈살 철저 사회 공학 발전론 관점 스웨덴 복지 사회 역할 중추 뮈르달 경제학자 군나르 간디 존경 사람 뮈르달 세계 위기 풍요 나라 사회 질병 악화 상황 간디 실천 뮈르달 발전론자 작스 근본 발전론자 중요 뮈르달 나라 사람 세상 현실 근본 위험 근본 현실 차이 위험 개정판 번역 영어 보통 긍정 의미 필자들 의도 긍정적 생각 단어들 위험 부정 뉘앙스 번역어 판단 긍정 뉘앙스 발전 필자들 부응 공정 번역 생각 발전 외연 논파 개발론 발전론 문체 각양각색 필자들 주제 보람 중요 어휘들 밑바닥 세상 역사 감각 역사 감각 사람 미사여구 분장 암울 절망 긴장 낙관 가르침 역사 감각 역사 감각 사람들 발전 역사 진정 발전 이희재 저서 역서 이희재 교양 미하이 칙센트미하이 해냄 제러미 리프킨 민음사 새뮤얼 헌팅턴 김영사 에릭 홉스봄 민음사 프랑크 안드레 군더 이산 볼프강 작스 아카이브 자본주의 한국 미국 노동자 필자들 식민지 작스 영국 서민주의 볼프강 사람들 화석연료 생활수준 사회주의 뮈르달 조선
박근혜정부,불안,유승찬의 민심 야당 장외투쟁 국민은 싸늘 농담으로 하면 보통 남들이 이야기해도 본인 입으로 얘기할 땐 자기 이름 문재인 대표 을 제일 뒤에 넣어야 하지 않나 그 생각부터 먼저 들었다 월 일 문안박 과 안박문 의 차이를 언급한 새정치민주연합 안철수 의원의 뼈 있는 농담이 트위터를 달궜다 문 대표에 대한 불신의 강도를 짐작하게 하는 대목이다 농담처럼 들리지도 않았고 야당 장외 투쟁 국민 싸늘 농담 남들 이야기 본인 얘기 이름 문재인 대표 생각 문안박 안박문 차이 언급 의원 새정치민주연합 안철수 농담 트위터 대표 불신 강도 짐작 대목 농담 의원 자신 농담 속내 안희정 충남지사 전당 대회 의결 권위 시도 쿠데타 반박 의원 대표 문안박 연대 거부 혁신 전당 대회 개최 주장 새정치연합 파국 위기 총선 예견 주도 싸움 내홍 국면 혁신위원 교수 조국 서울대 문재인 재선출 사람 사람 사람 사람과 의원 행보 비판 신문 트위터 혁신 전당 대회 역제안 설문조사 찬성 결과 혁신 전당 대회 동의 동의 문안박 연대 신문 정례 여론 조사 결과 정반대 트위터 트위 소셜미디어 의원 운동장 정가 소식 안철수 사퇴 문재인 대표 공천권 안희정 안철수 행위 쿠데 박원순 문재인 종교인 평화 시위 감시 묘사 여 리트윗 기록 교수 진중 동양대 문재인 삼고초려 안철수 거부 이젠 기분 일갈 회 호응 의원 새정치연합 김기식 안철수 의원 제안 박원순 시장 이야기 문재인 대표 이참 전당대회 승부 대선 년 조기 이해 리트윗 이슈트 위터 의원 옹호 노영민 피감 기관 강매 문희상 취업 청탁 윤후덕 취업 청탁 압력 신기남 로스쿨 수수 김창호 불법 정치 자금 대표 의원 진보 청산 혁신 요구 리트윗 회 주일 트위터 트위 블로그 소셜미디어 문재인 안철수 언급 문서 만 검색 만 기록 일 만 만 야당 분열 반영 하루 정도 언론 톱뉴스 장식 부정 연관어 거부 비판 부정어 분포 긍정어 분포 안철수 고비고비 선택 논리 자체 상대 사람 상대 경험 여 리트윗 기록 문재인 안철수 언급 연관어 압도 당대표 차지 논란 총선 투쟁 반영 전당대회 총선 국민 혁신 위 야당 차지 총선 지지자들 불안감 반영 문안박 연대 당사자 박원순 시장 위 박근혜 대선 천정배 차지 야당 갈등 국민 시선 문재인 안철수 언급 리트윗 지지자들 상대 성토장 장외 투쟁 시민들 정치 덩이 사즉생 각오 위기 돌파 헌신 국민 마음 파국 직전 야당 국민 대표 유승찬 스토리닷 문재인 안철수 리트윗 문안박 만 박원순 새정치연합 전당대회 트위 김창호 연관어 안희정 동양대 역제안 노영민 문희상 윤후덕 신기남 로스쿨 긍정어
박근혜정부,불안,군대 정말 변해야 한다 군대 이야기만 나오면 흥분하는 나를 주변에선 이해하지 못한다 그게 누구든 병역면제였다고 밝혀지면 무조건 군대를 교묘하게 피한 재주 좋은 놈으로 치부하고 상종하길 꺼리는 것이 비이성적이라는 것을 모르는 바 아니다 평소에 집단논리나 군대문화 명령과 복종이 지켜져야 유지되는 조직을 싫어하면서 어찌 군대 가는 걸 선으로 그렇지 않은 것을 악으로 치부하는 군대 군대 이야기 흥분 주변 이해 병역면제 군대 재주 치부 상종 비이성적 평소 집단논리 군대문화 명령 복종 유지 조직 군대 치부 앞뒤 이야기 군대 사고 진저리 가해자 피해자 아들 상상 군대 아들 군대 아들들 병역 가슴 생각 해병대 피투성이 시체 오빠 어머니 공군 사병 고막 한쪽 시동생 아들들 병역 의무 해방 생각 아들 최전방 근무 초소 면회 신청 연락 지프 아들 여관 부대원 만큼 음식 아들 모기 여관방 질문 대답 아들 아들 면회 환상 텔레비전 건강 사병 모습 표정 이왕지사 자연 나무 하늘 자연 대상 작업 대상 경계초소 대기부대 돌발상황 투입 부대 경계초소 근무 친구들 친구 자신 부대 폭탄 한참 폭탄 아무것 아들 사고 국방부 시계 사고 국군병원 연락 병원 아들 여름 나무 참호 작업 벌레 복사뼈 무릎 참혹 부대 한탄 총기사고 의사 책임 사람 설명 아들 부모 불안 본인 피부 병원 부대 군대 아버지 아버지 큰아들 큰아들 아들 아들 근무 이야기 군대생활 우리나라 청소년 청소년 자살충동 청소년 자살 충동 비율 가출 경험 군대 사망 사고 자살사고 청소년 인구 군대 인원 충당 부족 모병제 이야기 군대 축소 징병제 유지 군대조직 문화 세상 세태 변화 속도 군대 진정 고민 자신 기준 군대 해결 사건사고 개인적 성향 치부 하루아침 날벼락 사병들 존재 허무 아들 부모들 비극 장가 아들 군대 아들 마음 김선주 언론인 친구들 여관방 아들들 김선주 집단논리 피투성이 복사뼈 모병제 날벼락 만큼 부대원 이왕지사 총기사고 해병대 사병들 가해자 사건사고 병역면제 하루아침 징병제 대기부대 참혹 돌발상황 군대문화 피해자 자살사고 국군병원 우리나라 국방부 앞뒤 자살충동 군대조직 부모들 군대생활 최전방
박근혜정부,불안,손발 묶인 박근혜정부 환율전쟁 건설업계 연쇄도산 우려 리더십 부재상황 지속땐 위기 못막아 박근혜 대통령은 일 취임식에서 제 의 한강의 기적을 만드는 위대한 도전에 나서고자 한다 고 선언했다 부친인 박정희 전 대통령이 경제개발 개년 계획 등으로 일군 한국 경제의 고속성장 신화를 재현하겠다는 포부다 하지만 박 대통령의 취임 첫해 경제여건은 호락호락하지 않다 국내에선 내수침체가 계속되는 가운데 환율전쟁 유럽 재정위기 미국 환율전쟁 건설업 연쇄 도산 리더십 부재 상황 지속 위기 내우외환 한국 경제 내우 외환 박근혜 대통령 취임식 제 한강 기적 도전 선언 부친 박정희 대통령 경제 개년 계획 한국 경제 고속 성장 신화 재현 포부 대통령 경제여건 취임 첫해 경제 여건 내수침체 환율 유럽 재정 위기 자동삭감 미국 예산 자동 삭감 시퀘스터 대외 악재 산적 경제전문가들 중국 미국 일본 주변 주요국 정부 출범 경제 진용 상황 리더십 부재 국제 경쟁구 포석 실기 불리 산적 대외 악재 일본 양적 완화 공세 환율전쟁 한국 경제 치명타 일본 약세 초반 엔화 시장개입 주도 구로다 하루히코 아시아개발은행 총재 일본은행 총재 내정 공세적 엔저 정책 예고 교수 오정근 고려대 경제학 일본 미국 공격적 엔저 정책 기업 수출 경쟁력 약화 외환 시장 불안 경제 위기 일본 개국 회의 정상 회담 미국 경제 협력 일본 사실 미국 자유무역협정 환태평양경제동반자협정 교섭 참가 미국 합의 한국 미국 유럽연합 체결 무력화 시도 일본 중국 성장 하락 만회 한국 선점 해외 건설 플랜트 시장 해외 삼국지 연출 유럽 재정 위기 불씨 확산 영국 가능성 탈퇴 가능 국가 경제력 위 이탈리아 정치 불안 재정 악화 고전 미국 예산 자동 삭감 경기 악재 재정건전성 일 달러 정부 지출 자동 삭감 미국 정부 삭감 규모 야당 재협상 해결책 예산 자동 삭감 예정 미국 경제 성장 전년 대비 포인트 하락 전망 미국 성장 하락 둔화 세계 경제 회복 기업 수출 감소 전문가들 예상 경제 경제 내수부진 투자 감소 경제성장률 분기 연속 장기화 경기 침체 장기 예고 현상들 전문가들 기업 개선 작업 워크아웃 신청 쌍용건설 주목 부동산 경기 침체 상장 건설사 적자 위 업계 쌍용건설 부도 최악 상황 건설업 물론 조선 해운 업종 확산 만기 회사채 규모 역대 최대 조 기업 만큼 도산 속출 경기 정부 조직 개편 지연 한국 기간 경제 사령탑 공백기 연구위원 이준협 현대경제연구원 위원 정부 경기부양 금융 시장 안정 산적 정부 조직 개편 통과 경제팀 안정 시일 상황 미국 일본 한국 도산 전문가 쌍용건설 건설업 유럽 공백기 경제팀 고려대 현대경제연구원 오정근 이준협 취임식 전문가들 부동산
박근혜정부,성과,비즈 칼럼 외국과 공동 수출 장벽 뚫는 새 열쇠 지난해 중국 경기 침체 수출 단가 감소 등으로 년 만에 무역 규모가 조 달러 밑으로 내려갔다 수출 실적이 회복될 기미가 보이지 않자 우리 경제인들의 심리 역시 많이 위축된 상태다 하지만 이럴 때일수록 경제의 기초체력을 단련하는 데 집중해야 한다 신성장동력 창출과 주력산업 고도화를 통해 산업구조의 체질을 개선하고 우리 기업의 수출 경쟁력을 외국 공동 수출 장벽 열쇠 침체 중국 경기 감소 수출 단가 년 무역 규모 달러 수출 실적 회복 기미 경제인들 심리 위축 상태 경제 기초체력 단련 집중 성장 동력 창출 주력 산업 고도 산업구조 체질 개선 기업 수출 경쟁력 확보 기업 경쟁 양상 국경 물론 산업 분야 초월 정도 치열 단축 개별 기업 독자적 능력 독보적 경쟁력 독보 확보 시장 주도 유지 추세 상황 국제공동 해외 수출 활로 모색 기업 적합 솔루션 생각 기업 해외 산학연 공동 확보 현지 시장 수요 반영 제품 해외 판로 개척 상품 교역 개시 선제적 공동 시도 시장 선점 병행 효과 수출 증대 국제 공동 기업 수출 긍정적 기여 정도 국제공동 사업 매출 수출 실적 억 전년 억 배 증가 필자 일명 글로벌 기업 코디네이터 제도 운영 생각 자금 지원 전담 전문가 사업화 자문 제공 해외 진출 수출 확대 네트워크 연계 수출 성과 밀착지원 가능 한국 수 출국 중국 한국 교역 규모 확대 베트남 자유무역협정 발효 체결국 공동 진행 현지 수요 반영 상품 우선적 수출 효과 극대화 그리스 신화 영웅 헤라클레스 헤라 저주 가족 실수 죗값 에우리스테우스 가지 과업 수행 헤스페리데스 정원 황금사과 천하장사 혼자 헤라클레스 헤스페리데스 삼촌 아틀라스 활용 황금사과 성공 국제공동 헤라클레스 지혜 기업 혼자 능력 연계 달성 노하우 경쟁력 확보 지혜 원장 정재훈 한국산업기술진흥원 헤라클레스 경쟁력 국제공동 중국 헤스페리데스 한국 사업화 에우리스테우스 황금사과 배 정재훈 체결국
박근혜정부,성과,삼풍 무너져도 정부 책임 생각 안 했죠 가을밤이었다 생면부지의 사람들이 술잔을 주거니 받거니 하며 낯을 익히다 어느덧 불콰해진 얼굴로 어깨동무를 하던 밤이 있었다 사랑방을 자처하며 오합지졸들을 끌어 모은 집주인은 묵혀둔 동치미 독 헐 듯 냉장고를 헐어 자꾸만 음식을 내왔고 밤도 좋고 술도 좋고 인심도 좋은 시간이었다 막차 시간이 코앞이라는 사실 말고는 나쁠 게 하나도 없었다 시간을 재 삼풍 생각 정부 책임 기억 기억 정민아 가야금 싱어송라이터 가을밤 생면부지 사람들 술잔 얼굴 어깨동무 사랑방 자처 오합지졸들 집주인 동치미 냉장고 음식 인심 막차 코앞 집주인 진짜 사람 물음 사랑방 주인장 한번 그날 막차 한참 사랑방 자리 정리 택시 악기 사람 사람 악기 여운 사람 악기 모습 배웅 천안 삼거리 두통 숙취 사람 정민 가을밤 계절 현 가야금 연주 싱어송라이터 국악기 홍대 라이브클럽 홍대 라이브 클럽 공연 뮤지션 국악 포크 재즈 일렉트로닉 음악 개 정규앨범 다수 프로젝트 음반 전업가수 정민아 소개 이것저것 수식들 카페 페이스북 페이지 페이스북 보유 스타 카페주인 페이지 주인 본인 소개 대면 동시 사람 이목구비 행보 사랑방 주인장 자신감 인정 대목 정민 오민정 사진 작가 대한민국 사회 정치적 관심 생각 집회 광우병 촛불 경찰들 거리 자유 인간 생각 권력 순간 자유 사람 권력 탄압 순간 생각과 용산 참사 이랜드 노조 이주노동자 할머니들 위안부 피해 할머니 폭력 여성들 세월 참사 사회 이면 덩치 가야금 수고 음악 세상 포부 음악 상처 치유 낙관 음악 성수대교 삼풍백화점 책임 정부 생각 보도 사고 정도 해결 과거 미래 진실 세월 참사 단순 사고 사람들 사건 단순 사고 음악 활동들 침묵 사람들 외침 사건 의미 홍대역 합정역 사이 예술인 버스킹 거리 연주 노래 행위 시위 기준 미터 사이 인간 진행 공연 세월호 음악가들 선언 이름 시위 릴레이 기획 일 세월 참사 인 음악인 프로젝트 앨범 인터뷰 진행 눈망울 사람 이쯤 음악 이야기 음악 문외한 음악 음악 정민아 일상 작사 작곡 노래 생활밀착형 국악고 음대 입학 나름 엘리트 코스 생각 세상 계급 생각 우월 국립국악원 안정적 직장 학벌 집안 남자 결혼 생각 정작 부유 부유 미래 철딱서니 생각 생계 전화상담원 경험 년 정도 생각 사람들 직업 자리 오민정 사진 작가 세상물정 음대생 국립 직장 번 실패 당장 생계 해결 전화상담원 시작 엄마 은미 엄마 은미 집안 살림 은미 아버지 은미 일 전화기 최선 정민아 은미 허락 은미 이야기 집 전화상담원 정민아 출구 광화문역 출구 주먹밥 집 만 성과 퇴직 결단 보릿고개 주먹밥 장사 시작 첫날 주먹밥 개 하루 첫날 노래 앨범 이름 주먹밥 정민아 중학교 동네 교습소 가야금 본격적 시작 가야금 락키드 클럽 홍대 라이브 재즈 헤비메탈 라이브 공연 클럽 공연 자연 가야금 무대 실용음악학원 화성 기타 피아노 작곡 기본 밴드들 앙상블 수업 가야금 장르 음악 접목 정민아 음악 시작 상위 생각 사람들 생각 음악가 정도 상위 생각 전화상담원 주먹밥 공연 음반 정도 감사 상위 생활 앨범 앨범 준비 가사 팔도 도서관 엄마 수리산 한증막 서울 수원 전주 부산 순간 사람 순간 눈망울 사람들 순간순간들 사람 노래 엄마 외로움 상처 사람 가난 아가씨 뒷모습 안심 정민아 음악 진심 악단시험 세상 세상 저번 세월 미사 신부님 말씀 세월호 변화 질문 변화 광우병 집회 일순간 세상 시각 이야기 노래 목적 스스로 변화 화상 엉덩이 웃음 입담 사람 자리 차지 얘기 마음 대답 무계획 당장 역사 교과서 국정 저지 콘서트 계획 자리 정민아 즉흥 정민아 사회 오민정 사진 작가 오민정 사진 작가 오민정 사진 작가 세상 출범 시민 단체 의제들 사회 진보 의제 소통 공동 지혜 각계각층 사람들 기획 기억 기억 외면 현실 온몸 얼굴들 기억 기록 연재 필자 기억 기억 진실 요구 강단 기억 기억 현실 기억 기억 총선 만 기억 기억 세월 특위 기억 기억 사카 밀로 비너스 정민아 세월호 주먹밥 은미 사랑방 사람들 홍대 오민정 첫날 전화상담원 상담원 싱어송라이터 페이스북 시간 집주인 번 음악가 광우병 정민 집 광화문역 눈망울 위안부 예술인
박근혜정부,성과,기고 광복 년 새 도약 춤추자 독립운동을 다룬 영화 암살 과 조정래 소설 원작의 뮤지컬 아리랑 의 흥행이 순항 중이다 암살 은 개봉 일 만에 만 관객을 돌파하고 만 관객을 바라보고 있다 아리랑 은 배우들의 탄탄한 연기력을 기반으로 창작 뮤지컬의 새 전기를 열었다는 평을 들으며 많은 관심과 사랑을 받고 있다 우리가 일제의 압제에서 벗어나 다시 빛을 찾은 광복 도약 춤추자 독립운동 영화 암살 원작 조정래 소설 뮤지컬 아리랑 흥행 순항 암살 개봉 관객 돌파 관객 아리랑 배우들 연기력 창작 뮤지컬 전기 관심 사랑 일제 압제 년 강산 애환 여정 해방 기쁨 동족상잔 비극 폐허 산업화 민주화 동시 저력 세계 광복 년 만 원조 나라 유일 나라 원조 나라 한국 민주주의 쓰레기통 장미 조롱 나라 민주국가 선진국 전유물 문화 예술 체육 분야 한국 위상 분야 세계 무대 활약 예술가들 세계기록 수립 성과 운동선수들 팝 드라마 영화 중심 한류 아시아 중남미 유럽 확산 패션 생활양식 포괄 문화현상 자리 문화 국제적 관심 그동안 성취 자족 상황 세계경제 글로벌 금융 위기 재편 각국 생존경쟁 치열 국내적 년 생산 가능 인구 감소 예고 미래 성장엔진 둔화 저성장 흐름 고착화 청년들 취업난 국민 지혜 대처 경제 재도약 기로 문화융성 필요성 압축 성장 전략 문화 세계사 교훈 석학 지적 국민소득 나라들 문화대국 우연 문화 사치재 국가 존속 번영 필수적 사회 자본 사회 자본 중진국 함정 세계 무대 도태 의식주 산업 예술 우수 전통문화 세계 문화 예술 중심지 이태리 밀라노 음식 전통공예 열광적 환영 사실 증거 문화 구성원들 스스로 공동체 자부심 미래 희망 서로 배려 공동체의식 창의성 발휘 도약 얼마 가능 광복 여정 도약 잔칫집 생각 취지 서울광장 전야제 광복 주년 개최 양희은 인순이 이승철 씨스타 세대 대표 가수 서범석 임혜영 뮤지컬 스타 출연 클래식 무용 인디밴드 무대 광복 의미 서울광장 멀티미디어 다중 퍼포먼스 준비 축제 재충전 서로 이해 격려 미래 김종덕 문화 체육 관광부 장관 서울광장 공동체 아리랑 한국 조정래 멀티미디어 운동선수 만 운동선수들 생존경쟁 고착화 유럽 전통공예 각국 청년들 이승철 인순이 아시아 씨스타 저성장 밀라노 인디밴드 동족상잔 생활양식 양희은 취업난 창의성 인디 이태리 서범석 연기력 쓰레기통
박근혜정부,승진,계열사별 프로젝트 분기 매출 어닝서프라이즈 탁월한 상품으로 앞서나가지 않으면 살아남을 수 없다 지난해 월 구본무 회장이 임원세미나에서 근본적으로 일하는 방식을 바꿔야 한다 고 임원들을 질책했다 점점 치열해지는 경쟁 속에서 이대로는 살아남을 수 없다는 최고경영진의 절박함이었다 구 회장은 연초 신년사에서도 올해 그룹의 화두는 시장선도와 철저한 실행 이라며 세계 시장을 뒤흔들 수 계열사 어닝서프라이즈 매출 상품 회장 구본무 임원세미나 근본적 방식 임원들 질책 치열 경쟁 최고경영진 회장 연초 신년사 그룹 화두 시장선도 철저 실행 세계 시장 시장선 상품 출시 강조 그룹 계열사별 프로젝트 시장 상품 계열사 실적 그룹 내부 변화 성과 연결 분위기 전자 조 매출 영업 이익 시장 예상 상회 어닝서프라이즈 기록 영업이익 직전 지난 억 디스플레이 조 매출 영업 이익 연속 영업 흑자 매출 전년 동기 대비 영업이익 적자 흑자전환 시장 성과 창출 연구개발 인력 보상경쟁력 강화 연구개발성 보고회 연구개발상 책임자들 승진 전원 발탁 대표 사례 수상자 명 책임자 임원 대우 전문위원 발탁 명 책임연구원 차장 책임자 수석연구원 부장급 승진 연구위원급 명 별도 보상 수상 위원 책임자 개 제외 책임자 전원 발탁승진 진행 파격인사 그룹 관계자 체질 회사 파격적 보상 인재 육성 구본무 회장 의지 반영 책임자 영업이익 연구개발 계열사 연구원 구본무 그룹 관계자 어닝서프라이즈 대우 계열사별 보고회 억 연구개발성 임원들 최고경영진 책임연구원 수상자 임원세미나 보상경쟁력
박근혜정부,승진,조원태 대한항공 부사장 한진칼 대표이사 겸직 한진그룹이 세 경영체제 구축에 속도를 내고 있다 한진그룹은 일 조양호 회장 의 장남 조원태 대한항공 부사장 을 그룹 지주회사인 한진칼 대표이사 부사장을 겸직하게 하는 등 정기 임원인사를 단행했다 대한항공 경영전략본부장 및 화물사업본부장을 맡아왔던 조 부사장은 한진칼 대표이사 선임과 함께 대한항공 경영전략 및 영업부문 총 부사장 조원태 대한항공 겸직 한진칼 대표 이사 조현민 상무 전무 승진 한진그룹 구축 경영 체제 속도 한진그룹 회장 조양호 장남 조원태 대한항공 부사장 그룹 지주 회사 부사장 한진칼 대표 이사 겸직 정기 임원 인사 단행 대한항공 경영 전략 본부장 화물사업본부장 부사장 선임 한진칼 대표 이사 대한항공 경영 전략 영업 총괄 부사장 그룹 경영 지원 실장 겸직 전반 그룹 경영 관여 회장 장녀 대한항공 호텔 사업 본부장 객실승무본부장 기내식기판사업본부장 조현아 부사장 대한항공 기내 서비스 호텔 사업 총괄 부사장 회장 차녀 상무 조현민 대한항공 인사 전무 승진 한진그룹 안팎 작업 경영 승계 본격화 관측 석태수 사장 한진해운 대표 이사 자리 공석 사장 한진 대표 이사 수석부사장 서용원 대한항공 수석 부사장 선임 임원 대한항공 공항 서비스 여성 조모란 상무 상무 한진 인터내셔널 재팬 대표 이사 임명 대한항공 관계자 그룹 체계적 경영정책 전략 유지 책임경영 강화 글로벌 항공사 운영 서비스 주도적 변화 혁신 인사 설명 대한항공 승진 전무 이승범 이수근 전무 서화석 신무철 상무 오문 상무보 강종구 함건주 김철 이동희 엄재동 최병권 장영재 송윤숙 문용주 조필제 공병호 박경호 정성환 최민영 김완태 현덕주 고광호 김진관 김인규 대한항공 부사장 본부장 한진칼 한진 한진그룹 조현민 상무보 이승범 조양호 재팬 서용원 한진해운 조원태
박근혜정부,승진,시진핑의 저장방 약진 리펑 아들 승진 좌절 시진핑 중국 국가주석의 측근 그룹이 약진했다 내년 가을 열릴 차 당대회를 앞두고 요직에서 후진타오 정부 시기 포진한 중국공산주의청년단 공청단 세력을 빠르게 대체하고 있다 일 지방 당서기 명이 한직인 전인대 전국인민대표대회 전문위원회 부주임에 취임했다 공청단 출신인 장시 성 창웨이 산시 성 왕루 시진핑 저장방 약진 리펑 좌절 아들 승진 리창 천바오성 물갈이 요직 등용후진타오 공청단 인맥 시진핑 중국 국가주석 측근 그룹 약진 내년 가을 요직 후진타오 정부 포진 중국공산주의청년단 공청단 세력 대체 지방 당서기 한직 전인대 전국인민대표대회 전문 위원회 부주임 취임 공청단 출신 장시 창웨이 산시 왕루이린 장쑤 뤄즈쥔 당서기 정치 인생 정치국 진입 문턱 좌절 이날 주석 이날 중앙당교 교장 천바오성 당교 부교장 출신 교육부장 취임 자리 주석 권력 저장방 저장성 근무 인맥 접수 리창 장쑤성 당서기 저장성장 승진 후보군 정치국원 후보 합류 리펑 총리 아들 리샤오펑 산시성장 승진 좌절 국유자산감독관리위원장 자리 예정 사우스차이나모닝포스트 후임 성장 저장방 뤄양성 산시성 부서기 선임 인사 시진핑 세력 공세 반격 공청단 세력 이달 현직 최고 지도부 베이다 이허 회의 폐지 상무위원회 제도 시진핑 세력 일전 베이징 신경진 당서기 공청단 시진핑 저장방 부주임 산시 리펑 천바오성 리창 정치국원 상무위원회 정치국 베이징 베이다 지도부 이허 장쑤 전국인민대표대회 산시성 부서기 국가주석 왕루이린
박근혜정부,연계,이것이 궁금하다 값 책정된 사업비 나 초과 가격 경쟁서 가장 불리 총사업비만 조 억원인 차기전투기 사업이 지난 일 최종 단계인 가격 입찰에 들어갔다 일까지 열흘간 진행되는 입찰에서 차기전투기 차 사업의 승자가 판가름난다 미국 록히드마틴 과 보잉 유럽항공방위우주산업 유로파이터 타이푼 등 개 방산업체는 선심성 공약까지 차례로 발표하며 치열한 수주 경쟁을 책정 사업비 초과 가격 경쟁 불리 사업비 조 차기전투기 사업 단계 최종 가격 입찰 일 열흘간 진행 입찰 사업 전투기 승자 판가름 미국 록히드마틴 보잉 유럽항공방위우주산업 타이푼 방산업체 선심 공약 차례 치열 수주 경쟁 조 방위사업청 물건 사업 규모 물건 확인 가격 흥정 단계 치열 신경전 협상 시나리오 업체들 제시 가격 한국 정부 사업비 평가 수행 주기 비용 임무수행능력 평가 적합 점수 합산 점수 기종 선정 시장 전투기 가격 정부 책정 사업비 격차 결과 입찰 회사 조 얘기 가격 탈락 위기 국방 의회 통보 록히드마틴사 가격 조 달러 원 기준 업체들 제시 가격 사업비 조 조 방사청 기획재정부 추가 승인 사업 진행 조 사업 재평가 원점 출발 월 의회 제출 가격 한국정부 제시 사업비 초과 납품 록히드마틴사 가격 탄약 기체 이외 임무장비 수리부속품 방법 가능성 가격 조 경쟁 기종 유로파이터 가격 조 원대 상업구매방식 판단 업체 자체 조 가격 가격입찰 확정가 제시 미국 정부 판매 대행 대외군사판매 형식 전투기 예정금액 계약 사후 정산 정부 개산계약방식 정부 개산 계약 방식 적용 한국 정부 구매 최종 가격 미국 정부 록히드마틴사 구매 가격 행정비 무기 장비 구입 구매국 정부 행정비 계약 행정비 지급 규정 행정비 전투기 절충 교역 경쟁 치열 업체 가격입찰 절충 교역 제안 절충교역 해외 무기 장비 구매 외국 외국 업체 국산 무기 부품 수출 일정 반대급부 절충교역 전투기 기종 결정 경제 기술적 편익 평가 반영 사업 업체 절충교역 제안 사업비 절반 조 가량 형태 절충교역 협상 초기 절충 교역 업체 유로파이터 생산 유럽항공방위우주산업 유럽항공방위우주산업 한국 전투기 여대 한국 최종 조립 제안 막판 대 조립 생산라인 효과 일자리 창출 유럽항공방위우주산업 소스코드 항공 전자 소프트웨어 수준 유로 업체 부품 구매 록히드마틴사 사업 전투기 수주 한국 제작 군사 통신 위성 발사 지원 파격적 제안 록히드마틴사 위성 한국 완전 소유 자주적 운용 한국 정부 자연재해 군사 통신 성능 상시 보장 설명 록히드마틴 공군 체계 실시간 가상 모의 훈련 설계 운영기술 제공 사업 전투기 대 납품 경력 보잉사 협력사 사업 강조 한국군 손발 구관 명관 논리 보잉 항공 생산 부품 달러 어치 구매 한국군 임무 연계 훈련 합성전장모의시스템 구축 제안 불가능 현행 절차 일각 구매방식 변경 전투기 진용 지적 유로파이터 장 회사 만큼 단일 기종 기종 스텔스 개전 초기 핵심 시설 타격 유용 구매 나머지 공중전 유로파이터 방식 규정상 불가능 방위 사업청 관계자 도입방식 변경 방위 사업청 권한 방위사업추진위원회 정치권 결정 사안 구매 복수 기종 절차 원점 사업 시작 이용 방위 사업청장 국회 국방 위원회 회의 출석 기종 조 사업 전면 질문 대답 재검토 사업 취소 추가 질문 취소 방안 추진 재검토 방위사업추진위원회 상정 의견 결정 설명 가격입찰 차 일 업체 통보 시한 추진 계획 가격 협상 조 가격 협상 무한정 의미 정부 차 사업 회 유찰 대 사업비 조 계약 전투기 사업비 한국 조 유로파이터 절충교역 록히드마틴사 차기전투기 행정비 유럽항공방위우주산업 차 방위사업청 위원회 불가능 한국군 재검토 미국
박근혜정부,연계,장애인이 방송하는 게 평범한 일 될만큼 사회인식 바뀌어야 의 첫 장애인 앵커 이창훈 씨가 그의 표현대로 프로그램 이사를 했다 년 개월 진행한 한국방송 채널 낮 시간대 생활뉴스 앵커를 홍서윤 지체장애 급 씨에게 물려줬다 이씨는 채널의 장애인 전문 프로그램인 월요일 방송분에서 한 꼭지를 맡아 진행하게 된다 일 첫 전파를 탄다 앵커에서 인터뷰 전문 리포터로 변신한 것이다 홍서윤씨가 그 장애인 방송 사회인식 만큼 사회 인식 이창훈 장애인 앵커 표현 프로그램 이사 년 개월 진행 한국 방송 앵커 시간대 생활 홍서윤 급 이씨 채널 프로그램 장애인 전문 월요일 방송 꼭지 진행 일 전파 앵커 리포터 인터뷰 전문 변신 홍서윤씨 인터뷰 대상 한겨레신문사 이씨 앵커직 하차 정도 바람 시청자 장애인 앵커 자리 의미 점자 텍스트 하반신 불편 후임자 장애 화면 동시 홍씨 성공 제도 장애인 앵커 성공 귀착 제도 장애인 편견 구실 판단 티브이 화면 장애인 자연 일상 장애인 현실 의미 변화 이씨 사회 장애인 침묵 방관 희망 장애인 법제 진전 차별 장애인 인식 장애인 목소리 별개 비장애인 노력 적극 앵커 이야기 거취 주목 언론 주목도 동기 앵커 지원 질문 선발 후임 앵커 계약직 앵커 거취 장애인 단체 방송사 비판 성명 년 선발 프리랜서 한국방송 시청자들 이야기 장애인 단체 방송 수입 어려움 일 방송일 수입 토막 수입 혼자 방송일 경쟁력 언론 대학원 진학 생각 이씨 일 한국 방송 라디오 장애인 대상 이창훈 행복뉴스 프로그램 주간 단위 진행 시각 장애인 음악인 이웃 엔터테인먼트 전속 계약 회사 직원 출퇴근길 동행 앵커 하차 아쉬움 한편 성장 리포터 제스처 인터뷰 목소리 인터뷰 분야 테스트 방송사 정규 열망 일용직 정규직 기대감 나름 사람 접점 장애인 일 즈음 인터뷰 기사 희망 일 시각장애인들 잠실야구장 시각장애인들 야구팬 시각 장애인 스탠드 통역기 장애인들 야구 해설 계획 앵커 경험 시각 성숙 생각 언론 생각 만큼 공부 생각 스포츠 음악 정치 사회 경제 지표 강남스타일 말춤 티브이 화면 자신 모습 엄마 미용사 머리 머리카락 이야기 주변 사람 화면 모니터 오디오 앵커 기용 한국방송 수신료 인상 도청 의혹 장애인 앵커 의미 희석 사람 시각매체 자체 시도 시도 마음 회사 사장 장애인들 생각 방송 장애인 인식 개선 장애인 앵커 비장애인 단순 감동 차원 장애인 비장애인 마당 마련 장애인 능력 발휘 공간 마련 대화 작업 이씨 헌법재판소 시각 장애인 안마사 자격 부여 법조항 위헌 결정 거리 무료안마 시연 카페 시각 장애인 체험 제안 장애인 비장애인 세상 장애인 제스처 일반 시민 노력 학년 대학 지인 카페 실제 체험 시각장애인 창작 뮤지컬 제작 무대 미디어 환경 시각장애인 불리 작용 티브이 시각 장애인 요즘 방송 화면 중요 팟캐스트 정치 경제 사회 문화 강의 종류 신속 시각장애인들 최적 스마트폰 보이스 트위터 페이스북 사용 에스엔에스 접근성 부모님 자랑 서울 혼자 경남 진주 거주 어머님 주 번씩 머리카락 앵커 하차 어머니 아버지 앵커 장애인 중요 공부 관리 말씀 사랑 느낌 이창훈 살 진주 서울 시각 장애인 학교 부모님 환경 공부 생각 친구들 혼자 기숙사 사투리 점자 속도 무기력 자존감 시련 자양분 학년 트럼펫 사람들 무대 연주 음악 자존감 중 선배 베이스 기타 합주 연주 친구들 중학교 앵커 음악 음악 연계 생각 대학 대학원 사회복지 대학원 사회 복지 전공 얘기 년 시각장애인 공부 장애인 비장애인 마음 교회 친구 대학 장애인 학생 부천 서울신학대 동기들 대학 동기 장애인 이해 편견 장애인 한국 방송 언론 방송 부족 장애인 시점 인기 사람들 노출 사람 시각장애인 진행 일상 년 자연 생각 교수 이상묵 서울대 인물 방송 일상 장애인 방송사 근무 어려움 사회생활 방송사 사람들 안녕 이름 소속 상대 공간 서로 방송 언론 방송 계통 관계형성 중요 생각 방송 인사 방송 공부 생각 우문 장애 인생 도움 생각 시각장애 앵커 고향 진주 겸손 제멋 여자 진주 의미 대로 시각 장애인 이해 텍스트 장소 신촌 어둠 대화 공간 시간 체험 시각 제외 감각 공간 경험 행보 주시 웃음 한국 사회 장애인들 장애인 차별 금지법 시행 법적 수단 발전 실질적 장애인들 체감 비장애인 사회 수준 예전 차별 요즘 무시 침묵 느낌 침묵 자리 회사 채용 규정 침묵 일관 사회 준비 인터뷰 앵커 시청 관심 장애 주목 집중 관심 강성만 기획 장애인 비장애인 시각장애인 이씨 진주 방송사 시각장애인들 한국방송 한국 이창훈 대학원 장애인들 사람들
박근혜정부,연계,신나는 공부 강원대 장기현장실습 전공트랙제 실무형 인재 양성 강원대는 고교교육 정상화 기여대학 지원 사업 에 년 연속 선정됐다 교육부와 한국대학교육협의회가 시행하는 고교교육 정상화 기여대학 지원사업 은 대학의 입학전형이 고교 교육에 미치는 영향을 평가해 바람직한 전형을 운영하는 대학을 선정 지원하는 사업 강원대는 수시모집에서 고교생활 충실성을 평가하는 고교 교육 중심의 전형을 설계하고 정보소외지 강원대 장기현장실습 전공트랙제 양성 실무 인재 강원대 경쟁력 학년도 수시 모집 강원대 사업 고교 교육 정상 기여 대학 지원 선정 연속 교육부 한국대학교육협의회 시행 고교 교육 정상 기여 대학 지원 사업 대학 입학전형 고교 교육 영향 평가 전형 운영 대학 선정 지원 사업 강원대 수시모집 고교생활 충실 평가 중심 고교 교육 전형 설계 정보소외지역 어촌 학생들 대입 전형 준비 체험 운영 평가 입학본부장 현혜진 강원대 입학 본부장 지역 거점 국립대 대학 입시 고교 교육 영향 심층 정상화 고교 교육 정상 입학전형 운영 기업 연계 장기 현장 실습제 전공 현장훈련 강원대 강원권 대학 유일 기업 연계 장기 현장 실습제 대학 시범 운영 선정 현장실습제 학생들 전공교육 연계 산업현장 장기간 개월 실무경험 체계적 현장훈련 지원 산학 협력 훈련 제도 기간 단기 현장 체험 프로그램 보완 참가 학생 본인 전공 기업 채용 전제 실습 기업 신규 인력 교육 부담 장점 강원대 프로그램 기업 맞춤 취업 역량 강화 교양과목 기업 전공트랙제 운영 국가직무능력표준 재학생 실무능력 취업역량 강화 프로그램 입학본부장 현대그룹 전선 농협은행 유수 기업 연계 프로그램 운영 기업 전공트랙제 교과목 수업계획 운영 프로그램 이수 학생들 인턴 지원 기업 학생들 우대 계획 설명 교과성적 우수자전형 면접형 글쓰기형 강원대 춘천 삼척 도계 삼척 제 캠퍼스 캠퍼스 수시모집 학년도 대입 수시 모집 명 선발 춘천캠퍼스 개 학생부 교과 전형 개 학생부 종합 전형 실기전형 운영 삼척캠퍼스 도계캠퍼스 포함 개 학생부 교과 전형 실기전형 운영 춘천캠퍼스 학생부 교과 전형 학생부 종합 전형 복수지원 가능 삼척캠퍼스 도계캠퍼스 복수지원 가능 학생부 교과 전형 지역인재전형 교과성 우수자전형 면접형 단계 학생부 교과 성적 모집 단위 모집 인원 배수 선발 단계 면접 성적 반영 학생부 교과 전형 교과성적 우수자전형 학생부 교과 고사 성적 반영 학생부종합전형 미래인재전형 서류평가 서류 평가 학생부 자기소개서 교사추천서 선택 모집정원 배수 선발 단계 성적 면접 성적 반영 수능 최저 학력 기준 학생부 교과 전형 적용 학생부 종합 전형 적용 강원대 학년도 수시 모집 원서 일 시 홈페이지 강원대 입학본부 춘천캠퍼스 삼척 캠퍼스 문의 춘천캠퍼스 삼척캠퍼스 강원대 학생부 단계 삼척 수시모집 학생들 춘천캠퍼스 전공트랙제 삼척캠퍼스 취업역량 국립대 실습제 정상화 교과성적 입학본부장 춘천
박근혜정부,연금,중고에 빠진 베이비부머 세대 소득 줄고 성인자녀 노부모 부양 세 연구 보고서 년 태어난 베이비부머 세대는 소득은 줄어든 반면 직장이 없는 자녀와 노부모 부양 부담으로 노후 준비를 거의 못하고 있는 것으로 나타났다 베이비부머 중 은 중고 베이비부머 세대 소득 성인자녀 노부모 부양 년 베이비부머 세대 소득 직장 자녀 부담 부양 노후 준비 베이비부머 은퇴 생활비 준비 비율 생각 비율 서울대 노화 고령사회연구소 노년사회연구소 미국 메트라이프 노년 사회 연구소 한국 베이비부머 패널 보고서 보고서 조사 패널들 명 추적 조사 방식 진행 베이비부머 기준 여만 배우자 베이비부머 평균 결혼 생활 유지 절반 결혼생활 만족 분 정도 이혼 세 성인 자녀 베이비부머 자녀 자녀 평균 연령 중반 취업비율 미혼 상태 자녀 성인 부양 베이비부머 자녀 학비 결혼준비비용 제공 손자녀 베이비부머 명 손자녀 정기적 시간 일주일 평균 시간 손자녀 양육 노부모 부양 부담 베이비부머 부모 세대 생존 노부모 노부모 경제 지원 정기적 월평균 비정기적 연평균 부담 년 베이비부머 전반적 소득 자녀 양육 교육비 보건의료비 지출 은퇴 상황 경제 준비 국민연금 가입 보험 적금 베이비부머 개인연금 가입 부동산 노후자금 준비 교수 서울대 한경혜 실업률 대량 은퇴 침체 부동산 경기 자영업자 급증 몰락 거시지표상 한국 사회 모습 투과 베이비부머 상황 베이비부머 노부모 손자녀 부동산 서울대 한국 결혼생활 세 미국 월평균 메트라이프 보고서 한경혜 연평균 일주일 보건의료비
박근혜정부,연금,경제계 인사 신한 지점장 승진자 가 대 신한은행이 지점장 승진자 명 중 명 이상을 대로 채우는 승진 인사를 단행했다 신한은행은 총 명 규모의 상반기 월 정기인사를 실시했다고 일 밝혔다 은행의 꽃 으로 불리는 지점장급 승진자 명 중 가 대다 시중은행에서 대 지점장 비중이 가장 높다 승진 규모도 커졌다 지난해에 비해 승진자가 부지점장급은 신한 지점장 승진자 대 신한은행 명 지점장 승진자 명 대 승진 인사 단행 신한은행 규모 상반기 월 정기인사 일 은행 명 지점장 승진자 대 시중은행 비중 지점장 승진 규모 승진자 부지점장급 차장 차장 보통 은행 부지점장 부지점장 지점장 승진 신한금융 그룹 회장 내정 신한은행장 관행 성과 부서장 전진 배치 신한은행 선임 본부장 본부장 투자 상품 부장 배진수 승진 부서장 등급 종합금융시장 외환 사업부장 서승현 종합 금융 시장 유원재 영업 지원 조승수 글로벌 전략 이태경 리스크 총괄 장래관 홍보 김광재 투자 자산 수탁 강경문 준법 지원 장낙 이종현 기업 여신 심사부 부장 심사역 나승필 비서실장 이인균 금융 공학 센터장 정해수 영동 기업 금융 센터장 선릉중앙 이홍기 명동 강신태 여의도 김상규 가양역 류국현 서여의도 박경환 남동공단 성서 최익 민병학 화도 강현철 역삼역 금융 센터장 송근 성정환 디지털 중앙 김준철 당산역 윤주호 부산 김도현 신평 김태호 대전역 유한승 충주 김상호 신한 강남 김동균 신한 서울파이낸스 홍석영 평택 신동규 현대계동 기업 금융 센터장 이영철 신한 강남 권미경 강남구청역 지점장 황규현 봉은사로 이민호 제기동역 류승현 이화여대 서교동 김기흥 서울대 정병각 보문동 이인승 종각역 김태흠 종로 박동선 삼성역 이범미 서여의도 김상훈 영등포 김선애 공항동 윤성일 과천 강영구 연수동 이규현 인천광역시청 차동열 부천위브더스테이트 박광현 김포 김재용 검단 장용석 부산법조타운 전남수 운암동 고영조 사북 김희동 지점 여민호 글로벌 전략부 소속 조사역 최일권 신한 총행 중국 유한공사 안종주 캐나다신한은행장 이채호 부서장 등급 여신관리부 기업 여신 심사부 부장 심사역 김영식 이상순 여신 관리부 기획부 임선재 기획실장 최갑수 사회 공헌부장 전영철 감사부 부장 감사역 전용섭 김홍범 투자 자산 전략부 팀장 조재성 기획부 인사부 권오선 이광식 최혁재 종합 기획부 정순영 증권 운용부 김상근 신탁 운용부 손무탁 청담동 지점장 김정훈 학동 이도상 선릉중앙 기업 금융 센터 기업 임정욱 반포 터미널 김영진 양재동 한지예 양재동 기업 금융 센터 기업 엄강 방배중앙 이의재 성수동 노영록 뚝섬역 안성호 스타시티 금융 센터 정하영 테크노마트 송유식 용산전자 금융 센터 강말룡 세종로 박애련 갈현동 임기흥 대림중앙 천상영 고척사 거리 이창식 난곡 안말숙 월곡동 이승호 수유동 최우현 의정부 최제순 서울롯데 심재식 충무로 기업 금융 센터 기업 정준영 신설동 송태수 송파남 임수 굽은다리역 허경희 남부 법원 박기찬 성남 김승화 분당 리테일 중앙 금융 센터 정광희 안산스마트허브 기업 금융 센터 기업 배현재 안산 금융 센터 김성균 평촌 기업 금융 센터 기업 정찬석 인덕원 금융 센터 지인경 안양역 이여옥 시흥능곡 조병학 인계동 한상훈 용인보라 서정익 동탄청 김형철 수원대학교 김병수 옥련동 이수병 남동공단 김학수 보라매역 금융 센터 이동섭 계양구청 강민창 남동구청 김운영 인천남구청 변성익 인천서구청 오강묵 인천중앙 금융 센터 선준희 부평 이혜숙 송현동 양군길 인천 터미널 정원양 소사 정준희 일산 금융 센터 안종길 당리동 조현경 창원 최철수 마산역 최병도 진해 이태석 복현동 서정균 성서 이춘만 포항 김진웅 거창 김규환 광주 박승진 수완 김정남 목포하당 금융 센터 이우일 목포대학교 신용석 순천 이진호 국민 연금 공단 강대오 세종 손현덕 순천향대학교 안순우 청주터미널 김영주 장전동 손홍배 분평동 유충종 청주 법원 이기평 사천동 김성종 충주 금융 센터 김용혁 강원 영업부 금융 센터 강래 원주중앙 김일동 상지대학교 이민종 강릉 금융 센터 전형철 아메다바드 최병찬 시드니 이기형 양곤 광산 홍석우 새만금 금융 센터장 이용철 조광표 용산 김영래 포천 김노근 안성 우상현 김포한강 이재용 온산 장봉균 정관 한승엽 녹산 공단 서정운 음성 소명필 시화 박종갑 시화 기업 금융 센터장 이종보 양재동 김동옥 신한 대구 전경옥 신한 반포 장재원 신한 인천 최호식 글로벌 전략부 소속 조사역 김재민 은행 도쿄본점영업부장 류지우 은행 요코하마지점장 김원기 신한 장사분행장 중국 유한공사 박찬석 신한 베트남은행 동나이 지점장 전광조 아메리카신한은행 본점 장인호 신한인도네시아은행 이해창 신한인도네시아은행 사업부소속 장성 신한아주금 융유한공사 신한인도본부 황종오 그룹사 인력 교류 부서장 대우 한호승 법조타운 법원 출장 소장 한상전 부서장 기관 고객 본부 팀장 류동우 기업 금융부 장연태 여신 기획부 윤현철 금융 개발부 박범준 정보 보호 본부 문봉식 총무부 이강수 종합 기획부 이정빈 디지털 전략 본부 박정현 자금부 장기원 준법 지원부 전종수 이영호 기업 여신 심사부 부장 심사역 이순주 박진규 정상진 여신 감리부 박명근 디지털 부장 한광희 감사부 역삼역 부장 감사역 이동환 선릉 금융 센터 테일 지점장 이재혁 남승한 강남역 이기헌 반포남 이호진 양재역 김홍식 장한평역 윤정원 구리 김은자 한남동 이인구 상암동 정환주 디지털 중앙 이성환 구로디지털 고영석 독산동 이상준 시흥대로 윤금순 가산 디지털 김연규 강북 김영식 창신동 박태윤 잠실 이희정 문정역 이재용 천호동 육지영 성남 공단 이봉재 판교테크노밸리 도병록 경기광주 강현우 이천 서인석 산본중 구현자 수원 이원철 김성 동탄 서정석 반월 김철곤 평택 박석규 오산 정상길 구월동 최인경 파주중앙 김낙봉 원당 안철규 양산 김옥태 신평 최용섭 사상 장정훈 포항남 김청자 김천 김성렬 광산 위은희 순천연향동 이종오 온양 정동철 충북 영업부 김재종 제천 임정석 원주 하익준 학동 금융 센터 기업 지점장 하지현 이경선 논현동 정재현 남부 터미널 이동 역삼동 류지원 세종로 정도영 종각역 황성범 시화중앙 김대현 가양역 김성욱 부전동 이승재 대구 김휘진 성서 서수호 천안중앙 장창근 반월 금융 센터 기업 지점장 신헌수 센텀 강덕석 평택 이석진 가산 디지털 이병식 서부 법원 지점장 정진달 의정부 손병욱 안산 김두영 광주 정성 천안 광교 황종근 기업 영업부 기업 지점장 유현석 오광교 차은경 강릉 금융 센터장 최의근 시화 기업 금융 센터 기업 지점장 고공효 연수구청 지점장 유재형 인천동구청 김경윤 강화 문상신 해운대백병원 지원석 전하동 김봉준 부산중앙 허경회 영도 유성오 다대포 김정훈 경북대 박영출 나운동 황진웅 대전롯데 문병갑 도안 박현식 강원대 홍수헌 양양 최수영 신한 태평로센터 이형준 신한 해운대 윤석민 남영준 글로벌 전략부 소속 조사 은행 신주쿠지점장 강영홍 신한 총행 중국 유한공사 민복기 신한베트남은행 본점 허림 아메리카신한은행 본점 이무의 아메리카신한은행 둘루스지점 이동호 신한인도네시아은행 전보 부서장 플랫폼 마케팅 실장 안우경 추진 윤보경 고객 부장 김근수 정보 백승권 기업 금융 손석호 영업 정용욱 광교영업 여신감리부장 이만영 개인 여신 심사부 부장 심사역 김호섭 여신 감리부장 유중식 기관 고객 본부 미래설계센터 황재필 미래 설계 센터 최영근 투자 상품부 이동 스마트혁신센터 강남역 송종민 이상혁 양재동 기업 금융 센터장 김성욱 반포남 금융 센터장 이병훈 홍정기 장한평역 전선우 스타시티 박세진 구리 정진철 한남동 정민식 용산전자 임시혁 공덕 최영재 상암동 이연호 독산동 김주환 가산 디지털 김경민 강북 신상일 소공동 최동욱 종로중앙 서명국 잠실 최정식 문정역 윤정현 천호 이종수 하남 최인묵 목동중앙 오창수 성남 공단 김정환 판교테크노밸리 김호대 분당중앙 곽호영 광교 도시 방동 산본중앙 강병 군포 밸리 우준식 인덕원 김용학 안양 임우택 평촌역 조경수 시화공단 김광연 반월 김성학 반월서 이상건 수원 송석윤 이준구 동탄 박영호 봉담 이상현 향남 신후락 인천 이환석 인천주안 신선재 남동중앙 성준 경제 자유 구역청 이규진 인천중앙 고상준 구월동 박재범 일산 김근창 파주중앙 구춘서 원당 조경선 센텀 류행주 울산중앙 이상목 사상 정영식 서부산유통단지 이종구 김해 박영철 마산 동용식 진주 김영빈 대구 공단 박연소 칠곡 변영한 구미 이원문 포항남 강화식 경산공단 김재신 순천연향동 홍승호 전북 설동점 제주중앙 김구현 대덕테크노밸리 이재성 조치원 송용현 서산 송범섭 충북 영업부 음상진 오창 정도영 제천 강원영 업부 이영한 원주 주시중 목포하당 장동 압구정역 지점장 박종득 압구정타운 윤말 영동 엄진섭 도산대로 조정연 무역센터 박국 테헤란로 이숙우 선릉중앙 위성근 강남중앙 승인환 대치동 이명휴 한티역 박종식 논현동 신성호 논현역 우상욱 잠원동 유영호 남부 터미널 이재용 서초동 정광균 역삼동 양재하이브랜드 송필용 이수역 이윤재 사당역 하영재 사당 남성 장민석 전농동 이준열 신금호역 박상규 행당동 정용기 광장동 김남수 군자역 이용규 워커힐 임대식 사가정역 정용욱 도농 강현철 별내 박형진 숙명여자대학교 이종여 충정로 이규민 동교동 임영하 신촌 남봉태 남가좌동 신은찬 성산동 김동한 구산역 최상문 불광동 이헌석 홍제동 김상섭 노량진역 안광운 보라매 이호권 유한양행 김제철 상도역 강용규 구로동 최재호 구로남 정태우 구로역 김진숙 개봉동 박대원 중앙유통단지 김정호 봉천동 김봉기 관악 이광식 관악신사동 송상윤 하안동 손승범 광명 이종운 철산동 오우연 정릉 김형우 쌍문역 박현옥 마들역 신헌호 수락산역 신진명 태릉역 윤태수 금오 유영주 장암 김성곤 동두천 이규근 명동 나훈진 명동역 김동수 서울광장 허만대 종로 조정훈 파이 낸스센터 최광해 안국역 서대원 현대계동 안상모 연지동 김영민 종로 박수 충무로 현경만 동국대학교 박원식 신당역 장경수 평창동 정미희 서잠실 한소순 잠실남 왕호민 잠실트리지움 장성룡 잠실나루역 김희재 풍납동 윤영길 가락동 백남주 송파 연채흠 마천동 김성영 강동역 전용진 암사역 제성아 명일역 윤대진 하남풍산 김경민 여의도 박석희 여의도중앙 김희승 당산동 김현대 선유도역 박재순 목동 양정욱 목동하이페리온 윤성용 신월동 유상우 가양역 박은영 염창동 이한미 우장산역 김종홍 양천향교역 박영식 방화동 김세경 성남중앙 판교 이충근 수내역 김영재 서현역 이용 이매동 이광호 백궁 황재영 백궁중앙 이숙희 분당서울대병원 이재갑 수지 송정훈 수지성복 조길환 죽전 육근록 죽전중앙 배한경 안산스마트허브 차상선 상록수 차민석 월피동 최희진 반월역 윤문식 평촌 노경훈 안양비산동 양석 시화 손기일 북수원 수원역 김정수 영화동 최성 영통 김대환 매탄동 위계진 용인동백 박성재 학익동 정재순 송도 국제도시 임인섭 인천논현역 김영춘 인천국제공항 이명석 부평중앙 정광세 계산동 박찬오 청라국제도시 이동영 만수동 정종호 부천상동 배기구 부천 서종휘 일산탄현 최두연 운정 이충상 일산중앙 홍형표 일산역 오은규 일산호수 공원 박민수 일산강촌마을 채수웅 고양 법원 강호철 국립암센터 김용희 화정 박홍식 김포불노 이원종 부전동 최명규 연산동 김찬호 울산 장계현 약사동 차기영 자갈치역 이재 화명동 이영호 율하 김덕환 김해중앙 박성춘 마산창동 김선임 창원중앙 김용현 진주중앙 박재철 거제 손성대 대구 김한진 대신동 조정래 대구위브더제니스 최원록 지산동 김만수 대구법원 장성덕 비산동 이승환 대구죽전역 이대희 월성동 구태본 인동 이금호 안동 박흥순 동광주 박현진 광주금호 김보현 목포 윤광용 전주 김규영 대전중앙 유영상 관저동 조윤호 법동 김승덕 천안중앙 오춘근 세종중앙 이윤호 대산 국규환 홍성 황현연 청주 배지수 서청주 서용규 산남동 나종민 봉명동 임완수 후평동 홍도현 동해 김원기 삼척 시화 유희준 안산스마트허브 기업 금융 센터장 현기주 기업금융 박영호 안산스마트허브 기업 금융 임성재 압구정역 기업 금융 센터장 이환용 학동 양규열 무역센터 김효연 테헤란로 박충호 강남중앙 김정실 신사동 이오희 논현동 김진형 남부 터미널 조광영 역삼동 정모 방배중앙 조영식 성수동 정상혁 세종로 박민영 서교동 문만호 구로역 권오경 의정부 이익수 종각역 김무호 충무로 김서환 삼성역 오한섭 가락동 김호곤 여의도중앙 박현준 영등포 정호준 김수훤 송현동 이은영 부천 박수근 부전동 김인태 울산 최규순 창원 진승월 대구 이태희 광주 차성종 대전중앙 남상덕 천안중앙 김정개 평촌 이상훈 남동공단 기업 금융 센터 기업 지점장 나인섭 무역 센터 기업 금융 센터 기업 지점장 김찬수 강남 중앙 나훈 성수동 가순규 명동 서양식 여의도 박우석 서여의 김성준 울산 오세광 창원 이정룡 당산역 금융 센터 강남 지점장 한상언 광교 기업 금융 센터 기업 지점장 용운호 신한 스타 하대승 기업 영업부 기업 지점장 오하중 신한 대전센터장 나진숙 신한 스타 문진규 신한 압구정 이상수 신한 압구정중앙 김대한 신한 여의도 최우창 신한 태평로 김항진 글로벌 전략부 소속 조사역 김봉준 은행 우에노지점장 김원국 후쿠오카지점장 김흥섭 신한 심천분행장 중국 유한공사 류은상 신한 북경순의지행장 중국 유한공사 북경순 의지 행장 김달수 신한베트남 쩐지흥 강규원 박닌지점장 박기두 빈증지점장 함식 송탄지점장 송왕섭 아메리카신한은행 지역본부 김형환 신한카자흐스탄은행장 두바이 뉴욕 지점장 손충순 정성종 신한금융지주 승진 부서장 등급 시너지 추진 부장 김성주 신현민 부서장 등급 예상욱 경영 지원 부장 신한저축은행 승진 송태 강남 영업부장 종합기획 강혁 여의도 지점장 김민석 지점장 수원 지점장 김남수 일산 김동하 전보 부서장 분당 지점장 정찬원 인천 감사 이광훈 전략 영업 부장 박경용 리테일 영업부 팀장 김기환 리스크 관리 실장 김종수 양승옥 지점장 신한 부서장 리테일 센터장 유한공사 대구 여의도 강남 팀장 인천 양재동 안산스마트허브 충무로 학동 일산 승진자 대 영업부 역삼동 아메리카신한은행 의정부 기획부 논현동 반월 광교 평촌 남동공단 선릉중앙 울산 종로 광주 본부장 창원 명동 성수동 천안중앙
박근혜정부,연금,기초연금법 최소 만 원 명시 안 돼 논란 앵커 멘트 정부가 오늘 기초연금법을 입법 예고했습니다 그런데 그동안 정부 설명과는 달리 기초연금을 최소한 만 원씩 지급한다는 내용이 명시되지 않아서 궁금증을 불러 일으키고 있습니다 범기영 기자가 보도합니다 리포트 입법 예고안은 내년 월부터 소득 하위 노인에게 기초연금을 지급하는 내용이 골자입니다 재원은 세금으로 마련하고 특히 만 기초 연금법 최소 명시 논란 앵커 멘트 정부 기초 입법 예고 설명 그동안 정부 기초연금 지급 명시 궁금증 범기영 보도 리포트 입법 예고 내년 소득 하위 노인 기초연금 지급 골자 재원 세금 마련 국민 연금 기금 사용 최대관심 기초연금 액수 법안 계산 방법 적용 기간 대통령령 만 최소 연금액 방식 연금액 계산 구체적 적시 자료 비교 당장 하위 최소 보장 약속 의문 제기 정부 표현 해명 인터뷰 류근혁 복지부 기초연금과장 제도 기본 골격 법률안 나머지 사안 시행령 시행규칙 구체화 전문가들 핵심 사항 대통령령 수정 대통령령 국무 회의 의결 개정 인터뷰 원종현 국회입법조사관 연금액 수준 선거 정치적 법안 국회 연금액수 법률 명시 논의 연금액 만 대통령령 범기영 그동안 연금법 시행규칙 시행령 전문가 최대관심 구체화 전문가들 복지부 류근혁 원종현 법률안 국회입법조사관 궁금증 조사관 연금액수
박근혜정부,이해,책과 삶 노년 또 다른 가능성의 시간이다 나이듦을 배우다 마거릿 크룩섕크 지음 이경미 옮김 동녘 쪽 만 원 노인 과 그들의 늙음 에 대해 떠올려보자 미적으로 아름답지 않고 경제적으로 생산성이 떨어진다 특히 노년의 여성에 대한 이미지는 더 안 좋다 서양의 옛 동화에서 노년 여성은 마녀거나 적어도 심술쟁이였다 현대에 들어서도 노년 여성은 가정 내 돌봄 노동의 주 노년 가능성 나이듦 이경미 마거릿 크룩섕크 동녘 쪽 만 노인 미적 경제적 생산성 노년 여성 이미지 서양 동화 노년 여성 마녀 심술쟁이 현대 노년 여성 가정 노동 주역 호출 노인 잉여 노인 칭찬 생각 사고방식 나이 불필요 젊음 생산성 숭상 사회 안티에이징 요구 안티 흑인 안티 여성 노화 반대 계절 변화 반대 발상 여성학자 노년학자 마거릿 크룩섕크 나이듦 원제 노년 통념 도전 대항문화 노년학 정립 건강 생계 여성 소수 인종 노인 처지 노인 공포 젊음 숭상 문화 연결 현대 선진국들 고령사회 진입 노인 인구 비노인층 위협 공포 팽배 저자 이성 두려움 노인 복지 비용 비노인층 경제적 곤궁 전망 근거 사회 노인 의료비 노인 시절 의료비 저축 노인들 노인 노인 영토 침범 칡넝쿨 사회 일원 사실 노인 복지 비용 정치적 사실 노인 특성 이야기 신체 쇠락 관점 노인 환자 유년기 사춘기 사람 신체 특성 평가 신체 상태 노인 파악 부당 의료계 제약업계 노인 약물 투약 표적 고질병 치료 다중 복용 건강 악화 사례 비일비재 질병들 제약회사 영리 유지 상황 노화 쇠락 운동 부족 흡연 중독 영양 결핍 낙상 스트레스 질병 구분 노화 생물학 필연 사회 구성물 계층 인종 노화 정도 규정 년대 부유 미국인들 가난 미국인들 년 년 차이 년 양극화 기대수명 양극화 흥미 지점 노년학 사회 현대 자본주의 강제 주류 문화 대항문화 격상 인간 평생 경험 총합 시장경제 가치 평가 현대 사회 인간 생산 게으름 자기계발 매진 사회 은퇴 분주 강요 자원봉사 노인 건강 제안 분주 무능 의존 반대말 미국 작가 힐라 콜먼 대 쓸모 존재 존재 생각 자신 침잠 고요 인간 문명 생산 소비 자연 지배 자신 취약 이해 가능 노년 생산 약화 쇠락 질병 가능성 대 저자 세월 대학 여성 노화 수업 경험 학생들 신진대사 시력 청력 피부 인정 나이 즐거움 신체 제약 심정 연령차별 인종차별 성차별 동성애 혐오 사회문제 목록 저자 주장 시민권 운동 여성운동 성소수자운동 노인운동 요즘 각계 여성혐오 논쟁 직장 노인 노동자 처지 대중매체 대중 매체 노인 표현 노인 외모 비하 노인들 내면화 연령차별주의 이야기 저자 한국어판 서문 한국인들 전통적 의식 쇠퇴 광범위 성형수술 유혹 고령화 이야기 전반적 생활 수준 경제 성장 한국 노인들 가난 지속적 노동 한국 노인 우울증 자살률 서구사회 개인주 전통 운전 거동 노인 낙담 서구식 개인주 전통 사회 현대 한국 전철 가능성 행정부 도널드 트럼프 정책 미국 한인 인종차별 스트레스 학술 성격 문제의식 문체 일반 독자 무리 현대 한국 미국 생산성 분주 마거릿 크룩섕크 대항문화 나이듦 노년학 노인들 대중매체 가능성 양극화 콜먼 미국인들 미국인 도널드 구성물 시간 의료비 인종차별 개인주 비노인층 자본주의
박근혜정부,이해,독점 연재 공 문제 풀자 의 편지정치 김시대엔 여백과 함축 있었다 년 월 일 제 대 국회의원 총선 결과로 한국 정치는 새로운 판이 열렸다 이른바 여소야대 당 체제가 등장했다 언론에선 노 김 노태우 김대중 김영삼 김종필 체제라 부르기도 했다 집권당인 민정당은 과반의석 석 에 크게 못 미치는 석을 차지했다 내가 이끈 신민주공화당은 국회 교섭단체 기준 의석 석 을 크게 공 편지정치 김 시대 여백 함축 김종필 소이부답 여소야대 캐스팅 보트 영수 회담 제의 화답 직설 단선 정치 방식 생략 절제 언어 한자 편지 결과 국회의원 총선 한국 정치 여소야대 체제 등장 언론 노 노태우 김대중 김영삼 김종필 체제 집권당 민정당 과반의석 석 석 차지 신민주공화당 국회 교섭 단체 기준 의석 석 상회 석 대선 등 김대중 총재 평화민주당 석 김영삼 총재 통일민주당 석 제 야당 정권교체 실패 자책 침체 야권 분위기 활기 정국 주도 조건 야대 상황 정권 전두환 잘잘못 청산 환경 조성 김영삼 김대중 김씨 불신 앙금 사람 악수 손바닥 정도 악수 스킨십 친밀감 전달 사람 가까이 기운 만큼 치열 인간미 정치 상대방 자극 경쟁자 정치문화 나름 노력 제 당 총재 정상 자리 야망 접촉 부담 물고기 방향 꼬리지느러미 체제 여소야대 흐름 의석수 제일 신민주공화당 조정 생각 독주 체제 캐스팅보트 행사 국회의장 김재순 국회 의장 구조 황금분할 총선 일주일 일 김씨 편지 김 정국 영수 회담 제의 전화 사람 편지 선택 정성 편지 마음 성의 친밀감 평소 전용 메모지 세로 정성 품격 편지 이희일 비서실장 사람 차례 전달 총선 성과 축하 말씀 국정 회동 합의 생각 의견 답장 감사 올림 신민주공화당 김종필 총재 한자 생략 절제 시사 미학 직설 단선 완곡 여백 총재 언론 정치 표현 단 정치방식 예의 격조 글월 정국 편지 이틀 하루 답신 사람 전용 편지지 사인펜 붓펜 정성 동의 정치 함축 여운 난제 과거 편지정치 묘미 귀빈식당 여의도 국회 귀빈 식당 총재회담 총재 회담 서울 공식적 년 회담 회담 주최 초안 현안 합의문 준비 토대 김씨 자신들 의견 가감 방식 진행 정치 합의 서로 자신 주장 양보 납득 이치 집약 이날 합의 키워드 청산 야권 특위 비리 조사 광주민주화 운동 진상 규명 특위 특위 구성 편지정치 효과 덕분 공조 시작 순조 김씨 생각 판단 야권 선명 경쟁 거리 국익 안정 상대적 중시 대법원장 임명 동의 표결 차이 대통령 지명 임명동의안 정기승 대법원장 임명 동의 평민 민주당 반대 당론 공화당 자유투표 부결 대법원장 인준 국회 부결 집권 세력 청와대 민정당 정국 중심 대통령 이틀 이일규 판사 대법원장 지명 국회 동의 요청 공화당 대통령 인사권 존중 사법질서 안정 당론 찬성표 연말 임명동의안 강영훈 국무총리 임명 동의 평민 민주당 절차 문제점 반대 총리 임명 대통령 정국 안정 측면 판단 찬성 방침 공조 개별 사안 집권당 협조 정치방식 임명 동의 처리 여야 공동 정치 여소 야소 국민 생활 이상변전 안정 바탕 진취 발전 보장 국가 보안법 폐지 논란 목소리 그해 문익환 목사 임수경 여대 서경원 의원 통일운동 자처 불법 북한 구속 주장 보안법 폐지 고개 김씨 보안법 폐지 형법 수용 요구 국가 기본 소리 일반 사람 보안법 생활 곤란 제한 북한 보안법 폐지 반대 보안법 개폐 논란 국회 국회 최대 청산 해법 단계 전두환 부정 재산 반환 국민 사과 노태우 대통령 국민 이해 결단 뒷수습 화합 차원 마무리 원인 당사자들 사죄 납득 조치 피해자들 용서 해원 수순 평소 비리 척결 전두환 사과 부정 재산 환수 요구 사법처리 반대 처지 생이불여사 만큼 관용 용서 처벌 전두환 장학재단 서산목장 제주 감귤 농원 부정축재 개인재산 둔갑 부패 정치인 인물 전두환 년 생각 분노 마음 한구석 요구 청산 사회 전반 전두환 체포조 자처 학생들 전두환 서울 연희동 습격 전두환 부부 서울 올림픽 사과 의사 재산 헌납 강원 인제 백담사 유배 유배 청산 절정 청문회 국회 출석 전두환 증인 의석 살인마 전두환 소리 명패 증언 소동 청문회 난장판 결국 자정 전두환 답변 청문회 용두사미 전두환 스님 관용 제의 정국 청산 지연 국가 에너지 청문회 이튿날 공화당 신년 얘기 슈베르트 악장 교향곡 생애 교향곡 실패 전씨 증언 미흡 사실 공 역사 평가 미완 정치권 경제도약 정치안정 최선 년 청산 정치적 종결 입장 표명 역사관 공과 구분 평가 전두환 정권 재임 서울 올림픽 유치 무역 수지 흑자 기록 성과 한국 임기 퇴임 대통령 기록 대통령 역대 한국 혁명 변고 임기 이승만 대통령 하야 박정희 대통령 부하 발작증 배신 최규하 대통령 중간 전두환 부정 정국 청산 정리 여소 야대 정치 대변신 예비 부결 정기승 대법원장 임명 동의 년 여소야대 정국 풍경 집약적 사건 헌정 사상 대통령 지명 대법원장 후보 임명동의안 국회 부결 후보 정기승 대법원장 공주 출신 서울대 법대 공 전두환 대통령 대법관 출범 노태우 정부 민주 열기 사법부 소장 판사 사법 개혁 성명 사법파동 김용철 대법원장 사퇴 대통령 정기승 후임 내정 대한변협 민변 공 인사 대표 코드 판결 외압 흔적 반대운동 정리 전영기 최준호 전두환 공 대법원장 여소야대 김씨 보안법 서울 임명동의안 정기승 김 청문회 공화당 신민주공화당 노태우 김종필 한국 김영삼 김대중
박근혜정부,이해,속 끓는 유력 대권주자들 벌써 검증 긴장 앵커 대선 주자들에 대한 검증은 언제 시작될까요 요즘 차기 대선 주자로 꼽히는 유력 정치인들이 여러 구설과 당내 갈등으로 속앓이를 하고 있는데 벌써 혹독한 검증이 시작됐다는 관측도 나오고 있습니다 김선중 기자의 보도입니다 기자 새누리당 김무성 대표는 갑작스레 불거진 둘째 사위 마약 전력이 시빗거리가 되고 있습니다 특히 상습 마약 복용 혐 유력 대권 주자 검증 긴장 앵커 대선 주자 검증 시작 요즘 요즘 대선 주자 유력 정치인 구설 당내 갈등 속앓이 검증 시작 관측 김선중 보도 대표 새누리당 김무성 전력 사위 마약 시빗거리 상습 마약 복용 혐의 형량 논란 국감 여야 공방 김정훈 새누리당 정책위 의장 법원 요새 정치 부탁 불이익 야당 정치 공세 자제 서영교 새정치민주연합 의원 실형 집행유예 상습투약 검찰 항소 대표 새정치연합 문재인 당내 갈등 격화 리더십 위기 카드 정면 돌파 주류 비노 갈등 조짐 감정 싸움 문재인 새정치연합 대표 개인 정치 입지 계산 계파 이해관계 탈당 분당 얘기 행위 안철수 새정치연합 의원 혁신안 통과 관심 통과 내년 총선 승리 확률 논란 아들 병역 제기 박원순 서울 시장 시장 당장 의혹 제기 언론사 시민단체 고소 방어막 논란 해소 잠재적 대선 주자 사무총장 반기문 유엔 친인척 파문 성완종 게이트 연루 의혹 주자들 유력 대권 주자 논란 유력 주자 검증 시작 해석 새누리당 새정치연합 문재인 박원순 이해관계 성완종 김선중 비노 반기문 김무성 주자들 집행유예 분당 시민단체 서영교
박근혜정부,조직,조 집중탐구 러시아 팀컬러 끈끈한 젊은피 해외파 없어 더 무섭다 국내파라 쉽다는 생각은 금물이다 내년 브라질월드컵 첫 상대인 러시아 랭킹 위 월 일 는 국내파 위주로 짜였으나 막강한 전력을 자랑한다 해외에서 뛰는 선수가 많아야 강팀이라는 말은 최소한 러시아 대표팀엔 통하지 않는다 지난해 월부터 러시아 지휘봉을 잡은 파비오 카펠로 감독 이 역발상의 용병술을 부렸다 기량이 뛰어난 해외파 러시아 팀컬러 해외파 국내파 생각 금물 내년 브라질월드컵 상대 러시아 랭킹 위 월 국내파 위주 막강 전력 자랑 해외 선수 강팀 최소 러시아 대표 월 러시아 지휘봉 감독 파비오 카펠로 역발상 용병술 기량 해외파 러시아 대 중반 선수들 중용 서로 조직력 결과 러시아 조 월드컵 유럽 예선 승 무 패 기록 포르투갈 년 본선 무대 강 신화 월드컵 한국 조직력 무기 한국 부담 러시아 저력 수비 유럽 예선 경기 골 러시아 매치 경기 소화 이그나셰비치 중앙 수비수 세르게이 알렉세이 베레주츠키 모스크바 핵심 러시아 자랑 철벽 수문장 이고르 아킨페예프 모스크바 년 호흡 짠물 수비 자랑 지난달 아랍에미리트 한국 평가전 골 주전 비교 대상 월드컵 차원 상대 판단 맞대결 준비 러시아 카펠로 감독 성향 승리 지상주의 자신 축구 철학 강팀 체면 선수비 후역습 전략 자유자재 구사 전설적 명감독 카펠로 스승 사키 카펠로 축구 승리 카펠로 축구 평가 정도 카펠로 감독 레알 마드리드 정규 리그 우승 년 비운 결과 중요 대표팀 러시아 약점 경험 부족 선수들 주축 대회 경험 국내파 위주 남미 유럽 무대 경험 선수 대다수 경기 한국전 적응 어려움 가능성 쿠이아바 날씨 습도 한국 유리 요소 러시아 카펠로 한국 국내파 유럽 세르게이 조직력 강팀 해외파 모스크바 이그나셰비치 선수들 파비오 대표팀 아랍에미리트 자유자재 가능성 쿠이아바 아킨페예프 모스크바 포르투갈 이고르 위 후역습 베레주츠키 무 패 수문장 경기 마드리드 용병술
박근혜정부,조직,조성하 전문기자의 그림엽서 올림픽 유산 그건 지속 가능한 발전 엽서의 이곳은 프랑스 알프스의 발디제르 해발 로 프랑스 사부아 주 타렌테즈 계곡에 있다 년 알베르빌 겨울올림픽의 주 무대이자 남자 활강 경기가 열렸던 스키마을이다 멀리로 댐과 설원이 보이는데 이 케이블카로 오르는 솔레즈 봉 의 산악과 이어진다 그래서 산정에서 스키를 타고 봉우리 두 개만 넘으면 갈 수 있다 그리고 그 올림픽 유산 지속 가능 발전 엽서 프랑스 알프스 발디제르 해발 계곡 프랑스 사부아 타렌테즈 겨울올림픽 알베르빌 겨울 올림픽 무대 경기 남자 활강 스키마을 설원 케이블카 솔레즈 산악 산정 스키 봉우리 너머 스키마을 티뉴 발디제르 티뉴 거대 스키장 리프트 케이블카 스키 지하철 포함 설원 총연장 스키 트레일 커버 에스파스 킬리 일주일 슬로프 섭렵 짐작 스키 마니아 킬리 이름 기억 프랑스 번째 겨울 올림픽 그르노블 대회 관왕 스키 영웅 장클로드 킬리 킬리 발디제르 티뉴 년 영웅 이름 역사상 프랑스 스키 역사 올림픽 대업 기념 스키 발디제르 킬리 년 알베르빌 겨울 올림픽 공동조직위원장 킬리 덕분 에스파스 킬리 올림픽 무대 등극 발디제르 이달 개장 준비 숙소 티뉴 클라레 티뉴 클럽메드 스키 승용차 발디제르 방문 년 방문 몽블랑 샤모니 세계 최대 스키장 트루아발레 프랑스 스키장 프랑스 알프스 취재 발디제르 티뉴 스키 스키장 변화 마을 년 마을 올림픽 샤네아크 건축가 장루이 대대적 건축 확장 샬레 전통 목조 주택 산악마을 고풍 유지 규모 이젠 타운 전통 샬레 고풍 분위기 유지 고급 계곡 진입로 고층 호텔 티뉴 티뉴 클라레 마을 예전 클럽메드 호텔 규모 산악마을 티뉴 트루아발레 발토랑스 스키마을 배쯤 이달 미슐랭 출신 셰프 음식 제공 클럽메드 럭셔리 빌리지 발토랑스 센세이션 개장 변화 시사 스키마을 프랑스 알프스 지속적 투자 알베르빌 겨울 올림픽 유산 몽블랑 몽블랑 타렌테즈 계곡 고속 철도 테제베 산중 스키마을 도로 접근성 알베르빌 올림픽 경기 타렌테즈 계곡 스키마을 올림픽 수단 국제 관광 마케팅 적극 활용 전략 예상 적중 국제자본 투자 파라디스키 레자크 라플라뉴 스키마을 트루아발레 메리벨 쿠르슈벨 발토랑스 스키마을 에스파스 킬리 발디제르 티뉴 스키마을 세계 명소 부각 타렌테즈 계곡 숙박일 기록 만큼 방문객 투자 지속적 부동산 면적 부동산 평균 추세 년 년 죄악시 시각 난개발 티뉴 호텔 주인 증명 올림픽 원래 장사 적자 달러 그중 지역민 장사 여부 평창 성공 올림픽 관광수입 평가 올림픽 유산 지속 가능 발전 올림픽 발디제르 프랑스 스키마을 프랑스 티뉴 발디제르 킬리 알베르빌 스키장 몽블랑 트루아발레 클럽메드 타렌테즈 알프스 발토랑스 테제베 부동산 케이블카 설원 에스파스 겨울올림픽
박근혜정부,조직,딤프 전용 공연장 후원사 제도 필요 대구국제뮤지컬페스티벌 딤프 이 세계적인 축제로 도약하기 위해서는 질적 성장에 집중해야 한다는 제안이 나왔다 대구경북연구원 오동욱 사회문화연구실 연구위원은 일 최고경영자 브리핑을 통해 딤프 주년 아시아를 넘어 세계 최고를 향하여 라는 논문을 발표했다 딤프는 년 동안 작품 편 국외 편 국내 편 을 딤프 전용 공연장 후원사 제도 대구경북연구원 오동욱 위원 제안 대구국제뮤지컬페스티벌 세계적 축제 도약 성장 집중 제안 대구경북연구원 오동욱 사회 문화 연구실 위원 최고 경영자 브리핑 딤프 주년 아시아 세계 최고 딤프 년 작품 국외 편 공연 연구위원 년 추진 조직 전문 확보 전용 공연장 재정 안정 제도 공식 후원사 제도 확대 해외 교류 아트마켓 강화 아트마켓 제시 딤프 중심 설립 글로벌 뮤지컬 발전 협의회 딤프 아카데미 상설 운영 제안 일 어워즈 딤프 시상식 영국 금발 대상 존스 여주인공 루시 여우주연상 러시아 감브리누스 거리 악사 연기 세르게이 에르덴코 남우주연상 수상 대학생 뮤지컬페스티벌 대상 레미제라블 공연 세대 공연 예술학 딤프 주년 기념 최고 스타상 최정원 뮤지컬 배우 딤프 아트마켓 공연장 오동욱 연구위원 대구경북연구원 루시 여주인공 주년 후원사 세르게이 에르덴코 남우주연상 감브리누스 대학생 러시아 경영자 여우주연상 영국 대구
박근혜정부,책임,떠날 때도 돌아올 때도 뜬금 김태호 여 최고위원 사퇴 후 상황 변화 없는데도 일 만에 복귀 새누리당 김태호 최고위원 사진 이 일 최고위원직 사퇴 의사를 번복하고 직무에 복귀했다 지난달 일 국회가 밥만 축내고 있다 뜬금 김태호 최고위원 새누리당 김태호 최고 위원 최고 위원 사퇴 의사 번복 직무 복귀 국회 지난달 사퇴 선언 최고 정론관 이날 국회 기자회견 혁신 쇄신 지도부 요청 외면 최고 위원 사퇴 정확 의도 파악 주위 복귀 명분 국정 감사 기간 일정 국회 본회의 통과 경제 활성 법안 촉구 사퇴 상황 변화 사퇴 번복 여당 최고 위원 처신 빈축 의식 사퇴 즉흥적 돌발적 비판 대한민국 정치 대표 책임 통탄 사퇴 선언 최고 새누리당 지도부 본인 최고 위원 복귀 요청 부탁 최고 위원회 최고 위원 복귀 요청 공식 의결 최고위원 지도부 김태호 새누리당 본회의 대한민국 돌발적 기자회견 위원회 정론관
박근혜정부,책임,사설 가당치 않은 지식 절도범 교육장관 송광용 신임 청와대 교육문화수석비서관에 이어 김명수 교육부 장관 후보자까지 표절 논란에 휩싸이고 있다 다른 자리도 아니고 우리나라 교육을 책임지는 최고위직이라는 점에서 충격이 크다 두 사람 모두 자신이 지도한 제자의 논문을 학술지에 실으면서 자신을 제 저자 제자를 제 저자로 올렸다 제자의 연구성과를 자신의 업적인 양 포장한 것이다 한국대학 지식 절도범 교육장관 송광용 신임 청와대 교육 문화 수석 비서관 김명수 교육부 장관 후보자 표절 논란 자리 우리나라 교육 최고위직 충격 사람 자신 지도 제자 학술지 자신 제 저자 제자 제 저자 제자 연구성과 자신 업적 포장 한국대학교육협의회 유사도 표절 후보자 제자 일치 수석 유사도 변명 여지 표절 사람 변명 제자 학술지 게재 지도교수 고마움 제 저자 후보자 제자 학술지 게재 교수 이름 요청 수석 표절 변명 방식 대학원 지도교수 학생 정도 생살여탈권 절대 존재 학생 요청 핑계 제 저자 제 저자 교수 실적 평가 연구력 지표 좌우 사람 제자 가능성 사람 학술지 무렵 송자 연세대 총장 김병준 청와대 정책 실장 표절 의혹 교육 장관 자리 탈락 표절 중대 하자 절감 감행 교육계 수장 자리 욕심 무지 후보자 김병준 교육부 총리 낙마 한나라당 나경원 대변인 표절 의혹 교육 노력 교수분 국민 양심 논평 사람 청와대 국회의원 보좌진 며칠 인력 첨단장비 동원 청와대 검증 극도 무능 철면피 박근혜 대통령 정상 관행 문제들 추상 사람 비정상 정상화 청와대 후보자 김병준 학술지 유사도 교육부 제 저자 교육장관 한나라당 지도교수 송광용 김명수 박근혜 첨단장비 철면피 생살여탈 연구력 생살여탈권 보좌진 연세대 송자 문제들 절도범 정상화 나경원 한국대학교육협의회 대학원 국회의원 교육계 비정상 대변인
박근혜정부,책임,선거구 무효 사태에 김대년 획정위원장 사퇴 국회의원 선거구 획정위원회 김대년 위원장이 선거구 무효 사태에 대한 책임을 지고 오늘 사퇴했습니다 김 위원장은 여야 합의 없이 독자적으로 선거구를 획정하는 것은 불가능하다며 여야 동수로 구성된 획정위원 추천 방식과 의결 정족수 등 제도 개선을 촉구했습니다 중앙선거관리위원회는 오는 일 전체회의를 열어 예비후보의 선거운동 허용과 등록신청 접수 재개 등의 사태 선거구 무효 사퇴 김대년 획정 위원장 위원장 국회의원 선거구 획정 위원회 김대년 사태 선거구 무효 책임 사퇴 위원장 여야 합의 독자적 선거구 획정 불가능 여야 동수 구성 방식 획정 위원 추천 의결 정족수 제도 개선 촉구 중앙선거관리위원회 회의 예비후보 선거 운동 허용 재개 등록 신청 접수 중점 논의 계획 김대년 선거구 위원장 위원회 예비후보 중앙선거관리위원회 정족수 독자적 불가능 국회의원 획정 접수 선거 허용 추천 여야 무효 사퇴 재개 방식 논의 개선 촉구 예비 제도 회의 후보 중점 중앙 등록 의결 신청 구성
박근혜정부,취업,집중진단 끊이지 않는 비리 사슬 교피아 커넥션 앵커 멘트 교육부 고위 공무원 상당수는 퇴직 후에 대학으로 자리를 옮기고 있습니다 대학들이 교육부 고위 퇴직자들을 서로 모시려는 것은 교육부의 막강한 행정적 재정적 영향력 때문인데요 교육부 마피아 이른바 교피아 커넥션 이라는 말이 생길 정도입니다 이어서 이경진 기자입니다 리포트 구속된 김 전 대변인이 뇌물 수수 혐의를 받는 시점에 근무했 비리 사슬 교피아 커넥션 앵커 멘트 교육부 고위 공무원 퇴직 대학 자리 대학들 퇴직자들 교육부 고위 퇴직자 교육부 막강 행정적 재정 영향력 교육부 마피아 교피 커넥션 정도 이경진 리포트 구속 대변인 혐의 뇌물 수수 시점 근무 교육부 대학 정책실 년 일반대 전문대 여 대학 정책 총괄 부처 핵심 조직 대학 평가 조 예산 대학 지원 대학들 대학정책실 중요 로비 대상 녹취 음성변조 대학 관계자 음성 변조 구조 개혁 정원 감축 국책 사업 연결 중앙 분들 학교 학교 정책 년 년 전문대 편의 각종 행정 금품 교육부 간부 구속 교육 공무원 사학 재단 유착 사회 정부 퇴직 교육 공무원 사립대학 법인 총장 이사 재취업 심사 규정 강화 사립대 교수 교원 예외 인터뷰 이수연 대학교육연구소 연구원 대학 직책 중요 교육부 직책 작용 교피아 척결 사립대 대학교수 대상 취업 제한 포함 년 교육부 퇴직 재취업 급 공무원 공무원 대학 총장 교수 자리 교육부 공무원 교피아 사립대 전문대 영향력 재취업 이경진 관계자 정책실 여 대학들 이수연 분들 일반대 교피 대변인 대학교수 대학교육연구소 사립대학
박근혜정부,취업,시 뉴스 인 남성남 별세 년대 풍미 희극인은 영상의뢰 동현피디가 의뢰함 맞춤법 검사 완료 앵커 년대를 풍미했던 코미디언 남성남 씨가 어제 별세 코미디계가 큰 슬픔에 잠겼는데요 격동의 시기였던 년대 서민들의 애환을 달래고 웃음을 선사했던 희극인들은 누가 있는지 원로 코미디언 한무 씨 모시고얘기 나눠보겠습니다 질문 먼저 남성남 선생님의 갑작스러운 비보에많이 놀라셨겠다 가장 먼 남성남 별세 년대 풍미 희극인 영상 의뢰 동현피디 의뢰 맞춤법 검사 앵커 년대 풍미 코미디언 남성남 별세 코미디계 슬픔 격동 서민 애환 웃음 선사 희극인들 한무 얘기 원로 코미디언 한무 질문 남성남 선생 비보 소식 선생님 기억 코미디언 남성남 그래픽 코미디계 데뷔 남철 남성남 데뷔 콤비 풍미 세 출연 향년 별세 질문 선생님 코미디언들 원로 코미디언 총출동 콘서트 남성남 공연 공연 영광 예술의전당 원로 코미디언 총출동 이날 공연 남성남 한무 김영하 이용식 엄용수 유성 서우락 시대 풍미 원로 코미디언 가수 참여 질문 남성남 남철 대표적 명콤비 남성 코미디언 이름 남철 남성남 년 남철 죽음 비통 가슴 아내 느낌 심경 남성남 남철 성격 기름 성격 호흡 찰떡궁합 무대 호흡 질문 남성남 생전 뇌졸중 뇌졸중 오른쪽 마비 무대 화제 남성남 판단 아내 뇌졸중 개월 프로그램 섭외 남편 상황 남편 연예인 무대 생각 뇌졸중 진단 개월 무대 개월 본격적 시작 질문 남성남 남철 구봉서 배삼룡 콤비 한국 코미디 콤비 개그 이끈 세대 질문 한국 코미디 전설 배삼룡 남성남 향년 타계 생전 병원비 퇴원 코미디계 어른 자리 지병 흡인 폐렴 서울 아산병원 입원치료 당대 풍미 최고 코미디언 사업실패 투병생활 경제 고통 병원 병원 특실 입원료 진료비 지불 소송 사정 세상 비실이 그래픽 배삼룡 코미디언 데뷔 몸개그 원조 한국 찰리 채플린 폐렴 출연 흡인 세 입원 향년 타계 그래픽원 코미디언 구봉서 배삼룡 지기 배삼룡 사망 년 병원비 퇴원 모습 눈물 주체 질문 자 유행어 우연 기회 코미디언 케이스 해방 년 구봉서 아코디언 길거리 태평양악극단 단장 김용환 구봉서 악사 오인 캐스팅 아코디언 연주자 바람 사흘 구봉서 코미디 악기 공연 그래픽구봉서 악극단 생활 시작 영화배우 데뷔 여 구봉서 영화배우 데뷔 영화배우 구봉서 명성 여 영화 출연 질문 구봉서 희극인 인물 서영춘도 서영춘 극장 간판 희극배우 변신 케이스 서영춘 국도극장 선전부 취업 그림 미술 배우 출연 무대 공연 인연 배우 그래픽서영춘극장 간판 희극배우 출세 변신 영화 남주나 데뷔유행어 인천 앞바다 사이다 인생갑 단골손님 코미디 영화 봉서 송해 출연 별세 질문 년대 풍미 희극인 이기동 이기동 최고 코미디언 구봉서 활동 부탁 무대 그래픽 이기동 중반 장교 전역 코미디언 구봉서 무대 활동 땅딸이 별명 닭다리 인기 유행어 별세 질문 년대 서민들 위안 웃음 선사 요즘 코미디언 후배 원로 코미디언 요즘 후배들 남성남 구봉서 남철 배삼룡 유행어 희극인 한국 영화배우 한무 세 이기동 코미디계 서영춘 병원비 대한민국 개월 선생님 진료비
박근혜정부,취업,퇴직 공직자 재취업 민간 전문가 손에 맡긴다 앵커 지난주 출범한 인사혁신처가 관피아 척결 을 위해 과감한 시동을 내걸었습니다 퇴직공직자의 재취업을 심사하는 취업심사과장 직위를 민간에 개방하는 등 혁신처내 개 직위를 민간 전문가들로 채우기로 했습니다 이선아 기자가 보도합니다 기자 공직자윤리법은 공직자가 퇴직한 이후 년 동안 퇴직전 년간 소속됐던 부서와 관련있는 업체 재취업 퇴직 공직자 민간 전문가 앵커 지난주 출범 인사혁신처 관피아 척결 시동 퇴직공직자 재취업 심사 취업 심사 과장 직위 민간 개방 직위 혁신처 민간 전문가 이선아 보도 공직자윤리법 공직자 퇴직 년 퇴직전 소속 부서 업체 취업 규정 민관유착 특혜 로비 가능 차단 심사 탈락 실효 논란 세월 참사 관피아 대두 퇴직 공직자 심사 지적 출범 인사혁신처 퇴직 공직자 심사 총괄 취업 심사 과장 직위 민간 개방 취업심사과장 퇴직 공직자 민간기업 취업 연관성 업무 연관 심사 승인 여부 결정 직위 공무원 민간 전문가 채용 공무원 제식구 관피아 낙하산 논란 해소 사회 각계각층 공직후보자 발굴 차관 임용 지원 인재정보기획관 민간 개방 과장급 인재정보담당관 혁신처 직위 민간 전문가 민간 충원 직위 발굴 혁신처 인력 가량 외부 경쟁 직위 운영 방침 설명 출범 일주일 혁신처 파격적 시도 공직사회 새바람 주목 혁신처 공직자 관피아 전문가 취업심사과장 퇴직전 공무원 이선아 재취업 새바람 민관유착 인재정보기획관 연관성 공직사회 각계각층 공직후보자 인사혁신처 공직자윤리법 후보자 퇴직공직자 인재정보담당관 담당관 기획관 제식구 일주일 과장급 민간기업
박근혜정부,태도,고시원의 낭만 편견의 대상이 되다 청년정책은 일자리만으로는 해결될 수 없다 청년주거 역시 시급하게 풀어야 할 숙제 중 하나이다 젊은 층에 다양한 형태의 주거 프로그램이 제공되는 것은 이리저리 꼬인 사회문제의 실타래를 푸는 시작점이기도 하다 물론 아직 구체적인 사례나 장기적인 전망은 부족하다 현실의 벽 또한 높다 민달팽이유니온의 임경지 위원장과 공사의 서종균 사무처장이 만나 고시원 낭만 편견 대상 건축신문 주거비 청년세대 청년정책 일자리 해결 청년주거 숙제 형태 주거 프로그램 제공 사회문제 실타래 시작점 구체적 사례 장기적 전망 부족 현실 민달팽이유니온 임경지 위원장 공사 서종균 사무처장 청년주거 현황 대안 이야기 청년 주거 정책 임경지 청년주거 질문 진짜 표현 효과적 고민 기성세대들 반응 주거 사다리 대 월세 직장 전세 결혼 대출 매매 일련 프로세스 고생 요즘 설명 고민 기성세대 경험 청년 평생 월세 불안 전반적 주거빈곤 불안정성 응축 기성세대 고시원 대 낭만적 시절 대 소리 서종균 대 낭만적 고시원 낭만적 임경지 생각 시골 가족들 서울 대학 공간 대학생활 직장 낭만적 대학 졸업 취업 시대 청년세대 주거환경 과거 월세 부담 청년주거 이해 해결점 시절 이해 서종균 사람들 노력 사회 노인 사회 약자 해결 민달팽이유니온 사회 경제 주거취약층 대두 청년들 연대 주거 모델 실현 제도 개선 실천 청년 주거 보장 주거 평등 완화 활동 민달팽이유니온 임경지 노인빈곤 공감 권리 권리 존재 권리 주장 사람 의무 논리 권리 의무 대가 청년 주거공간 근로의욕 사람 주거권 자체 독립 서종균 편견 도전 극복 사회 발전 중요 척도 권리 청년 편견 대상 자체 청년 이야기 임경지 청년주거 획득 자료 통계 논리적 이야기 하소연 생각 방식 한국 복지 국가 생각 권리 주장 위협적 존재 서종균 논리 느낌 청년 스스로 사람 태도 사회 자원 배분 방식 단순 이용 자체 고시원 생활 호소 가능 고시원 생활 인간 권리 침해 자기실현 기회 박탈 사회적 주장 투자 현실 진짜 제공 우선 자원 한정 이전투구 사례 접근 건강 미래 권리 주장 접근 방법 임경지 한국 사회 청년 청년주거 청년 주거 일반주거 합의 철거민 임대 주택 이주 방식 정부 해결법 상황 발생 진단 합의 소모적 논쟁 박원순 서울 시장 서울 청년 보장 이름 청년정책 한정 자원 집중적 투자 취약계층 권리 보장 맥락 출발 난리 청년정책 일자리 중심 진행 신용 주거 금수저 흙수저 유행어 자산 평등 가속화 세대 불평등 세대 대두 서울시 패키지 정책 청년문제 일자리 국한 입장 해결책 청년수당 이름 수당 명칭 언론 스펙 인 만 지원 정책 시도 언론 청년수당 정책 억 사실 부각 주택정책과 억 주거 예산 억 확보 금액 중요 쟁점 논의 사회 변화 거버넌스 책무 서종균 이야기 기성세대 반성 청년주거 이야기 시작 청년 고시원 생활 사회문제 자원 배분 맥락 사람들 정도 고민 기성세대 시작 노인 정치적 청년들 대학생 단체 조직 상대적 정치 소외 집단 자원 배분 목소리 기회 노인층 대변 균형 생각 청년 사회 변화 대응 취업 결혼 마련 정책 평생 월세 세대 주택 논리 적용 논리 시대 정책 결정자 연구자들 무감각 편견 정도 생각 사람들 사회 이해 대응 고민 정치인 사이 편견 수준 논의 민달팽이유니온 보건 복지 시도 청년 활동 지원 무산 정치 소송 기각 촉구 기자회견 민달팽이유니온 임경지 청년정책 독립적 정책 분야 이견 여성정책 노인정책 동등 지위 경제 지위 정치 지위 청년 생기 청년운동 과업 청년 고민 증명 청년 부유 청년 염두 사실 청년 정책 대상자 청년 정의 고민 청년 가구 세대 주인 부모 흙수저 정책 대상자 방식 생각 독립적 정책 마련 중요 한국 사회 청년주거 정책 서종균 예전 주거 인권 이야기 차별 배제 사람들 기회 생각 상속제도 공부 차별 사례 발견 중요 당장 해결책 마련 과거 사례 사회 생각 변화 출발 청년 정책 제안 임경지 청년주거 사회주택 움직임 서울시 선도 논의 민달팽이유니온 년 사회주택 번역 사용 급진적 내부 지지 이견 서울시 조례 일상용어 행정용어 행정 청년주거 해결 청년 주거 거버넌스 말씀 시민단체 제기 정당 잣대 시각 사회 다수자 언어 구성 소수자 제기 다수 통계 언어 출발 언어 획득 서종균 정치지형 정치지형 헤엄 정치지형 판단 중앙 지방 권력 사이 갈등 전략 중요 틈새 기회 세대 갈등 세대 지역 폐쇄성 임경지 한국 사회 고질적 지역갈등 세대갈등 이성 대화 불가능 갈등 기성세대 꼰대 현상 과거 꼰대 단어 상대 적대적 갈등 세대 비균질 무시 고민 공공임대주택 증명 미담집 고민 가구 시민 부여 주제 공개토론 마련 노인 편견 공공주택 발달 장애인 직업학교 특수학교 난관 봉착 서울시교육청 논리 장애인 지역 입장 임대주택 청년 노인 지역 임대주택 비논리적 해결 화두 이야기 지역사회 폐쇄적 전근대적 여성 시민 존중 활동 일상적 성폭력 감수 이야기 주민들 결과적 양보 사람 정치적 사람 경제적 사람 서종균 공청회 상황 역전 방법 갈등 경험 해소 장소 임경지 주거기본법 주거정책심의위원회 명시 주거 정책 심의 위원장 국토 교통부 장관 전문가 경험 학식 경험 학식 전문가 사람 전세임대 대학 전세 임대 경험자 목소리 시행 주거 기본법 공공 주택 수립 이상적 모델 현장 목소리 대로 공청회 장이 수도 서종균 갈등 대립 방법 가지 공청회 의견 사람들 조율 반복 논점 에너지 집중 해결법 뒷전 임대주택 사회 약자 시설 반대 직면 슬기 대응 방법 모색 소모적 공청회 생산적 고민 민달팽이유니온 년 여야 합의 설치 서민주거복지특별위원회 대책 종료 문제제기 민달팽이유니온 확대 임대 주택 공급 서종균 물량 임대 주택 공급 물량 달성 공격 요즘 주민 동의 원칙적 주민들 설명 합의 타협책 준비 현장 조금씩 임시방편 진행 서울시 국토부 주도적 해결 능력 주거정책 현실적 임대주택 보호 수단 공급량 생각 주체적 준비 임경지 재원 부족 주민 갈등 원래 서종균 재원 부족 재무 결함 나라 한국 임대주택 제도 설계 임대 특정 부담 적자 예상 임대주택사업 정상적 운영 재정적 어려움 사업 지속 가능 사업자 입장 임대주택 수록적자 유지 관리 비용 증가 부담 현실적 규모 한계 정치적 공격 방식 공급량 확대 가능 청년 주거 한정 재정 자원 부족 배분 가족 중심 가구 단위 기준 임대주택 공급 청년 대상 가구 대상 변화 발생 규모 비교 물량 청년주거 투입 가능 자원 제약 요소 산재 가구 임대주택 원룸형 효율적 대응 임대주택 공유주택 개념 민간 시장 사회 주택 개입 임경지 임대주택 청년주거 해결 개선 방식 모델 행복주택 위기 기회 공공 주택 확충 행복 주택 개선 행복주택 취업준비생 정규 노동자 입주 가능 구조 임대료 기준 시세 도심 주택 가격 임대료 행복주택 지속가능성 고민 시세 임대료 왜곡 구로구 금천구 행복 주택 시세 결정 여의도 포함 얘기 입주자 소득 지역 결정 지속 가능 모델 공공주택 의사 재정 부담 청년 임대주택 건설 민간 시장 눈독 서종균 공공 임대 주택 정책 정상화 중요 정상적 사업 구조 민간 사업 당장 적자 공기업 민간기업 적자 보조 정책 민간기업 경쟁 임대주택 건설 요구 정상적 형태 느낌 방향 욕심 내외부 달팽이 민달팽이유니온 임경지 사회주택협회 시세 질문 자유 민간기업 공기업 효율적 공급 차이 질문 대답 지속가능 생각 민달팽이 민간 사업자 임대 사업자 주택 공급 가능 모델 개척자 고민 민달팽이유니온 민간 사업자 영역 시각 민간 사업자 순간 건설사 경쟁 질문 지속 가능 공급 의미 사실 사회주택 토지 임대 사회 주택 공급 논쟁적 요소 일각 사회주택 공급 중요 주거 안정 우선 지적 제도적 갱신권 임대 기간 갱신 보장 주택임대차보호법 갱신권 세입자 제도화 서종균 사회주택 주체 방향 마음 사례 확산 방법 사례 체계적 생각 임경지 개인적 사회 주택 확산 경험 희생 정도 주택 가격 감당 사람들 현실적 경험 제도 틈새 서종균 고민 생각 분석적 시행착오 대안 가지 사업 매몰 기회 상황 주위 사람 부족 사회 생각 집단 주거문제 민달팽이유니온 청년주거 신경 고시원 고시원 생활 청년 자체 기본 생활환경 자녀세대 고시원 생활 고통 장기적 사회 영향 고민 고민 확산 자연 정책 정책 청년주거 원인 관심 상태 임대주택 공급 바우처 해결 생각 피부 마음 수단 당장 청년들 고시원 정도 현장 청년 편견 치부 사실 현상 인정 자세 사회주택 토지 매입 주택협동조합 민간 사업자 년 임대 사업자 토지 임대주택 저소득층 시세 임대료 최대 거주 주택 서종균 임경지 임대주택 청년주거 고시원 사회주택 민달팽이유니온 사업자 기성세대 서울시 공청회 임대료 공공주택 유니온 인 사람들 한국 대 청년정책 서울
박근혜정부,태도,대통령 거부권 두 번째 묘수 악수 서정욱 변호사 김만흠 한국정치아카데미 원장 앵커 아프리카 순방 중인 박근혜 대통령이 이른바 상시청문회법에 대해서 거부권을 행사했습니다 임기 중 두 번째 거부권 과연 묘수일까요 악수일까요 김만흠 한국정치아카데미 원장 미래기획위원 서정욱 변호사님 모십니다 인터뷰 안녕하세요 앵커 지금 인사를 나누는 동안 속보가 한 대통령 거부 묘수 악수 서정욱 변호사 김만흠 한국정치아카데미 원장 앵커 아프리카 순방 박근혜 대통령 상시청문회법 거부권 행사 임기 번째 묘수 악수 원장 김만흠 한국정치아카데미 변호사님 미래 기획 위원 서정욱 변호사 인터뷰 안녕 앵커 인사 속보 가지 반기문 사무총장 김종필 총리 신당동 자택 예방 소식 충청 연합론 관심 일정 반기문 사무총장 김종필 총리 신당동 자택 방문 소식 예방 구순 축하 편지 충청 대망 김종필 총리 반기문 총장 군계일학 인재 이야기 반기문 사무총장 자택 신당동 방문 소식 소식 전문가들 얘기 김만흠 원장 관심 일정 김종필 총리 자택 예방 인터뷰 초기 연관 충청 대망 직접적 행동 기정사실화 추측 제주 발언 얘기 첫날 발언 다음날 생각 방문 방향 김정아 앵커 충청 연대 이야기 이야기 새누리당 후보 이야기 새누리당 중심 형성 김종필 총리 정치활동 구속 세대 방향 반기문 총장 정치 한국 현실 추상적 현장 부응 실망 점수 본인 역량 앵커 검증 자택 방문 일정 인터뷰 정치인 행동 정치적 해석 충청 대표 정치인 자택 방문 대선 출마 걸음 생각 앵커 가지 일정 대선 행보 진행 인터뷰 순수 해석 정치적 해석 생각 인터뷰 정우택 의원 얘기 충청 대망 반기문 총장 초점 충청권 기회 가능성 반기문 총장 부각 야권 잠재적 후보 여권 본인 후보군 포함 충청 대망 반기문 사람 한정 주장 사람 앵커 반기문 사무총장 첫날 발언 사실상 대권 도전 시사 본인 말씀 해석 다음날 확대 이야기 인터뷰 시점 생각 정도 현직 사무총장 차원 현직 외교관 정도 발언 강도 얘기 현직 사무총장 일반 정치인 얘기 수준 공식적 출마 선언 본인 가지 역정 그동안 본인 도전 대권 도전 가지 쟁점 요소 정리 나이 건강 본인 국가적 리더 테스트 가능 남북문제 그동안 북한 방문 마니 성과 본인 유일 창구 이야기 활동 무대 사무총장 활동 사무총장 역할 국제언론들 외신들 중요 평가 상황 본인 성과 정도 강조 우리나라 지도자 중요 대통합 이야기 본인 적임자 이야기 선언 주목 사람 본인 논란 소지 앵커 간담회 첫날 관훈 클럽 사무총장 원래 반기문 정도 말씀 가지 얘기 정도 이야기 예상 인터뷰 결국 총장 그동안 반기문 대선 출마 긍정 부정 사무총장 정치 개입 긍정 방점 발언 반기문 총장 가지 내년 대선 시대정신 내년 대선 시대정신 북한 급변 트럼프 당선 안보 외교 정신 시대 가능성 경제 일자리 당선 가능 새누리당 분열 당선 가능 후보 새누리당 통합 가능 가지 변수 앵커 총장 안동 대선 후보 하회마을 고택 류성룡 선생 방문 예정 인터뷰 하회마을 자체 사무총장 문화적 접근 차원 행사 언론들 류성룡 리더십 조선 역할 초점 초점 해석 하회마을 문화적 관점 방문 지역 우리나라 유력 그동안 역사적 인물 방문 말씀 본인 행보 과거 반기문 총장 유력 핵심적 배경 새누리당 국민적 지지 야당 압도 시절 지지기반 유력 대선후보 반기문 총장 금상첨화 상황 상황 새누리당 총선 상황 새누리당 반기문 총장 친박 국민적 이미지 단기 반기문 총장 부상 새누리당 친박 국민들 주목 플러스 요인 앵커 표면적 인터뷰 단기적 효과 상부상조 국면 전환 반기문 총장 옛날 조건 본인 친박만 대표 대표 이미지 지지 상승 새누리당 김희옥 공직윤리위원장 비대 영입 현상 유지 느낌 상태 반기문 총장 새누리당 회의적 시각 앵커 상황 야당 견제심리 대표 문재인 더민주 총장 안동 인터뷰 얼마 안철수 대표 소록도 방문 이틀 방문 문재인 대표 이황 도산서원 고택 석주 이상룡 방문 한마디 우연 가장 필연 견제심리 앵커 우연 가장 필연 인터뷰 우연 가장 전략 선수 의도적 해석 행보 연속선상 문재인 대표 방식 정치행보 생각 우연 야당 년 반기문 총장 야당 유력후보 자산 문재인 대표 사무총장 노무현 정부 우리당 소속 논리 안민석 의원 이야기 하회 봉하마을 정도 야당 중요 대상 상황 정치민주연합 단일 정당 변화 유력 대권 후보 유력 대권후보 사람 반기문 총장 염두 국민 안철수 대표 상승세 장외 원외 손학규 대표 상황 광역자치단체장들 상황 얘기 시피 후보 반기문 대표 장점 의문 상황 유력 인재 후보 분류 상황 과거 반기문 총장 야권 호의적 평가 앵커 퇴임 실제 경선 여론조사 부동 위 나중 대선 국면 반기문 대망 인터뷰 반기문 총장 특성 장거리 게임 단거리 게임 본인 유리 논란 소지 과거 영업 경선방식 추대 방식 영입 서울 시장 후보 김황식 총리 영입 본인 단독 영입 정몽준 후보 경선 경선 상황 경험 총장 반기문 영입 새누리당 경선 방식 얘기 지지세 유지 국면 선두 김무성 대표 지원 경선 반기문 총장 등장 상대적 야권 안철수 대표 중첩 안철수 대표 손해 느낌 총장 본인 중도표 반기문 총장 안철수 대표 가능성 안철수 타격 가지 앵커 정치권 상시 청문회법 이야기 김만흠 원장 대통령 거부권 행사 아프리카 순방 전자결재 상시청문회법 정리 인터뷰 상시청문회법 개정 국회법 얘기 취지 상임위 활동 활성화 취지 항목 개정 그중 국회 상임위 활동가 임시회 정기회 동반 국회 월 법률 국회법 회 기본 상임위 가동 구체적 월요일 번째 상임위 가동 일주일 규정 대목 초점 논란 상임위 활동 법안 심사 심사 청문회 방법 법안 상임위 현안 국정감사 국정 감사 소관 현안 소관 현안 해석 소관 현안 중요안건 소관 현안 포함 특별 항목 추가 해석 소지 정부쪽 국무총리 법제처 이야기 소관 현안 항목 추가 중요 위헌 논란 제기 제기 상황 앵커 거부 행사 박근혜 정부 인터뷰 거부권 국가 대통령 대통령 국회 견제 수단 헌정 번 박근혜 정부 공통점 옛날 거부권 국회법 개정안 행정 입법 법률 수정 원칙 공통점 가지 옛날 국회 정부 권력분립 옛날 유승민 원내대표 주도 유승민계 의원 분들 찬성표 공통점 앵커 대통령 상시청문회법 거부권 행사 정도 예견 논란 순방 아프리카 거부 카드 시점 인터뷰 임기 국회의원 하루 국회 본회의 마감 국회 사실 시점 국회 시점 박근혜 대통령 아프리카 순방 전자결재 결정 전략적 의도 국회 재론 차원 제기 대 마감 국회 논의 가능 전제 얘기 정부쪽 여당 대 폐기 전제 전략적 전략적 상대적 정의화 국회 의장 여유 정부쪽 이송 이송 박근혜 대통령 대 정의화 국회 의장 비교 여유 박근혜 대통령 시점 박지원 국민 원내대표 대통령 아버지 박정희 쿠테타 한강 기습적 모습 비교 논란 소지 국회 거부권 행사 재의 요구 국회 존중 입장 심사 요구 전략적 방식 방식 협치 감정 소지 앵커 말씀 대로 법률 해석 야당 국회 재추진 입장 인터뷰 한마디 개정안 국회 꼼수 의결 정부 거부권 행사 청문회 개정안 대 일 총선 사람들 중요 의문 그다음 거부권 법리적 헌법 해석 우리나라 원칙 회기계속 원칙 임기 만료 불계속 대 재의결 견해 대립 학설 개인적 생각 앵커 마지막 질문 협치이야기 여소야대 정국 행진곡 상시 청문회법 거부 대치 정국 국회 시작 인터뷰 협치 필요성 얘기 협치 여야 협치 사실상 대통령 야당 협치 협치 서로 타협 협의 절충 결과 도출 국민 정책 집행 협치 손해 국민들 손해 협치 책임 국정 주도 집권 세력 협치 대통령 부담 상황 보통 선거 협치 이야기 내각 자리 협치 국면 야당 대통령 협조 국면 협치 붕괴 야당 손해 사실 세력 국민 집권 손해 국면 과거 협치 야당 방해 야당 과거 비판적 지적 협치 태도 야당 주도적 민생 기간 얼마 박근혜 대통령 타격 국면 의문 앵커 국회 개원 원장 정치 소식 김만흠 한국정치아카데미 서정욱 변호사 진단 인터뷰 감사 반기문 협치 새누리당 사무총장 거부권 충청 대 상임위 그동안 대 박근혜 우리나라 김만흠 안철수 상시청문회법 첫날
박근혜정부,태도,정치 안철수 대법 판결까지 불복 설득력 없어 새정치민주연합 안철수 의원이 일 최근 대법원 판결까지 불복하는 우리 당의 태도는 일반 국민의 정서에 비춰 전혀 설득력이 없다 고 말했다 한명숙 전 국무총리의 대법원 판결에 대해 당 지도부가 사법부의 정치화 라고 주장한 데 대한 비판이다 안 의원은 이날 국회 의원회관에서 정계 입문 주년 기념 기자간담회를 갖고 새정치연합은 윤리의식이 부 판결 안철수 대법 불복 설득력 의원 정치 민주 안철수 일 판결 불복 태도 일반 국민 정서 설득력 한명숙 국무총리 판결 지도부 사법부 정치화 주장 비판 의원 의원회관 이날 국회 의원 회관 기자간담회 정계 입문 기념 간담회 새정치연합 윤리의식 부족 온정주의 도덕성 상실 정권비판 메아리 지적 의원 부패 척결 방안 부패 혐의 기소 유죄 판결 재판 계류 당원 즉시 당원 정지 당직 일체 대상 공직 후보 자격 심사 배제 주장 부패 관련자 지위고하 영구퇴출 유죄 확정 확정 즉시 제명 조치 의원 주장 김재윤 박지원 신계륜 의원 혁신 대상 혁신 혁신안 마지막 혁신 공천 내년 총선 배제 용퇴 의원 명단 계획 의원 부패 척결 공천 배제 기준 제시 양상 의원 뇌물 액수 과징금 부과 비례 대표 의원 부패혐의 의원직 상실 후보 순번 계승 방안 의원 언행 반부패기조 준용 막말 명예 훼손 기득권 갑질 국민 분노 저급 의정활동 청산 주장 안철수 설득력 과징금 당원 대법 기득권 윤리의식 온정주의 의정활동 영구퇴출 막말 새정치연합 도덕성 지위고하 갑질 간담회 사법부 박지원 국무총리 한명숙 기자간담회 정권비판 혁신안
박근혜정부,현실,길을 찾아서 노동현장 뛰어드는 산업선교 와 만남 오재식 년 여름 오재식을 찾아왔을 당시 조지 토드는 당시 미국 장로교의 도시산업선교부장이었다 그가 예일대 신학대학원으로 직접 재식을 찾아온 배경과 이유를 알기 위해서는 산업선교에 대한 이해가 필요하다 년 차 세계대전이 끝난 뒤 세계 각국은 급속도로 산업화와 도시화 과정에 들어서게 되었다 그중에서도 식민지에서 해방된 제 세계의 많은 나라들은 노동현장 산업선교 만남 오재식 오재식 여름 토드 조지 장로교 미국 도시산업선교부장 예일대 신학 대학원 재식 배경 산업선교 이해 세계대전 세계 대전 세계 각국 급속도 산업화 도시화 그중 식민지 해방 세계 나라들 농경사회 산업사회 전환기 창설 세계교회협의회 급속 진행 산업화 도시화 상황 하느님 선교 미시오 데이 수행 고민 고민선상 인간적 산업화 도시화 추구 산업선교론 재정 세계교회협 부담 미국 교회 미국 교회 세계교회협 지원 자체적 아시아 각국 산업선교 인적 재정적 지원 확대 토드 아시아 나라 한국 관심 한국 미국 교회 지원 년 산업 선교 활동 시작 한국 애초 산업 전도 전도부 한국예장 총회 공식적 산업선교 이름 사업 시작 미국 장로교회 파송 목사 헨리 존스 강연 계기 가톨릭 노동청년회 조직 감리교 월 성공회 월 기독교장로회 년 구세군 년 산업전도 한국 교회 초기 산업 전도 운동 산업화 농촌 공장 사람들 기독교 구원 정도 목적 노동 하나님 형상 창조 인격체 노동자 신성 인간 노동 하나님 창조적 사업 동참 성서 가르침 산업전도 변화 흐름 즈음 영등포지구 산업 전도 위원회 실무 사목 조지송 목사 부임 한국 산업전 목사 영등포산업선교회 산업선교 노동자들 과도 노동 임금 노사 갈등 노동자들 현실 도시빈민 개선 활동 적극 관여 현장 중심 선교 방식 모색 움직임 인천 인천 지역 도시산업 선교 개척자 조지 오글 한국 이름 오명걸 목사 미국 감리교 파송 선교사 노동 운동 지도자 활약 사건 유신독재 인혁당 사건 유신 독재 박정희 정권 추방 토드 재식 산업선교 재식 한국 학생 기독교 운동 협의회 간사 토드 서울 한국 노동운동 실태 청계천 빈민가 답사 사실 훗날 재식 토드 한국 관심 토드 장인어른 토드 장인 대전 일본 선교사 토드 부인 캐시 시절 일본 장인 일본 도요히코 선생 영향 가가와 일본 슈바이처 간디 성자 세기 만큼 유명 목사 사회개혁가 전후 일본 정신적 지주 태평양 전쟁 패전 토드 장인 일본 장로교 지시 대만 실태 조사 일본 가가와 시위 행렬 빈민 노동자 파악 보고 선교사 대만 활동 장로교 귀국 도시산업선교부 경험 한국 방문 근거 조직가 양성 계획 예일대 동창 제임스 레이니 재식 추천 오재식 구술 구술 정리 이영란 현장 엮은이 한국 토드 일본 재식 미국 산업선교 노동자 기독교 도시산업 장로교 선교사 예일대 오재식 감리교 산업화 세계교회협 인천 영등포지구 이영란 산업전도 아시아 각국 지도자 조지 대만 노동운동 인혁당
박근혜정부,현실,노무현 전 대통령이 불쌍하다 전직 대통령을 그가 고인이 된 뒤에도 대통령으로 인정하지 못하는 적의가 논란 아래로 흐르는 반공보수의 정서다 이들에게 노무현은 반드시 북한 김정일 앞에 굴종한 빨갱이어야 한다 이명박 정부가 국가정보원을 활용해 년 남북 정상회담 대화록을 들여다보고 박근혜 정부가 남재준 국정원장을 앞세워 대화록 전문까지 공개한 건 명백한 전직 노무현 대통령 데스크 칼럼 공개 정상 회담 대화록 민주당 소탐대실 전직 대통령 고인 대통령 인정 적의 논란 반공보수 정서 노무현 북한 김정일 굴종 빨갱 이명박 정부 국가정보원 활용 남북 정상 회담 대화록 박근혜 정부 남재준 국정원장 대화록 전문 공개 전직 대통령 부관 민주화 헌정 질서 연속성 부정 반공보수 습관 쿠데타 발본색원 치열 년 합법 권력 위임 대통령 통치 행위 왜곡 비상식적 방법 국정원 의원들 행위 단죄 국가기록원 보관 남북정상회담 대화록 원본 일체 사전 준비 자료 공개 정치권 결정 일견 마당 대화록 사본 훼손 왜곡 목적 최선 뒷맛 남재준 국정원장 국정원 보관본 공개 정상 국가 폭거 국정원 정치공작 대선 개입 정치 개입 민주당 의원 국정원 직원 자료 수령 거부 국정원 불법 행위 용인 자료 역사 평가 공개 정상 회담 대화록 공개 초유 사태 파장 절차 적법 측면 정치권 분 국회 재적 의원 동의 대화록 원본 공개 시비 원내수석부대표 민주당 정성호 원내 수석 부대표 회의록 공개 국정원 대통령 기록물 공개 행위 불법적 정치 관여 행위 확인 민병두 전략 홍보 본부장 안건 처리 의미 적법 대통령 기록물 공개 절차 민주당 논리 역사 세계 외교 초유 사태 불법적 합법적 발생 사실 재확인 얘기 국정원 반공 보수 천박 광기 법리적 부여 느낌 국민 다수 확인 국정원 훼손 왜곡 공개 대화록 노무현 대통령 포기 발언 북한 주권 대통령 서해 평화지대 구축 젊은이들 죽음 대통령 부족 진실 이해 대화록 원본 공개 노무현 대통령 인정 마음 만무 그동안 매카시즘 통쾌 역전 펀치 작렬 심산 왜곡 안보 논리 착각 노무현 눈물 노무현 재단 노무현 명예회복 조심 남북관계 화해 발전 대화록 유지 측근들 결정 고인 위법 결정 대화록 공개 영면 현대판 정쟁 복판 대화록 공개 파장 남북관계 악영향 생각 기록관리단체협의회 일 공개결정 국민 기본권 국제 신뢰 비판 성명 세기 무오사화 대통령 기록 관리 원칙 훼손 자리 대통령기록 모습 기록 역사 노무현 사람들 사람들 대통령기록물 공개 대통령기록물관리법 무력화 위법 문재인 의원 자서전 정부 노무현 대북 송금 특검 수용 배경 설명 한마디 한나라당 특검 발의 부당 검찰 수사 단속 차선책 양보 차악 남북정상회담 대통령 고도 통치행위 심판대 정치현실 년 역사 반복 반공보수 색깔 레퍼토리 민주당 지게 지겟대 반대쪽 민주당 대화록 국정원 노무현 민주당 반공보수 남북정상회담 대통령기록 무오사화 민병두 김정일 매카시즘
박근혜정부,현실,이석채도 중도하차 권력따라 왔다 갔다 나쁜선례 남겨 정권 힘으로 왔다 정권 힘으로 가다 일 이석채 케이티 회장의 퇴진 선언은 쓴 뒷맛을 남긴다 관치경제와 측근경영이라는 후진적인 정치 경제 현실의 한 단면을 보여주기 때문이다 격랑에 휩싸인 통신업계 맏이 케이티의 앞날도 관심사다 이석채 회장은 박정희 전두환 노태우 대통령 시절 경제기획원과 청와대에서 잔뼈가 굵은 관료 출신이다 이석채 중도하차 권력 선례 남겨 정권 정권 케이티 이석채 회장 퇴진 선언 뒷맛 관치경제 측근경영 후진적 정치 경제 현실 단면 격랑 통신업 맏이 케이티 앞날 관심사 이석채 회장 박정희 전두환 노태우 경제기획원 대통령 시절 경제 기획원 청와대 잔뼈 관료 출신 문민정부 시절 김영삼 대통령 아들 김현철 인연 경복고 선후배 바탕 정보 통신부 장관 청와대 경제 수석 여년 최고경영자 케이티 최고 경영자 부활 정권 퇴진 요구 거부 남중수 사장 후임 낙점 결과 대선 지지 이명박 대통령 선언 김영삼 대통령 부탁 정설 회장 취임 카리스마 조직 케이티 케이티에프 합병 감축 인력 아이폰 개혁 전도사 자처 경영 스타일 구설수 외부적 정치 인사 마구잡이 영입 내부적 무분별 측근 중용 인사 행태 문제점 지적 김기섭 오정소 임경묵 과거 정보기관 불법 행위 연루자 급여 이사회 의장 사장 인사 총괄 임원 핵심 요직 경복고 선후배 대표 회사 관계자 회장 의중 결정 분위기 회장 주변 아부꾼 말들 설명 월 적자 월간 단위 기록 경영 실적 악화 내부 구성원 불안감 케이티 분기 기간 감소 매출 조 영업이익 억 순이익 억 이동 통신 가입자 매출 영업이익 유일 감소 추세 검찰 수사 사퇴 결정타 서울중앙지검 조사부 지난달 회장 본인 자택 사무실 압수수색 지난달 일 번째 진행 압수 수색 케이티 급수 자신감 회장 김일영 김홍진 사장 비서실장 최측근들 자정 전격 압수 수색 결국 사장 전임 남중수 이석채 회장 중도하차 민간회사 케이티 경영 정부 좌지우지 관례 고착화 회사 자체 시정 불가능 이사회 측근들 회장 결과적 정부 개입 후진적 경영 풍토 자리 후임 최고 경영자 정권 관료 출신 준정치인들 입길 후임 선출 자리 회장 영향력 행사 관심사 최고 경영자 추천 위원회 사외 이사 사내 이사 구성 회장 자신 연줄 이사진 영향력 막강 케이티 임원 회사 목소리 거수기 이사 결정 걱정 케이티 이석채 최고경영자 청와대 압수수색 이사회 가입자 경영자 영향력 남중수 관심사 경복고 영업이익 이명박 중도하차 김영삼
박근혜정부,희망,유승민 기자들이 뽑은 신사 의원 대상 수상 새누리당 유승민 전 원내대표가 국내 언론사 정치부 기자 명이 선정한 올해의 백봉 신사상 대상을 수상했다 정직성 정치적 리더십 사회 국민에 대한 헌신 의회민주주의 실천 등이 이 상 수상자를 선정하기 위한 설문 문항의 주요 덕목으로 꼽힌다 유 전 원내대표는 일 오전 백봉 라용군 선생 기념사업회 가 국회에서 개최한 제 회 백봉신사 유승민 기자들 신사 의원 대상 수상 정치 새누리당 유승민 원내대표 정치부 선정 백봉 대상 수상 정직성 정치 리더십 사회 국민 헌신 의회민주주 실천 수상자 선정 설문 문항 덕목 원내대표 일 백봉 라용군 선생 기념 사업회 국회 개최 시상식 백봉신 사상 참석 대상 메달 수상 소감 평소 정치 중요 신념 정치 중요 정치 매진 원내대표 년 위기 경제 경험 경제학도 자리 정치 정치 국민들 해결 기여 국민 희망 좌절 저성장 양극화 극복 시대적 성숙 민주주의 정치인들 시대 책무 원내대표 시상식 기자들 원내 대표 선거 개월 일들 대상 예상 언론인들 감사 원내대표 정의화 국회 의장 새누리당 김무성 대표 새누리당 의원 새정치민주연합 문재인 대표 안철수 공동대표 이석현 국회부의장 이종걸 원내대표 우윤근 의원 박수현 의원 정의당 심상정 대표 백봉 이종걸 원내 대표 의장 국회법 파동 유승민 원내대표 수차례 유승민 보호 대표 국회부의장 유승민 유승민 원내대표 측근들 수상 농담 수상자 명단 유승민 원내대표 몰이 자진 사퇴 친박계 의원 포함 기념 사업회 회장 시상자 의장 시상자 수상 고사 주최측 요청 언론인들 평가 존중 차원 결정 기념사업회 백봉신사상 백봉라용균선생기념사업회 설문조사 언론사 정치부 설문 조사 선정 수상자 선정 지난달 일 조사 참여 결과 설문 조사 응답 한국과학기술원 정연승 교수 통계 의뢰 결정 설문 응답 기자들 신사 의원 중요 덕복 정직성 정치 리더십 사회 국민 헌신 의회민주주 실천 소통 능력 중요 의견 기념사업회 원내대표 유승민 백봉 백봉신사상 기념사업회 정치부 기자들 새누리당 설문조사 시상식 수상자 사업회 이종걸 의회민주주 언론인들 언론인 친박계 정직성 정의화 백봉신 언론사 국회부의장 시상자 부의장
박근혜정부,희망,영화 붉은 가족 김유미 가짜 남편역 정우씨 뺨 때릴땐 미안했죠 썩고 병든 자본주의의 한계가 저런 것이야 종간나 새끼 배우 김유미 가 영화 붉은 가족 에서 내뱉는 대사는 거칠다 대사가 이토록 센 이유는 김유미가 맡은 백승혜 의 신분 때문이다 백승혜는 가족으로 위장한 명의 남파 공작원의 대장이다 밖에서는 더할 나위 없이 너그러운 엄마이자 며느리로 위장하지만 집에 오면 독종 대장으로 돌변한다 영화 가족 미안 김유미 가짜 남편역 정우 자본주의 한계 종간 새끼 배우 김유미 영화 가족 대사 대사 김유미 백승혜 신분 백승혜 가족 위장 명 남파 공작원 대장 나위 엄마 며느리 위장 독종 대장 돌변 시아버지 위장 실제 계급 손병호 다리 가짜 남편 정우 따귀 김유미 김기덕 감독 각본 제작 가족 감독 이주형 출연 제의 고사 거절 가족 운명적 작품 시나리오 백승혜 역할 연기 북한 사투리 감정 자신 머릿속 가족 김유미 배우 년 역할 이젠 도전 마음 결정 북한사투리 북한 아나운서 진행 북한 청년 인터뷰 연습 탈북자들 출연 프로그램 이해 자유민주주의 지지 대한민국 만만세 사람 연기 북한 사상 체제 습득 김유미 촬영 대사 북한 억양 김유미 가족 인연 배우 정우 개월 열애 인터뷰 사실 김유미 촬영 에피소드 정우 미안 애정 감독님 정우씨 정도 요구 정우씨 시범 미안 나중 정우씨 특수교육 여성장교 체벌 강도 한참 선배 손병호 중학 박소영양 김유미 심정 영화 월 월 회차 촬영 밤샘 촬영 촬영 출연 배우들 가족 가족 가족 위장 전사들 북한 혁명 전사 예의범절 자유분방 옆집 가족 자본주의 비판 맘속 자신들 처지 한탄 중반 눈물 백승혜 조직원들 개인사 인간적 모습 김유미 이야기 강조 소원 통일 노래 생각 생각 통일 당장 혼란 세대 정치 협상 중요 문화 역할 동창생 가족 영화 생각 계기 생각 결국 희망 결말 마음 관람 등급 청소년들 바람 일 가족 개봉 김유미 일 다큐멘터리 영화 블랙 가스펠 관객 양동근 정준 그룹 헤리티지 미국 뉴욕 음악 흑인 소울 원류 다큐물 가족 북한 장교 블랙 가스펠 민낯 머리 자유 흑인 음악 배우 김유미 차기작 결정 운명 작품 김유미 작품 마음 김유미 정우 백승혜 정우씨 손병호 자본주의 남편역 청소년들 정준 헤리티지 대한민국 개인사 양동근 미국 만만세 여성장교 예의범절 조직원 맘속 자유분방 탈북자들
박근혜정부,희망,키워드로 본 스포츠 세상 선물 승리 희망 사랑 산타도 놀란 미리 크리스마스 오 헨리의 단편 크리스마스 선물 은 머리카락을 잘라 시곗줄을 사고 시계를 팔아 빗을 사는 슬픈 이야기다 누군가에게 가장 멋진 선물은 그 누군가를 키워드 세상 스포츠 선물 헨리 선물 단편 크리스마스 머리카락 시곗줄 시계 이야기 선물 생각 준비 스포츠 선물 승리 한마디 미래 희망 스포츠 가치 크리스마스 축복 선물 선물 가을 야구 년 잠실 찬가 년 월드 시리즈 우승 팬들 시카고 컵스 저주 평가 응원 피터 글렌벅 리글리빌 서문 컵스 컵스 사랑 결점 아랑곳 의심 믿음 성질 한국 프로 야구 마음 년 가을야구 초대 열정적 응원 중간 순위 희망 얘기 년 간직 월 년 월 위 기쁨 월 년 가을야구 확정 월 두산 잠실 라이벌 마지막 경기 승리 티켓 플레이오프 직행 팬들 년 환희 최고 선물 년 가을야구 선물 선물 고백 골프 여왕 박인비 사랑 크리스마스 선물 가방 진심 고백 박인비 스포츠 역사 고백 월 미국여자프로골프 선수상 시상식 박인비 사람들 골프 사람들 감흥 침묵 암살자 사람들 말문 코치 연인 남기협 감동적 고백 위험 영어 외국 투어 결정 가지 믿음 사람들 사람 사람 골프 사랑 박인비 한국말 오빠 사랑해 선물 응원 류현진 호투 국민 박수 걱정 류현진 다저스 계약 메이저 리그 데뷔 시즌 성공 확신 사람 시선 기대감 과거 박찬호 등판 볼넷 류현진 주자 능력 위기 관리 실점 등판 승리 기대감 시험 등판 등판 시즌 마지막 제외 번 선발 등판 회 마운드 퀄리티 스타트 번 스포츠 선물 응원 류현진 시즌 팬들 선물 기대감 행운 예감 홍명 보호 돌풍 일 브라질 월드컵 본선 조추첨 최상 결과 러시아 알제리 벨기에 조 한국 역대 월드컵 본선 조추첨 대진 평가 유럽 스페인 독일 네덜란드 강팀 남미 강호 브라질 아르헨티나 아프리카 비교 알제리 제물감 조추첨 결과 월드컵 최고 선물 기대감 방심 금물 팀 국제축구연맹 국제 축구 연맹 랭킹 한국 계산 가능 승점 차 러시아 차 알제리전 승부 연속 진출 절망 선물 희망 기사회생 레슬링 금밭 매트 태릉선수촌 땀방울 눈물방울 국제올림픽위원회 결정 종목 하계 올림픽 핵심 역사 자랑 레슬링 절망 나락 눈앞 최악 최선 월 총회 레슬링 극적 하계 올림픽 정식 종목 포함 기사회생 성공 양정모씨 몬트리올 올림픽 금메달리스트 양정모 세계 레슬러 성과 헝가리 세계 선수권 대회 출전 후배들 선물 희망 레슬링 대표 년 세계 선수권 대회 금메달 이용균 이용균 박인비 한국 팬들 류현진 조추첨 기대감 컵스 잠실 브라질 사람들 가을야구 이용균 알제리 러시아 금메달 기사회생 다저스 국제축구연맹 팀 태릉선수촌 남기협
